timestamp,step,issue,source_row,batch_id,column,original_value,new_value,action,reason
2026-09-26T05:17:57+00:00,1_missing_tokens,Missing value stored as text,99,B00965,Product_Name,NA,<missing>,Converted to null,Placeholder text is not a real value; standardised to null
2026-09-26T05:17:57+00:00,1_missing_tokens,Missing value stored as text,164,B00195,Product_Name,-,<missing>,Converted to null,Placeholder text is not a real value; standardised to null
2026-09-26T05:17:57+00:00,1_missing_tokens,Missing value stored as text,241,B01296,Product_Name,NA,<missing>,Converted to null,Placeholder text is not a real value; standardised to null
2026-09-26T05:17:57+00:00,1_missing_tokens,Missing value stored as text,273,B01267,Product_Name,-,<missing>,Converted to null,Placeholder text is not a real value; standardised to null
2026-09-26T05:17:57+00:00,1_missing_tokens,Missing value stored as text,405,B01143,Product_Name,null,<missing>,Converted to null,Placeholder text is not a real value; standardised to null
2026-09-26T05:17:57+00:00,1_missing_tokens,Missing value stored as text,476,B00808,Product_Name,-,<missing>,Converted to null,Placeholder text is not a real value; standardised to null
2026-09-26T05:17:57+00:00,1_missing_tokens,Missing value stored as text,541,B01066,Product_Name,-,<missing>,Converted to null,Placeholder text is not a real value; standardised to null
2026-09-26T05:17:57+00:00,1_missing_tokens,Missing value stored as text,543,B00715,Product_Name,NA,<missing>,Converted to null,Placeholder text is not a real value; standardised to null
2026-09-26T05:17:57+00:00,1_missing_tokens,Missing value stored as text,684,B01541,Product_Name,NA,<missing>,Converted to null,Placeholder text is not a real value; standardised to null
2026-09-26T05:17:57+00:00,1_missing_tokens,Missing value stored as text,719,B02551,Product_Name,NA,<missing>,Converted to null,Placeholder text is not a real value; standardised to null
2026-09-26T05:17:57+00:00,1_missing_tokens,Missing value stored as text,749,B02630,Product_Name,null,<missing>,Converted to null,Placeholder text is not a real value; standardised to null
2026-09-26T05:17:57+00:00,1_missing_tokens,Missing value stored as text,903,B02623,Product_Name,NA,<missing>,Converted to null,Placeholder text is not a real value; standardised to null
2026-09-26T05:17:57+00:00,1_missing_tokens,Missing value stored as text,916,B00421,Product_Name,null,<missing>,Converted to null,Placeholder text is not a real value; standardised to null
2026-09-26T05:17:57+00:00,1_missing_tokens,Missing value stored as text,967,B00439,Product_Name,null,<missing>,Converted to null,Placeholder text is not a real value; standardised to null
2026-09-26T05:17:57+00:00,1_missing_tokens,Missing value stored as text,1048,B00305,Product_Name,NA,<missing>,Converted to null,Placeholder text is not a real value; standardised to null
2026-09-26T05:17:57+00:00,1_missing_tokens,Missing value stored as text,1069,B02292,Product_Name,-,<missing>,Converted to null,Placeholder text is not a real value; standardised to null
2026-09-26T05:17:57+00:00,1_missing_tokens,Missing value stored as text,1140,B01658,Product_Name,NA,<missing>,Converted to null,Placeholder text is not a real value; standardised to null
2026-09-26T05:17:57+00:00,1_missing_tokens,Missing value stored as text,1186,B00350,Product_Name,NA,<missing>,Converted to null,Placeholder text is not a real value; standardised to null
2026-09-26T05:17:57+00:00,1_missing_tokens,Missing value stored as text,1231,B01494,Product_Name,-,<missing>,Converted to null,Placeholder text is not a real value; standardised to null
2026-09-26T05:17:57+00:00,1_missing_tokens,Missing value stored as text,1243,B00911,Product_Name,-,<missing>,Converted to null,Placeholder text is not a real value; standardised to null
2026-09-26T05:17:57+00:00,1_missing_tokens,Missing value stored as text,1321,B02887,Product_Name,null,<missing>,Converted to null,Placeholder text is not a real value; standardised to null
2026-09-26T05:17:57+00:00,1_missing_tokens,Missing value stored as text,1325,B02141,Product_Name,-,<missing>,Converted to null,Placeholder text is not a real value; standardised to null
2026-09-26T05:17:57+00:00,1_missing_tokens,Missing value stored as text,1344,B00853,Product_Name,N/A,<missing>,Converted to null,Placeholder text is not a real value; standardised to null
2026-09-26T05:17:57+00:00,1_missing_tokens,Missing value stored as text,1355,B00787,Product_Name,-,<missing>,Converted to null,Placeholder text is not a real value; standardised to null
2026-09-26T05:17:57+00:00,1_missing_tokens,Missing value stored as text,1617,B01569,Product_Name,-,<missing>,Converted to null,Placeholder text is not a real value; standardised to null
2026-09-26T05:17:57+00:00,1_missing_tokens,Missing value stored as text,1657,B01748,Product_Name,null,<missing>,Converted to null,Placeholder text is not a real value; standardised to null
2026-09-26T05:17:57+00:00,1_missing_tokens,Missing value stored as text,1732,B00527,Product_Name,N/A,<missing>,Converted to null,Placeholder text is not a real value; standardised to null
2026-09-26T05:17:57+00:00,1_missing_tokens,Missing value stored as text,1746,B02885,Product_Name,null,<missing>,Converted to null,Placeholder text is not a real value; standardised to null
2026-09-26T05:17:57+00:00,1_missing_tokens,Missing value stored as text,1831,B02187,Product_Name,null,<missing>,Converted to null,Placeholder text is not a real value; standardised to null
2026-09-26T05:17:57+00:00,1_missing_tokens,Missing value stored as text,1880,B02275,Product_Name,N/A,<missing>,Converted to null,Placeholder text is not a real value; standardised to null
2026-09-26T05:17:57+00:00,1_missing_tokens,Missing value stored as text,1929,B02619,Product_Name,N/A,<missing>,Converted to null,Placeholder text is not a real value; standardised to null
2026-09-26T05:17:57+00:00,1_missing_tokens,Missing value stored as text,1930,B02323,Product_Name,null,<missing>,Converted to null,Placeholder text is not a real value; standardised to null
2026-09-26T05:17:57+00:00,1_missing_tokens,Missing value stored as text,2057,B00503,Product_Name,NA,<missing>,Converted to null,Placeholder text is not a real value; standardised to null
2026-09-26T05:17:57+00:00,1_missing_tokens,Missing value stored as text,2307,B02610,Product_Name,null,<missing>,Converted to null,Placeholder text is not a real value; standardised to null
2026-09-26T05:17:57+00:00,1_missing_tokens,Missing value stored as text,2318,B01147,Product_Name,-,<missing>,Converted to null,Placeholder text is not a real value; standardised to null
2026-09-26T05:17:57+00:00,1_missing_tokens,Missing value stored as text,2444,B00192,Product_Name,N/A,<missing>,Converted to null,Placeholder text is not a real value; standardised to null
2026-09-26T05:17:57+00:00,1_missing_tokens,Missing value stored as text,2479,B02567,Product_Name,NA,<missing>,Converted to null,Placeholder text is not a real value; standardised to null
2026-09-26T05:17:57+00:00,1_missing_tokens,Missing value stored as text,2515,B02402,Product_Name,NA,<missing>,Converted to null,Placeholder text is not a real value; standardised to null
2026-09-26T05:17:57+00:00,1_missing_tokens,Missing value stored as text,2534,B02703,Product_Name,NA,<missing>,Converted to null,Placeholder text is not a real value; standardised to null
2026-09-26T05:17:57+00:00,1_missing_tokens,Missing value stored as text,2587,B00746,Product_Name,NA,<missing>,Converted to null,Placeholder text is not a real value; standardised to null
2026-09-26T05:17:57+00:00,1_missing_tokens,Missing value stored as text,2887,B00568,Product_Name,-,<missing>,Converted to null,Placeholder text is not a real value; standardised to null
2026-09-26T05:17:57+00:00,1_missing_tokens,Missing value stored as text,2992,B02352,Product_Name,-,<missing>,Converted to null,Placeholder text is not a real value; standardised to null
2026-09-26T05:17:57+00:00,1_missing_tokens,Missing value stored as text,96,B01278,Dosage_Form,N/A,<missing>,Converted to null,Placeholder text is not a real value; standardised to null
2026-09-26T05:17:57+00:00,1_missing_tokens,Missing value stored as text,123,B01239,Dosage_Form,N/A,<missing>,Converted to null,Placeholder text is not a real value; standardised to null
2026-09-26T05:17:57+00:00,1_missing_tokens,Missing value stored as text,247,B01554,Dosage_Form,null,<missing>,Converted to null,Placeholder text is not a real value; standardised to null
2026-09-26T05:17:57+00:00,1_missing_tokens,Missing value stored as text,484,B02325,Dosage_Form,N/A,<missing>,Converted to null,Placeholder text is not a real value; standardised to null
2026-09-26T05:17:57+00:00,1_missing_tokens,Missing value stored as text,712,B01141,Dosage_Form,null,<missing>,Converted to null,Placeholder text is not a real value; standardised to null
2026-09-26T05:17:57+00:00,1_missing_tokens,Missing value stored as text,731,B01003,Dosage_Form,N/A,<missing>,Converted to null,Placeholder text is not a real value; standardised to null
2026-09-26T05:17:57+00:00,1_missing_tokens,Missing value stored as text,746,B02411,Dosage_Form,-,<missing>,Converted to null,Placeholder text is not a real value; standardised to null
2026-09-26T05:17:57+00:00,1_missing_tokens,Missing value stored as text,765,B02635,Dosage_Form,null,<missing>,Converted to null,Placeholder text is not a real value; standardised to null
2026-09-26T05:17:57+00:00,1_missing_tokens,Missing value stored as text,791,B02349,Dosage_Form,NA,<missing>,Converted to null,Placeholder text is not a real value; standardised to null
2026-09-26T05:17:57+00:00,1_missing_tokens,Missing value stored as text,958,B02844,Dosage_Form,-,<missing>,Converted to null,Placeholder text is not a real value; standardised to null
2026-09-26T05:17:57+00:00,1_missing_tokens,Missing value stored as text,966,B01994,Dosage_Form,NA,<missing>,Converted to null,Placeholder text is not a real value; standardised to null
2026-09-26T05:17:57+00:00,1_missing_tokens,Missing value stored as text,1143,B01259,Dosage_Form,-,<missing>,Converted to null,Placeholder text is not a real value; standardised to null
2026-09-26T05:17:57+00:00,1_missing_tokens,Missing value stored as text,1160,B01385,Dosage_Form,null,<missing>,Converted to null,Placeholder text is not a real value; standardised to null
2026-09-26T05:17:57+00:00,1_missing_tokens,Missing value stored as text,1277,B02432,Dosage_Form,-,<missing>,Converted to null,Placeholder text is not a real value; standardised to null
2026-09-26T05:17:57+00:00,1_missing_tokens,Missing value stored as text,1461,B01974,Dosage_Form,N/A,<missing>,Converted to null,Placeholder text is not a real value; standardised to null
2026-09-26T05:17:57+00:00,1_missing_tokens,Missing value stored as text,1472,B02626,Dosage_Form,N/A,<missing>,Converted to null,Placeholder text is not a real value; standardised to null
2026-09-26T05:17:57+00:00,1_missing_tokens,Missing value stored as text,1502,B01003,Dosage_Form,N/A,<missing>,Converted to null,Placeholder text is not a real value; standardised to null
2026-09-26T05:17:57+00:00,1_missing_tokens,Missing value stored as text,1560,B00649,Dosage_Form,-,<missing>,Converted to null,Placeholder text is not a real value; standardised to null
2026-09-26T05:17:57+00:00,1_missing_tokens,Missing value stored as text,1663,B01554,Dosage_Form,null,<missing>,Converted to null,Placeholder text is not a real value; standardised to null
2026-09-26T05:17:57+00:00,1_missing_tokens,Missing value stored as text,1829,B00508,Dosage_Form,null,<missing>,Converted to null,Placeholder text is not a real value; standardised to null
2026-09-26T05:17:57+00:00,1_missing_tokens,Missing value stored as text,1851,B00427,Dosage_Form,null,<missing>,Converted to null,Placeholder text is not a real value; standardised to null
2026-09-26T05:17:57+00:00,1_missing_tokens,Missing value stored as text,1878,B00161,Dosage_Form,N/A,<missing>,Converted to null,Placeholder text is not a real value; standardised to null
2026-09-26T05:17:57+00:00,1_missing_tokens,Missing value stored as text,1928,B02157,Dosage_Form,NA,<missing>,Converted to null,Placeholder text is not a real value; standardised to null
2026-09-26T05:17:57+00:00,1_missing_tokens,Missing value stored as text,2059,B00209,Dosage_Form,N/A,<missing>,Converted to null,Placeholder text is not a real value; standardised to null
2026-09-26T05:17:57+00:00,1_missing_tokens,Missing value stored as text,2074,B01783,Dosage_Form,null,<missing>,Converted to null,Placeholder text is not a real value; standardised to null
2026-09-26T05:17:57+00:00,1_missing_tokens,Missing value stored as text,2199,B01280,Dosage_Form,null,<missing>,Converted to null,Placeholder text is not a real value; standardised to null
2026-09-26T05:17:57+00:00,1_missing_tokens,Missing value stored as text,2262,B00859,Dosage_Form,null,<missing>,Converted to null,Placeholder text is not a real value; standardised to null
2026-09-26T05:17:57+00:00,1_missing_tokens,Missing value stored as text,2311,B01199,Dosage_Form,NA,<missing>,Converted to null,Placeholder text is not a real value; standardised to null
2026-09-26T05:17:57+00:00,1_missing_tokens,Missing value stored as text,2358,B00184,Dosage_Form,N/A,<missing>,Converted to null,Placeholder text is not a real value; standardised to null
2026-09-26T05:17:57+00:00,1_missing_tokens,Missing value stored as text,2370,B01441,Dosage_Form,null,<missing>,Converted to null,Placeholder text is not a real value; standardised to null
2026-09-26T05:17:57+00:00,1_missing_tokens,Missing value stored as text,2376,B02688,Dosage_Form,NA,<missing>,Converted to null,Placeholder text is not a real value; standardised to null
2026-09-26T05:17:57+00:00,1_missing_tokens,Missing value stored as text,2541,B00171,Dosage_Form,-,<missing>,Converted to null,Placeholder text is not a real value; standardised to null
2026-09-26T05:17:57+00:00,1_missing_tokens,Missing value stored as text,2610,B01399,Dosage_Form,NA,<missing>,Converted to null,Placeholder text is not a real value; standardised to null
2026-09-26T05:17:57+00:00,1_missing_tokens,Missing value stored as text,2615,B01191,Dosage_Form,N/A,<missing>,Converted to null,Placeholder text is not a real value; standardised to null
2026-09-26T05:17:57+00:00,1_missing_tokens,Missing value stored as text,2619,B00064,Dosage_Form,null,<missing>,Converted to null,Placeholder text is not a real value; standardised to null
2026-09-26T05:17:57+00:00,1_missing_tokens,Missing value stored as text,2681,B01170,Dosage_Form,null,<missing>,Converted to null,Placeholder text is not a real value; standardised to null
2026-09-26T05:17:57+00:00,1_missing_tokens,Missing value stored as text,2682,B02768,Dosage_Form,N/A,<missing>,Converted to null,Placeholder text is not a real value; standardised to null
2026-09-26T05:17:57+00:00,1_missing_tokens,Missing value stored as text,2770,B00520,Dosage_Form,-,<missing>,Converted to null,Placeholder text is not a real value; standardised to null
2026-09-26T05:17:57+00:00,1_missing_tokens,Missing value stored as text,2798,B00713,Dosage_Form,NA,<missing>,Converted to null,Placeholder text is not a real value; standardised to null
2026-09-26T05:17:57+00:00,1_missing_tokens,Missing value stored as text,2816,B02474,Dosage_Form,null,<missing>,Converted to null,Placeholder text is not a real value; standardised to null
2026-09-26T05:17:57+00:00,1_missing_tokens,Missing value stored as text,2830,B01695,Dosage_Form,NA,<missing>,Converted to null,Placeholder text is not a real value; standardised to null
2026-09-26T05:17:57+00:00,1_missing_tokens,Missing value stored as text,2958,B00951,Dosage_Form,N/A,<missing>,Converted to null,Placeholder text is not a real value; standardised to null
2026-09-26T05:17:57+00:00,1_missing_tokens,Missing value stored as text,12,B00908,Manufacturing_Date,NA,<missing>,Converted to null,Placeholder text is not a real value; standardised to null
2026-09-26T05:17:57+00:00,1_missing_tokens,Missing value stored as text,154,B01171,Manufacturing_Date,null,<missing>,Converted to null,Placeholder text is not a real value; standardised to null
2026-09-26T05:17:57+00:00,1_missing_tokens,Missing value stored as text,169,B00333,Manufacturing_Date,-,<missing>,Converted to null,Placeholder text is not a real value; standardised to null
2026-09-26T05:17:57+00:00,1_missing_tokens,Missing value stored as text,251,B00089,Manufacturing_Date,N/A,<missing>,Converted to null,Placeholder text is not a real value; standardised to null
2026-09-26T05:17:57+00:00,1_missing_tokens,Missing value stored as text,280,B02159,Manufacturing_Date,-,<missing>,Converted to null,Placeholder text is not a real value; standardised to null
2026-09-26T05:17:57+00:00,1_missing_tokens,Missing value stored as text,307,B00334,Manufacturing_Date,NA,<missing>,Converted to null,Placeholder text is not a real value; standardised to null
2026-09-26T05:17:57+00:00,1_missing_tokens,Missing value stored as text,434,B01547,Manufacturing_Date,NA,<missing>,Converted to null,Placeholder text is not a real value; standardised to null
2026-09-26T05:17:57+00:00,1_missing_tokens,Missing value stored as text,467,B00703,Manufacturing_Date,-,<missing>,Converted to null,Placeholder text is not a real value; standardised to null
2026-09-26T05:17:57+00:00,1_missing_tokens,Missing value stored as text,483,B01480,Manufacturing_Date,null,<missing>,Converted to null,Placeholder text is not a real value; standardised to null
2026-09-26T05:17:57+00:00,1_missing_tokens,Missing value stored as text,583,B02427,Manufacturing_Date,null,<missing>,Converted to null,Placeholder text is not a real value; standardised to null
2026-09-26T05:17:57+00:00,1_missing_tokens,Missing value stored as text,588,B02544,Manufacturing_Date,N/A,<missing>,Converted to null,Placeholder text is not a real value; standardised to null
2026-09-26T05:17:57+00:00,1_missing_tokens,Missing value stored as text,628,B02330,Manufacturing_Date,NA,<missing>,Converted to null,Placeholder text is not a real value; standardised to null
2026-09-26T05:17:57+00:00,1_missing_tokens,Missing value stored as text,705,B00650,Manufacturing_Date,N/A,<missing>,Converted to null,Placeholder text is not a real value; standardised to null
2026-09-26T05:17:57+00:00,1_missing_tokens,Missing value stored as text,732,B01871,Manufacturing_Date,N/A,<missing>,Converted to null,Placeholder text is not a real value; standardised to null
2026-09-26T05:17:57+00:00,1_missing_tokens,Missing value stored as text,801,B01287,Manufacturing_Date,null,<missing>,Converted to null,Placeholder text is not a real value; standardised to null
2026-09-26T05:17:57+00:00,1_missing_tokens,Missing value stored as text,810,B00750,Manufacturing_Date,NA,<missing>,Converted to null,Placeholder text is not a real value; standardised to null
2026-09-26T05:17:57+00:00,1_missing_tokens,Missing value stored as text,869,B02336,Manufacturing_Date,N/A,<missing>,Converted to null,Placeholder text is not a real value; standardised to null
2026-09-26T05:17:57+00:00,1_missing_tokens,Missing value stored as text,900,B00775,Manufacturing_Date,NA,<missing>,Converted to null,Placeholder text is not a real value; standardised to null
2026-09-26T05:17:57+00:00,1_missing_tokens,Missing value stored as text,974,B02212,Manufacturing_Date,N/A,<missing>,Converted to null,Placeholder text is not a real value; standardised to null
2026-09-26T05:17:57+00:00,1_missing_tokens,Missing value stored as text,1089,B02316,Manufacturing_Date,null,<missing>,Converted to null,Placeholder text is not a real value; standardised to null
2026-09-26T05:17:57+00:00,1_missing_tokens,Missing value stored as text,1241,B00231,Manufacturing_Date,-,<missing>,Converted to null,Placeholder text is not a real value; standardised to null
2026-09-26T05:17:57+00:00,1_missing_tokens,Missing value stored as text,1372,B01124,Manufacturing_Date,N/A,<missing>,Converted to null,Placeholder text is not a real value; standardised to null
2026-09-26T05:17:57+00:00,1_missing_tokens,Missing value stored as text,1482,B02156,Manufacturing_Date,-,<missing>,Converted to null,Placeholder text is not a real value; standardised to null
2026-09-26T05:17:57+00:00,1_missing_tokens,Missing value stored as text,1524,B01229,Manufacturing_Date,NA,<missing>,Converted to null,Placeholder text is not a real value; standardised to null
2026-09-26T05:17:57+00:00,1_missing_tokens,Missing value stored as text,1650,B01514,Manufacturing_Date,NA,<missing>,Converted to null,Placeholder text is not a real value; standardised to null
2026-09-26T05:17:57+00:00,1_missing_tokens,Missing value stored as text,1741,B00662,Manufacturing_Date,null,<missing>,Converted to null,Placeholder text is not a real value; standardised to null
2026-09-26T05:17:57+00:00,1_missing_tokens,Missing value stored as text,1818,B02700,Manufacturing_Date,NA,<missing>,Converted to null,Placeholder text is not a real value; standardised to null
2026-09-26T05:17:57+00:00,1_missing_tokens,Missing value stored as text,1900,B01011,Manufacturing_Date,null,<missing>,Converted to null,Placeholder text is not a real value; standardised to null
2026-09-26T05:17:57+00:00,1_missing_tokens,Missing value stored as text,2095,B00865,Manufacturing_Date,-,<missing>,Converted to null,Placeholder text is not a real value; standardised to null
2026-09-26T05:17:57+00:00,1_missing_tokens,Missing value stored as text,2386,B01348,Manufacturing_Date,-,<missing>,Converted to null,Placeholder text is not a real value; standardised to null
2026-09-26T05:17:57+00:00,1_missing_tokens,Missing value stored as text,2402,B02808,Manufacturing_Date,N/A,<missing>,Converted to null,Placeholder text is not a real value; standardised to null
2026-09-26T05:17:57+00:00,1_missing_tokens,Missing value stored as text,2416,B02702,Manufacturing_Date,-,<missing>,Converted to null,Placeholder text is not a real value; standardised to null
2026-09-26T05:17:57+00:00,1_missing_tokens,Missing value stored as text,2440,B00231,Manufacturing_Date,-,<missing>,Converted to null,Placeholder text is not a real value; standardised to null
2026-09-26T05:17:57+00:00,1_missing_tokens,Missing value stored as text,2604,B00620,Manufacturing_Date,NA,<missing>,Converted to null,Placeholder text is not a real value; standardised to null
2026-09-26T05:17:57+00:00,1_missing_tokens,Missing value stored as text,2613,B02700,Manufacturing_Date,NA,<missing>,Converted to null,Placeholder text is not a real value; standardised to null
2026-09-26T05:17:57+00:00,1_missing_tokens,Missing value stored as text,2614,B02807,Manufacturing_Date,N/A,<missing>,Converted to null,Placeholder text is not a real value; standardised to null
2026-09-26T05:17:57+00:00,1_missing_tokens,Missing value stored as text,2615,B01191,Manufacturing_Date,-,<missing>,Converted to null,Placeholder text is not a real value; standardised to null
2026-09-26T05:17:57+00:00,1_missing_tokens,Missing value stored as text,2788,B01620,Manufacturing_Date,NA,<missing>,Converted to null,Placeholder text is not a real value; standardised to null
2026-09-26T05:17:57+00:00,1_missing_tokens,Missing value stored as text,2804,B01497,Manufacturing_Date,NA,<missing>,Converted to null,Placeholder text is not a real value; standardised to null
2026-09-26T05:17:57+00:00,1_missing_tokens,Missing value stored as text,2822,B02015,Manufacturing_Date,N/A,<missing>,Converted to null,Placeholder text is not a real value; standardised to null
2026-09-26T05:17:57+00:00,1_missing_tokens,Missing value stored as text,2960,B01597,Manufacturing_Date,NA,<missing>,Converted to null,Placeholder text is not a real value; standardised to null
2026-09-26T05:17:57+00:00,1_missing_tokens,Missing value stored as text,15,B01574,Plant,-,<missing>,Converted to null,Placeholder text is not a real value; standardised to null
2026-09-26T05:17:57+00:00,1_missing_tokens,Missing value stored as text,23,B00745,Plant,NA,<missing>,Converted to null,Placeholder text is not a real value; standardised to null
2026-09-26T05:17:57+00:00,1_missing_tokens,Missing value stored as text,69,B00136,Plant,NA,<missing>,Converted to null,Placeholder text is not a real value; standardised to null
2026-09-26T05:17:57+00:00,1_missing_tokens,Missing value stored as text,113,B02061,Plant,NA,<missing>,Converted to null,Placeholder text is not a real value; standardised to null
2026-09-26T05:17:57+00:00,1_missing_tokens,Missing value stored as text,227,B02499,Plant,N/A,<missing>,Converted to null,Placeholder text is not a real value; standardised to null
2026-09-26T05:17:57+00:00,1_missing_tokens,Missing value stored as text,351,B00015,Plant,-,<missing>,Converted to null,Placeholder text is not a real value; standardised to null
2026-09-26T05:17:57+00:00,1_missing_tokens,Missing value stored as text,446,B02237,Plant,N/A,<missing>,Converted to null,Placeholder text is not a real value; standardised to null
2026-09-26T05:17:57+00:00,1_missing_tokens,Missing value stored as text,489,B02267,Plant,N/A,<missing>,Converted to null,Placeholder text is not a real value; standardised to null
2026-09-26T05:17:57+00:00,1_missing_tokens,Missing value stored as text,552,B00952,Plant,-,<missing>,Converted to null,Placeholder text is not a real value; standardised to null
2026-09-26T05:17:57+00:00,1_missing_tokens,Missing value stored as text,627,B00689,Plant,N/A,<missing>,Converted to null,Placeholder text is not a real value; standardised to null
2026-09-26T05:17:57+00:00,1_missing_tokens,Missing value stored as text,630,B02749,Plant,-,<missing>,Converted to null,Placeholder text is not a real value; standardised to null
2026-09-26T05:17:57+00:00,1_missing_tokens,Missing value stored as text,643,B02310,Plant,null,<missing>,Converted to null,Placeholder text is not a real value; standardised to null
2026-09-26T05:17:57+00:00,1_missing_tokens,Missing value stored as text,681,B02188,Plant,N/A,<missing>,Converted to null,Placeholder text is not a real value; standardised to null
2026-09-26T05:17:57+00:00,1_missing_tokens,Missing value stored as text,716,B01510,Plant,N/A,<missing>,Converted to null,Placeholder text is not a real value; standardised to null
2026-09-26T05:17:57+00:00,1_missing_tokens,Missing value stored as text,739,B01859,Plant,null,<missing>,Converted to null,Placeholder text is not a real value; standardised to null
2026-09-26T05:17:57+00:00,1_missing_tokens,Missing value stored as text,836,B00445,Plant,NA,<missing>,Converted to null,Placeholder text is not a real value; standardised to null
2026-09-26T05:17:57+00:00,1_missing_tokens,Missing value stored as text,940,B01519,Plant,-,<missing>,Converted to null,Placeholder text is not a real value; standardised to null
2026-09-26T05:17:57+00:00,1_missing_tokens,Missing value stored as text,946,B01366,Plant,NA,<missing>,Converted to null,Placeholder text is not a real value; standardised to null
2026-09-26T05:17:57+00:00,1_missing_tokens,Missing value stored as text,1059,B02857,Plant,-,<missing>,Converted to null,Placeholder text is not a real value; standardised to null
2026-09-26T05:17:57+00:00,1_missing_tokens,Missing value stored as text,1061,B01894,Plant,null,<missing>,Converted to null,Placeholder text is not a real value; standardised to null
2026-09-26T05:17:57+00:00,1_missing_tokens,Missing value stored as text,1315,B02790,Plant,-,<missing>,Converted to null,Placeholder text is not a real value; standardised to null
2026-09-26T05:17:57+00:00,1_missing_tokens,Missing value stored as text,1511,B00212,Plant,-,<missing>,Converted to null,Placeholder text is not a real value; standardised to null
2026-09-26T05:17:57+00:00,1_missing_tokens,Missing value stored as text,1518,B00705,Plant,NA,<missing>,Converted to null,Placeholder text is not a real value; standardised to null
2026-09-26T05:17:57+00:00,1_missing_tokens,Missing value stored as text,1722,B02370,Plant,N/A,<missing>,Converted to null,Placeholder text is not a real value; standardised to null
2026-09-26T05:17:57+00:00,1_missing_tokens,Missing value stored as text,1847,B00632,Plant,N/A,<missing>,Converted to null,Placeholder text is not a real value; standardised to null
2026-09-26T05:17:57+00:00,1_missing_tokens,Missing value stored as text,1848,B01829,Plant,NA,<missing>,Converted to null,Placeholder text is not a real value; standardised to null
2026-09-26T05:17:57+00:00,1_missing_tokens,Missing value stored as text,1905,B01973,Plant,NA,<missing>,Converted to null,Placeholder text is not a real value; standardised to null
2026-09-26T05:17:57+00:00,1_missing_tokens,Missing value stored as text,2135,B00794,Plant,null,<missing>,Converted to null,Placeholder text is not a real value; standardised to null
2026-09-26T05:17:57+00:00,1_missing_tokens,Missing value stored as text,2165,B00895,Plant,N/A,<missing>,Converted to null,Placeholder text is not a real value; standardised to null
2026-09-26T05:17:57+00:00,1_missing_tokens,Missing value stored as text,2193,B01503,Plant,null,<missing>,Converted to null,Placeholder text is not a real value; standardised to null
2026-09-26T05:17:57+00:00,1_missing_tokens,Missing value stored as text,2197,B00365,Plant,NA,<missing>,Converted to null,Placeholder text is not a real value; standardised to null
2026-09-26T05:17:57+00:00,1_missing_tokens,Missing value stored as text,2227,B01617,Plant,NA,<missing>,Converted to null,Placeholder text is not a real value; standardised to null
2026-09-26T05:17:57+00:00,1_missing_tokens,Missing value stored as text,2309,B01326,Plant,-,<missing>,Converted to null,Placeholder text is not a real value; standardised to null
2026-09-26T05:17:57+00:00,1_missing_tokens,Missing value stored as text,2311,B01199,Plant,null,<missing>,Converted to null,Placeholder text is not a real value; standardised to null
2026-09-26T05:17:57+00:00,1_missing_tokens,Missing value stored as text,2390,B02254,Plant,null,<missing>,Converted to null,Placeholder text is not a real value; standardised to null
2026-09-26T05:17:57+00:00,1_missing_tokens,Missing value stored as text,2403,B00532,Plant,N/A,<missing>,Converted to null,Placeholder text is not a real value; standardised to null
2026-09-26T05:17:57+00:00,1_missing_tokens,Missing value stored as text,2415,B00601,Plant,N/A,<missing>,Converted to null,Placeholder text is not a real value; standardised to null
2026-09-26T05:17:57+00:00,1_missing_tokens,Missing value stored as text,2457,B00730,Plant,NA,<missing>,Converted to null,Placeholder text is not a real value; standardised to null
2026-09-26T05:17:57+00:00,1_missing_tokens,Missing value stored as text,2518,B00066,Plant,NA,<missing>,Converted to null,Placeholder text is not a real value; standardised to null
2026-09-26T05:17:57+00:00,1_missing_tokens,Missing value stored as text,2556,B01211,Plant,NA,<missing>,Converted to null,Placeholder text is not a real value; standardised to null
2026-09-26T05:17:57+00:00,1_missing_tokens,Missing value stored as text,2565,B01689,Plant,-,<missing>,Converted to null,Placeholder text is not a real value; standardised to null
2026-09-26T05:17:57+00:00,1_missing_tokens,Missing value stored as text,2584,B01498,Plant,N/A,<missing>,Converted to null,Placeholder text is not a real value; standardised to null
2026-09-26T05:17:57+00:00,1_missing_tokens,Missing value stored as text,2614,B02807,Plant,N/A,<missing>,Converted to null,Placeholder text is not a real value; standardised to null
2026-09-26T05:17:57+00:00,1_missing_tokens,Missing value stored as text,2648,B02268,Plant,NA,<missing>,Converted to null,Placeholder text is not a real value; standardised to null
2026-09-26T05:17:57+00:00,1_missing_tokens,Missing value stored as text,2946,B02467,Plant,-,<missing>,Converted to null,Placeholder text is not a real value; standardised to null
2026-09-26T05:17:57+00:00,1_missing_tokens,Missing value stored as text,2979,B00872,Plant,NA,<missing>,Converted to null,Placeholder text is not a real value; standardised to null
2026-09-26T05:17:57+00:00,1_missing_tokens,Missing value stored as text,206,B02037,Batch_Size_Kg,N/A,<missing>,Converted to null,Placeholder text is not a real value; standardised to null
2026-09-26T05:17:57+00:00,1_missing_tokens,Missing value stored as text,250,B00327,Batch_Size_Kg,-,<missing>,Converted to null,Placeholder text is not a real value; standardised to null
2026-09-26T05:17:57+00:00,1_missing_tokens,Missing value stored as text,287,B00800,Batch_Size_Kg,-,<missing>,Converted to null,Placeholder text is not a real value; standardised to null
2026-09-26T05:17:57+00:00,1_missing_tokens,Missing value stored as text,405,B01143,Batch_Size_Kg,-,<missing>,Converted to null,Placeholder text is not a real value; standardised to null
2026-09-26T05:17:57+00:00,1_missing_tokens,Missing value stored as text,466,B01381,Batch_Size_Kg,N/A,<missing>,Converted to null,Placeholder text is not a real value; standardised to null
2026-09-26T05:17:57+00:00,1_missing_tokens,Missing value stored as text,492,B00983,Batch_Size_Kg,null,<missing>,Converted to null,Placeholder text is not a real value; standardised to null
2026-09-26T05:17:57+00:00,1_missing_tokens,Missing value stored as text,537,B01258,Batch_Size_Kg,null,<missing>,Converted to null,Placeholder text is not a real value; standardised to null
2026-09-26T05:17:57+00:00,1_missing_tokens,Missing value stored as text,603,B02682,Batch_Size_Kg,N/A,<missing>,Converted to null,Placeholder text is not a real value; standardised to null
2026-09-26T05:17:57+00:00,1_missing_tokens,Missing value stored as text,620,B00530,Batch_Size_Kg,N/A,<missing>,Converted to null,Placeholder text is not a real value; standardised to null
2026-09-26T05:17:57+00:00,1_missing_tokens,Missing value stored as text,640,B02804,Batch_Size_Kg,NA,<missing>,Converted to null,Placeholder text is not a real value; standardised to null
2026-09-26T05:17:57+00:00,1_missing_tokens,Missing value stored as text,703,B02351,Batch_Size_Kg,N/A,<missing>,Converted to null,Placeholder text is not a real value; standardised to null
2026-09-26T05:17:57+00:00,1_missing_tokens,Missing value stored as text,739,B01859,Batch_Size_Kg,-,<missing>,Converted to null,Placeholder text is not a real value; standardised to null
2026-09-26T05:17:57+00:00,1_missing_tokens,Missing value stored as text,775,B00155,Batch_Size_Kg,null,<missing>,Converted to null,Placeholder text is not a real value; standardised to null
2026-09-26T05:17:57+00:00,1_missing_tokens,Missing value stored as text,893,B00566,Batch_Size_Kg,N/A,<missing>,Converted to null,Placeholder text is not a real value; standardised to null
2026-09-26T05:17:57+00:00,1_missing_tokens,Missing value stored as text,900,B00775,Batch_Size_Kg,NA,<missing>,Converted to null,Placeholder text is not a real value; standardised to null
2026-09-26T05:17:57+00:00,1_missing_tokens,Missing value stored as text,964,B02265,Batch_Size_Kg,null,<missing>,Converted to null,Placeholder text is not a real value; standardised to null
2026-09-26T05:17:57+00:00,1_missing_tokens,Missing value stored as text,977,B00958,Batch_Size_Kg,-,<missing>,Converted to null,Placeholder text is not a real value; standardised to null
2026-09-26T05:17:57+00:00,1_missing_tokens,Missing value stored as text,1043,B01245,Batch_Size_Kg,NA,<missing>,Converted to null,Placeholder text is not a real value; standardised to null
2026-09-26T05:17:57+00:00,1_missing_tokens,Missing value stored as text,1082,B02729,Batch_Size_Kg,null,<missing>,Converted to null,Placeholder text is not a real value; standardised to null
2026-09-26T05:17:57+00:00,1_missing_tokens,Missing value stored as text,1084,B00249,Batch_Size_Kg,NA,<missing>,Converted to null,Placeholder text is not a real value; standardised to null
2026-09-26T05:17:57+00:00,1_missing_tokens,Missing value stored as text,1345,B02270,Batch_Size_Kg,-,<missing>,Converted to null,Placeholder text is not a real value; standardised to null
2026-09-26T05:17:57+00:00,1_missing_tokens,Missing value stored as text,1380,B02563,Batch_Size_Kg,null,<missing>,Converted to null,Placeholder text is not a real value; standardised to null
2026-09-26T05:17:57+00:00,1_missing_tokens,Missing value stored as text,1473,B01039,Batch_Size_Kg,-,<missing>,Converted to null,Placeholder text is not a real value; standardised to null
2026-09-26T05:17:57+00:00,1_missing_tokens,Missing value stored as text,1514,B02302,Batch_Size_Kg,null,<missing>,Converted to null,Placeholder text is not a real value; standardised to null
2026-09-26T05:17:57+00:00,1_missing_tokens,Missing value stored as text,1791,B02901,Batch_Size_Kg,N/A,<missing>,Converted to null,Placeholder text is not a real value; standardised to null
2026-09-26T05:17:57+00:00,1_missing_tokens,Missing value stored as text,1909,B00295,Batch_Size_Kg,N/A,<missing>,Converted to null,Placeholder text is not a real value; standardised to null
2026-09-26T05:17:57+00:00,1_missing_tokens,Missing value stored as text,1954,B00736,Batch_Size_Kg,N/A,<missing>,Converted to null,Placeholder text is not a real value; standardised to null
2026-09-26T05:17:57+00:00,1_missing_tokens,Missing value stored as text,1988,B00774,Batch_Size_Kg,null,<missing>,Converted to null,Placeholder text is not a real value; standardised to null
2026-09-26T05:17:57+00:00,1_missing_tokens,Missing value stored as text,2092,B01262,Batch_Size_Kg,null,<missing>,Converted to null,Placeholder text is not a real value; standardised to null
2026-09-26T05:17:57+00:00,1_missing_tokens,Missing value stored as text,2201,B01323,Batch_Size_Kg,N/A,<missing>,Converted to null,Placeholder text is not a real value; standardised to null
2026-09-26T05:17:57+00:00,1_missing_tokens,Missing value stored as text,2244,B02295,Batch_Size_Kg,N/A,<missing>,Converted to null,Placeholder text is not a real value; standardised to null
2026-09-26T05:17:57+00:00,1_missing_tokens,Missing value stored as text,2272,B00327,Batch_Size_Kg,-,<missing>,Converted to null,Placeholder text is not a real value; standardised to null
2026-09-26T05:17:57+00:00,1_missing_tokens,Missing value stored as text,2278,B00901,Batch_Size_Kg,-,<missing>,Converted to null,Placeholder text is not a real value; standardised to null
2026-09-26T05:17:57+00:00,1_missing_tokens,Missing value stored as text,2305,B00472,Batch_Size_Kg,N/A,<missing>,Converted to null,Placeholder text is not a real value; standardised to null
2026-09-26T05:17:57+00:00,1_missing_tokens,Missing value stored as text,2366,B00754,Batch_Size_Kg,N/A,<missing>,Converted to null,Placeholder text is not a real value; standardised to null
2026-09-26T05:17:57+00:00,1_missing_tokens,Missing value stored as text,2374,B00796,Batch_Size_Kg,N/A,<missing>,Converted to null,Placeholder text is not a real value; standardised to null
2026-09-26T05:17:57+00:00,1_missing_tokens,Missing value stored as text,2407,B02397,Batch_Size_Kg,-,<missing>,Converted to null,Placeholder text is not a real value; standardised to null
2026-09-26T05:17:57+00:00,1_missing_tokens,Missing value stored as text,2468,B02084,Batch_Size_Kg,null,<missing>,Converted to null,Placeholder text is not a real value; standardised to null
2026-09-26T05:17:57+00:00,1_missing_tokens,Missing value stored as text,2752,B00773,Batch_Size_Kg,null,<missing>,Converted to null,Placeholder text is not a real value; standardised to null
2026-09-26T05:17:57+00:00,1_missing_tokens,Missing value stored as text,2798,B00713,Batch_Size_Kg,-,<missing>,Converted to null,Placeholder text is not a real value; standardised to null
2026-09-26T05:17:57+00:00,1_missing_tokens,Missing value stored as text,2814,B01718,Batch_Size_Kg,N/A,<missing>,Converted to null,Placeholder text is not a real value; standardised to null
2026-09-26T05:17:57+00:00,1_missing_tokens,Missing value stored as text,2917,B02537,Batch_Size_Kg,N/A,<missing>,Converted to null,Placeholder text is not a real value; standardised to null
2026-09-26T05:17:57+00:00,1_missing_tokens,Missing value stored as text,2974,B01359,Batch_Size_Kg,-,<missing>,Converted to null,Placeholder text is not a real value; standardised to null
2026-09-26T05:17:57+00:00,1_missing_tokens,Missing value stored as text,62,B02044,Temperature,-,<missing>,Converted to null,Placeholder text is not a real value; standardised to null
2026-09-26T05:17:57+00:00,1_missing_tokens,Missing value stored as text,142,B02403,Temperature,N/A,<missing>,Converted to null,Placeholder text is not a real value; standardised to null
2026-09-26T05:17:57+00:00,1_missing_tokens,Missing value stored as text,174,B00344,Temperature,N/A,<missing>,Converted to null,Placeholder text is not a real value; standardised to null
2026-09-26T05:17:57+00:00,1_missing_tokens,Missing value stored as text,255,B00493,Temperature,NA,<missing>,Converted to null,Placeholder text is not a real value; standardised to null
2026-09-26T05:17:57+00:00,1_missing_tokens,Missing value stored as text,287,B00800,Temperature,N/A,<missing>,Converted to null,Placeholder text is not a real value; standardised to null
2026-09-26T05:17:57+00:00,1_missing_tokens,Missing value stored as text,323,B02414,Temperature,NA,<missing>,Converted to null,Placeholder text is not a real value; standardised to null
2026-09-26T05:17:57+00:00,1_missing_tokens,Missing value stored as text,363,B02795,Temperature,null,<missing>,Converted to null,Placeholder text is not a real value; standardised to null
2026-09-26T05:17:57+00:00,1_missing_tokens,Missing value stored as text,401,B02571,Temperature,NA,<missing>,Converted to null,Placeholder text is not a real value; standardised to null
2026-09-26T05:17:57+00:00,1_missing_tokens,Missing value stored as text,454,B00920,Temperature,null,<missing>,Converted to null,Placeholder text is not a real value; standardised to null
2026-09-26T05:17:57+00:00,1_missing_tokens,Missing value stored as text,476,B00808,Temperature,N/A,<missing>,Converted to null,Placeholder text is not a real value; standardised to null
2026-09-26T05:17:57+00:00,1_missing_tokens,Missing value stored as text,514,B01260,Temperature,NA,<missing>,Converted to null,Placeholder text is not a real value; standardised to null
2026-09-26T05:17:57+00:00,1_missing_tokens,Missing value stored as text,661,B00369,Temperature,NA,<missing>,Converted to null,Placeholder text is not a real value; standardised to null
2026-09-26T05:17:57+00:00,1_missing_tokens,Missing value stored as text,711,B00679,Temperature,N/A,<missing>,Converted to null,Placeholder text is not a real value; standardised to null
2026-09-26T05:17:57+00:00,1_missing_tokens,Missing value stored as text,750,B01925,Temperature,NA,<missing>,Converted to null,Placeholder text is not a real value; standardised to null
2026-09-26T05:17:57+00:00,1_missing_tokens,Missing value stored as text,852,B02049,Temperature,N/A,<missing>,Converted to null,Placeholder text is not a real value; standardised to null
2026-09-26T05:17:57+00:00,1_missing_tokens,Missing value stored as text,916,B00421,Temperature,NA,<missing>,Converted to null,Placeholder text is not a real value; standardised to null
2026-09-26T05:17:57+00:00,1_missing_tokens,Missing value stored as text,945,B02058,Temperature,-,<missing>,Converted to null,Placeholder text is not a real value; standardised to null
2026-09-26T05:17:57+00:00,1_missing_tokens,Missing value stored as text,1130,B01309,Temperature,N/A,<missing>,Converted to null,Placeholder text is not a real value; standardised to null
2026-09-26T05:17:57+00:00,1_missing_tokens,Missing value stored as text,1203,B00947,Temperature,null,<missing>,Converted to null,Placeholder text is not a real value; standardised to null
2026-09-26T05:17:57+00:00,1_missing_tokens,Missing value stored as text,1242,B00035,Temperature,N/A,<missing>,Converted to null,Placeholder text is not a real value; standardised to null
2026-09-26T05:17:57+00:00,1_missing_tokens,Missing value stored as text,1287,B02217,Temperature,N/A,<missing>,Converted to null,Placeholder text is not a real value; standardised to null
2026-09-26T05:17:57+00:00,1_missing_tokens,Missing value stored as text,1378,B00591,Temperature,NA,<missing>,Converted to null,Placeholder text is not a real value; standardised to null
2026-09-26T05:17:57+00:00,1_missing_tokens,Missing value stored as text,1386,B02079,Temperature,N/A,<missing>,Converted to null,Placeholder text is not a real value; standardised to null
2026-09-26T05:17:57+00:00,1_missing_tokens,Missing value stored as text,1467,B00985,Temperature,-,<missing>,Converted to null,Placeholder text is not a real value; standardised to null
2026-09-26T05:17:57+00:00,1_missing_tokens,Missing value stored as text,1486,B00637,Temperature,null,<missing>,Converted to null,Placeholder text is not a real value; standardised to null
2026-09-26T05:17:57+00:00,1_missing_tokens,Missing value stored as text,1523,B00016,Temperature,null,<missing>,Converted to null,Placeholder text is not a real value; standardised to null
2026-09-26T05:17:57+00:00,1_missing_tokens,Missing value stored as text,1525,B01939,Temperature,null,<missing>,Converted to null,Placeholder text is not a real value; standardised to null
2026-09-26T05:17:57+00:00,1_missing_tokens,Missing value stored as text,1562,B00028,Temperature,N/A,<missing>,Converted to null,Placeholder text is not a real value; standardised to null
2026-09-26T05:17:57+00:00,1_missing_tokens,Missing value stored as text,1601,B02738,Temperature,null,<missing>,Converted to null,Placeholder text is not a real value; standardised to null
2026-09-26T05:17:57+00:00,1_missing_tokens,Missing value stored as text,1732,B00527,Temperature,NA,<missing>,Converted to null,Placeholder text is not a real value; standardised to null
2026-09-26T05:17:57+00:00,1_missing_tokens,Missing value stored as text,1920,B00580,Temperature,N/A,<missing>,Converted to null,Placeholder text is not a real value; standardised to null
2026-09-26T05:17:57+00:00,1_missing_tokens,Missing value stored as text,1949,B00546,Temperature,-,<missing>,Converted to null,Placeholder text is not a real value; standardised to null
2026-09-26T05:17:57+00:00,1_missing_tokens,Missing value stored as text,1969,B01897,Temperature,-,<missing>,Converted to null,Placeholder text is not a real value; standardised to null
2026-09-26T05:17:57+00:00,1_missing_tokens,Missing value stored as text,2152,B02746,Temperature,N/A,<missing>,Converted to null,Placeholder text is not a real value; standardised to null
2026-09-26T05:17:57+00:00,1_missing_tokens,Missing value stored as text,2196,B01109,Temperature,N/A,<missing>,Converted to null,Placeholder text is not a real value; standardised to null
2026-09-26T05:17:57+00:00,1_missing_tokens,Missing value stored as text,2217,B02007,Temperature,null,<missing>,Converted to null,Placeholder text is not a real value; standardised to null
2026-09-26T05:17:57+00:00,1_missing_tokens,Missing value stored as text,2237,B02744,Temperature,-,<missing>,Converted to null,Placeholder text is not a real value; standardised to null
2026-09-26T05:17:57+00:00,1_missing_tokens,Missing value stored as text,2265,B02866,Temperature,NA,<missing>,Converted to null,Placeholder text is not a real value; standardised to null
2026-09-26T05:17:57+00:00,1_missing_tokens,Missing value stored as text,2266,B01765,Temperature,NA,<missing>,Converted to null,Placeholder text is not a real value; standardised to null
2026-09-26T05:17:57+00:00,1_missing_tokens,Missing value stored as text,2484,B01883,Temperature,N/A,<missing>,Converted to null,Placeholder text is not a real value; standardised to null
2026-09-26T05:17:57+00:00,1_missing_tokens,Missing value stored as text,2540,B02300,Temperature,NA,<missing>,Converted to null,Placeholder text is not a real value; standardised to null
2026-09-26T05:17:57+00:00,1_missing_tokens,Missing value stored as text,2580,B00580,Temperature,N/A,<missing>,Converted to null,Placeholder text is not a real value; standardised to null
2026-09-26T05:17:57+00:00,1_missing_tokens,Missing value stored as text,2808,B01305,Temperature,null,<missing>,Converted to null,Placeholder text is not a real value; standardised to null
2026-09-26T05:17:57+00:00,1_missing_tokens,Missing value stored as text,2843,B00990,Temperature,N/A,<missing>,Converted to null,Placeholder text is not a real value; standardised to null
2026-09-26T05:17:57+00:00,1_missing_tokens,Missing value stored as text,2848,B00788,Temperature,-,<missing>,Converted to null,Placeholder text is not a real value; standardised to null
2026-09-26T05:17:57+00:00,1_missing_tokens,Missing value stored as text,2908,B02740,Temperature,null,<missing>,Converted to null,Placeholder text is not a real value; standardised to null
2026-09-26T05:17:57+00:00,1_missing_tokens,Missing value stored as text,2910,B02530,Temperature,-,<missing>,Converted to null,Placeholder text is not a real value; standardised to null
2026-09-26T05:17:57+00:00,1_missing_tokens,Missing value stored as text,2948,B02773,Temperature,null,<missing>,Converted to null,Placeholder text is not a real value; standardised to null
2026-09-26T05:17:57+00:00,1_missing_tokens,Missing value stored as text,2954,B00939,Temperature,-,<missing>,Converted to null,Placeholder text is not a real value; standardised to null
2026-09-26T05:17:57+00:00,1_missing_tokens,Missing value stored as text,2978,B02653,Temperature,N/A,<missing>,Converted to null,Placeholder text is not a real value; standardised to null
2026-09-26T05:17:57+00:00,1_missing_tokens,Missing value stored as text,41,B01072,Humidity,N/A,<missing>,Converted to null,Placeholder text is not a real value; standardised to null
2026-09-26T05:17:57+00:00,1_missing_tokens,Missing value stored as text,58,B00214,Humidity,-,<missing>,Converted to null,Placeholder text is not a real value; standardised to null
2026-09-26T05:17:57+00:00,1_missing_tokens,Missing value stored as text,182,B00980,Humidity,null,<missing>,Converted to null,Placeholder text is not a real value; standardised to null
2026-09-26T05:17:57+00:00,1_missing_tokens,Missing value stored as text,235,B00627,Humidity,-,<missing>,Converted to null,Placeholder text is not a real value; standardised to null
2026-09-26T05:17:57+00:00,1_missing_tokens,Missing value stored as text,238,B00540,Humidity,null,<missing>,Converted to null,Placeholder text is not a real value; standardised to null
2026-09-26T05:17:57+00:00,1_missing_tokens,Missing value stored as text,254,B00919,Humidity,-,<missing>,Converted to null,Placeholder text is not a real value; standardised to null
2026-09-26T05:17:57+00:00,1_missing_tokens,Missing value stored as text,318,B00709,Humidity,-,<missing>,Converted to null,Placeholder text is not a real value; standardised to null
2026-09-26T05:17:57+00:00,1_missing_tokens,Missing value stored as text,324,B02151,Humidity,-,<missing>,Converted to null,Placeholder text is not a real value; standardised to null
2026-09-26T05:17:57+00:00,1_missing_tokens,Missing value stored as text,347,B02520,Humidity,NA,<missing>,Converted to null,Placeholder text is not a real value; standardised to null
2026-09-26T05:17:57+00:00,1_missing_tokens,Missing value stored as text,410,B00723,Humidity,N/A,<missing>,Converted to null,Placeholder text is not a real value; standardised to null
2026-09-26T05:17:57+00:00,1_missing_tokens,Missing value stored as text,415,B02685,Humidity,-,<missing>,Converted to null,Placeholder text is not a real value; standardised to null
2026-09-26T05:17:57+00:00,1_missing_tokens,Missing value stored as text,420,B01357,Humidity,NA,<missing>,Converted to null,Placeholder text is not a real value; standardised to null
2026-09-26T05:17:57+00:00,1_missing_tokens,Missing value stored as text,453,B02203,Humidity,N/A,<missing>,Converted to null,Placeholder text is not a real value; standardised to null
2026-09-26T05:17:57+00:00,1_missing_tokens,Missing value stored as text,494,B00567,Humidity,N/A,<missing>,Converted to null,Placeholder text is not a real value; standardised to null
2026-09-26T05:17:57+00:00,1_missing_tokens,Missing value stored as text,503,B01707,Humidity,null,<missing>,Converted to null,Placeholder text is not a real value; standardised to null
2026-09-26T05:17:57+00:00,1_missing_tokens,Missing value stored as text,510,B02742,Humidity,N/A,<missing>,Converted to null,Placeholder text is not a real value; standardised to null
2026-09-26T05:17:57+00:00,1_missing_tokens,Missing value stored as text,597,B00019,Humidity,-,<missing>,Converted to null,Placeholder text is not a real value; standardised to null
2026-09-26T05:17:57+00:00,1_missing_tokens,Missing value stored as text,667,B00085,Humidity,-,<missing>,Converted to null,Placeholder text is not a real value; standardised to null
2026-09-26T05:17:57+00:00,1_missing_tokens,Missing value stored as text,759,B01489,Humidity,NA,<missing>,Converted to null,Placeholder text is not a real value; standardised to null
2026-09-26T05:17:57+00:00,1_missing_tokens,Missing value stored as text,819,B02550,Humidity,N/A,<missing>,Converted to null,Placeholder text is not a real value; standardised to null
2026-09-26T05:17:57+00:00,1_missing_tokens,Missing value stored as text,836,B00445,Humidity,NA,<missing>,Converted to null,Placeholder text is not a real value; standardised to null
2026-09-26T05:17:57+00:00,1_missing_tokens,Missing value stored as text,895,B00590,Humidity,null,<missing>,Converted to null,Placeholder text is not a real value; standardised to null
2026-09-26T05:17:57+00:00,1_missing_tokens,Missing value stored as text,908,B00814,Humidity,null,<missing>,Converted to null,Placeholder text is not a real value; standardised to null
2026-09-26T05:17:57+00:00,1_missing_tokens,Missing value stored as text,935,B01115,Humidity,-,<missing>,Converted to null,Placeholder text is not a real value; standardised to null
2026-09-26T05:17:57+00:00,1_missing_tokens,Missing value stored as text,957,B01583,Humidity,N/A,<missing>,Converted to null,Placeholder text is not a real value; standardised to null
2026-09-26T05:17:57+00:00,1_missing_tokens,Missing value stored as text,995,B02153,Humidity,-,<missing>,Converted to null,Placeholder text is not a real value; standardised to null
2026-09-26T05:17:57+00:00,1_missing_tokens,Missing value stored as text,1028,B00284,Humidity,NA,<missing>,Converted to null,Placeholder text is not a real value; standardised to null
2026-09-26T05:17:57+00:00,1_missing_tokens,Missing value stored as text,1083,B02387,Humidity,-,<missing>,Converted to null,Placeholder text is not a real value; standardised to null
2026-09-26T05:17:57+00:00,1_missing_tokens,Missing value stored as text,1084,B00249,Humidity,NA,<missing>,Converted to null,Placeholder text is not a real value; standardised to null
2026-09-26T05:17:57+00:00,1_missing_tokens,Missing value stored as text,1192,B00030,Humidity,N/A,<missing>,Converted to null,Placeholder text is not a real value; standardised to null
2026-09-26T05:17:57+00:00,1_missing_tokens,Missing value stored as text,1209,B01941,Humidity,null,<missing>,Converted to null,Placeholder text is not a real value; standardised to null
2026-09-26T05:17:57+00:00,1_missing_tokens,Missing value stored as text,1219,B02577,Humidity,null,<missing>,Converted to null,Placeholder text is not a real value; standardised to null
2026-09-26T05:17:57+00:00,1_missing_tokens,Missing value stored as text,1247,B02206,Humidity,NA,<missing>,Converted to null,Placeholder text is not a real value; standardised to null
2026-09-26T05:17:57+00:00,1_missing_tokens,Missing value stored as text,1273,B01764,Humidity,null,<missing>,Converted to null,Placeholder text is not a real value; standardised to null
2026-09-26T05:17:57+00:00,1_missing_tokens,Missing value stored as text,1274,B00164,Humidity,N/A,<missing>,Converted to null,Placeholder text is not a real value; standardised to null
2026-09-26T05:17:57+00:00,1_missing_tokens,Missing value stored as text,1298,B01648,Humidity,-,<missing>,Converted to null,Placeholder text is not a real value; standardised to null
2026-09-26T05:17:57+00:00,1_missing_tokens,Missing value stored as text,1326,B02839,Humidity,NA,<missing>,Converted to null,Placeholder text is not a real value; standardised to null
2026-09-26T05:17:57+00:00,1_missing_tokens,Missing value stored as text,1353,B00352,Humidity,null,<missing>,Converted to null,Placeholder text is not a real value; standardised to null
2026-09-26T05:17:57+00:00,1_missing_tokens,Missing value stored as text,1376,B01210,Humidity,-,<missing>,Converted to null,Placeholder text is not a real value; standardised to null
2026-09-26T05:17:57+00:00,1_missing_tokens,Missing value stored as text,1394,B01167,Humidity,NA,<missing>,Converted to null,Placeholder text is not a real value; standardised to null
2026-09-26T05:17:57+00:00,1_missing_tokens,Missing value stored as text,1395,B01343,Humidity,N/A,<missing>,Converted to null,Placeholder text is not a real value; standardised to null
2026-09-26T05:17:57+00:00,1_missing_tokens,Missing value stored as text,1431,B01067,Humidity,null,<missing>,Converted to null,Placeholder text is not a real value; standardised to null
2026-09-26T05:17:57+00:00,1_missing_tokens,Missing value stored as text,1448,B02538,Humidity,null,<missing>,Converted to null,Placeholder text is not a real value; standardised to null
2026-09-26T05:17:57+00:00,1_missing_tokens,Missing value stored as text,1617,B01569,Humidity,N/A,<missing>,Converted to null,Placeholder text is not a real value; standardised to null
2026-09-26T05:17:57+00:00,1_missing_tokens,Missing value stored as text,1761,B00348,Humidity,N/A,<missing>,Converted to null,Placeholder text is not a real value; standardised to null
2026-09-26T05:17:57+00:00,1_missing_tokens,Missing value stored as text,1776,B01032,Humidity,N/A,<missing>,Converted to null,Placeholder text is not a real value; standardised to null
2026-09-26T05:17:57+00:00,1_missing_tokens,Missing value stored as text,1802,B02534,Humidity,N/A,<missing>,Converted to null,Placeholder text is not a real value; standardised to null
2026-09-26T05:17:57+00:00,1_missing_tokens,Missing value stored as text,1870,B00979,Humidity,-,<missing>,Converted to null,Placeholder text is not a real value; standardised to null
2026-09-26T05:17:57+00:00,1_missing_tokens,Missing value stored as text,1882,B00630,Humidity,null,<missing>,Converted to null,Placeholder text is not a real value; standardised to null
2026-09-26T05:17:57+00:00,1_missing_tokens,Missing value stored as text,1939,B02867,Humidity,N/A,<missing>,Converted to null,Placeholder text is not a real value; standardised to null
2026-09-26T05:17:57+00:00,1_missing_tokens,Missing value stored as text,1973,B02587,Humidity,-,<missing>,Converted to null,Placeholder text is not a real value; standardised to null
2026-09-26T05:17:57+00:00,1_missing_tokens,Missing value stored as text,1996,B01628,Humidity,NA,<missing>,Converted to null,Placeholder text is not a real value; standardised to null
2026-09-26T05:17:57+00:00,1_missing_tokens,Missing value stored as text,2058,B01424,Humidity,null,<missing>,Converted to null,Placeholder text is not a real value; standardised to null
2026-09-26T05:17:57+00:00,1_missing_tokens,Missing value stored as text,2060,B02373,Humidity,-,<missing>,Converted to null,Placeholder text is not a real value; standardised to null
2026-09-26T05:17:57+00:00,1_missing_tokens,Missing value stored as text,2126,B02786,Humidity,-,<missing>,Converted to null,Placeholder text is not a real value; standardised to null
2026-09-26T05:17:57+00:00,1_missing_tokens,Missing value stored as text,2139,B01573,Humidity,-,<missing>,Converted to null,Placeholder text is not a real value; standardised to null
2026-09-26T05:17:57+00:00,1_missing_tokens,Missing value stored as text,2163,B01919,Humidity,N/A,<missing>,Converted to null,Placeholder text is not a real value; standardised to null
2026-09-26T05:17:57+00:00,1_missing_tokens,Missing value stored as text,2166,B02512,Humidity,-,<missing>,Converted to null,Placeholder text is not a real value; standardised to null
2026-09-26T05:17:57+00:00,1_missing_tokens,Missing value stored as text,2189,B01347,Humidity,-,<missing>,Converted to null,Placeholder text is not a real value; standardised to null
2026-09-26T05:17:57+00:00,1_missing_tokens,Missing value stored as text,2191,B02639,Humidity,N/A,<missing>,Converted to null,Placeholder text is not a real value; standardised to null
2026-09-26T05:17:57+00:00,1_missing_tokens,Missing value stored as text,2246,B00058,Humidity,NA,<missing>,Converted to null,Placeholder text is not a real value; standardised to null
2026-09-26T05:17:57+00:00,1_missing_tokens,Missing value stored as text,2290,B00098,Humidity,N/A,<missing>,Converted to null,Placeholder text is not a real value; standardised to null
2026-09-26T05:17:57+00:00,1_missing_tokens,Missing value stored as text,2428,B01843,Humidity,-,<missing>,Converted to null,Placeholder text is not a real value; standardised to null
2026-09-26T05:17:57+00:00,1_missing_tokens,Missing value stored as text,2508,B01758,Humidity,N/A,<missing>,Converted to null,Placeholder text is not a real value; standardised to null
2026-09-26T05:17:57+00:00,1_missing_tokens,Missing value stored as text,2536,B00030,Humidity,N/A,<missing>,Converted to null,Placeholder text is not a real value; standardised to null
2026-09-26T05:17:57+00:00,1_missing_tokens,Missing value stored as text,2680,B00829,Humidity,null,<missing>,Converted to null,Placeholder text is not a real value; standardised to null
2026-09-26T05:17:57+00:00,1_missing_tokens,Missing value stored as text,2741,B01976,Humidity,N/A,<missing>,Converted to null,Placeholder text is not a real value; standardised to null
2026-09-26T05:17:57+00:00,1_missing_tokens,Missing value stored as text,2774,B01085,Humidity,N/A,<missing>,Converted to null,Placeholder text is not a real value; standardised to null
2026-09-26T05:17:57+00:00,1_missing_tokens,Missing value stored as text,2784,B01739,Humidity,N/A,<missing>,Converted to null,Placeholder text is not a real value; standardised to null
2026-09-26T05:17:57+00:00,1_missing_tokens,Missing value stored as text,2795,B02826,Humidity,null,<missing>,Converted to null,Placeholder text is not a real value; standardised to null
2026-09-26T05:17:57+00:00,1_missing_tokens,Missing value stored as text,2827,B00919,Humidity,-,<missing>,Converted to null,Placeholder text is not a real value; standardised to null
2026-09-26T05:17:57+00:00,1_missing_tokens,Missing value stored as text,2860,B00220,Humidity,null,<missing>,Converted to null,Placeholder text is not a real value; standardised to null
2026-09-26T05:17:57+00:00,1_missing_tokens,Missing value stored as text,2869,B02534,Humidity,N/A,<missing>,Converted to null,Placeholder text is not a real value; standardised to null
2026-09-26T05:17:57+00:00,1_missing_tokens,Missing value stored as text,2894,B01801,Humidity,-,<missing>,Converted to null,Placeholder text is not a real value; standardised to null
2026-09-26T05:17:57+00:00,1_missing_tokens,Missing value stored as text,2916,B01364,Humidity,N/A,<missing>,Converted to null,Placeholder text is not a real value; standardised to null
2026-09-26T05:17:57+00:00,1_missing_tokens,Missing value stored as text,2933,B02412,Humidity,N/A,<missing>,Converted to null,Placeholder text is not a real value; standardised to null
2026-09-26T05:17:57+00:00,1_missing_tokens,Missing value stored as text,19,B01501,pH,N/A,<missing>,Converted to null,Placeholder text is not a real value; standardised to null
2026-09-26T05:17:57+00:00,1_missing_tokens,Missing value stored as text,107,B01382,pH,N/A,<missing>,Converted to null,Placeholder text is not a real value; standardised to null
2026-09-26T05:17:57+00:00,1_missing_tokens,Missing value stored as text,246,B00640,pH,null,<missing>,Converted to null,Placeholder text is not a real value; standardised to null
2026-09-26T05:17:57+00:00,1_missing_tokens,Missing value stored as text,326,B00867,pH,-,<missing>,Converted to null,Placeholder text is not a real value; standardised to null
2026-09-26T05:17:57+00:00,1_missing_tokens,Missing value stored as text,347,B02520,pH,-,<missing>,Converted to null,Placeholder text is not a real value; standardised to null
2026-09-26T05:17:57+00:00,1_missing_tokens,Missing value stored as text,383,B00055,pH,NA,<missing>,Converted to null,Placeholder text is not a real value; standardised to null
2026-09-26T05:17:57+00:00,1_missing_tokens,Missing value stored as text,444,B00930,pH,N/A,<missing>,Converted to null,Placeholder text is not a real value; standardised to null
2026-09-26T05:17:57+00:00,1_missing_tokens,Missing value stored as text,526,B00806,pH,-,<missing>,Converted to null,Placeholder text is not a real value; standardised to null
2026-09-26T05:17:57+00:00,1_missing_tokens,Missing value stored as text,613,B02611,pH,-,<missing>,Converted to null,Placeholder text is not a real value; standardised to null
2026-09-26T05:17:57+00:00,1_missing_tokens,Missing value stored as text,623,B00864,pH,NA,<missing>,Converted to null,Placeholder text is not a real value; standardised to null
2026-09-26T05:17:57+00:00,1_missing_tokens,Missing value stored as text,682,B01525,pH,N/A,<missing>,Converted to null,Placeholder text is not a real value; standardised to null
2026-09-26T05:17:57+00:00,1_missing_tokens,Missing value stored as text,755,B02313,pH,null,<missing>,Converted to null,Placeholder text is not a real value; standardised to null
2026-09-26T05:17:57+00:00,1_missing_tokens,Missing value stored as text,785,B00302,pH,NA,<missing>,Converted to null,Placeholder text is not a real value; standardised to null
2026-09-26T05:17:57+00:00,1_missing_tokens,Missing value stored as text,787,B00318,pH,NA,<missing>,Converted to null,Placeholder text is not a real value; standardised to null
2026-09-26T05:17:57+00:00,1_missing_tokens,Missing value stored as text,794,B02696,pH,N/A,<missing>,Converted to null,Placeholder text is not a real value; standardised to null
2026-09-26T05:17:57+00:00,1_missing_tokens,Missing value stored as text,824,B00558,pH,-,<missing>,Converted to null,Placeholder text is not a real value; standardised to null
2026-09-26T05:17:57+00:00,1_missing_tokens,Missing value stored as text,853,B01877,pH,N/A,<missing>,Converted to null,Placeholder text is not a real value; standardised to null
2026-09-26T05:17:57+00:00,1_missing_tokens,Missing value stored as text,935,B01115,pH,N/A,<missing>,Converted to null,Placeholder text is not a real value; standardised to null
2026-09-26T05:17:57+00:00,1_missing_tokens,Missing value stored as text,945,B02058,pH,NA,<missing>,Converted to null,Placeholder text is not a real value; standardised to null
2026-09-26T05:17:57+00:00,1_missing_tokens,Missing value stored as text,1067,B01261,pH,N/A,<missing>,Converted to null,Placeholder text is not a real value; standardised to null
2026-09-26T05:17:57+00:00,1_missing_tokens,Missing value stored as text,1088,B00517,pH,NA,<missing>,Converted to null,Placeholder text is not a real value; standardised to null
2026-09-26T05:17:57+00:00,1_missing_tokens,Missing value stored as text,1094,B00026,pH,-,<missing>,Converted to null,Placeholder text is not a real value; standardised to null
2026-09-26T05:17:57+00:00,1_missing_tokens,Missing value stored as text,1113,B01076,pH,NA,<missing>,Converted to null,Placeholder text is not a real value; standardised to null
2026-09-26T05:17:57+00:00,1_missing_tokens,Missing value stored as text,1128,B00274,pH,N/A,<missing>,Converted to null,Placeholder text is not a real value; standardised to null
2026-09-26T05:17:57+00:00,1_missing_tokens,Missing value stored as text,1173,B02882,pH,N/A,<missing>,Converted to null,Placeholder text is not a real value; standardised to null
2026-09-26T05:17:57+00:00,1_missing_tokens,Missing value stored as text,1183,B01077,pH,-,<missing>,Converted to null,Placeholder text is not a real value; standardised to null
2026-09-26T05:17:57+00:00,1_missing_tokens,Missing value stored as text,1239,B02558,pH,null,<missing>,Converted to null,Placeholder text is not a real value; standardised to null
2026-09-26T05:17:57+00:00,1_missing_tokens,Missing value stored as text,1262,B02637,pH,null,<missing>,Converted to null,Placeholder text is not a real value; standardised to null
2026-09-26T05:17:57+00:00,1_missing_tokens,Missing value stored as text,1278,B00625,pH,null,<missing>,Converted to null,Placeholder text is not a real value; standardised to null
2026-09-26T05:17:57+00:00,1_missing_tokens,Missing value stored as text,1420,B00663,pH,NA,<missing>,Converted to null,Placeholder text is not a real value; standardised to null
2026-09-26T05:17:57+00:00,1_missing_tokens,Missing value stored as text,1451,B00490,pH,-,<missing>,Converted to null,Placeholder text is not a real value; standardised to null
2026-09-26T05:17:57+00:00,1_missing_tokens,Missing value stored as text,1478,B00805,pH,NA,<missing>,Converted to null,Placeholder text is not a real value; standardised to null
2026-09-26T05:17:57+00:00,1_missing_tokens,Missing value stored as text,1482,B02156,pH,N/A,<missing>,Converted to null,Placeholder text is not a real value; standardised to null
2026-09-26T05:17:57+00:00,1_missing_tokens,Missing value stored as text,1501,B01509,pH,null,<missing>,Converted to null,Placeholder text is not a real value; standardised to null
2026-09-26T05:17:57+00:00,1_missing_tokens,Missing value stored as text,1543,B02835,pH,null,<missing>,Converted to null,Placeholder text is not a real value; standardised to null
2026-09-26T05:17:57+00:00,1_missing_tokens,Missing value stored as text,1548,B01808,pH,N/A,<missing>,Converted to null,Placeholder text is not a real value; standardised to null
2026-09-26T05:17:57+00:00,1_missing_tokens,Missing value stored as text,1656,B01922,pH,-,<missing>,Converted to null,Placeholder text is not a real value; standardised to null
2026-09-26T05:17:57+00:00,1_missing_tokens,Missing value stored as text,1707,B01104,pH,N/A,<missing>,Converted to null,Placeholder text is not a real value; standardised to null
2026-09-26T05:17:57+00:00,1_missing_tokens,Missing value stored as text,1942,B01261,pH,N/A,<missing>,Converted to null,Placeholder text is not a real value; standardised to null
2026-09-26T05:17:57+00:00,1_missing_tokens,Missing value stored as text,2025,B01851,pH,N/A,<missing>,Converted to null,Placeholder text is not a real value; standardised to null
2026-09-26T05:17:57+00:00,1_missing_tokens,Missing value stored as text,2255,B02192,pH,N/A,<missing>,Converted to null,Placeholder text is not a real value; standardised to null
2026-09-26T05:17:57+00:00,1_missing_tokens,Missing value stored as text,2265,B02866,pH,NA,<missing>,Converted to null,Placeholder text is not a real value; standardised to null
2026-09-26T05:17:57+00:00,1_missing_tokens,Missing value stored as text,2273,B01179,pH,NA,<missing>,Converted to null,Placeholder text is not a real value; standardised to null
2026-09-26T05:17:57+00:00,1_missing_tokens,Missing value stored as text,2481,B01269,pH,N/A,<missing>,Converted to null,Placeholder text is not a real value; standardised to null
2026-09-26T05:17:57+00:00,1_missing_tokens,Missing value stored as text,2663,B02038,pH,null,<missing>,Converted to null,Placeholder text is not a real value; standardised to null
2026-09-26T05:17:57+00:00,1_missing_tokens,Missing value stored as text,2705,B00856,pH,-,<missing>,Converted to null,Placeholder text is not a real value; standardised to null
2026-09-26T05:17:57+00:00,1_missing_tokens,Missing value stored as text,2725,B00370,pH,NA,<missing>,Converted to null,Placeholder text is not a real value; standardised to null
2026-09-26T05:17:57+00:00,1_missing_tokens,Missing value stored as text,2790,B01204,pH,N/A,<missing>,Converted to null,Placeholder text is not a real value; standardised to null
2026-09-26T05:17:57+00:00,1_missing_tokens,Missing value stored as text,2925,B00721,pH,NA,<missing>,Converted to null,Placeholder text is not a real value; standardised to null
2026-09-26T05:17:57+00:00,1_missing_tokens,Missing value stored as text,2962,B02880,pH,N/A,<missing>,Converted to null,Placeholder text is not a real value; standardised to null
2026-09-26T05:17:57+00:00,1_missing_tokens,Missing value stored as text,2976,B02070,pH,N/A,<missing>,Converted to null,Placeholder text is not a real value; standardised to null
2026-09-26T05:17:57+00:00,1_missing_tokens,Missing value stored as text,18,B00299,Dissolution,NA,<missing>,Converted to null,Placeholder text is not a real value; standardised to null
2026-09-26T05:17:57+00:00,1_missing_tokens,Missing value stored as text,49,B00341,Dissolution,NA,<missing>,Converted to null,Placeholder text is not a real value; standardised to null
2026-09-26T05:17:57+00:00,1_missing_tokens,Missing value stored as text,90,B02879,Dissolution,-,<missing>,Converted to null,Placeholder text is not a real value; standardised to null
2026-09-26T05:17:57+00:00,1_missing_tokens,Missing value stored as text,93,B01318,Dissolution,NA,<missing>,Converted to null,Placeholder text is not a real value; standardised to null
2026-09-26T05:17:57+00:00,1_missing_tokens,Missing value stored as text,112,B02620,Dissolution,NA,<missing>,Converted to null,Placeholder text is not a real value; standardised to null
2026-09-26T05:17:57+00:00,1_missing_tokens,Missing value stored as text,124,B02204,Dissolution,-,<missing>,Converted to null,Placeholder text is not a real value; standardised to null
2026-09-26T05:17:57+00:00,1_missing_tokens,Missing value stored as text,167,B02173,Dissolution,null,<missing>,Converted to null,Placeholder text is not a real value; standardised to null
2026-09-26T05:17:57+00:00,1_missing_tokens,Missing value stored as text,221,B00498,Dissolution,-,<missing>,Converted to null,Placeholder text is not a real value; standardised to null
2026-09-26T05:17:57+00:00,1_missing_tokens,Missing value stored as text,275,B02452,Dissolution,N/A,<missing>,Converted to null,Placeholder text is not a real value; standardised to null
2026-09-26T05:17:57+00:00,1_missing_tokens,Missing value stored as text,293,B01163,Dissolution,N/A,<missing>,Converted to null,Placeholder text is not a real value; standardised to null
2026-09-26T05:17:57+00:00,1_missing_tokens,Missing value stored as text,390,B02645,Dissolution,N/A,<missing>,Converted to null,Placeholder text is not a real value; standardised to null
2026-09-26T05:17:57+00:00,1_missing_tokens,Missing value stored as text,403,B01181,Dissolution,null,<missing>,Converted to null,Placeholder text is not a real value; standardised to null
2026-09-26T05:17:57+00:00,1_missing_tokens,Missing value stored as text,415,B02685,Dissolution,N/A,<missing>,Converted to null,Placeholder text is not a real value; standardised to null
2026-09-26T05:17:57+00:00,1_missing_tokens,Missing value stored as text,420,B01357,Dissolution,-,<missing>,Converted to null,Placeholder text is not a real value; standardised to null
2026-09-26T05:17:57+00:00,1_missing_tokens,Missing value stored as text,426,B01090,Dissolution,null,<missing>,Converted to null,Placeholder text is not a real value; standardised to null
2026-09-26T05:17:57+00:00,1_missing_tokens,Missing value stored as text,559,B02769,Dissolution,N/A,<missing>,Converted to null,Placeholder text is not a real value; standardised to null
2026-09-26T05:17:57+00:00,1_missing_tokens,Missing value stored as text,630,B02749,Dissolution,NA,<missing>,Converted to null,Placeholder text is not a real value; standardised to null
2026-09-26T05:17:57+00:00,1_missing_tokens,Missing value stored as text,712,B01141,Dissolution,N/A,<missing>,Converted to null,Placeholder text is not a real value; standardised to null
2026-09-26T05:17:57+00:00,1_missing_tokens,Missing value stored as text,789,B01329,Dissolution,N/A,<missing>,Converted to null,Placeholder text is not a real value; standardised to null
2026-09-26T05:17:57+00:00,1_missing_tokens,Missing value stored as text,799,B01048,Dissolution,NA,<missing>,Converted to null,Placeholder text is not a real value; standardised to null
2026-09-26T05:17:57+00:00,1_missing_tokens,Missing value stored as text,802,B00211,Dissolution,NA,<missing>,Converted to null,Placeholder text is not a real value; standardised to null
2026-09-26T05:17:57+00:00,1_missing_tokens,Missing value stored as text,845,B01579,Dissolution,N/A,<missing>,Converted to null,Placeholder text is not a real value; standardised to null
2026-09-26T05:17:57+00:00,1_missing_tokens,Missing value stored as text,908,B00814,Dissolution,-,<missing>,Converted to null,Placeholder text is not a real value; standardised to null
2026-09-26T05:17:57+00:00,1_missing_tokens,Missing value stored as text,922,B01256,Dissolution,null,<missing>,Converted to null,Placeholder text is not a real value; standardised to null
2026-09-26T05:17:57+00:00,1_missing_tokens,Missing value stored as text,941,B00622,Dissolution,null,<missing>,Converted to null,Placeholder text is not a real value; standardised to null
2026-09-26T05:17:57+00:00,1_missing_tokens,Missing value stored as text,1032,B01563,Dissolution,null,<missing>,Converted to null,Placeholder text is not a real value; standardised to null
2026-09-26T05:17:57+00:00,1_missing_tokens,Missing value stored as text,1117,B00548,Dissolution,null,<missing>,Converted to null,Placeholder text is not a real value; standardised to null
2026-09-26T05:17:57+00:00,1_missing_tokens,Missing value stored as text,1138,B00924,Dissolution,null,<missing>,Converted to null,Placeholder text is not a real value; standardised to null
2026-09-26T05:17:57+00:00,1_missing_tokens,Missing value stored as text,1223,B01062,Dissolution,NA,<missing>,Converted to null,Placeholder text is not a real value; standardised to null
2026-09-26T05:17:57+00:00,1_missing_tokens,Missing value stored as text,1232,B02089,Dissolution,N/A,<missing>,Converted to null,Placeholder text is not a real value; standardised to null
2026-09-26T05:17:57+00:00,1_missing_tokens,Missing value stored as text,1250,B02496,Dissolution,-,<missing>,Converted to null,Placeholder text is not a real value; standardised to null
2026-09-26T05:17:57+00:00,1_missing_tokens,Missing value stored as text,1265,B00355,Dissolution,-,<missing>,Converted to null,Placeholder text is not a real value; standardised to null
2026-09-26T05:17:57+00:00,1_missing_tokens,Missing value stored as text,1271,B00505,Dissolution,NA,<missing>,Converted to null,Placeholder text is not a real value; standardised to null
2026-09-26T05:17:57+00:00,1_missing_tokens,Missing value stored as text,1319,B00784,Dissolution,-,<missing>,Converted to null,Placeholder text is not a real value; standardised to null
2026-09-26T05:17:57+00:00,1_missing_tokens,Missing value stored as text,1331,B00534,Dissolution,NA,<missing>,Converted to null,Placeholder text is not a real value; standardised to null
2026-09-26T05:17:57+00:00,1_missing_tokens,Missing value stored as text,1382,B00971,Dissolution,-,<missing>,Converted to null,Placeholder text is not a real value; standardised to null
2026-09-26T05:17:57+00:00,1_missing_tokens,Missing value stored as text,1402,B00761,Dissolution,null,<missing>,Converted to null,Placeholder text is not a real value; standardised to null
2026-09-26T05:17:57+00:00,1_missing_tokens,Missing value stored as text,1418,B02644,Dissolution,null,<missing>,Converted to null,Placeholder text is not a real value; standardised to null
2026-09-26T05:17:57+00:00,1_missing_tokens,Missing value stored as text,1483,B01083,Dissolution,-,<missing>,Converted to null,Placeholder text is not a real value; standardised to null
2026-09-26T05:17:57+00:00,1_missing_tokens,Missing value stored as text,1491,B00760,Dissolution,-,<missing>,Converted to null,Placeholder text is not a real value; standardised to null
2026-09-26T05:17:57+00:00,1_missing_tokens,Missing value stored as text,1520,B01612,Dissolution,null,<missing>,Converted to null,Placeholder text is not a real value; standardised to null
2026-09-26T05:17:57+00:00,1_missing_tokens,Missing value stored as text,1532,B02533,Dissolution,-,<missing>,Converted to null,Placeholder text is not a real value; standardised to null
2026-09-26T05:17:57+00:00,1_missing_tokens,Missing value stored as text,1540,B00095,Dissolution,null,<missing>,Converted to null,Placeholder text is not a real value; standardised to null
2026-09-26T05:17:57+00:00,1_missing_tokens,Missing value stored as text,1544,B01386,Dissolution,null,<missing>,Converted to null,Placeholder text is not a real value; standardised to null
2026-09-26T05:17:57+00:00,1_missing_tokens,Missing value stored as text,1629,B02150,Dissolution,-,<missing>,Converted to null,Placeholder text is not a real value; standardised to null
2026-09-26T05:17:57+00:00,1_missing_tokens,Missing value stored as text,1653,B01836,Dissolution,null,<missing>,Converted to null,Placeholder text is not a real value; standardised to null
2026-09-26T05:17:57+00:00,1_missing_tokens,Missing value stored as text,1685,B00157,Dissolution,-,<missing>,Converted to null,Placeholder text is not a real value; standardised to null
2026-09-26T05:17:57+00:00,1_missing_tokens,Missing value stored as text,1858,B02622,Dissolution,null,<missing>,Converted to null,Placeholder text is not a real value; standardised to null
2026-09-26T05:17:57+00:00,1_missing_tokens,Missing value stored as text,1890,B01442,Dissolution,NA,<missing>,Converted to null,Placeholder text is not a real value; standardised to null
2026-09-26T05:17:57+00:00,1_missing_tokens,Missing value stored as text,1948,B01528,Dissolution,-,<missing>,Converted to null,Placeholder text is not a real value; standardised to null
2026-09-26T05:17:57+00:00,1_missing_tokens,Missing value stored as text,1973,B02587,Dissolution,null,<missing>,Converted to null,Placeholder text is not a real value; standardised to null
2026-09-26T05:17:57+00:00,1_missing_tokens,Missing value stored as text,1998,B01448,Dissolution,-,<missing>,Converted to null,Placeholder text is not a real value; standardised to null
2026-09-26T05:17:57+00:00,1_missing_tokens,Missing value stored as text,2077,B02034,Dissolution,NA,<missing>,Converted to null,Placeholder text is not a real value; standardised to null
2026-09-26T05:17:57+00:00,1_missing_tokens,Missing value stored as text,2128,B00194,Dissolution,-,<missing>,Converted to null,Placeholder text is not a real value; standardised to null
2026-09-26T05:17:57+00:00,1_missing_tokens,Missing value stored as text,2148,B00069,Dissolution,null,<missing>,Converted to null,Placeholder text is not a real value; standardised to null
2026-09-26T05:17:57+00:00,1_missing_tokens,Missing value stored as text,2153,B00287,Dissolution,NA,<missing>,Converted to null,Placeholder text is not a real value; standardised to null
2026-09-26T05:17:57+00:00,1_missing_tokens,Missing value stored as text,2155,B02219,Dissolution,-,<missing>,Converted to null,Placeholder text is not a real value; standardised to null
2026-09-26T05:17:57+00:00,1_missing_tokens,Missing value stored as text,2157,B01223,Dissolution,-,<missing>,Converted to null,Placeholder text is not a real value; standardised to null
2026-09-26T05:17:57+00:00,1_missing_tokens,Missing value stored as text,2166,B02512,Dissolution,-,<missing>,Converted to null,Placeholder text is not a real value; standardised to null
2026-09-26T05:17:57+00:00,1_missing_tokens,Missing value stored as text,2181,B00243,Dissolution,NA,<missing>,Converted to null,Placeholder text is not a real value; standardised to null
2026-09-26T05:17:57+00:00,1_missing_tokens,Missing value stored as text,2252,B00135,Dissolution,NA,<missing>,Converted to null,Placeholder text is not a real value; standardised to null
2026-09-26T05:17:57+00:00,1_missing_tokens,Missing value stored as text,2277,B01824,Dissolution,NA,<missing>,Converted to null,Placeholder text is not a real value; standardised to null
2026-09-26T05:17:57+00:00,1_missing_tokens,Missing value stored as text,2281,B02133,Dissolution,NA,<missing>,Converted to null,Placeholder text is not a real value; standardised to null
2026-09-26T05:17:57+00:00,1_missing_tokens,Missing value stored as text,2369,B01150,Dissolution,N/A,<missing>,Converted to null,Placeholder text is not a real value; standardised to null
2026-09-26T05:17:57+00:00,1_missing_tokens,Missing value stored as text,2405,B02359,Dissolution,N/A,<missing>,Converted to null,Placeholder text is not a real value; standardised to null
2026-09-26T05:17:57+00:00,1_missing_tokens,Missing value stored as text,2410,B01806,Dissolution,null,<missing>,Converted to null,Placeholder text is not a real value; standardised to null
2026-09-26T05:17:57+00:00,1_missing_tokens,Missing value stored as text,2423,B01215,Dissolution,N/A,<missing>,Converted to null,Placeholder text is not a real value; standardised to null
2026-09-26T05:17:57+00:00,1_missing_tokens,Missing value stored as text,2431,B00385,Dissolution,-,<missing>,Converted to null,Placeholder text is not a real value; standardised to null
2026-09-26T05:17:57+00:00,1_missing_tokens,Missing value stored as text,2446,B00455,Dissolution,N/A,<missing>,Converted to null,Placeholder text is not a real value; standardised to null
2026-09-26T05:17:57+00:00,1_missing_tokens,Missing value stored as text,2460,B01203,Dissolution,-,<missing>,Converted to null,Placeholder text is not a real value; standardised to null
2026-09-26T05:17:57+00:00,1_missing_tokens,Missing value stored as text,2466,B00533,Dissolution,null,<missing>,Converted to null,Placeholder text is not a real value; standardised to null
2026-09-26T05:17:57+00:00,1_missing_tokens,Missing value stored as text,2467,B02584,Dissolution,NA,<missing>,Converted to null,Placeholder text is not a real value; standardised to null
2026-09-26T05:17:57+00:00,1_missing_tokens,Missing value stored as text,2484,B01883,Dissolution,NA,<missing>,Converted to null,Placeholder text is not a real value; standardised to null
2026-09-26T05:17:57+00:00,1_missing_tokens,Missing value stored as text,2512,B02448,Dissolution,NA,<missing>,Converted to null,Placeholder text is not a real value; standardised to null
2026-09-26T05:17:57+00:00,1_missing_tokens,Missing value stored as text,2587,B00746,Dissolution,-,<missing>,Converted to null,Placeholder text is not a real value; standardised to null
2026-09-26T05:17:57+00:00,1_missing_tokens,Missing value stored as text,2635,B02359,Dissolution,N/A,<missing>,Converted to null,Placeholder text is not a real value; standardised to null
2026-09-26T05:17:57+00:00,1_missing_tokens,Missing value stored as text,2654,B01274,Dissolution,NA,<missing>,Converted to null,Placeholder text is not a real value; standardised to null
2026-09-26T05:17:57+00:00,1_missing_tokens,Missing value stored as text,2717,B02750,Dissolution,N/A,<missing>,Converted to null,Placeholder text is not a real value; standardised to null
2026-09-26T05:17:57+00:00,1_missing_tokens,Missing value stored as text,2729,B00844,Dissolution,-,<missing>,Converted to null,Placeholder text is not a real value; standardised to null
2026-09-26T05:17:57+00:00,1_missing_tokens,Missing value stored as text,2783,B02263,Dissolution,N/A,<missing>,Converted to null,Placeholder text is not a real value; standardised to null
2026-09-26T05:17:57+00:00,1_missing_tokens,Missing value stored as text,2800,B02850,Dissolution,N/A,<missing>,Converted to null,Placeholder text is not a real value; standardised to null
2026-09-26T05:17:57+00:00,1_missing_tokens,Missing value stored as text,2802,B00593,Dissolution,N/A,<missing>,Converted to null,Placeholder text is not a real value; standardised to null
2026-09-26T05:17:57+00:00,1_missing_tokens,Missing value stored as text,2821,B02176,Dissolution,N/A,<missing>,Converted to null,Placeholder text is not a real value; standardised to null
2026-09-26T05:17:57+00:00,1_missing_tokens,Missing value stored as text,2838,B00770,Dissolution,NA,<missing>,Converted to null,Placeholder text is not a real value; standardised to null
2026-09-26T05:17:57+00:00,1_missing_tokens,Missing value stored as text,2871,B02766,Dissolution,N/A,<missing>,Converted to null,Placeholder text is not a real value; standardised to null
2026-09-26T05:17:57+00:00,1_missing_tokens,Missing value stored as text,2998,B01491,Dissolution,-,<missing>,Converted to null,Placeholder text is not a real value; standardised to null
2026-09-26T05:17:57+00:00,1_missing_tokens,Missing value stored as text,17,B02132,Assay,NA,<missing>,Converted to null,Placeholder text is not a real value; standardised to null
2026-09-26T05:17:57+00:00,1_missing_tokens,Missing value stored as text,59,B01413,Assay,N/A,<missing>,Converted to null,Placeholder text is not a real value; standardised to null
2026-09-26T05:17:57+00:00,1_missing_tokens,Missing value stored as text,68,B02289,Assay,-,<missing>,Converted to null,Placeholder text is not a real value; standardised to null
2026-09-26T05:17:57+00:00,1_missing_tokens,Missing value stored as text,357,B01225,Assay,NA,<missing>,Converted to null,Placeholder text is not a real value; standardised to null
2026-09-26T05:17:57+00:00,1_missing_tokens,Missing value stored as text,428,B01047,Assay,-,<missing>,Converted to null,Placeholder text is not a real value; standardised to null
2026-09-26T05:17:57+00:00,1_missing_tokens,Missing value stored as text,772,B02069,Assay,NA,<missing>,Converted to null,Placeholder text is not a real value; standardised to null
2026-09-26T05:17:57+00:00,1_missing_tokens,Missing value stored as text,820,B00975,Assay,null,<missing>,Converted to null,Placeholder text is not a real value; standardised to null
2026-09-26T05:17:57+00:00,1_missing_tokens,Missing value stored as text,857,B00752,Assay,N/A,<missing>,Converted to null,Placeholder text is not a real value; standardised to null
2026-09-26T05:17:57+00:00,1_missing_tokens,Missing value stored as text,998,B00887,Assay,N/A,<missing>,Converted to null,Placeholder text is not a real value; standardised to null
2026-09-26T05:17:57+00:00,1_missing_tokens,Missing value stored as text,1078,B00785,Assay,N/A,<missing>,Converted to null,Placeholder text is not a real value; standardised to null
2026-09-26T05:17:57+00:00,1_missing_tokens,Missing value stored as text,1149,B00647,Assay,-,<missing>,Converted to null,Placeholder text is not a real value; standardised to null
2026-09-26T05:17:57+00:00,1_missing_tokens,Missing value stored as text,1162,B00961,Assay,NA,<missing>,Converted to null,Placeholder text is not a real value; standardised to null
2026-09-26T05:17:57+00:00,1_missing_tokens,Missing value stored as text,1249,B01632,Assay,-,<missing>,Converted to null,Placeholder text is not a real value; standardised to null
2026-09-26T05:17:57+00:00,1_missing_tokens,Missing value stored as text,1326,B02839,Assay,null,<missing>,Converted to null,Placeholder text is not a real value; standardised to null
2026-09-26T05:17:57+00:00,1_missing_tokens,Missing value stored as text,1378,B00591,Assay,NA,<missing>,Converted to null,Placeholder text is not a real value; standardised to null
2026-09-26T05:17:57+00:00,1_missing_tokens,Missing value stored as text,1420,B00663,Assay,null,<missing>,Converted to null,Placeholder text is not a real value; standardised to null
2026-09-26T05:17:57+00:00,1_missing_tokens,Missing value stored as text,1496,B01346,Assay,NA,<missing>,Converted to null,Placeholder text is not a real value; standardised to null
2026-09-26T05:17:57+00:00,1_missing_tokens,Missing value stored as text,1500,B00038,Assay,NA,<missing>,Converted to null,Placeholder text is not a real value; standardised to null
2026-09-26T05:17:57+00:00,1_missing_tokens,Missing value stored as text,1591,B01023,Assay,NA,<missing>,Converted to null,Placeholder text is not a real value; standardised to null
2026-09-26T05:17:57+00:00,1_missing_tokens,Missing value stored as text,1628,B01526,Assay,-,<missing>,Converted to null,Placeholder text is not a real value; standardised to null
2026-09-26T05:17:57+00:00,1_missing_tokens,Missing value stored as text,1723,B01440,Assay,-,<missing>,Converted to null,Placeholder text is not a real value; standardised to null
2026-09-26T05:17:57+00:00,1_missing_tokens,Missing value stored as text,1791,B02901,Assay,N/A,<missing>,Converted to null,Placeholder text is not a real value; standardised to null
2026-09-26T05:17:57+00:00,1_missing_tokens,Missing value stored as text,1933,B00737,Assay,N/A,<missing>,Converted to null,Placeholder text is not a real value; standardised to null
2026-09-26T05:17:57+00:00,1_missing_tokens,Missing value stored as text,1960,B02892,Assay,N/A,<missing>,Converted to null,Placeholder text is not a real value; standardised to null
2026-09-26T05:17:57+00:00,1_missing_tokens,Missing value stored as text,1965,B00643,Assay,NA,<missing>,Converted to null,Placeholder text is not a real value; standardised to null
2026-09-26T05:17:57+00:00,1_missing_tokens,Missing value stored as text,2048,B02190,Assay,N/A,<missing>,Converted to null,Placeholder text is not a real value; standardised to null
2026-09-26T05:17:57+00:00,1_missing_tokens,Missing value stored as text,2063,B01054,Assay,N/A,<missing>,Converted to null,Placeholder text is not a real value; standardised to null
2026-09-26T05:17:57+00:00,1_missing_tokens,Missing value stored as text,2088,B01017,Assay,null,<missing>,Converted to null,Placeholder text is not a real value; standardised to null
2026-09-26T05:17:57+00:00,1_missing_tokens,Missing value stored as text,2093,B02837,Assay,-,<missing>,Converted to null,Placeholder text is not a real value; standardised to null
2026-09-26T05:17:57+00:00,1_missing_tokens,Missing value stored as text,2102,B01959,Assay,-,<missing>,Converted to null,Placeholder text is not a real value; standardised to null
2026-09-26T05:17:57+00:00,1_missing_tokens,Missing value stored as text,2255,B02192,Assay,null,<missing>,Converted to null,Placeholder text is not a real value; standardised to null
2026-09-26T05:17:57+00:00,1_missing_tokens,Missing value stored as text,2368,B02763,Assay,NA,<missing>,Converted to null,Placeholder text is not a real value; standardised to null
2026-09-26T05:17:57+00:00,1_missing_tokens,Missing value stored as text,2416,B02702,Assay,NA,<missing>,Converted to null,Placeholder text is not a real value; standardised to null
2026-09-26T05:17:57+00:00,1_missing_tokens,Missing value stored as text,2596,B00925,Assay,N/A,<missing>,Converted to null,Placeholder text is not a real value; standardised to null
2026-09-26T05:17:57+00:00,1_missing_tokens,Missing value stored as text,2780,B02886,Assay,NA,<missing>,Converted to null,Placeholder text is not a real value; standardised to null
2026-09-26T05:17:57+00:00,1_missing_tokens,Missing value stored as text,2825,B02798,Assay,N/A,<missing>,Converted to null,Placeholder text is not a real value; standardised to null
2026-09-26T05:17:57+00:00,1_missing_tokens,Missing value stored as text,2854,B01967,Assay,null,<missing>,Converted to null,Placeholder text is not a real value; standardised to null
2026-09-26T05:17:57+00:00,1_missing_tokens,Missing value stored as text,2990,B01374,Assay,NA,<missing>,Converted to null,Placeholder text is not a real value; standardised to null
2026-09-26T05:17:57+00:00,1_missing_tokens,Missing value stored as text,102,B02692,Impurity_Level,NA,<missing>,Converted to null,Placeholder text is not a real value; standardised to null
2026-09-26T05:17:57+00:00,1_missing_tokens,Missing value stored as text,109,B00578,Impurity_Level,NA,<missing>,Converted to null,Placeholder text is not a real value; standardised to null
2026-09-26T05:17:57+00:00,1_missing_tokens,Missing value stored as text,122,B01751,Impurity_Level,N/A,<missing>,Converted to null,Placeholder text is not a real value; standardised to null
2026-09-26T05:17:57+00:00,1_missing_tokens,Missing value stored as text,153,B02046,Impurity_Level,NA,<missing>,Converted to null,Placeholder text is not a real value; standardised to null
2026-09-26T05:17:57+00:00,1_missing_tokens,Missing value stored as text,182,B00980,Impurity_Level,N/A,<missing>,Converted to null,Placeholder text is not a real value; standardised to null
2026-09-26T05:17:57+00:00,1_missing_tokens,Missing value stored as text,295,B01848,Impurity_Level,NA,<missing>,Converted to null,Placeholder text is not a real value; standardised to null
2026-09-26T05:17:57+00:00,1_missing_tokens,Missing value stored as text,333,B02180,Impurity_Level,null,<missing>,Converted to null,Placeholder text is not a real value; standardised to null
2026-09-26T05:17:57+00:00,1_missing_tokens,Missing value stored as text,337,B01421,Impurity_Level,-,<missing>,Converted to null,Placeholder text is not a real value; standardised to null
2026-09-26T05:17:57+00:00,1_missing_tokens,Missing value stored as text,357,B01225,Impurity_Level,null,<missing>,Converted to null,Placeholder text is not a real value; standardised to null
2026-09-26T05:17:57+00:00,1_missing_tokens,Missing value stored as text,383,B00055,Impurity_Level,null,<missing>,Converted to null,Placeholder text is not a real value; standardised to null
2026-09-26T05:17:57+00:00,1_missing_tokens,Missing value stored as text,394,B01213,Impurity_Level,-,<missing>,Converted to null,Placeholder text is not a real value; standardised to null
2026-09-26T05:17:57+00:00,1_missing_tokens,Missing value stored as text,514,B01260,Impurity_Level,NA,<missing>,Converted to null,Placeholder text is not a real value; standardised to null
2026-09-26T05:17:57+00:00,1_missing_tokens,Missing value stored as text,528,B01249,Impurity_Level,-,<missing>,Converted to null,Placeholder text is not a real value; standardised to null
2026-09-26T05:17:57+00:00,1_missing_tokens,Missing value stored as text,531,B01222,Impurity_Level,-,<missing>,Converted to null,Placeholder text is not a real value; standardised to null
2026-09-26T05:17:57+00:00,1_missing_tokens,Missing value stored as text,581,B00817,Impurity_Level,N/A,<missing>,Converted to null,Placeholder text is not a real value; standardised to null
2026-09-26T05:17:57+00:00,1_missing_tokens,Missing value stored as text,597,B00019,Impurity_Level,N/A,<missing>,Converted to null,Placeholder text is not a real value; standardised to null
2026-09-26T05:17:57+00:00,1_missing_tokens,Missing value stored as text,669,B00544,Impurity_Level,null,<missing>,Converted to null,Placeholder text is not a real value; standardised to null
2026-09-26T05:17:57+00:00,1_missing_tokens,Missing value stored as text,713,B00186,Impurity_Level,N/A,<missing>,Converted to null,Placeholder text is not a real value; standardised to null
2026-09-26T05:17:57+00:00,1_missing_tokens,Missing value stored as text,806,B00215,Impurity_Level,NA,<missing>,Converted to null,Placeholder text is not a real value; standardised to null
2026-09-26T05:17:57+00:00,1_missing_tokens,Missing value stored as text,844,B02122,Impurity_Level,-,<missing>,Converted to null,Placeholder text is not a real value; standardised to null
2026-09-26T05:17:57+00:00,1_missing_tokens,Missing value stored as text,846,B01135,Impurity_Level,NA,<missing>,Converted to null,Placeholder text is not a real value; standardised to null
2026-09-26T05:17:57+00:00,1_missing_tokens,Missing value stored as text,885,B02836,Impurity_Level,N/A,<missing>,Converted to null,Placeholder text is not a real value; standardised to null
2026-09-26T05:17:57+00:00,1_missing_tokens,Missing value stored as text,908,B00814,Impurity_Level,null,<missing>,Converted to null,Placeholder text is not a real value; standardised to null
2026-09-26T05:17:57+00:00,1_missing_tokens,Missing value stored as text,997,B02067,Impurity_Level,N/A,<missing>,Converted to null,Placeholder text is not a real value; standardised to null
2026-09-26T05:17:57+00:00,1_missing_tokens,Missing value stored as text,1018,B01971,Impurity_Level,NA,<missing>,Converted to null,Placeholder text is not a real value; standardised to null
2026-09-26T05:17:57+00:00,1_missing_tokens,Missing value stored as text,1031,B00956,Impurity_Level,NA,<missing>,Converted to null,Placeholder text is not a real value; standardised to null
2026-09-26T05:17:57+00:00,1_missing_tokens,Missing value stored as text,1050,B01623,Impurity_Level,null,<missing>,Converted to null,Placeholder text is not a real value; standardised to null
2026-09-26T05:17:57+00:00,1_missing_tokens,Missing value stored as text,1208,B00097,Impurity_Level,null,<missing>,Converted to null,Placeholder text is not a real value; standardised to null
2026-09-26T05:17:57+00:00,1_missing_tokens,Missing value stored as text,1227,B00821,Impurity_Level,null,<missing>,Converted to null,Placeholder text is not a real value; standardised to null
2026-09-26T05:17:57+00:00,1_missing_tokens,Missing value stored as text,1264,B01065,Impurity_Level,-,<missing>,Converted to null,Placeholder text is not a real value; standardised to null
2026-09-26T05:17:57+00:00,1_missing_tokens,Missing value stored as text,1358,B02140,Impurity_Level,null,<missing>,Converted to null,Placeholder text is not a real value; standardised to null
2026-09-26T05:17:57+00:00,1_missing_tokens,Missing value stored as text,1365,B00049,Impurity_Level,N/A,<missing>,Converted to null,Placeholder text is not a real value; standardised to null
2026-09-26T05:17:57+00:00,1_missing_tokens,Missing value stored as text,1427,B02796,Impurity_Level,null,<missing>,Converted to null,Placeholder text is not a real value; standardised to null
2026-09-26T05:17:57+00:00,1_missing_tokens,Missing value stored as text,1431,B01067,Impurity_Level,-,<missing>,Converted to null,Placeholder text is not a real value; standardised to null
2026-09-26T05:17:57+00:00,1_missing_tokens,Missing value stored as text,1439,B02428,Impurity_Level,null,<missing>,Converted to null,Placeholder text is not a real value; standardised to null
2026-09-26T05:17:57+00:00,1_missing_tokens,Missing value stored as text,1464,B02895,Impurity_Level,NA,<missing>,Converted to null,Placeholder text is not a real value; standardised to null
2026-09-26T05:17:57+00:00,1_missing_tokens,Missing value stored as text,1475,B00702,Impurity_Level,N/A,<missing>,Converted to null,Placeholder text is not a real value; standardised to null
2026-09-26T05:17:57+00:00,1_missing_tokens,Missing value stored as text,1488,B00073,Impurity_Level,null,<missing>,Converted to null,Placeholder text is not a real value; standardised to null
2026-09-26T05:17:57+00:00,1_missing_tokens,Missing value stored as text,1617,B01569,Impurity_Level,-,<missing>,Converted to null,Placeholder text is not a real value; standardised to null
2026-09-26T05:17:57+00:00,1_missing_tokens,Missing value stored as text,1654,B01367,Impurity_Level,N/A,<missing>,Converted to null,Placeholder text is not a real value; standardised to null
2026-09-26T05:17:57+00:00,1_missing_tokens,Missing value stored as text,1671,B02229,Impurity_Level,-,<missing>,Converted to null,Placeholder text is not a real value; standardised to null
2026-09-26T05:17:57+00:00,1_missing_tokens,Missing value stored as text,1758,B01499,Impurity_Level,N/A,<missing>,Converted to null,Placeholder text is not a real value; standardised to null
2026-09-26T05:17:57+00:00,1_missing_tokens,Missing value stored as text,1778,B01435,Impurity_Level,null,<missing>,Converted to null,Placeholder text is not a real value; standardised to null
2026-09-26T05:17:57+00:00,1_missing_tokens,Missing value stored as text,1809,B01965,Impurity_Level,NA,<missing>,Converted to null,Placeholder text is not a real value; standardised to null
2026-09-26T05:17:57+00:00,1_missing_tokens,Missing value stored as text,1872,B02796,Impurity_Level,null,<missing>,Converted to null,Placeholder text is not a real value; standardised to null
2026-09-26T05:17:57+00:00,1_missing_tokens,Missing value stored as text,1924,B02436,Impurity_Level,NA,<missing>,Converted to null,Placeholder text is not a real value; standardised to null
2026-09-26T05:17:57+00:00,1_missing_tokens,Missing value stored as text,1939,B02867,Impurity_Level,N/A,<missing>,Converted to null,Placeholder text is not a real value; standardised to null
2026-09-26T05:17:57+00:00,1_missing_tokens,Missing value stored as text,1968,B01591,Impurity_Level,null,<missing>,Converted to null,Placeholder text is not a real value; standardised to null
2026-09-26T05:17:57+00:00,1_missing_tokens,Missing value stored as text,1991,B01881,Impurity_Level,-,<missing>,Converted to null,Placeholder text is not a real value; standardised to null
2026-09-26T05:17:57+00:00,1_missing_tokens,Missing value stored as text,2010,B00831,Impurity_Level,-,<missing>,Converted to null,Placeholder text is not a real value; standardised to null
2026-09-26T05:17:57+00:00,1_missing_tokens,Missing value stored as text,2011,B01168,Impurity_Level,-,<missing>,Converted to null,Placeholder text is not a real value; standardised to null
2026-09-26T05:17:57+00:00,1_missing_tokens,Missing value stored as text,2126,B02786,Impurity_Level,-,<missing>,Converted to null,Placeholder text is not a real value; standardised to null
2026-09-26T05:17:57+00:00,1_missing_tokens,Missing value stored as text,2129,B01111,Impurity_Level,NA,<missing>,Converted to null,Placeholder text is not a real value; standardised to null
2026-09-26T05:17:57+00:00,1_missing_tokens,Missing value stored as text,2170,B02720,Impurity_Level,NA,<missing>,Converted to null,Placeholder text is not a real value; standardised to null
2026-09-26T05:17:57+00:00,1_missing_tokens,Missing value stored as text,2218,B02883,Impurity_Level,NA,<missing>,Converted to null,Placeholder text is not a real value; standardised to null
2026-09-26T05:17:57+00:00,1_missing_tokens,Missing value stored as text,2344,B00499,Impurity_Level,null,<missing>,Converted to null,Placeholder text is not a real value; standardised to null
2026-09-26T05:17:57+00:00,1_missing_tokens,Missing value stored as text,2373,B00877,Impurity_Level,N/A,<missing>,Converted to null,Placeholder text is not a real value; standardised to null
2026-09-26T05:17:57+00:00,1_missing_tokens,Missing value stored as text,2382,B01139,Impurity_Level,-,<missing>,Converted to null,Placeholder text is not a real value; standardised to null
2026-09-26T05:17:57+00:00,1_missing_tokens,Missing value stored as text,2447,B01468,Impurity_Level,NA,<missing>,Converted to null,Placeholder text is not a real value; standardised to null
2026-09-26T05:17:57+00:00,1_missing_tokens,Missing value stored as text,2495,B01681,Impurity_Level,null,<missing>,Converted to null,Placeholder text is not a real value; standardised to null
2026-09-26T05:17:57+00:00,1_missing_tokens,Missing value stored as text,2508,B01758,Impurity_Level,N/A,<missing>,Converted to null,Placeholder text is not a real value; standardised to null
2026-09-26T05:17:57+00:00,1_missing_tokens,Missing value stored as text,2553,B02697,Impurity_Level,-,<missing>,Converted to null,Placeholder text is not a real value; standardised to null
2026-09-26T05:17:57+00:00,1_missing_tokens,Missing value stored as text,2598,B01835,Impurity_Level,null,<missing>,Converted to null,Placeholder text is not a real value; standardised to null
2026-09-26T05:17:57+00:00,1_missing_tokens,Missing value stored as text,2605,B00424,Impurity_Level,N/A,<missing>,Converted to null,Placeholder text is not a real value; standardised to null
2026-09-26T05:17:57+00:00,1_missing_tokens,Missing value stored as text,2642,B00379,Impurity_Level,null,<missing>,Converted to null,Placeholder text is not a real value; standardised to null
2026-09-26T05:17:57+00:00,1_missing_tokens,Missing value stored as text,2681,B01170,Impurity_Level,N/A,<missing>,Converted to null,Placeholder text is not a real value; standardised to null
2026-09-26T05:17:57+00:00,1_missing_tokens,Missing value stored as text,2756,B02737,Impurity_Level,NA,<missing>,Converted to null,Placeholder text is not a real value; standardised to null
2026-09-26T05:17:57+00:00,1_missing_tokens,Missing value stored as text,2806,B02542,Impurity_Level,NA,<missing>,Converted to null,Placeholder text is not a real value; standardised to null
2026-09-26T05:17:57+00:00,1_missing_tokens,Missing value stored as text,2836,B00005,Impurity_Level,-,<missing>,Converted to null,Placeholder text is not a real value; standardised to null
2026-09-26T05:17:57+00:00,1_missing_tokens,Missing value stored as text,2930,B01864,Impurity_Level,null,<missing>,Converted to null,Placeholder text is not a real value; standardised to null
2026-09-26T05:17:57+00:00,1_missing_tokens,Missing value stored as text,2965,B02574,Impurity_Level,N/A,<missing>,Converted to null,Placeholder text is not a real value; standardised to null
2026-09-26T05:17:57+00:00,1_missing_tokens,Missing value stored as text,181,B00241,Yield_Percentage,-,<missing>,Converted to null,Placeholder text is not a real value; standardised to null
2026-09-26T05:17:57+00:00,1_missing_tokens,Missing value stored as text,237,B00857,Yield_Percentage,NA,<missing>,Converted to null,Placeholder text is not a real value; standardised to null
2026-09-26T05:17:57+00:00,1_missing_tokens,Missing value stored as text,262,B00623,Yield_Percentage,N/A,<missing>,Converted to null,Placeholder text is not a real value; standardised to null
2026-09-26T05:17:57+00:00,1_missing_tokens,Missing value stored as text,265,B00680,Yield_Percentage,null,<missing>,Converted to null,Placeholder text is not a real value; standardised to null
2026-09-26T05:17:57+00:00,1_missing_tokens,Missing value stored as text,323,B02414,Yield_Percentage,NA,<missing>,Converted to null,Placeholder text is not a real value; standardised to null
2026-09-26T05:17:57+00:00,1_missing_tokens,Missing value stored as text,326,B00867,Yield_Percentage,-,<missing>,Converted to null,Placeholder text is not a real value; standardised to null
2026-09-26T05:17:57+00:00,1_missing_tokens,Missing value stored as text,380,B00324,Yield_Percentage,null,<missing>,Converted to null,Placeholder text is not a real value; standardised to null
2026-09-26T05:17:57+00:00,1_missing_tokens,Missing value stored as text,440,B01794,Yield_Percentage,NA,<missing>,Converted to null,Placeholder text is not a real value; standardised to null
2026-09-26T05:17:57+00:00,1_missing_tokens,Missing value stored as text,553,B02433,Yield_Percentage,N/A,<missing>,Converted to null,Placeholder text is not a real value; standardised to null
2026-09-26T05:17:57+00:00,1_missing_tokens,Missing value stored as text,713,B00186,Yield_Percentage,-,<missing>,Converted to null,Placeholder text is not a real value; standardised to null
2026-09-26T05:17:57+00:00,1_missing_tokens,Missing value stored as text,910,B00042,Yield_Percentage,N/A,<missing>,Converted to null,Placeholder text is not a real value; standardised to null
2026-09-26T05:17:57+00:00,1_missing_tokens,Missing value stored as text,1054,B01613,Yield_Percentage,NA,<missing>,Converted to null,Placeholder text is not a real value; standardised to null
2026-09-26T05:17:57+00:00,1_missing_tokens,Missing value stored as text,1286,B01325,Yield_Percentage,NA,<missing>,Converted to null,Placeholder text is not a real value; standardised to null
2026-09-26T05:17:57+00:00,1_missing_tokens,Missing value stored as text,1301,B00575,Yield_Percentage,NA,<missing>,Converted to null,Placeholder text is not a real value; standardised to null
2026-09-26T05:17:57+00:00,1_missing_tokens,Missing value stored as text,1455,B01392,Yield_Percentage,NA,<missing>,Converted to null,Placeholder text is not a real value; standardised to null
2026-09-26T05:17:57+00:00,1_missing_tokens,Missing value stored as text,1650,B01514,Yield_Percentage,N/A,<missing>,Converted to null,Placeholder text is not a real value; standardised to null
2026-09-26T05:17:57+00:00,1_missing_tokens,Missing value stored as text,1666,B02660,Yield_Percentage,null,<missing>,Converted to null,Placeholder text is not a real value; standardised to null
2026-09-26T05:17:57+00:00,1_missing_tokens,Missing value stored as text,1724,B01034,Yield_Percentage,-,<missing>,Converted to null,Placeholder text is not a real value; standardised to null
2026-09-26T05:17:57+00:00,1_missing_tokens,Missing value stored as text,1765,B00732,Yield_Percentage,N/A,<missing>,Converted to null,Placeholder text is not a real value; standardised to null
2026-09-26T05:17:57+00:00,1_missing_tokens,Missing value stored as text,1794,B01473,Yield_Percentage,NA,<missing>,Converted to null,Placeholder text is not a real value; standardised to null
2026-09-26T05:17:57+00:00,1_missing_tokens,Missing value stored as text,1873,B02667,Yield_Percentage,NA,<missing>,Converted to null,Placeholder text is not a real value; standardised to null
2026-09-26T05:17:57+00:00,1_missing_tokens,Missing value stored as text,2000,B00090,Yield_Percentage,-,<missing>,Converted to null,Placeholder text is not a real value; standardised to null
2026-09-26T05:17:57+00:00,1_missing_tokens,Missing value stored as text,2007,B00998,Yield_Percentage,null,<missing>,Converted to null,Placeholder text is not a real value; standardised to null
2026-09-26T05:17:57+00:00,1_missing_tokens,Missing value stored as text,2117,B00691,Yield_Percentage,-,<missing>,Converted to null,Placeholder text is not a real value; standardised to null
2026-09-26T05:17:57+00:00,1_missing_tokens,Missing value stored as text,2253,B00771,Yield_Percentage,null,<missing>,Converted to null,Placeholder text is not a real value; standardised to null
2026-09-26T05:17:57+00:00,1_missing_tokens,Missing value stored as text,2327,B02689,Yield_Percentage,N/A,<missing>,Converted to null,Placeholder text is not a real value; standardised to null
2026-09-26T05:17:57+00:00,1_missing_tokens,Missing value stored as text,2450,B01650,Yield_Percentage,N/A,<missing>,Converted to null,Placeholder text is not a real value; standardised to null
2026-09-26T05:17:57+00:00,1_missing_tokens,Missing value stored as text,2522,B02386,Yield_Percentage,-,<missing>,Converted to null,Placeholder text is not a real value; standardised to null
2026-09-26T05:17:57+00:00,1_missing_tokens,Missing value stored as text,2535,B00311,Yield_Percentage,N/A,<missing>,Converted to null,Placeholder text is not a real value; standardised to null
2026-09-26T05:17:57+00:00,1_missing_tokens,Missing value stored as text,2584,B01498,Yield_Percentage,NA,<missing>,Converted to null,Placeholder text is not a real value; standardised to null
2026-09-26T05:17:57+00:00,1_missing_tokens,Missing value stored as text,2608,B00272,Yield_Percentage,NA,<missing>,Converted to null,Placeholder text is not a real value; standardised to null
2026-09-26T05:17:57+00:00,1_missing_tokens,Missing value stored as text,2724,B01126,Yield_Percentage,N/A,<missing>,Converted to null,Placeholder text is not a real value; standardised to null
2026-09-26T05:17:57+00:00,1_missing_tokens,Missing value stored as text,2784,B01739,Yield_Percentage,NA,<missing>,Converted to null,Placeholder text is not a real value; standardised to null
2026-09-26T05:17:57+00:00,1_missing_tokens,Missing value stored as text,2811,B02607,Yield_Percentage,-,<missing>,Converted to null,Placeholder text is not a real value; standardised to null
2026-09-26T05:17:57+00:00,1_missing_tokens,Missing value stored as text,40,B02579,Deviation_Count,NA,<missing>,Converted to null,Placeholder text is not a real value; standardised to null
2026-09-26T05:17:57+00:00,1_missing_tokens,Missing value stored as text,159,B02678,Deviation_Count,-,<missing>,Converted to null,Placeholder text is not a real value; standardised to null
2026-09-26T05:17:57+00:00,1_missing_tokens,Missing value stored as text,188,B00599,Deviation_Count,-,<missing>,Converted to null,Placeholder text is not a real value; standardised to null
2026-09-26T05:17:57+00:00,1_missing_tokens,Missing value stored as text,193,B02042,Deviation_Count,NA,<missing>,Converted to null,Placeholder text is not a real value; standardised to null
2026-09-26T05:17:57+00:00,1_missing_tokens,Missing value stored as text,224,B00218,Deviation_Count,-,<missing>,Converted to null,Placeholder text is not a real value; standardised to null
2026-09-26T05:17:57+00:00,1_missing_tokens,Missing value stored as text,242,B02664,Deviation_Count,-,<missing>,Converted to null,Placeholder text is not a real value; standardised to null
2026-09-26T05:17:57+00:00,1_missing_tokens,Missing value stored as text,244,B01682,Deviation_Count,NA,<missing>,Converted to null,Placeholder text is not a real value; standardised to null
2026-09-26T05:17:57+00:00,1_missing_tokens,Missing value stored as text,245,B00513,Deviation_Count,-,<missing>,Converted to null,Placeholder text is not a real value; standardised to null
2026-09-26T05:17:57+00:00,1_missing_tokens,Missing value stored as text,289,B00886,Deviation_Count,-,<missing>,Converted to null,Placeholder text is not a real value; standardised to null
2026-09-26T05:17:57+00:00,1_missing_tokens,Missing value stored as text,396,B00584,Deviation_Count,null,<missing>,Converted to null,Placeholder text is not a real value; standardised to null
2026-09-26T05:17:57+00:00,1_missing_tokens,Missing value stored as text,413,B00125,Deviation_Count,null,<missing>,Converted to null,Placeholder text is not a real value; standardised to null
2026-09-26T05:17:57+00:00,1_missing_tokens,Missing value stored as text,422,B01122,Deviation_Count,N/A,<missing>,Converted to null,Placeholder text is not a real value; standardised to null
2026-09-26T05:17:57+00:00,1_missing_tokens,Missing value stored as text,510,B02742,Deviation_Count,NA,<missing>,Converted to null,Placeholder text is not a real value; standardised to null
2026-09-26T05:17:57+00:00,1_missing_tokens,Missing value stored as text,515,B00735,Deviation_Count,null,<missing>,Converted to null,Placeholder text is not a real value; standardised to null
2026-09-26T05:17:57+00:00,1_missing_tokens,Missing value stored as text,539,B01310,Deviation_Count,N/A,<missing>,Converted to null,Placeholder text is not a real value; standardised to null
2026-09-26T05:17:57+00:00,1_missing_tokens,Missing value stored as text,592,B02613,Deviation_Count,N/A,<missing>,Converted to null,Placeholder text is not a real value; standardised to null
2026-09-26T05:17:57+00:00,1_missing_tokens,Missing value stored as text,593,B01185,Deviation_Count,NA,<missing>,Converted to null,Placeholder text is not a real value; standardised to null
2026-09-26T05:17:57+00:00,1_missing_tokens,Missing value stored as text,615,B02564,Deviation_Count,null,<missing>,Converted to null,Placeholder text is not a real value; standardised to null
2026-09-26T05:17:57+00:00,1_missing_tokens,Missing value stored as text,745,B00813,Deviation_Count,N/A,<missing>,Converted to null,Placeholder text is not a real value; standardised to null
2026-09-26T05:17:57+00:00,1_missing_tokens,Missing value stored as text,1084,B00249,Deviation_Count,N/A,<missing>,Converted to null,Placeholder text is not a real value; standardised to null
2026-09-26T05:17:57+00:00,1_missing_tokens,Missing value stored as text,1107,B01190,Deviation_Count,N/A,<missing>,Converted to null,Placeholder text is not a real value; standardised to null
2026-09-26T05:17:57+00:00,1_missing_tokens,Missing value stored as text,1137,B01508,Deviation_Count,NA,<missing>,Converted to null,Placeholder text is not a real value; standardised to null
2026-09-26T05:17:57+00:00,1_missing_tokens,Missing value stored as text,1217,B02767,Deviation_Count,NA,<missing>,Converted to null,Placeholder text is not a real value; standardised to null
2026-09-26T05:17:57+00:00,1_missing_tokens,Missing value stored as text,1360,B01436,Deviation_Count,N/A,<missing>,Converted to null,Placeholder text is not a real value; standardised to null
2026-09-26T05:17:57+00:00,1_missing_tokens,Missing value stored as text,1425,B02613,Deviation_Count,N/A,<missing>,Converted to null,Placeholder text is not a real value; standardised to null
2026-09-26T05:17:57+00:00,1_missing_tokens,Missing value stored as text,1446,B00332,Deviation_Count,N/A,<missing>,Converted to null,Placeholder text is not a real value; standardised to null
2026-09-26T05:17:57+00:00,1_missing_tokens,Missing value stored as text,1467,B00985,Deviation_Count,null,<missing>,Converted to null,Placeholder text is not a real value; standardised to null
2026-09-26T05:17:57+00:00,1_missing_tokens,Missing value stored as text,1488,B00073,Deviation_Count,-,<missing>,Converted to null,Placeholder text is not a real value; standardised to null
2026-09-26T05:17:57+00:00,1_missing_tokens,Missing value stored as text,1521,B01862,Deviation_Count,N/A,<missing>,Converted to null,Placeholder text is not a real value; standardised to null
2026-09-26T05:17:57+00:00,1_missing_tokens,Missing value stored as text,1530,B01073,Deviation_Count,null,<missing>,Converted to null,Placeholder text is not a real value; standardised to null
2026-09-26T05:17:57+00:00,1_missing_tokens,Missing value stored as text,1556,B01662,Deviation_Count,N/A,<missing>,Converted to null,Placeholder text is not a real value; standardised to null
2026-09-26T05:17:57+00:00,1_missing_tokens,Missing value stored as text,1593,B00468,Deviation_Count,-,<missing>,Converted to null,Placeholder text is not a real value; standardised to null
2026-09-26T05:17:57+00:00,1_missing_tokens,Missing value stored as text,1643,B02353,Deviation_Count,N/A,<missing>,Converted to null,Placeholder text is not a real value; standardised to null
2026-09-26T05:17:57+00:00,1_missing_tokens,Missing value stored as text,1659,B02754,Deviation_Count,-,<missing>,Converted to null,Placeholder text is not a real value; standardised to null
2026-09-26T05:17:57+00:00,1_missing_tokens,Missing value stored as text,1881,B02481,Deviation_Count,null,<missing>,Converted to null,Placeholder text is not a real value; standardised to null
2026-09-26T05:17:57+00:00,1_missing_tokens,Missing value stored as text,2143,B01312,Deviation_Count,N/A,<missing>,Converted to null,Placeholder text is not a real value; standardised to null
2026-09-26T05:17:57+00:00,1_missing_tokens,Missing value stored as text,2206,B01119,Deviation_Count,-,<missing>,Converted to null,Placeholder text is not a real value; standardised to null
2026-09-26T05:17:57+00:00,1_missing_tokens,Missing value stored as text,2248,B01954,Deviation_Count,-,<missing>,Converted to null,Placeholder text is not a real value; standardised to null
2026-09-26T05:17:57+00:00,1_missing_tokens,Missing value stored as text,2348,B01542,Deviation_Count,null,<missing>,Converted to null,Placeholder text is not a real value; standardised to null
2026-09-26T05:17:57+00:00,1_missing_tokens,Missing value stored as text,2385,B02191,Deviation_Count,null,<missing>,Converted to null,Placeholder text is not a real value; standardised to null
2026-09-26T05:17:57+00:00,1_missing_tokens,Missing value stored as text,2389,B02051,Deviation_Count,null,<missing>,Converted to null,Placeholder text is not a real value; standardised to null
2026-09-26T05:17:57+00:00,1_missing_tokens,Missing value stored as text,2467,B02584,Deviation_Count,-,<missing>,Converted to null,Placeholder text is not a real value; standardised to null
2026-09-26T05:17:57+00:00,1_missing_tokens,Missing value stored as text,2478,B00584,Deviation_Count,null,<missing>,Converted to null,Placeholder text is not a real value; standardised to null
2026-09-26T05:17:57+00:00,1_missing_tokens,Missing value stored as text,2727,B00285,Deviation_Count,NA,<missing>,Converted to null,Placeholder text is not a real value; standardised to null
2026-09-26T05:17:57+00:00,1_missing_tokens,Missing value stored as text,2814,B01718,Deviation_Count,-,<missing>,Converted to null,Placeholder text is not a real value; standardised to null
2026-09-26T05:17:57+00:00,1_missing_tokens,Missing value stored as text,2956,B00400,Deviation_Count,-,<missing>,Converted to null,Placeholder text is not a real value; standardised to null
2026-09-26T05:17:57+00:00,1_missing_tokens,Missing value stored as text,2964,B02673,Deviation_Count,N/A,<missing>,Converted to null,Placeholder text is not a real value; standardised to null
2026-09-26T05:17:57+00:00,1_missing_tokens,Missing value stored as text,2997,B01119,Deviation_Count,-,<missing>,Converted to null,Placeholder text is not a real value; standardised to null
2026-09-26T05:17:57+00:00,1_missing_tokens,Missing value stored as text,12,B00908,Equipment_ID,NA,<missing>,Converted to null,Placeholder text is not a real value; standardised to null
2026-09-26T05:17:57+00:00,1_missing_tokens,Missing value stored as text,39,B02492,Equipment_ID,NA,<missing>,Converted to null,Placeholder text is not a real value; standardised to null
2026-09-26T05:17:57+00:00,1_missing_tokens,Missing value stored as text,79,B00331,Equipment_ID,null,<missing>,Converted to null,Placeholder text is not a real value; standardised to null
2026-09-26T05:17:57+00:00,1_missing_tokens,Missing value stored as text,93,B01318,Equipment_ID,NA,<missing>,Converted to null,Placeholder text is not a real value; standardised to null
2026-09-26T05:17:57+00:00,1_missing_tokens,Missing value stored as text,142,B02403,Equipment_ID,-,<missing>,Converted to null,Placeholder text is not a real value; standardised to null
2026-09-26T05:17:57+00:00,1_missing_tokens,Missing value stored as text,248,B00128,Equipment_ID,-,<missing>,Converted to null,Placeholder text is not a real value; standardised to null
2026-09-26T05:17:57+00:00,1_missing_tokens,Missing value stored as text,264,B01070,Equipment_ID,null,<missing>,Converted to null,Placeholder text is not a real value; standardised to null
2026-09-26T05:17:57+00:00,1_missing_tokens,Missing value stored as text,318,B00709,Equipment_ID,NA,<missing>,Converted to null,Placeholder text is not a real value; standardised to null
2026-09-26T05:17:57+00:00,1_missing_tokens,Missing value stored as text,333,B02180,Equipment_ID,NA,<missing>,Converted to null,Placeholder text is not a real value; standardised to null
2026-09-26T05:17:57+00:00,1_missing_tokens,Missing value stored as text,400,B00460,Equipment_ID,-,<missing>,Converted to null,Placeholder text is not a real value; standardised to null
2026-09-26T05:17:57+00:00,1_missing_tokens,Missing value stored as text,491,B02615,Equipment_ID,null,<missing>,Converted to null,Placeholder text is not a real value; standardised to null
2026-09-26T05:17:57+00:00,1_missing_tokens,Missing value stored as text,505,B00953,Equipment_ID,NA,<missing>,Converted to null,Placeholder text is not a real value; standardised to null
2026-09-26T05:17:57+00:00,1_missing_tokens,Missing value stored as text,634,B01068,Equipment_ID,N/A,<missing>,Converted to null,Placeholder text is not a real value; standardised to null
2026-09-26T05:17:57+00:00,1_missing_tokens,Missing value stored as text,641,B02211,Equipment_ID,NA,<missing>,Converted to null,Placeholder text is not a real value; standardised to null
2026-09-26T05:17:57+00:00,1_missing_tokens,Missing value stored as text,672,B01557,Equipment_ID,NA,<missing>,Converted to null,Placeholder text is not a real value; standardised to null
2026-09-26T05:17:57+00:00,1_missing_tokens,Missing value stored as text,722,B01019,Equipment_ID,N/A,<missing>,Converted to null,Placeholder text is not a real value; standardised to null
2026-09-26T05:17:57+00:00,1_missing_tokens,Missing value stored as text,800,B00160,Equipment_ID,-,<missing>,Converted to null,Placeholder text is not a real value; standardised to null
2026-09-26T05:17:57+00:00,1_missing_tokens,Missing value stored as text,1068,B01901,Equipment_ID,-,<missing>,Converted to null,Placeholder text is not a real value; standardised to null
2026-09-26T05:17:57+00:00,1_missing_tokens,Missing value stored as text,1150,B01533,Equipment_ID,N/A,<missing>,Converted to null,Placeholder text is not a real value; standardised to null
2026-09-26T05:17:57+00:00,1_missing_tokens,Missing value stored as text,1160,B01385,Equipment_ID,NA,<missing>,Converted to null,Placeholder text is not a real value; standardised to null
2026-09-26T05:17:57+00:00,1_missing_tokens,Missing value stored as text,1176,B01068,Equipment_ID,N/A,<missing>,Converted to null,Placeholder text is not a real value; standardised to null
2026-09-26T05:17:57+00:00,1_missing_tokens,Missing value stored as text,1254,B00129,Equipment_ID,-,<missing>,Converted to null,Placeholder text is not a real value; standardised to null
2026-09-26T05:17:57+00:00,1_missing_tokens,Missing value stored as text,1279,B02094,Equipment_ID,null,<missing>,Converted to null,Placeholder text is not a real value; standardised to null
2026-09-26T05:17:57+00:00,1_missing_tokens,Missing value stored as text,1344,B00853,Equipment_ID,-,<missing>,Converted to null,Placeholder text is not a real value; standardised to null
2026-09-26T05:17:57+00:00,1_missing_tokens,Missing value stored as text,1374,B02666,Equipment_ID,N/A,<missing>,Converted to null,Placeholder text is not a real value; standardised to null
2026-09-26T05:17:57+00:00,1_missing_tokens,Missing value stored as text,1455,B01392,Equipment_ID,NA,<missing>,Converted to null,Placeholder text is not a real value; standardised to null
2026-09-26T05:17:57+00:00,1_missing_tokens,Missing value stored as text,1460,B01137,Equipment_ID,null,<missing>,Converted to null,Placeholder text is not a real value; standardised to null
2026-09-26T05:17:57+00:00,1_missing_tokens,Missing value stored as text,1486,B00637,Equipment_ID,-,<missing>,Converted to null,Placeholder text is not a real value; standardised to null
2026-09-26T05:17:57+00:00,1_missing_tokens,Missing value stored as text,1561,B00948,Equipment_ID,NA,<missing>,Converted to null,Placeholder text is not a real value; standardised to null
2026-09-26T05:17:57+00:00,1_missing_tokens,Missing value stored as text,1569,B00700,Equipment_ID,-,<missing>,Converted to null,Placeholder text is not a real value; standardised to null
2026-09-26T05:17:57+00:00,1_missing_tokens,Missing value stored as text,1597,B01923,Equipment_ID,-,<missing>,Converted to null,Placeholder text is not a real value; standardised to null
2026-09-26T05:17:57+00:00,1_missing_tokens,Missing value stored as text,1618,B00798,Equipment_ID,-,<missing>,Converted to null,Placeholder text is not a real value; standardised to null
2026-09-26T05:17:57+00:00,1_missing_tokens,Missing value stored as text,1638,B02232,Equipment_ID,null,<missing>,Converted to null,Placeholder text is not a real value; standardised to null
2026-09-26T05:17:57+00:00,1_missing_tokens,Missing value stored as text,1683,B01568,Equipment_ID,null,<missing>,Converted to null,Placeholder text is not a real value; standardised to null
2026-09-26T05:17:57+00:00,1_missing_tokens,Missing value stored as text,1770,B01749,Equipment_ID,-,<missing>,Converted to null,Placeholder text is not a real value; standardised to null
2026-09-26T05:17:57+00:00,1_missing_tokens,Missing value stored as text,1855,B02127,Equipment_ID,-,<missing>,Converted to null,Placeholder text is not a real value; standardised to null
2026-09-26T05:17:57+00:00,1_missing_tokens,Missing value stored as text,1876,B01685,Equipment_ID,-,<missing>,Converted to null,Placeholder text is not a real value; standardised to null
2026-09-26T05:17:57+00:00,1_missing_tokens,Missing value stored as text,1901,B01411,Equipment_ID,N/A,<missing>,Converted to null,Placeholder text is not a real value; standardised to null
2026-09-26T05:17:57+00:00,1_missing_tokens,Missing value stored as text,1934,B01410,Equipment_ID,N/A,<missing>,Converted to null,Placeholder text is not a real value; standardised to null
2026-09-26T05:17:57+00:00,1_missing_tokens,Missing value stored as text,1969,B01897,Equipment_ID,null,<missing>,Converted to null,Placeholder text is not a real value; standardised to null
2026-09-26T05:17:57+00:00,1_missing_tokens,Missing value stored as text,2102,B01959,Equipment_ID,null,<missing>,Converted to null,Placeholder text is not a real value; standardised to null
2026-09-26T05:17:57+00:00,1_missing_tokens,Missing value stored as text,2193,B01503,Equipment_ID,N/A,<missing>,Converted to null,Placeholder text is not a real value; standardised to null
2026-09-26T05:17:57+00:00,1_missing_tokens,Missing value stored as text,2238,B02309,Equipment_ID,N/A,<missing>,Converted to null,Placeholder text is not a real value; standardised to null
2026-09-26T05:17:57+00:00,1_missing_tokens,Missing value stored as text,2248,B01954,Equipment_ID,N/A,<missing>,Converted to null,Placeholder text is not a real value; standardised to null
2026-09-26T05:17:57+00:00,1_missing_tokens,Missing value stored as text,2300,B02633,Equipment_ID,N/A,<missing>,Converted to null,Placeholder text is not a real value; standardised to null
2026-09-26T05:17:57+00:00,1_missing_tokens,Missing value stored as text,2334,B00126,Equipment_ID,null,<missing>,Converted to null,Placeholder text is not a real value; standardised to null
2026-09-26T05:17:57+00:00,1_missing_tokens,Missing value stored as text,2419,B02445,Equipment_ID,-,<missing>,Converted to null,Placeholder text is not a real value; standardised to null
2026-09-26T05:17:57+00:00,1_missing_tokens,Missing value stored as text,2426,B02770,Equipment_ID,N/A,<missing>,Converted to null,Placeholder text is not a real value; standardised to null
2026-09-26T05:17:57+00:00,1_missing_tokens,Missing value stored as text,2494,B02098,Equipment_ID,N/A,<missing>,Converted to null,Placeholder text is not a real value; standardised to null
2026-09-26T05:17:57+00:00,1_missing_tokens,Missing value stored as text,2543,B01911,Equipment_ID,NA,<missing>,Converted to null,Placeholder text is not a real value; standardised to null
2026-09-26T05:17:57+00:00,1_missing_tokens,Missing value stored as text,2550,B00574,Equipment_ID,N/A,<missing>,Converted to null,Placeholder text is not a real value; standardised to null
2026-09-26T05:17:57+00:00,1_missing_tokens,Missing value stored as text,2628,B01144,Equipment_ID,N/A,<missing>,Converted to null,Placeholder text is not a real value; standardised to null
2026-09-26T05:17:57+00:00,1_missing_tokens,Missing value stored as text,2652,B01986,Equipment_ID,NA,<missing>,Converted to null,Placeholder text is not a real value; standardised to null
2026-09-26T05:17:57+00:00,1_missing_tokens,Missing value stored as text,2687,B01482,Equipment_ID,N/A,<missing>,Converted to null,Placeholder text is not a real value; standardised to null
2026-09-26T05:17:57+00:00,1_missing_tokens,Missing value stored as text,2715,B01024,Equipment_ID,null,<missing>,Converted to null,Placeholder text is not a real value; standardised to null
2026-09-26T05:17:57+00:00,1_missing_tokens,Missing value stored as text,2733,B02739,Equipment_ID,-,<missing>,Converted to null,Placeholder text is not a real value; standardised to null
2026-09-26T05:17:57+00:00,1_missing_tokens,Missing value stored as text,2743,B01901,Equipment_ID,-,<missing>,Converted to null,Placeholder text is not a real value; standardised to null
2026-09-26T05:17:57+00:00,1_missing_tokens,Missing value stored as text,2754,B01018,Equipment_ID,NA,<missing>,Converted to null,Placeholder text is not a real value; standardised to null
2026-09-26T05:17:57+00:00,1_missing_tokens,Missing value stored as text,2780,B02886,Equipment_ID,-,<missing>,Converted to null,Placeholder text is not a real value; standardised to null
2026-09-26T05:17:57+00:00,1_missing_tokens,Missing value stored as text,2783,B02263,Equipment_ID,null,<missing>,Converted to null,Placeholder text is not a real value; standardised to null
2026-09-26T05:17:57+00:00,1_missing_tokens,Missing value stored as text,2870,B01052,Equipment_ID,NA,<missing>,Converted to null,Placeholder text is not a real value; standardised to null
2026-09-26T05:17:57+00:00,1_missing_tokens,Missing value stored as text,2987,B02633,Equipment_ID,N/A,<missing>,Converted to null,Placeholder text is not a real value; standardised to null
2026-09-26T05:17:57+00:00,1_missing_tokens,Missing value stored as text,6,B02262,Operator_Shift,N/A,<missing>,Converted to null,Placeholder text is not a real value; standardised to null
2026-09-26T05:17:57+00:00,1_missing_tokens,Missing value stored as text,7,B01117,Operator_Shift,N/A,<missing>,Converted to null,Placeholder text is not a real value; standardised to null
2026-09-26T05:17:57+00:00,1_missing_tokens,Missing value stored as text,55,B00293,Operator_Shift,N/A,<missing>,Converted to null,Placeholder text is not a real value; standardised to null
2026-09-26T05:17:57+00:00,1_missing_tokens,Missing value stored as text,494,B00567,Operator_Shift,null,<missing>,Converted to null,Placeholder text is not a real value; standardised to null
2026-09-26T05:17:57+00:00,1_missing_tokens,Missing value stored as text,603,B02682,Operator_Shift,NA,<missing>,Converted to null,Placeholder text is not a real value; standardised to null
2026-09-26T05:17:57+00:00,1_missing_tokens,Missing value stored as text,678,B01194,Operator_Shift,-,<missing>,Converted to null,Placeholder text is not a real value; standardised to null
2026-09-26T05:17:57+00:00,1_missing_tokens,Missing value stored as text,685,B00086,Operator_Shift,-,<missing>,Converted to null,Placeholder text is not a real value; standardised to null
2026-09-26T05:17:57+00:00,1_missing_tokens,Missing value stored as text,880,B00934,Operator_Shift,-,<missing>,Converted to null,Placeholder text is not a real value; standardised to null
2026-09-26T05:17:57+00:00,1_missing_tokens,Missing value stored as text,917,B01195,Operator_Shift,-,<missing>,Converted to null,Placeholder text is not a real value; standardised to null
2026-09-26T05:17:57+00:00,1_missing_tokens,Missing value stored as text,985,B02480,Operator_Shift,null,<missing>,Converted to null,Placeholder text is not a real value; standardised to null
2026-09-26T05:17:57+00:00,1_missing_tokens,Missing value stored as text,1028,B00284,Operator_Shift,NA,<missing>,Converted to null,Placeholder text is not a real value; standardised to null
2026-09-26T05:17:57+00:00,1_missing_tokens,Missing value stored as text,1245,B01645,Operator_Shift,-,<missing>,Converted to null,Placeholder text is not a real value; standardised to null
2026-09-26T05:17:57+00:00,1_missing_tokens,Missing value stored as text,1376,B01210,Operator_Shift,N/A,<missing>,Converted to null,Placeholder text is not a real value; standardised to null
2026-09-26T05:17:57+00:00,1_missing_tokens,Missing value stored as text,1418,B02644,Operator_Shift,N/A,<missing>,Converted to null,Placeholder text is not a real value; standardised to null
2026-09-26T05:17:57+00:00,1_missing_tokens,Missing value stored as text,1419,B01431,Operator_Shift,null,<missing>,Converted to null,Placeholder text is not a real value; standardised to null
2026-09-26T05:17:57+00:00,1_missing_tokens,Missing value stored as text,1448,B02538,Operator_Shift,null,<missing>,Converted to null,Placeholder text is not a real value; standardised to null
2026-09-26T05:17:57+00:00,1_missing_tokens,Missing value stored as text,1454,B02650,Operator_Shift,null,<missing>,Converted to null,Placeholder text is not a real value; standardised to null
2026-09-26T05:17:57+00:00,1_missing_tokens,Missing value stored as text,1488,B00073,Operator_Shift,null,<missing>,Converted to null,Placeholder text is not a real value; standardised to null
2026-09-26T05:17:57+00:00,1_missing_tokens,Missing value stored as text,1550,B01298,Operator_Shift,NA,<missing>,Converted to null,Placeholder text is not a real value; standardised to null
2026-09-26T05:17:57+00:00,1_missing_tokens,Missing value stored as text,1647,B01022,Operator_Shift,-,<missing>,Converted to null,Placeholder text is not a real value; standardised to null
2026-09-26T05:17:57+00:00,1_missing_tokens,Missing value stored as text,1717,B00757,Operator_Shift,null,<missing>,Converted to null,Placeholder text is not a real value; standardised to null
2026-09-26T05:17:57+00:00,1_missing_tokens,Missing value stored as text,1894,B02760,Operator_Shift,NA,<missing>,Converted to null,Placeholder text is not a real value; standardised to null
2026-09-26T05:17:57+00:00,1_missing_tokens,Missing value stored as text,1896,B00779,Operator_Shift,-,<missing>,Converted to null,Placeholder text is not a real value; standardised to null
2026-09-26T05:17:57+00:00,1_missing_tokens,Missing value stored as text,1920,B00580,Operator_Shift,null,<missing>,Converted to null,Placeholder text is not a real value; standardised to null
2026-09-26T05:17:57+00:00,1_missing_tokens,Missing value stored as text,1971,B00240,Operator_Shift,-,<missing>,Converted to null,Placeholder text is not a real value; standardised to null
2026-09-26T05:17:57+00:00,1_missing_tokens,Missing value stored as text,1986,B00555,Operator_Shift,NA,<missing>,Converted to null,Placeholder text is not a real value; standardised to null
2026-09-26T05:17:57+00:00,1_missing_tokens,Missing value stored as text,2145,B01989,Operator_Shift,N/A,<missing>,Converted to null,Placeholder text is not a real value; standardised to null
2026-09-26T05:17:57+00:00,1_missing_tokens,Missing value stored as text,2216,B02425,Operator_Shift,NA,<missing>,Converted to null,Placeholder text is not a real value; standardised to null
2026-09-26T05:17:57+00:00,1_missing_tokens,Missing value stored as text,2249,B01495,Operator_Shift,N/A,<missing>,Converted to null,Placeholder text is not a real value; standardised to null
2026-09-26T05:17:57+00:00,1_missing_tokens,Missing value stored as text,2330,B02029,Operator_Shift,-,<missing>,Converted to null,Placeholder text is not a real value; standardised to null
2026-09-26T05:17:57+00:00,1_missing_tokens,Missing value stored as text,2580,B00580,Operator_Shift,null,<missing>,Converted to null,Placeholder text is not a real value; standardised to null
2026-09-26T05:17:57+00:00,1_missing_tokens,Missing value stored as text,2608,B00272,Operator_Shift,N/A,<missing>,Converted to null,Placeholder text is not a real value; standardised to null
2026-09-26T05:17:57+00:00,1_missing_tokens,Missing value stored as text,2797,B00127,Operator_Shift,N/A,<missing>,Converted to null,Placeholder text is not a real value; standardised to null
2026-09-26T05:17:57+00:00,1_missing_tokens,Missing value stored as text,2837,B00602,Operator_Shift,NA,<missing>,Converted to null,Placeholder text is not a real value; standardised to null
2026-09-26T05:17:57+00:00,1_missing_tokens,Missing value stored as text,2851,B02395,Operator_Shift,NA,<missing>,Converted to null,Placeholder text is not a real value; standardised to null
2026-09-26T05:17:57+00:00,1_missing_tokens,Missing value stored as text,2870,B01052,Operator_Shift,NA,<missing>,Converted to null,Placeholder text is not a real value; standardised to null
2026-09-26T05:17:57+00:00,1_missing_tokens,Missing value stored as text,2930,B01864,Operator_Shift,NA,<missing>,Converted to null,Placeholder text is not a real value; standardised to null
2026-09-26T05:17:57+00:00,1_missing_tokens,Missing value stored as text,2934,B00799,Operator_Shift,N/A,<missing>,Converted to null,Placeholder text is not a real value; standardised to null
2026-09-26T05:17:57+00:00,1_missing_tokens,Missing value stored as text,291,B00968,Cycle_Time_Hrs,NA,<missing>,Converted to null,Placeholder text is not a real value; standardised to null
2026-09-26T05:17:57+00:00,1_missing_tokens,Missing value stored as text,395,B00989,Cycle_Time_Hrs,N/A,<missing>,Converted to null,Placeholder text is not a real value; standardised to null
2026-09-26T05:17:57+00:00,1_missing_tokens,Missing value stored as text,415,B02685,Cycle_Time_Hrs,NA,<missing>,Converted to null,Placeholder text is not a real value; standardised to null
2026-09-26T05:17:57+00:00,1_missing_tokens,Missing value stored as text,462,B02539,Cycle_Time_Hrs,NA,<missing>,Converted to null,Placeholder text is not a real value; standardised to null
2026-09-26T05:17:57+00:00,1_missing_tokens,Missing value stored as text,556,B00833,Cycle_Time_Hrs,N/A,<missing>,Converted to null,Placeholder text is not a real value; standardised to null
2026-09-26T05:17:57+00:00,1_missing_tokens,Missing value stored as text,583,B02427,Cycle_Time_Hrs,N/A,<missing>,Converted to null,Placeholder text is not a real value; standardised to null
2026-09-26T05:17:57+00:00,1_missing_tokens,Missing value stored as text,625,B02771,Cycle_Time_Hrs,null,<missing>,Converted to null,Placeholder text is not a real value; standardised to null
2026-09-26T05:17:57+00:00,1_missing_tokens,Missing value stored as text,788,B00021,Cycle_Time_Hrs,null,<missing>,Converted to null,Placeholder text is not a real value; standardised to null
2026-09-26T05:17:57+00:00,1_missing_tokens,Missing value stored as text,888,B01880,Cycle_Time_Hrs,NA,<missing>,Converted to null,Placeholder text is not a real value; standardised to null
2026-09-26T05:17:57+00:00,1_missing_tokens,Missing value stored as text,925,B00115,Cycle_Time_Hrs,NA,<missing>,Converted to null,Placeholder text is not a real value; standardised to null
2026-09-26T05:17:57+00:00,1_missing_tokens,Missing value stored as text,927,B00356,Cycle_Time_Hrs,null,<missing>,Converted to null,Placeholder text is not a real value; standardised to null
2026-09-26T05:17:57+00:00,1_missing_tokens,Missing value stored as text,977,B00958,Cycle_Time_Hrs,null,<missing>,Converted to null,Placeholder text is not a real value; standardised to null
2026-09-26T05:17:57+00:00,1_missing_tokens,Missing value stored as text,1050,B01623,Cycle_Time_Hrs,NA,<missing>,Converted to null,Placeholder text is not a real value; standardised to null
2026-09-26T05:17:57+00:00,1_missing_tokens,Missing value stored as text,1102,B00512,Cycle_Time_Hrs,null,<missing>,Converted to null,Placeholder text is not a real value; standardised to null
2026-09-26T05:17:57+00:00,1_missing_tokens,Missing value stored as text,1140,B01658,Cycle_Time_Hrs,-,<missing>,Converted to null,Placeholder text is not a real value; standardised to null
2026-09-26T05:17:57+00:00,1_missing_tokens,Missing value stored as text,1229,B00756,Cycle_Time_Hrs,N/A,<missing>,Converted to null,Placeholder text is not a real value; standardised to null
2026-09-26T05:17:57+00:00,1_missing_tokens,Missing value stored as text,1457,B02144,Cycle_Time_Hrs,NA,<missing>,Converted to null,Placeholder text is not a real value; standardised to null
2026-09-26T05:17:57+00:00,1_missing_tokens,Missing value stored as text,1628,B01526,Cycle_Time_Hrs,NA,<missing>,Converted to null,Placeholder text is not a real value; standardised to null
2026-09-26T05:17:57+00:00,1_missing_tokens,Missing value stored as text,1699,B00446,Cycle_Time_Hrs,N/A,<missing>,Converted to null,Placeholder text is not a real value; standardised to null
2026-09-26T05:17:57+00:00,1_missing_tokens,Missing value stored as text,1768,B00489,Cycle_Time_Hrs,-,<missing>,Converted to null,Placeholder text is not a real value; standardised to null
2026-09-26T05:17:57+00:00,1_missing_tokens,Missing value stored as text,1795,B01401,Cycle_Time_Hrs,N/A,<missing>,Converted to null,Placeholder text is not a real value; standardised to null
2026-09-26T05:17:57+00:00,1_missing_tokens,Missing value stored as text,1886,B00043,Cycle_Time_Hrs,-,<missing>,Converted to null,Placeholder text is not a real value; standardised to null
2026-09-26T05:17:57+00:00,1_missing_tokens,Missing value stored as text,1933,B00737,Cycle_Time_Hrs,NA,<missing>,Converted to null,Placeholder text is not a real value; standardised to null
2026-09-26T05:17:57+00:00,1_missing_tokens,Missing value stored as text,1983,B01878,Cycle_Time_Hrs,N/A,<missing>,Converted to null,Placeholder text is not a real value; standardised to null
2026-09-26T05:17:57+00:00,1_missing_tokens,Missing value stored as text,2008,B02416,Cycle_Time_Hrs,-,<missing>,Converted to null,Placeholder text is not a real value; standardised to null
2026-09-26T05:17:57+00:00,1_missing_tokens,Missing value stored as text,2060,B02373,Cycle_Time_Hrs,-,<missing>,Converted to null,Placeholder text is not a real value; standardised to null
2026-09-26T05:17:57+00:00,1_missing_tokens,Missing value stored as text,2081,B01886,Cycle_Time_Hrs,NA,<missing>,Converted to null,Placeholder text is not a real value; standardised to null
2026-09-26T05:17:57+00:00,1_missing_tokens,Missing value stored as text,2090,B02479,Cycle_Time_Hrs,null,<missing>,Converted to null,Placeholder text is not a real value; standardised to null
2026-09-26T05:17:57+00:00,1_missing_tokens,Missing value stored as text,2327,B02689,Cycle_Time_Hrs,null,<missing>,Converted to null,Placeholder text is not a real value; standardised to null
2026-09-26T05:17:57+00:00,1_missing_tokens,Missing value stored as text,2338,B02714,Cycle_Time_Hrs,-,<missing>,Converted to null,Placeholder text is not a real value; standardised to null
2026-09-26T05:17:57+00:00,1_missing_tokens,Missing value stored as text,2351,B01622,Cycle_Time_Hrs,null,<missing>,Converted to null,Placeholder text is not a real value; standardised to null
2026-09-26T05:17:57+00:00,1_missing_tokens,Missing value stored as text,2455,B00367,Cycle_Time_Hrs,null,<missing>,Converted to null,Placeholder text is not a real value; standardised to null
2026-09-26T05:17:57+00:00,1_missing_tokens,Missing value stored as text,2540,B02300,Cycle_Time_Hrs,NA,<missing>,Converted to null,Placeholder text is not a real value; standardised to null
2026-09-26T05:17:57+00:00,1_missing_tokens,Missing value stored as text,2571,B00666,Cycle_Time_Hrs,-,<missing>,Converted to null,Placeholder text is not a real value; standardised to null
2026-09-26T05:17:57+00:00,1_missing_tokens,Missing value stored as text,2576,B02877,Cycle_Time_Hrs,-,<missing>,Converted to null,Placeholder text is not a real value; standardised to null
2026-09-26T05:17:57+00:00,1_missing_tokens,Missing value stored as text,2732,B01271,Cycle_Time_Hrs,-,<missing>,Converted to null,Placeholder text is not a real value; standardised to null
2026-09-26T05:17:57+00:00,1_missing_tokens,Missing value stored as text,2755,B01355,Cycle_Time_Hrs,null,<missing>,Converted to null,Placeholder text is not a real value; standardised to null
2026-09-26T05:17:57+00:00,1_missing_tokens,Missing value stored as text,2874,B00786,Cycle_Time_Hrs,null,<missing>,Converted to null,Placeholder text is not a real value; standardised to null
2026-09-26T05:17:57+00:00,1_missing_tokens,Missing value stored as text,2901,B00882,Cycle_Time_Hrs,NA,<missing>,Converted to null,Placeholder text is not a real value; standardised to null
2026-09-26T05:17:57+00:00,1_missing_tokens,Missing value stored as text,2906,B00526,Cycle_Time_Hrs,null,<missing>,Converted to null,Placeholder text is not a real value; standardised to null
2026-09-26T05:17:57+00:00,1_missing_tokens,Missing value stored as text,2931,B00494,Cycle_Time_Hrs,N/A,<missing>,Converted to null,Placeholder text is not a real value; standardised to null
2026-09-26T05:17:57+00:00,1_missing_tokens,Missing value stored as text,2938,B00526,Cycle_Time_Hrs,null,<missing>,Converted to null,Placeholder text is not a real value; standardised to null
2026-09-26T05:17:57+00:00,1_missing_tokens,Missing value stored as text,2965,B02574,Cycle_Time_Hrs,NA,<missing>,Converted to null,Placeholder text is not a real value; standardised to null
2026-09-26T05:17:57+00:00,1_missing_tokens,Missing value stored as text,2992,B02352,Cycle_Time_Hrs,-,<missing>,Converted to null,Placeholder text is not a real value; standardised to null
2026-09-26T05:17:57+00:00,1_missing_tokens,Missing value stored as text,44,B00523,Quality_Status,N/A,<missing>,Converted to null,Placeholder text is not a real value; standardised to null
2026-09-26T05:17:57+00:00,1_missing_tokens,Missing value stored as text,708,B01129,Quality_Status,NA,<missing>,Converted to null,Placeholder text is not a real value; standardised to null
2026-09-26T05:17:57+00:00,1_missing_tokens,Missing value stored as text,714,B02282,Quality_Status,null,<missing>,Converted to null,Placeholder text is not a real value; standardised to null
2026-09-26T05:17:57+00:00,1_missing_tokens,Missing value stored as text,844,B02122,Quality_Status,-,<missing>,Converted to null,Placeholder text is not a real value; standardised to null
2026-09-26T05:17:57+00:00,1_missing_tokens,Missing value stored as text,1123,B02123,Quality_Status,null,<missing>,Converted to null,Placeholder text is not a real value; standardised to null
2026-09-26T05:17:57+00:00,1_missing_tokens,Missing value stored as text,1793,B02891,Quality_Status,N/A,<missing>,Converted to null,Placeholder text is not a real value; standardised to null
2026-09-26T05:17:57+00:00,1_missing_tokens,Missing value stored as text,1864,B02358,Quality_Status,null,<missing>,Converted to null,Placeholder text is not a real value; standardised to null
2026-09-26T05:17:57+00:00,1_missing_tokens,Missing value stored as text,1960,B02892,Quality_Status,N/A,<missing>,Converted to null,Placeholder text is not a real value; standardised to null
2026-09-26T05:17:57+00:00,1_missing_tokens,Missing value stored as text,2549,B02086,Quality_Status,N/A,<missing>,Converted to null,Placeholder text is not a real value; standardised to null
2026-09-26T05:17:57+00:00,1_missing_tokens,Missing value stored as text,2558,B00495,Quality_Status,-,<missing>,Converted to null,Placeholder text is not a real value; standardised to null
2026-09-26T05:17:57+00:00,1_missing_tokens,Missing value stored as text,2924,B02410,Quality_Status,N/A,<missing>,Converted to null,Placeholder text is not a real value; standardised to null
2026-09-26T05:17:57+00:00,2_data_types,Number stored as text,74,B02463,Batch_Size_Kg,478.9kg,478.9,Converted to number,"Units, separators, number words or decimal-point counts normalised"
2026-09-26T05:17:57+00:00,2_data_types,Number stored as text,160,B01853,Batch_Size_Kg,451.7 kg,451.7,Converted to number,"Units, separators, number words or decimal-point counts normalised"
2026-09-26T05:17:57+00:00,2_data_types,Number stored as text,237,B00857,Batch_Size_Kg,465.2kg,465.2,Converted to number,"Units, separators, number words or decimal-point counts normalised"
2026-09-26T05:17:57+00:00,2_data_types,Number stored as text,285,B00963,Batch_Size_Kg,65.7 kg,65.7,Converted to number,"Units, separators, number words or decimal-point counts normalised"
2026-09-26T05:17:57+00:00,2_data_types,Number stored as text,299,B00062,Batch_Size_Kg,171.3kg,171.3,Converted to number,"Units, separators, number words or decimal-point counts normalised"
2026-09-26T05:17:57+00:00,2_data_types,Number stored as text,358,B00338,Batch_Size_Kg,311.5 kg,311.5,Converted to number,"Units, separators, number words or decimal-point counts normalised"
2026-09-26T05:17:57+00:00,2_data_types,Number stored as text,551,B01334,Batch_Size_Kg,49.7kg,49.7,Converted to number,"Units, separators, number words or decimal-point counts normalised"
2026-09-26T05:17:57+00:00,2_data_types,Number stored as text,647,B00809,Batch_Size_Kg,324.9kg,324.9,Converted to number,"Units, separators, number words or decimal-point counts normalised"
2026-09-26T05:17:57+00:00,2_data_types,Number stored as text,662,B01727,Batch_Size_Kg,91.0 kg,91,Converted to number,"Units, separators, number words or decimal-point counts normalised"
2026-09-26T05:17:57+00:00,2_data_types,Number stored as text,862,B00747,Batch_Size_Kg,203.8kg,203.8,Converted to number,"Units, separators, number words or decimal-point counts normalised"
2026-09-26T05:17:57+00:00,2_data_types,Number stored as text,1083,B02387,Batch_Size_Kg,78.0 kg,78,Converted to number,"Units, separators, number words or decimal-point counts normalised"
2026-09-26T05:17:57+00:00,2_data_types,Number stored as text,1098,B01631,Batch_Size_Kg,225.9kg,225.9,Converted to number,"Units, separators, number words or decimal-point counts normalised"
2026-09-26T05:17:57+00:00,2_data_types,Number stored as text,1290,B00972,Batch_Size_Kg,380.8kg,380.8,Converted to number,"Units, separators, number words or decimal-point counts normalised"
2026-09-26T05:17:57+00:00,2_data_types,Number stored as text,1302,B01891,Batch_Size_Kg,248.6kg,248.6,Converted to number,"Units, separators, number words or decimal-point counts normalised"
2026-09-26T05:17:57+00:00,2_data_types,Number stored as text,1353,B00352,Batch_Size_Kg,377.7kg,377.7,Converted to number,"Units, separators, number words or decimal-point counts normalised"
2026-09-26T05:17:57+00:00,2_data_types,Number stored as text,1393,B01349,Batch_Size_Kg,163.1kg,163.1,Converted to number,"Units, separators, number words or decimal-point counts normalised"
2026-09-26T05:17:57+00:00,2_data_types,Number stored as text,1471,B02910,Batch_Size_Kg,356.5kg,356.5,Converted to number,"Units, separators, number words or decimal-point counts normalised"
2026-09-26T05:17:57+00:00,2_data_types,Number stored as text,1537,B02062,Batch_Size_Kg,225.3 kg,225.3,Converted to number,"Units, separators, number words or decimal-point counts normalised"
2026-09-26T05:17:57+00:00,2_data_types,Number stored as text,1552,B00634,Batch_Size_Kg,301.5kg,301.5,Converted to number,"Units, separators, number words or decimal-point counts normalised"
2026-09-26T05:17:57+00:00,2_data_types,Number stored as text,1606,B02573,Batch_Size_Kg,177.5kg,177.5,Converted to number,"Units, separators, number words or decimal-point counts normalised"
2026-09-26T05:17:57+00:00,2_data_types,Number stored as text,1728,B01418,Batch_Size_Kg,370.1kg,370.1,Converted to number,"Units, separators, number words or decimal-point counts normalised"
2026-09-26T05:17:57+00:00,2_data_types,Number stored as text,1807,B00451,Batch_Size_Kg,87.4 kg,87.4,Converted to number,"Units, separators, number words or decimal-point counts normalised"
2026-09-26T05:17:57+00:00,2_data_types,Number stored as text,1852,B02545,Batch_Size_Kg,49.5kg,49.5,Converted to number,"Units, separators, number words or decimal-point counts normalised"
2026-09-26T05:17:57+00:00,2_data_types,Number stored as text,1915,B02446,Batch_Size_Kg,60.2kg,60.2,Converted to number,"Units, separators, number words or decimal-point counts normalised"
2026-09-26T05:17:57+00:00,2_data_types,Number stored as text,1945,B00351,Batch_Size_Kg,197.3kg,197.3,Converted to number,"Units, separators, number words or decimal-point counts normalised"
2026-09-26T05:17:57+00:00,2_data_types,Number stored as text,1951,B00391,Batch_Size_Kg,156.6kg,156.6,Converted to number,"Units, separators, number words or decimal-point counts normalised"
2026-09-26T05:17:57+00:00,2_data_types,Number stored as text,1960,B02892,Batch_Size_Kg,187.6kg,187.6,Converted to number,"Units, separators, number words or decimal-point counts normalised"
2026-09-26T05:17:57+00:00,2_data_types,Number stored as text,1994,B01599,Batch_Size_Kg,56.9kg,56.9,Converted to number,"Units, separators, number words or decimal-point counts normalised"
2026-09-26T05:17:57+00:00,2_data_types,Number stored as text,2075,B01233,Batch_Size_Kg,77.2kg,77.2,Converted to number,"Units, separators, number words or decimal-point counts normalised"
2026-09-26T05:17:57+00:00,2_data_types,Number stored as text,2081,B01886,Batch_Size_Kg,237.8kg,237.8,Converted to number,"Units, separators, number words or decimal-point counts normalised"
2026-09-26T05:17:57+00:00,2_data_types,Number stored as text,2088,B01017,Batch_Size_Kg,319.8kg,319.8,Converted to number,"Units, separators, number words or decimal-point counts normalised"
2026-09-26T05:17:57+00:00,2_data_types,Number stored as text,2115,B01173,Batch_Size_Kg,325.5kg,325.5,Converted to number,"Units, separators, number words or decimal-point counts normalised"
2026-09-26T05:17:57+00:00,2_data_types,Number stored as text,2251,B00011,Batch_Size_Kg,160.7 kg,160.7,Converted to number,"Units, separators, number words or decimal-point counts normalised"
2026-09-26T05:17:57+00:00,2_data_types,Number stored as text,2286,B02327,Batch_Size_Kg,265.9kg,265.9,Converted to number,"Units, separators, number words or decimal-point counts normalised"
2026-09-26T05:17:57+00:00,2_data_types,Number stored as text,2337,B00991,Batch_Size_Kg,327.6kg,327.6,Converted to number,"Units, separators, number words or decimal-point counts normalised"
2026-09-26T05:17:57+00:00,2_data_types,Number stored as text,2463,B02062,Batch_Size_Kg,225.3 kg,225.3,Converted to number,"Units, separators, number words or decimal-point counts normalised"
2026-09-26T05:17:57+00:00,2_data_types,Number stored as text,2483,B00281,Batch_Size_Kg,489.7kg,489.7,Converted to number,"Units, separators, number words or decimal-point counts normalised"
2026-09-26T05:17:57+00:00,2_data_types,Number stored as text,2540,B02300,Batch_Size_Kg,70.5kg,70.5,Converted to number,"Units, separators, number words or decimal-point counts normalised"
2026-09-26T05:17:57+00:00,2_data_types,Number stored as text,2547,B02799,Batch_Size_Kg,166.3kg,166.3,Converted to number,"Units, separators, number words or decimal-point counts normalised"
2026-09-26T05:17:57+00:00,2_data_types,Number stored as text,2619,B00064,Batch_Size_Kg,98.8kg,98.8,Converted to number,"Units, separators, number words or decimal-point counts normalised"
2026-09-26T05:17:57+00:00,2_data_types,Number stored as text,2650,B02297,Batch_Size_Kg,202.0 kg,202,Converted to number,"Units, separators, number words or decimal-point counts normalised"
2026-09-26T05:17:57+00:00,2_data_types,Number stored as text,2729,B00844,Batch_Size_Kg,434.9kg,434.9,Converted to number,"Units, separators, number words or decimal-point counts normalised"
2026-09-26T05:17:57+00:00,2_data_types,Number stored as text,2799,B02463,Batch_Size_Kg,478.9kg,478.9,Converted to number,"Units, separators, number words or decimal-point counts normalised"
2026-09-26T05:17:57+00:00,2_data_types,Number stored as text,2873,B02459,Batch_Size_Kg,399.7kg,399.7,Converted to number,"Units, separators, number words or decimal-point counts normalised"
2026-09-26T05:17:57+00:00,2_data_types,Number stored as text,2885,B02753,Batch_Size_Kg,169.9 kg,169.9,Converted to number,"Units, separators, number words or decimal-point counts normalised"
2026-09-26T05:17:57+00:00,2_data_types,Number stored as text,2947,B02207,Batch_Size_Kg,278.5kg,278.5,Converted to number,"Units, separators, number words or decimal-point counts normalised"
2026-09-26T05:17:57+00:00,2_data_types,Number stored as text,2984,B02400,Batch_Size_Kg,167.4 kg,167.4,Converted to number,"Units, separators, number words or decimal-point counts normalised"
2026-09-26T05:17:57+00:00,2_data_types,Number stored as text,11,B02869,Temperature,21.71C,21.71,Converted to number,"Units, separators, number words or decimal-point counts normalised"
2026-09-26T05:17:57+00:00,2_data_types,Number stored as text,54,B02643,Temperature,23.23C,23.23,Converted to number,"Units, separators, number words or decimal-point counts normalised"
2026-09-26T05:17:57+00:00,2_data_types,Number stored as text,171,B00738,Temperature,26.17C,26.17,Converted to number,"Units, separators, number words or decimal-point counts normalised"
2026-09-26T05:17:57+00:00,2_data_types,Number stored as text,221,B00498,Temperature,22.35 C,22.35,Converted to number,"Units, separators, number words or decimal-point counts normalised"
2026-09-26T05:17:57+00:00,2_data_types,Number stored as text,274,B02572,Temperature,21.35C,21.35,Converted to number,"Units, separators, number words or decimal-point counts normalised"
2026-09-26T05:17:57+00:00,2_data_types,Number stored as text,384,B01506,Temperature,25.0 C,25,Converted to number,"Units, separators, number words or decimal-point counts normalised"
2026-09-26T05:17:57+00:00,2_data_types,Number stored as text,386,B01798,Temperature,25.02C,25.02,Converted to number,"Units, separators, number words or decimal-point counts normalised"
2026-09-26T05:17:57+00:00,2_data_types,Number stored as text,493,B00083,Temperature,24.89C,24.89,Converted to number,"Units, separators, number words or decimal-point counts normalised"
2026-09-26T05:17:57+00:00,2_data_types,Number stored as text,496,B01275,Temperature,23.27 C,23.27,Converted to number,"Units, separators, number words or decimal-point counts normalised"
2026-09-26T05:17:57+00:00,2_data_types,Number stored as text,509,B01949,Temperature,22.1 C,22.1,Converted to number,"Units, separators, number words or decimal-point counts normalised"
2026-09-26T05:17:57+00:00,2_data_types,Number stored as text,513,B02088,Temperature,21.06 C,21.06,Converted to number,"Units, separators, number words or decimal-point counts normalised"
2026-09-26T05:17:57+00:00,2_data_types,Number stored as text,605,B00405,Temperature,23.45C,23.45,Converted to number,"Units, separators, number words or decimal-point counts normalised"
2026-09-26T05:17:57+00:00,2_data_types,Number stored as text,734,B01125,Temperature,21.98 C,21.98,Converted to number,"Units, separators, number words or decimal-point counts normalised"
2026-09-26T05:17:57+00:00,2_data_types,Number stored as text,748,B02236,Temperature,24.03 C,24.03,Converted to number,"Units, separators, number words or decimal-point counts normalised"
2026-09-26T05:17:57+00:00,2_data_types,Number stored as text,769,B02590,Temperature,23.57C,23.57,Converted to number,"Units, separators, number words or decimal-point counts normalised"
2026-09-26T05:17:57+00:00,2_data_types,Number stored as text,884,B01578,Temperature,23.26C,23.26,Converted to number,"Units, separators, number words or decimal-point counts normalised"
2026-09-26T05:17:57+00:00,2_data_types,Number stored as text,931,B02081,Temperature,24.7 C,24.7,Converted to number,"Units, separators, number words or decimal-point counts normalised"
2026-09-26T05:17:57+00:00,2_data_types,Number stored as text,979,B01200,Temperature,23.62C,23.62,Converted to number,"Units, separators, number words or decimal-point counts normalised"
2026-09-26T05:17:57+00:00,2_data_types,Number stored as text,1011,B01537,Temperature,21.72C,21.72,Converted to number,"Units, separators, number words or decimal-point counts normalised"
2026-09-26T05:17:57+00:00,2_data_types,Number stored as text,1013,B00185,Temperature,-40C,-40,Converted to number,"Units, separators, number words or decimal-point counts normalised"
2026-09-26T05:17:57+00:00,2_data_types,Number stored as text,1083,B02387,Temperature,22.79 C,22.79,Converted to number,"Units, separators, number words or decimal-point counts normalised"
2026-09-26T05:17:57+00:00,2_data_types,Number stored as text,1264,B01065,Temperature,22.99 C,22.99,Converted to number,"Units, separators, number words or decimal-point counts normalised"
2026-09-26T05:17:57+00:00,2_data_types,Number stored as text,1432,B01037,Temperature,21.54C,21.54,Converted to number,"Units, separators, number words or decimal-point counts normalised"
2026-09-26T05:17:57+00:00,2_data_types,Number stored as text,1564,B02181,Temperature,24.26 C,24.26,Converted to number,"Units, separators, number words or decimal-point counts normalised"
2026-09-26T05:17:57+00:00,2_data_types,Number stored as text,1634,B02252,Temperature,23.95C,23.95,Converted to number,"Units, separators, number words or decimal-point counts normalised"
2026-09-26T05:17:57+00:00,2_data_types,Number stored as text,1649,B02324,Temperature,20.21 C,20.21,Converted to number,"Units, separators, number words or decimal-point counts normalised"
2026-09-26T05:17:57+00:00,2_data_types,Number stored as text,1675,B02339,Temperature,20.37C,20.37,Converted to number,"Units, separators, number words or decimal-point counts normalised"
2026-09-26T05:17:57+00:00,2_data_types,Number stored as text,1696,B02902,Temperature,18.84C,18.84,Converted to number,"Units, separators, number words or decimal-point counts normalised"
2026-09-26T05:17:57+00:00,2_data_types,Number stored as text,1712,B02243,Temperature,20.74 C,20.74,Converted to number,"Units, separators, number words or decimal-point counts normalised"
2026-09-26T05:17:57+00:00,2_data_types,Number stored as text,1768,B00489,Temperature,19.79C,19.79,Converted to number,"Units, separators, number words or decimal-point counts normalised"
2026-09-26T05:17:57+00:00,2_data_types,Number stored as text,1844,B02875,Temperature,21.25C,21.25,Converted to number,"Units, separators, number words or decimal-point counts normalised"
2026-09-26T05:17:57+00:00,2_data_types,Number stored as text,1892,B00201,Temperature,21.17C,21.17,Converted to number,"Units, separators, number words or decimal-point counts normalised"
2026-09-26T05:17:57+00:00,2_data_types,Number stored as text,1993,B02636,Temperature,23.82 C,23.82,Converted to number,"Units, separators, number words or decimal-point counts normalised"
2026-09-26T05:17:57+00:00,2_data_types,Number stored as text,2065,B00376,Temperature,20.05 C,20.05,Converted to number,"Units, separators, number words or decimal-point counts normalised"
2026-09-26T05:17:57+00:00,2_data_types,Number stored as text,2122,B02757,Temperature,23.59 C,23.59,Converted to number,"Units, separators, number words or decimal-point counts normalised"
2026-09-26T05:17:57+00:00,2_data_types,Number stored as text,2159,B02324,Temperature,20.21 C,20.21,Converted to number,"Units, separators, number words or decimal-point counts normalised"
2026-09-26T05:17:57+00:00,2_data_types,Number stored as text,2218,B02883,Temperature,22.86C,22.86,Converted to number,"Units, separators, number words or decimal-point counts normalised"
2026-09-26T05:17:57+00:00,2_data_types,Number stored as text,2228,B02629,Temperature,22.31C,22.31,Converted to number,"Units, separators, number words or decimal-point counts normalised"
2026-09-26T05:17:57+00:00,2_data_types,Number stored as text,2315,B02721,Temperature,22.05 C,22.05,Converted to number,"Units, separators, number words or decimal-point counts normalised"
2026-09-26T05:17:57+00:00,2_data_types,Number stored as text,2322,B00270,Temperature,25.85C,25.85,Converted to number,"Units, separators, number words or decimal-point counts normalised"
2026-09-26T05:17:57+00:00,2_data_types,Number stored as text,2389,B02051,Temperature,24.64C,24.64,Converted to number,"Units, separators, number words or decimal-point counts normalised"
2026-09-26T05:17:57+00:00,2_data_types,Number stored as text,2438,B01295,Temperature,21.78 C,21.78,Converted to number,"Units, separators, number words or decimal-point counts normalised"
2026-09-26T05:17:57+00:00,2_data_types,Number stored as text,2468,B02084,Temperature,22.3 C,22.3,Converted to number,"Units, separators, number words or decimal-point counts normalised"
2026-09-26T05:17:57+00:00,2_data_types,Number stored as text,2479,B02567,Temperature,24.92C,24.92,Converted to number,"Units, separators, number words or decimal-point counts normalised"
2026-09-26T05:17:57+00:00,2_data_types,Number stored as text,2559,B01537,Temperature,21.72C,21.72,Converted to number,"Units, separators, number words or decimal-point counts normalised"
2026-09-26T05:17:57+00:00,2_data_types,Number stored as text,2689,B02705,Temperature,21.09C,21.09,Converted to number,"Units, separators, number words or decimal-point counts normalised"
2026-09-26T05:17:57+00:00,2_data_types,Number stored as text,2715,B01024,Temperature,21.31 C,21.31,Converted to number,"Units, separators, number words or decimal-point counts normalised"
2026-09-26T05:17:57+00:00,2_data_types,Number stored as text,2724,B01126,Temperature,21.93C,21.93,Converted to number,"Units, separators, number words or decimal-point counts normalised"
2026-09-26T05:17:57+00:00,2_data_types,Number stored as text,2776,B01627,Temperature,22.28C,22.28,Converted to number,"Units, separators, number words or decimal-point counts normalised"
2026-09-26T05:17:57+00:00,2_data_types,Number stored as text,2806,B02542,Temperature,26.75 C,26.75,Converted to number,"Units, separators, number words or decimal-point counts normalised"
2026-09-26T05:17:57+00:00,2_data_types,Number stored as text,2820,B00280,Temperature,23.43C,23.43,Converted to number,"Units, separators, number words or decimal-point counts normalised"
2026-09-26T05:17:57+00:00,2_data_types,Number stored as text,2822,B02015,Temperature,21.74C,21.74,Converted to number,"Units, separators, number words or decimal-point counts normalised"
2026-09-26T05:17:57+00:00,2_data_types,Number stored as text,2878,B02629,Temperature,22.31C,22.31,Converted to number,"Units, separators, number words or decimal-point counts normalised"
2026-09-26T05:17:57+00:00,2_data_types,Number stored as text,2944,B00173,Temperature,23.69C,23.69,Converted to number,"Units, separators, number words or decimal-point counts normalised"
2026-09-26T05:17:57+00:00,2_data_types,Number stored as text,2980,B00804,Temperature,22.92C,22.92,Converted to number,"Units, separators, number words or decimal-point counts normalised"
2026-09-26T05:17:57+00:00,2_data_types,Number stored as text,2982,B01506,Temperature,25.0 C,25,Converted to number,"Units, separators, number words or decimal-point counts normalised"
2026-09-26T05:17:57+00:00,2_data_types,Number stored as text,122,B01751,Humidity,48.0 %,48,Converted to number,"Units, separators, number words or decimal-point counts normalised"
2026-09-26T05:17:57+00:00,2_data_types,Number stored as text,137,B02595,Humidity,49.7%,49.7,Converted to number,"Units, separators, number words or decimal-point counts normalised"
2026-09-26T05:17:57+00:00,2_data_types,Number stored as text,168,B00910,Humidity,46.2%,46.2,Converted to number,"Units, separators, number words or decimal-point counts normalised"
2026-09-26T05:17:57+00:00,2_data_types,Number stored as text,197,B00582,Humidity,45.5%,45.5,Converted to number,"Units, separators, number words or decimal-point counts normalised"
2026-09-26T05:17:57+00:00,2_data_types,Number stored as text,204,B02495,Humidity,46.9%,46.9,Converted to number,"Units, separators, number words or decimal-point counts normalised"
2026-09-26T05:17:57+00:00,2_data_types,Number stored as text,211,B02500,Humidity,46.8 %,46.8,Converted to number,"Units, separators, number words or decimal-point counts normalised"
2026-09-26T05:17:57+00:00,2_data_types,Number stored as text,288,B02197,Humidity,59.5%,59.5,Converted to number,"Units, separators, number words or decimal-point counts normalised"
2026-09-26T05:17:57+00:00,2_data_types,Number stored as text,333,B02180,Humidity,36.8 %,36.8,Converted to number,"Units, separators, number words or decimal-point counts normalised"
2026-09-26T05:17:57+00:00,2_data_types,Number stored as text,504,B02228,Humidity,44.0%,44,Converted to number,"Units, separators, number words or decimal-point counts normalised"
2026-09-26T05:17:57+00:00,2_data_types,Number stored as text,522,B02491,Humidity,52.8%,52.8,Converted to number,"Units, separators, number words or decimal-point counts normalised"
2026-09-26T05:17:57+00:00,2_data_types,Number stored as text,559,B02769,Humidity,42.4 %,42.4,Converted to number,"Units, separators, number words or decimal-point counts normalised"
2026-09-26T05:17:57+00:00,2_data_types,Number stored as text,592,B02613,Humidity,50.2%,50.2,Converted to number,"Units, separators, number words or decimal-point counts normalised"
2026-09-26T05:17:57+00:00,2_data_types,Number stored as text,691,B00955,Humidity,54.9%,54.9,Converted to number,"Units, separators, number words or decimal-point counts normalised"
2026-09-26T05:17:57+00:00,2_data_types,Number stored as text,731,B01003,Humidity,42.7 %,42.7,Converted to number,"Units, separators, number words or decimal-point counts normalised"
2026-09-26T05:17:57+00:00,2_data_types,Number stored as text,802,B00211,Humidity,47.2 %,47.2,Converted to number,"Units, separators, number words or decimal-point counts normalised"
2026-09-26T05:17:57+00:00,2_data_types,Number stored as text,877,B01146,Humidity,54.1 %,54.1,Converted to number,"Units, separators, number words or decimal-point counts normalised"
2026-09-26T05:17:57+00:00,2_data_types,Number stored as text,882,B00582,Humidity,45.5%,45.5,Converted to number,"Units, separators, number words or decimal-point counts normalised"
2026-09-26T05:17:57+00:00,2_data_types,Number stored as text,932,B02671,Humidity,48.0%,48,Converted to number,"Units, separators, number words or decimal-point counts normalised"
2026-09-26T05:17:57+00:00,2_data_types,Number stored as text,939,B02399,Humidity,47.8%,47.8,Converted to number,"Units, separators, number words or decimal-point counts normalised"
2026-09-26T05:17:57+00:00,2_data_types,Number stored as text,1049,B00539,Humidity,38.0%,38,Converted to number,"Units, separators, number words or decimal-point counts normalised"
2026-09-26T05:17:57+00:00,2_data_types,Number stored as text,1065,B01744,Humidity,45.4 %,45.4,Converted to number,"Units, separators, number words or decimal-point counts normalised"
2026-09-26T05:17:57+00:00,2_data_types,Number stored as text,1081,B01257,Humidity,37.9 %,37.9,Converted to number,"Units, separators, number words or decimal-point counts normalised"
2026-09-26T05:17:57+00:00,2_data_types,Number stored as text,1185,B01571,Humidity,44.9%,44.9,Converted to number,"Units, separators, number words or decimal-point counts normalised"
2026-09-26T05:17:57+00:00,2_data_types,Number stored as text,1223,B01062,Humidity,46.3%,46.3,Converted to number,"Units, separators, number words or decimal-point counts normalised"
2026-09-26T05:17:57+00:00,2_data_types,Number stored as text,1334,B00905,Humidity,52.7%,52.7,Converted to number,"Units, separators, number words or decimal-point counts normalised"
2026-09-26T05:17:57+00:00,2_data_types,Number stored as text,1425,B02613,Humidity,50.2%,50.2,Converted to number,"Units, separators, number words or decimal-point counts normalised"
2026-09-26T05:17:57+00:00,2_data_types,Number stored as text,1451,B00490,Humidity,43.5%,43.5,Converted to number,"Units, separators, number words or decimal-point counts normalised"
2026-09-26T05:17:57+00:00,2_data_types,Number stored as text,1502,B01003,Humidity,42.7 %,42.7,Converted to number,"Units, separators, number words or decimal-point counts normalised"
2026-09-26T05:17:57+00:00,2_data_types,Number stored as text,1517,B01136,Humidity,40.5%,40.5,Converted to number,"Units, separators, number words or decimal-point counts normalised"
2026-09-26T05:17:57+00:00,2_data_types,Number stored as text,1657,B01748,Humidity,42.4%,42.4,Converted to number,"Units, separators, number words or decimal-point counts normalised"
2026-09-26T05:17:57+00:00,2_data_types,Number stored as text,1676,B02691,Humidity,55.5%,55.5,Converted to number,"Units, separators, number words or decimal-point counts normalised"
2026-09-26T05:17:57+00:00,2_data_types,Number stored as text,1737,B02148,Humidity,51.6 %,51.6,Converted to number,"Units, separators, number words or decimal-point counts normalised"
2026-09-26T05:17:57+00:00,2_data_types,Number stored as text,1948,B01528,Humidity,40.1%,40.1,Converted to number,"Units, separators, number words or decimal-point counts normalised"
2026-09-26T05:17:57+00:00,2_data_types,Number stored as text,1975,B01035,Humidity,47.9%,47.9,Converted to number,"Units, separators, number words or decimal-point counts normalised"
2026-09-26T05:17:57+00:00,2_data_types,Number stored as text,2054,B02389,Humidity,41.1%,41.1,Converted to number,"Units, separators, number words or decimal-point counts normalised"
2026-09-26T05:17:57+00:00,2_data_types,Number stored as text,2080,B00217,Humidity,38.2%,38.2,Converted to number,"Units, separators, number words or decimal-point counts normalised"
2026-09-26T05:17:57+00:00,2_data_types,Number stored as text,2185,B01311,Humidity,40.2%,40.2,Converted to number,"Units, separators, number words or decimal-point counts normalised"
2026-09-26T05:17:57+00:00,2_data_types,Number stored as text,2194,B01365,Humidity,48.9%,48.9,Converted to number,"Units, separators, number words or decimal-point counts normalised"
2026-09-26T05:17:57+00:00,2_data_types,Number stored as text,2195,B02560,Humidity,51.0%,51,Converted to number,"Units, separators, number words or decimal-point counts normalised"
2026-09-26T05:17:57+00:00,2_data_types,Number stored as text,2206,B01119,Humidity,54.0%,54,Converted to number,"Units, separators, number words or decimal-point counts normalised"
2026-09-26T05:17:57+00:00,2_data_types,Number stored as text,2249,B01495,Humidity,40.7 %,40.7,Converted to number,"Units, separators, number words or decimal-point counts normalised"
2026-09-26T05:17:57+00:00,2_data_types,Number stored as text,2257,B01112,Humidity,48.5%,48.5,Converted to number,"Units, separators, number words or decimal-point counts normalised"
2026-09-26T05:17:57+00:00,2_data_types,Number stored as text,2298,B01285,Humidity,40.8%,40.8,Converted to number,"Units, separators, number words or decimal-point counts normalised"
2026-09-26T05:17:57+00:00,2_data_types,Number stored as text,2374,B00796,Humidity,55.2%,55.2,Converted to number,"Units, separators, number words or decimal-point counts normalised"
2026-09-26T05:17:57+00:00,2_data_types,Number stored as text,2445,B02896,Humidity,49.1%,49.1,Converted to number,"Units, separators, number words or decimal-point counts normalised"
2026-09-26T05:17:57+00:00,2_data_types,Number stored as text,2497,B01564,Humidity,39.1 %,39.1,Converted to number,"Units, separators, number words or decimal-point counts normalised"
2026-09-26T05:17:57+00:00,2_data_types,Number stored as text,2575,B01670,Humidity,55.5%,55.5,Converted to number,"Units, separators, number words or decimal-point counts normalised"
2026-09-26T05:17:57+00:00,2_data_types,Number stored as text,2651,B00456,Humidity,44.9%,44.9,Converted to number,"Units, separators, number words or decimal-point counts normalised"
2026-09-26T05:17:57+00:00,2_data_types,Number stored as text,2775,B01098,Humidity,47.0%,47,Converted to number,"Units, separators, number words or decimal-point counts normalised"
2026-09-26T05:17:57+00:00,2_data_types,Number stored as text,2793,B02111,Humidity,50.8%,50.8,Converted to number,"Units, separators, number words or decimal-point counts normalised"
2026-09-26T05:17:57+00:00,2_data_types,Number stored as text,2997,B01119,Humidity,54.0%,54,Converted to number,"Units, separators, number words or decimal-point counts normalised"
2026-09-26T05:17:57+00:00,2_data_types,Number stored as text,4,B02362,Dissolution,93.0%,93,Converted to number,"Units, separators, number words or decimal-point counts normalised"
2026-09-26T05:17:57+00:00,2_data_types,Number stored as text,6,B02262,Dissolution,92.0%,92,Converted to number,"Units, separators, number words or decimal-point counts normalised"
2026-09-26T05:17:57+00:00,2_data_types,Number stored as text,50,B01106,Dissolution,92.3 %,92.3,Converted to number,"Units, separators, number words or decimal-point counts normalised"
2026-09-26T05:17:57+00:00,2_data_types,Number stored as text,76,B02255,Dissolution,97.7 %,97.7,Converted to number,"Units, separators, number words or decimal-point counts normalised"
2026-09-26T05:17:57+00:00,2_data_types,Number stored as text,131,B02502,Dissolution,97.6%,97.6,Converted to number,"Units, separators, number words or decimal-point counts normalised"
2026-09-26T05:17:57+00:00,2_data_types,Number stored as text,198,B01481,Dissolution,94.0%,94,Converted to number,"Units, separators, number words or decimal-point counts normalised"
2026-09-26T05:17:57+00:00,2_data_types,Number stored as text,206,B02037,Dissolution,88.3 %,88.3,Converted to number,"Units, separators, number words or decimal-point counts normalised"
2026-09-26T05:17:57+00:00,2_data_types,Number stored as text,290,B01856,Dissolution,95.0%,95,Converted to number,"Units, separators, number words or decimal-point counts normalised"
2026-09-26T05:17:57+00:00,2_data_types,Number stored as text,318,B00709,Dissolution,92.9%,92.9,Converted to number,"Units, separators, number words or decimal-point counts normalised"
2026-09-26T05:17:57+00:00,2_data_types,Number stored as text,325,B01314,Dissolution,92.0%,92,Converted to number,"Units, separators, number words or decimal-point counts normalised"
2026-09-26T05:17:57+00:00,2_data_types,Number stored as text,422,B01122,Dissolution,90.9%,90.9,Converted to number,"Units, separators, number words or decimal-point counts normalised"
2026-09-26T05:17:57+00:00,2_data_types,Number stored as text,452,B01637,Dissolution,89.4 %,89.4,Converted to number,"Units, separators, number words or decimal-point counts normalised"
2026-09-26T05:17:57+00:00,2_data_types,Number stored as text,453,B02203,Dissolution,89.5%,89.5,Converted to number,"Units, separators, number words or decimal-point counts normalised"
2026-09-26T05:17:57+00:00,2_data_types,Number stored as text,454,B00920,Dissolution,84.0%,84,Converted to number,"Units, separators, number words or decimal-point counts normalised"
2026-09-26T05:17:57+00:00,2_data_types,Number stored as text,492,B00983,Dissolution,90.7%,90.7,Converted to number,"Units, separators, number words or decimal-point counts normalised"
2026-09-26T05:17:57+00:00,2_data_types,Number stored as text,553,B02433,Dissolution,91.8%,91.8,Converted to number,"Units, separators, number words or decimal-point counts normalised"
2026-09-26T05:17:57+00:00,2_data_types,Number stored as text,570,B02873,Dissolution,94.8%,94.8,Converted to number,"Units, separators, number words or decimal-point counts normalised"
2026-09-26T05:17:57+00:00,2_data_types,Number stored as text,573,B02244,Dissolution,89.3%,89.3,Converted to number,"Units, separators, number words or decimal-point counts normalised"
2026-09-26T05:17:57+00:00,2_data_types,Number stored as text,621,B00807,Dissolution,86.9 %,86.9,Converted to number,"Units, separators, number words or decimal-point counts normalised"
2026-09-26T05:17:57+00:00,2_data_types,Number stored as text,787,B00318,Dissolution,94.6 %,94.6,Converted to number,"Units, separators, number words or decimal-point counts normalised"
2026-09-26T05:17:57+00:00,2_data_types,Number stored as text,865,B01454,Dissolution,88.4%,88.4,Converted to number,"Units, separators, number words or decimal-point counts normalised"
2026-09-26T05:17:57+00:00,2_data_types,Number stored as text,871,B02338,Dissolution,87.8%,87.8,Converted to number,"Units, separators, number words or decimal-point counts normalised"
2026-09-26T05:17:57+00:00,2_data_types,Number stored as text,1110,B00686,Dissolution,32.85 %,32.85,Converted to number,"Units, separators, number words or decimal-point counts normalised"
2026-09-26T05:17:57+00:00,2_data_types,Number stored as text,1137,B01508,Dissolution,91.7 %,91.7,Converted to number,"Units, separators, number words or decimal-point counts normalised"
2026-09-26T05:17:57+00:00,2_data_types,Number stored as text,1307,B02317,Dissolution,92.3 %,92.3,Converted to number,"Units, separators, number words or decimal-point counts normalised"
2026-09-26T05:17:57+00:00,2_data_types,Number stored as text,1337,B00366,Dissolution,88.1%,88.1,Converted to number,"Units, separators, number words or decimal-point counts normalised"
2026-09-26T05:17:57+00:00,2_data_types,Number stored as text,1358,B02140,Dissolution,93.3%,93.3,Converted to number,"Units, separators, number words or decimal-point counts normalised"
2026-09-26T05:17:57+00:00,2_data_types,Number stored as text,1400,B02522,Dissolution,39.7 %,39.7,Converted to number,"Units, separators, number words or decimal-point counts normalised"
2026-09-26T05:17:57+00:00,2_data_types,Number stored as text,1486,B00637,Dissolution,86.8 %,86.8,Converted to number,"Units, separators, number words or decimal-point counts normalised"
2026-09-26T05:17:57+00:00,2_data_types,Number stored as text,1606,B02573,Dissolution,99.2%,99.2,Converted to number,"Units, separators, number words or decimal-point counts normalised"
2026-09-26T05:17:57+00:00,2_data_types,Number stored as text,1762,B02218,Dissolution,89.4 %,89.4,Converted to number,"Units, separators, number words or decimal-point counts normalised"
2026-09-26T05:17:57+00:00,2_data_types,Number stored as text,1805,B00449,Dissolution,99.1%,99.1,Converted to number,"Units, separators, number words or decimal-point counts normalised"
2026-09-26T05:17:57+00:00,2_data_types,Number stored as text,1993,B02636,Dissolution,90.3%,90.3,Converted to number,"Units, separators, number words or decimal-point counts normalised"
2026-09-26T05:17:57+00:00,2_data_types,Number stored as text,2011,B01168,Dissolution,90.2 %,90.2,Converted to number,"Units, separators, number words or decimal-point counts normalised"
2026-09-26T05:17:57+00:00,2_data_types,Number stored as text,2090,B02479,Dissolution,90.4%,90.4,Converted to number,"Units, separators, number words or decimal-point counts normalised"
2026-09-26T05:17:57+00:00,2_data_types,Number stored as text,2130,B00353,Dissolution,93.3%,93.3,Converted to number,"Units, separators, number words or decimal-point counts normalised"
2026-09-26T05:17:57+00:00,2_data_types,Number stored as text,2213,B01675,Dissolution,89.0%,89,Converted to number,"Units, separators, number words or decimal-point counts normalised"
2026-09-26T05:17:57+00:00,2_data_types,Number stored as text,2223,B02334,Dissolution,95.0%,95,Converted to number,"Units, separators, number words or decimal-point counts normalised"
2026-09-26T05:17:57+00:00,2_data_types,Number stored as text,2236,B01640,Dissolution,96.2%,96.2,Converted to number,"Units, separators, number words or decimal-point counts normalised"
2026-09-26T05:17:57+00:00,2_data_types,Number stored as text,2304,B02162,Dissolution,86.8%,86.8,Converted to number,"Units, separators, number words or decimal-point counts normalised"
2026-09-26T05:17:57+00:00,2_data_types,Number stored as text,2311,B01199,Dissolution,89.3%,89.3,Converted to number,"Units, separators, number words or decimal-point counts normalised"
2026-09-26T05:17:57+00:00,2_data_types,Number stored as text,2404,B00100,Dissolution,89.8%,89.8,Converted to number,"Units, separators, number words or decimal-point counts normalised"
2026-09-26T05:17:57+00:00,2_data_types,Number stored as text,2421,B02659,Dissolution,87.6 %,87.6,Converted to number,"Units, separators, number words or decimal-point counts normalised"
2026-09-26T05:17:57+00:00,2_data_types,Number stored as text,2519,B01205,Dissolution,80.3%,80.3,Converted to number,"Units, separators, number words or decimal-point counts normalised"
2026-09-26T05:17:57+00:00,2_data_types,Number stored as text,2570,B02755,Dissolution,87.2%,87.2,Converted to number,"Units, separators, number words or decimal-point counts normalised"
2026-09-26T05:17:57+00:00,2_data_types,Number stored as text,2610,B01399,Dissolution,91.2%,91.2,Converted to number,"Units, separators, number words or decimal-point counts normalised"
2026-09-26T05:17:57+00:00,2_data_types,Number stored as text,2711,B02415,Dissolution,94.3%,94.3,Converted to number,"Units, separators, number words or decimal-point counts normalised"
2026-09-26T05:17:57+00:00,2_data_types,Number stored as text,2866,B02076,Dissolution,88.9%,88.9,Converted to number,"Units, separators, number words or decimal-point counts normalised"
2026-09-26T05:17:57+00:00,2_data_types,Number stored as text,2928,B01775,Dissolution,94.8%,94.8,Converted to number,"Units, separators, number words or decimal-point counts normalised"
2026-09-26T05:17:57+00:00,2_data_types,Number stored as text,0,B01970,Assay,99.69 %,99.69,Converted to number,"Units, separators, number words or decimal-point counts normalised"
2026-09-26T05:17:57+00:00,2_data_types,Number stored as text,51,B02303,Assay,99.4%,99.4,Converted to number,"Units, separators, number words or decimal-point counts normalised"
2026-09-26T05:17:57+00:00,2_data_types,Number stored as text,105,B02674,Assay,96.76 %,96.76,Converted to number,"Units, separators, number words or decimal-point counts normalised"
2026-09-26T05:17:57+00:00,2_data_types,Number stored as text,155,B01055,Assay,99.91 %,99.91,Converted to number,"Units, separators, number words or decimal-point counts normalised"
2026-09-26T05:17:57+00:00,2_data_types,Number stored as text,183,B02743,Assay,99.97%,99.97,Converted to number,"Units, separators, number words or decimal-point counts normalised"
2026-09-26T05:17:57+00:00,2_data_types,Number stored as text,199,B02745,Assay,100.18 %,100.18,Converted to number,"Units, separators, number words or decimal-point counts normalised"
2026-09-26T05:17:57+00:00,2_data_types,Number stored as text,293,B01163,Assay,100.14%,100.14,Converted to number,"Units, separators, number words or decimal-point counts normalised"
2026-09-26T05:17:57+00:00,2_data_types,Number stored as text,297,B01370,Assay,97.3%,97.3,Converted to number,"Units, separators, number words or decimal-point counts normalised"
2026-09-26T05:17:57+00:00,2_data_types,Number stored as text,381,B00587,Assay,102.05%,102.05,Converted to number,"Units, separators, number words or decimal-point counts normalised"
2026-09-26T05:17:57+00:00,2_data_types,Number stored as text,520,B00589,Assay,97.96%,97.96,Converted to number,"Units, separators, number words or decimal-point counts normalised"
2026-09-26T05:17:57+00:00,2_data_types,Number stored as text,621,B00807,Assay,101.26%,101.26,Converted to number,"Units, separators, number words or decimal-point counts normalised"
2026-09-26T05:17:57+00:00,2_data_types,Number stored as text,679,B00210,Assay,132.81%,132.81,Converted to number,"Units, separators, number words or decimal-point counts normalised"
2026-09-26T05:17:57+00:00,2_data_types,Number stored as text,691,B00955,Assay,98.02 %,98.02,Converted to number,"Units, separators, number words or decimal-point counts normalised"
2026-09-26T05:17:57+00:00,2_data_types,Number stored as text,725,B02227,Assay,99.61%,99.61,Converted to number,"Units, separators, number words or decimal-point counts normalised"
2026-09-26T05:17:57+00:00,2_data_types,Number stored as text,905,B01536,Assay,99.44%,99.44,Converted to number,"Units, separators, number words or decimal-point counts normalised"
2026-09-26T05:17:57+00:00,2_data_types,Number stored as text,929,B01087,Assay,102.58%,102.58,Converted to number,"Units, separators, number words or decimal-point counts normalised"
2026-09-26T05:17:57+00:00,2_data_types,Number stored as text,1069,B02292,Assay,100.82 %,100.82,Converted to number,"Units, separators, number words or decimal-point counts normalised"
2026-09-26T05:17:57+00:00,2_data_types,Number stored as text,1102,B00512,Assay,99.19%,99.19,Converted to number,"Units, separators, number words or decimal-point counts normalised"
2026-09-26T05:17:57+00:00,2_data_types,Number stored as text,1114,B00485,Assay,99.19 %,99.19,Converted to number,"Units, separators, number words or decimal-point counts normalised"
2026-09-26T05:17:57+00:00,2_data_types,Number stored as text,1386,B02079,Assay,101.11%,101.11,Converted to number,"Units, separators, number words or decimal-point counts normalised"
2026-09-26T05:17:57+00:00,2_data_types,Number stored as text,1412,B00454,Assay,97.95%,97.95,Converted to number,"Units, separators, number words or decimal-point counts normalised"
2026-09-26T05:17:57+00:00,2_data_types,Number stored as text,1581,B00940,Assay,99.27%,99.27,Converted to number,"Units, separators, number words or decimal-point counts normalised"
2026-09-26T05:17:57+00:00,2_data_types,Number stored as text,1714,B00685,Assay,100.61 %,100.61,Converted to number,"Units, separators, number words or decimal-point counts normalised"
2026-09-26T05:17:57+00:00,2_data_types,Number stored as text,1736,B00444,Assay,98.41%,98.41,Converted to number,"Units, separators, number words or decimal-point counts normalised"
2026-09-26T05:17:57+00:00,2_data_types,Number stored as text,1777,B01588,Assay,98.81%,98.81,Converted to number,"Units, separators, number words or decimal-point counts normalised"
2026-09-26T05:17:57+00:00,2_data_types,Number stored as text,1790,B00929,Assay,97.09%,97.09,Converted to number,"Units, separators, number words or decimal-point counts normalised"
2026-09-26T05:17:57+00:00,2_data_types,Number stored as text,1903,B01288,Assay,97.02%,97.02,Converted to number,"Units, separators, number words or decimal-point counts normalised"
2026-09-26T05:17:57+00:00,2_data_types,Number stored as text,1905,B01973,Assay,101.18%,101.18,Converted to number,"Units, separators, number words or decimal-point counts normalised"
2026-09-26T05:17:57+00:00,2_data_types,Number stored as text,1913,B02717,Assay,102.15%,102.15,Converted to number,"Units, separators, number words or decimal-point counts normalised"
2026-09-26T05:17:57+00:00,2_data_types,Number stored as text,2043,B01700,Assay,98.08%,98.08,Converted to number,"Units, separators, number words or decimal-point counts normalised"
2026-09-26T05:17:57+00:00,2_data_types,Number stored as text,2057,B00503,Assay,98.78%,98.78,Converted to number,"Units, separators, number words or decimal-point counts normalised"
2026-09-26T05:17:57+00:00,2_data_types,Number stored as text,2068,B02398,Assay,98.4 %,98.4,Converted to number,"Units, separators, number words or decimal-point counts normalised"
2026-09-26T05:17:57+00:00,2_data_types,Number stored as text,2130,B00353,Assay,100.4%,100.4,Converted to number,"Units, separators, number words or decimal-point counts normalised"
2026-09-26T05:17:57+00:00,2_data_types,Number stored as text,2198,B00175,Assay,100.92%,100.92,Converted to number,"Units, separators, number words or decimal-point counts normalised"
2026-09-26T05:17:57+00:00,2_data_types,Number stored as text,2215,B02208,Assay,98.52 %,98.52,Converted to number,"Units, separators, number words or decimal-point counts normalised"
2026-09-26T05:17:57+00:00,2_data_types,Number stored as text,2242,B01091,Assay,99.27 %,99.27,Converted to number,"Units, separators, number words or decimal-point counts normalised"
2026-09-26T05:17:57+00:00,2_data_types,Number stored as text,2252,B00135,Assay,100.06%,100.06,Converted to number,"Units, separators, number words or decimal-point counts normalised"
2026-09-26T05:17:57+00:00,2_data_types,Number stored as text,2345,B01605,Assay,132.36 %,132.36,Converted to number,"Units, separators, number words or decimal-point counts normalised"
2026-09-26T05:17:57+00:00,2_data_types,Number stored as text,2424,B02548,Assay,101.4 %,101.4,Converted to number,"Units, separators, number words or decimal-point counts normalised"
2026-09-26T05:17:57+00:00,2_data_types,Number stored as text,2437,B00108,Assay,100.1%,100.1,Converted to number,"Units, separators, number words or decimal-point counts normalised"
2026-09-26T05:17:57+00:00,2_data_types,Number stored as text,2541,B00171,Assay,102.3%,102.3,Converted to number,"Units, separators, number words or decimal-point counts normalised"
2026-09-26T05:17:57+00:00,2_data_types,Number stored as text,2550,B00574,Assay,98.66%,98.66,Converted to number,"Units, separators, number words or decimal-point counts normalised"
2026-09-26T05:17:57+00:00,2_data_types,Number stored as text,2687,B01482,Assay,98.69%,98.69,Converted to number,"Units, separators, number words or decimal-point counts normalised"
2026-09-26T05:17:57+00:00,2_data_types,Number stored as text,2741,B01976,Assay,96.55 %,96.55,Converted to number,"Units, separators, number words or decimal-point counts normalised"
2026-09-26T05:17:57+00:00,2_data_types,Number stored as text,2875,B01353,Assay,98.06%,98.06,Converted to number,"Units, separators, number words or decimal-point counts normalised"
2026-09-26T05:17:57+00:00,2_data_types,Number stored as text,2896,B02909,Assay,99.66%,99.66,Converted to number,"Units, separators, number words or decimal-point counts normalised"
2026-09-26T05:17:57+00:00,2_data_types,Number stored as text,2,B00869,Impurity_Level,0.122%,0.122,Converted to number,"Units, separators, number words or decimal-point counts normalised"
2026-09-26T05:17:57+00:00,2_data_types,Number stored as text,173,B00497,Impurity_Level,0.531%,0.531,Converted to number,"Units, separators, number words or decimal-point counts normalised"
2026-09-26T05:17:57+00:00,2_data_types,Number stored as text,252,B01079,Impurity_Level,0.305 %,0.305,Converted to number,"Units, separators, number words or decimal-point counts normalised"
2026-09-26T05:17:57+00:00,2_data_types,Number stored as text,288,B02197,Impurity_Level,0.712%,0.712,Converted to number,"Units, separators, number words or decimal-point counts normalised"
2026-09-26T05:17:57+00:00,2_data_types,Number stored as text,336,B02498,Impurity_Level,0.091 %,0.091,Converted to number,"Units, separators, number words or decimal-point counts normalised"
2026-09-26T05:17:57+00:00,2_data_types,Number stored as text,341,B01291,Impurity_Level,0.24%,0.24,Converted to number,"Units, separators, number words or decimal-point counts normalised"
2026-09-26T05:17:57+00:00,2_data_types,Number stored as text,349,B02344,Impurity_Level,0.418%,0.418,Converted to number,"Units, separators, number words or decimal-point counts normalised"
2026-09-26T05:17:57+00:00,2_data_types,Number stored as text,448,B02583,Impurity_Level,0.26%,0.26,Converted to number,"Units, separators, number words or decimal-point counts normalised"
2026-09-26T05:17:57+00:00,2_data_types,Number stored as text,461,B01781,Impurity_Level,0.304 %,0.304,Converted to number,"Units, separators, number words or decimal-point counts normalised"
2026-09-26T05:17:57+00:00,2_data_types,Number stored as text,475,B01677,Impurity_Level,0.268%,0.268,Converted to number,"Units, separators, number words or decimal-point counts normalised"
2026-09-26T05:17:57+00:00,2_data_types,Number stored as text,522,B02491,Impurity_Level,0.145 %,0.145,Converted to number,"Units, separators, number words or decimal-point counts normalised"
2026-09-26T05:17:57+00:00,2_data_types,Number stored as text,555,B01214,Impurity_Level,0.646%,0.646,Converted to number,"Units, separators, number words or decimal-point counts normalised"
2026-09-26T05:17:57+00:00,2_data_types,Number stored as text,583,B02427,Impurity_Level,8.1 %,8.1,Converted to number,"Units, separators, number words or decimal-point counts normalised"
2026-09-26T05:17:57+00:00,2_data_types,Number stored as text,655,B00158,Impurity_Level,0.93 %,0.93,Converted to number,"Units, separators, number words or decimal-point counts normalised"
2026-09-26T05:17:57+00:00,2_data_types,Number stored as text,709,B01926,Impurity_Level,1.161%,1.161,Converted to number,"Units, separators, number words or decimal-point counts normalised"
2026-09-26T05:17:57+00:00,2_data_types,Number stored as text,821,B00413,Impurity_Level,0.541%,0.541,Converted to number,"Units, separators, number words or decimal-point counts normalised"
2026-09-26T05:17:57+00:00,2_data_types,Number stored as text,901,B01504,Impurity_Level,0.294 %,0.294,Converted to number,"Units, separators, number words or decimal-point counts normalised"
2026-09-26T05:17:57+00:00,2_data_types,Number stored as text,907,B00251,Impurity_Level,0.932%,0.932,Converted to number,"Units, separators, number words or decimal-point counts normalised"
2026-09-26T05:17:57+00:00,2_data_types,Number stored as text,953,B01505,Impurity_Level,0.629%,0.629,Converted to number,"Units, separators, number words or decimal-point counts normalised"
2026-09-26T05:17:57+00:00,2_data_types,Number stored as text,998,B00887,Impurity_Level,0.164 %,0.164,Converted to number,"Units, separators, number words or decimal-point counts normalised"
2026-09-26T05:17:57+00:00,2_data_types,Number stored as text,1199,B00471,Impurity_Level,0.413%,0.413,Converted to number,"Units, separators, number words or decimal-point counts normalised"
2026-09-26T05:17:57+00:00,2_data_types,Number stored as text,1212,B01638,Impurity_Level,1.083%,1.083,Converted to number,"Units, separators, number words or decimal-point counts normalised"
2026-09-26T05:17:57+00:00,2_data_types,Number stored as text,1325,B02141,Impurity_Level,0.799 %,0.799,Converted to number,"Units, separators, number words or decimal-point counts normalised"
2026-09-26T05:17:57+00:00,2_data_types,Number stored as text,1385,B00145,Impurity_Level,0.474%,0.474,Converted to number,"Units, separators, number words or decimal-point counts normalised"
2026-09-26T05:17:57+00:00,2_data_types,Number stored as text,1512,B02105,Impurity_Level,0.404 %,0.404,Converted to number,"Units, separators, number words or decimal-point counts normalised"
2026-09-26T05:17:57+00:00,2_data_types,Number stored as text,1554,B02668,Impurity_Level,0.978%,0.978,Converted to number,"Units, separators, number words or decimal-point counts normalised"
2026-09-26T05:17:57+00:00,2_data_types,Number stored as text,1608,B02350,Impurity_Level,0.208 %,0.208,Converted to number,"Units, separators, number words or decimal-point counts normalised"
2026-09-26T05:17:57+00:00,2_data_types,Number stored as text,1620,B02509,Impurity_Level,0.12%,0.12,Converted to number,"Units, separators, number words or decimal-point counts normalised"
2026-09-26T05:17:57+00:00,2_data_types,Number stored as text,1780,B00183,Impurity_Level,0.077%,0.077,Converted to number,"Units, separators, number words or decimal-point counts normalised"
2026-09-26T05:17:57+00:00,2_data_types,Number stored as text,1851,B00427,Impurity_Level,0.326 %,0.326,Converted to number,"Units, separators, number words or decimal-point counts normalised"
2026-09-26T05:17:57+00:00,2_data_types,Number stored as text,2013,B02680,Impurity_Level,0.313%,0.313,Converted to number,"Units, separators, number words or decimal-point counts normalised"
2026-09-26T05:17:57+00:00,2_data_types,Number stored as text,2165,B00895,Impurity_Level,0.299%,0.299,Converted to number,"Units, separators, number words or decimal-point counts normalised"
2026-09-26T05:17:57+00:00,2_data_types,Number stored as text,2179,B01021,Impurity_Level,0.212%,0.212,Converted to number,"Units, separators, number words or decimal-point counts normalised"
2026-09-26T05:17:57+00:00,2_data_types,Number stored as text,2238,B02309,Impurity_Level,0.123%,0.123,Converted to number,"Units, separators, number words or decimal-point counts normalised"
2026-09-26T05:17:57+00:00,2_data_types,Number stored as text,2268,B01160,Impurity_Level,0.184%,0.184,Converted to number,"Units, separators, number words or decimal-point counts normalised"
2026-09-26T05:17:57+00:00,2_data_types,Number stored as text,2323,B00342,Impurity_Level,0.306 %,0.306,Converted to number,"Units, separators, number words or decimal-point counts normalised"
2026-09-26T05:17:57+00:00,2_data_types,Number stored as text,2370,B01441,Impurity_Level,0.741%,0.741,Converted to number,"Units, separators, number words or decimal-point counts normalised"
2026-09-26T05:17:57+00:00,2_data_types,Number stored as text,2405,B02359,Impurity_Level,0.345%,0.345,Converted to number,"Units, separators, number words or decimal-point counts normalised"
2026-09-26T05:17:57+00:00,2_data_types,Number stored as text,2407,B02397,Impurity_Level,0.477%,0.477,Converted to number,"Units, separators, number words or decimal-point counts normalised"
2026-09-26T05:17:57+00:00,2_data_types,Number stored as text,2458,B02214,Impurity_Level,0.072%,0.072,Converted to number,"Units, separators, number words or decimal-point counts normalised"
2026-09-26T05:17:57+00:00,2_data_types,Number stored as text,2466,B00533,Impurity_Level,0.404%,0.404,Converted to number,"Units, separators, number words or decimal-point counts normalised"
2026-09-26T05:17:57+00:00,2_data_types,Number stored as text,2473,B02319,Impurity_Level,0.395%,0.395,Converted to number,"Units, separators, number words or decimal-point counts normalised"
2026-09-26T05:17:57+00:00,2_data_types,Number stored as text,2543,B01911,Impurity_Level,0.396%,0.396,Converted to number,"Units, separators, number words or decimal-point counts normalised"
2026-09-26T05:17:57+00:00,2_data_types,Number stored as text,2550,B00574,Impurity_Level,0.45%,0.45,Converted to number,"Units, separators, number words or decimal-point counts normalised"
2026-09-26T05:17:57+00:00,2_data_types,Number stored as text,2573,B00639,Impurity_Level,0.19 %,0.19,Converted to number,"Units, separators, number words or decimal-point counts normalised"
2026-09-26T05:17:57+00:00,2_data_types,Number stored as text,2635,B02359,Impurity_Level,0.345%,0.345,Converted to number,"Units, separators, number words or decimal-point counts normalised"
2026-09-26T05:17:57+00:00,2_data_types,Number stored as text,2672,B02540,Impurity_Level,0.339 %,0.339,Converted to number,"Units, separators, number words or decimal-point counts normalised"
2026-09-26T05:17:57+00:00,2_data_types,Number stored as text,2750,B01860,Impurity_Level,1.224 %,1.224,Converted to number,"Units, separators, number words or decimal-point counts normalised"
2026-09-26T05:17:57+00:00,2_data_types,Number stored as text,2770,B00520,Impurity_Level,0.112%,0.112,Converted to number,"Units, separators, number words or decimal-point counts normalised"
2026-09-26T05:17:57+00:00,2_data_types,Number stored as text,2776,B01627,Impurity_Level,0.175 %,0.175,Converted to number,"Units, separators, number words or decimal-point counts normalised"
2026-09-26T05:17:57+00:00,2_data_types,Number stored as text,2824,B01890,Impurity_Level,0.581 %,0.581,Converted to number,"Units, separators, number words or decimal-point counts normalised"
2026-09-26T05:17:57+00:00,2_data_types,Number stored as text,2845,B00314,Impurity_Level,0.518%,0.518,Converted to number,"Units, separators, number words or decimal-point counts normalised"
2026-09-26T05:17:57+00:00,2_data_types,Number stored as text,2960,B01597,Impurity_Level,0.091 %,0.091,Converted to number,"Units, separators, number words or decimal-point counts normalised"
2026-09-26T05:17:57+00:00,2_data_types,Number stored as text,10,B00124,Yield_Percentage,93.3 %,93.3,Converted to number,"Units, separators, number words or decimal-point counts normalised"
2026-09-26T05:17:57+00:00,2_data_types,Number stored as text,258,B00390,Yield_Percentage,99.4%,99.4,Converted to number,"Units, separators, number words or decimal-point counts normalised"
2026-09-26T05:17:57+00:00,2_data_types,Number stored as text,352,B02390,Yield_Percentage,95.6 %,95.6,Converted to number,"Units, separators, number words or decimal-point counts normalised"
2026-09-26T05:17:57+00:00,2_data_types,Number stored as text,393,B01535,Yield_Percentage,96.4%,96.4,Converted to number,"Units, separators, number words or decimal-point counts normalised"
2026-09-26T05:17:57+00:00,2_data_types,Number stored as text,526,B00806,Yield_Percentage,94.4 %,94.4,Converted to number,"Units, separators, number words or decimal-point counts normalised"
2026-09-26T05:17:57+00:00,2_data_types,Number stored as text,528,B01249,Yield_Percentage,97.7%,97.7,Converted to number,"Units, separators, number words or decimal-point counts normalised"
2026-09-26T05:17:57+00:00,2_data_types,Number stored as text,535,B01486,Yield_Percentage,93.8%,93.8,Converted to number,"Units, separators, number words or decimal-point counts normalised"
2026-09-26T05:17:57+00:00,2_data_types,Number stored as text,646,B00080,Yield_Percentage,98.3%,98.3,Converted to number,"Units, separators, number words or decimal-point counts normalised"
2026-09-26T05:17:57+00:00,2_data_types,Number stored as text,659,B00849,Yield_Percentage,97.7%,97.7,Converted to number,"Units, separators, number words or decimal-point counts normalised"
2026-09-26T05:17:57+00:00,2_data_types,Number stored as text,728,B01709,Yield_Percentage,93.2%,93.2,Converted to number,"Units, separators, number words or decimal-point counts normalised"
2026-09-26T05:17:57+00:00,2_data_types,Number stored as text,844,B02122,Yield_Percentage,97.8%,97.8,Converted to number,"Units, separators, number words or decimal-point counts normalised"
2026-09-26T05:17:57+00:00,2_data_types,Number stored as text,917,B01195,Yield_Percentage,97.2%,97.2,Converted to number,"Units, separators, number words or decimal-point counts normalised"
2026-09-26T05:17:57+00:00,2_data_types,Number stored as text,924,B00776,Yield_Percentage,97.9 %,97.9,Converted to number,"Units, separators, number words or decimal-point counts normalised"
2026-09-26T05:17:57+00:00,2_data_types,Number stored as text,964,B02265,Yield_Percentage,98.8 %,98.8,Converted to number,"Units, separators, number words or decimal-point counts normalised"
2026-09-26T05:17:57+00:00,2_data_types,Number stored as text,1104,B01307,Yield_Percentage,95.4%,95.4,Converted to number,"Units, separators, number words or decimal-point counts normalised"
2026-09-26T05:17:57+00:00,2_data_types,Number stored as text,1146,B01356,Yield_Percentage,95.6%,95.6,Converted to number,"Units, separators, number words or decimal-point counts normalised"
2026-09-26T05:17:57+00:00,2_data_types,Number stored as text,1174,B02752,Yield_Percentage,93.8%,93.8,Converted to number,"Units, separators, number words or decimal-point counts normalised"
2026-09-26T05:17:57+00:00,2_data_types,Number stored as text,1197,B02117,Yield_Percentage,97.9 %,97.9,Converted to number,"Units, separators, number words or decimal-point counts normalised"
2026-09-26T05:17:57+00:00,2_data_types,Number stored as text,1225,B01131,Yield_Percentage,99.7%,99.7,Converted to number,"Units, separators, number words or decimal-point counts normalised"
2026-09-26T05:17:57+00:00,2_data_types,Number stored as text,1313,B00474,Yield_Percentage,95.0%,95,Converted to number,"Units, separators, number words or decimal-point counts normalised"
2026-09-26T05:17:57+00:00,2_data_types,Number stored as text,1331,B00534,Yield_Percentage,95.7%,95.7,Converted to number,"Units, separators, number words or decimal-point counts normalised"
2026-09-26T05:17:57+00:00,2_data_types,Number stored as text,1407,B02462,Yield_Percentage,95.6%,95.6,Converted to number,"Units, separators, number words or decimal-point counts normalised"
2026-09-26T05:17:57+00:00,2_data_types,Number stored as text,1471,B02910,Yield_Percentage,93.4%,93.4,Converted to number,"Units, separators, number words or decimal-point counts normalised"
2026-09-26T05:17:57+00:00,2_data_types,Number stored as text,1577,B00509,Yield_Percentage,91.2%,91.2,Converted to number,"Units, separators, number words or decimal-point counts normalised"
2026-09-26T05:17:57+00:00,2_data_types,Number stored as text,1648,B00698,Yield_Percentage,93.4%,93.4,Converted to number,"Units, separators, number words or decimal-point counts normalised"
2026-09-26T05:17:57+00:00,2_data_types,Number stored as text,1856,B00751,Yield_Percentage,97.1 %,97.1,Converted to number,"Units, separators, number words or decimal-point counts normalised"
2026-09-26T05:17:57+00:00,2_data_types,Number stored as text,2223,B02334,Yield_Percentage,97.0%,97,Converted to number,"Units, separators, number words or decimal-point counts normalised"
2026-09-26T05:17:57+00:00,2_data_types,Number stored as text,2229,B00070,Yield_Percentage,90.6 %,90.6,Converted to number,"Units, separators, number words or decimal-point counts normalised"
2026-09-26T05:17:57+00:00,2_data_types,Number stored as text,2232,B01991,Yield_Percentage,95.5 %,95.5,Converted to number,"Units, separators, number words or decimal-point counts normalised"
2026-09-26T05:17:57+00:00,2_data_types,Number stored as text,2247,B00459,Yield_Percentage,98.1 %,98.1,Converted to number,"Units, separators, number words or decimal-point counts normalised"
2026-09-26T05:17:57+00:00,2_data_types,Number stored as text,2258,B01197,Yield_Percentage,95.0%,95,Converted to number,"Units, separators, number words or decimal-point counts normalised"
2026-09-26T05:17:57+00:00,2_data_types,Number stored as text,2373,B00877,Yield_Percentage,90.5%,90.5,Converted to number,"Units, separators, number words or decimal-point counts normalised"
2026-09-26T05:17:57+00:00,2_data_types,Number stored as text,2412,B02326,Yield_Percentage,96.4%,96.4,Converted to number,"Units, separators, number words or decimal-point counts normalised"
2026-09-26T05:17:57+00:00,2_data_types,Number stored as text,2459,B02152,Yield_Percentage,97.4%,97.4,Converted to number,"Units, separators, number words or decimal-point counts normalised"
2026-09-26T05:17:57+00:00,2_data_types,Number stored as text,2545,B02199,Yield_Percentage,94.2 %,94.2,Converted to number,"Units, separators, number words or decimal-point counts normalised"
2026-09-26T05:17:57+00:00,2_data_types,Number stored as text,2596,B00925,Yield_Percentage,96.8%,96.8,Converted to number,"Units, separators, number words or decimal-point counts normalised"
2026-09-26T05:17:57+00:00,2_data_types,Number stored as text,2682,B02768,Yield_Percentage,93.6%,93.6,Converted to number,"Units, separators, number words or decimal-point counts normalised"
2026-09-26T05:17:57+00:00,2_data_types,Number stored as text,2702,B02868,Yield_Percentage,98.3%,98.3,Converted to number,"Units, separators, number words or decimal-point counts normalised"
2026-09-26T05:17:57+00:00,2_data_types,Number stored as text,2745,B00234,Yield_Percentage,100.2%,100.2,Converted to number,"Units, separators, number words or decimal-point counts normalised"
2026-09-26T05:17:57+00:00,2_data_types,Number stored as text,2902,B00474,Yield_Percentage,95.0%,95,Converted to number,"Units, separators, number words or decimal-point counts normalised"
2026-09-26T05:17:57+00:00,2_data_types,Number stored as text,69,B00136,Deviation_Count,zero,0,Converted to number,"Units, separators, number words or decimal-point counts normalised"
2026-09-26T05:17:57+00:00,2_data_types,Number stored as text,84,B00660,Deviation_Count,1.0,1,Converted to number,"Units, separators, number words or decimal-point counts normalised"
2026-09-26T05:17:57+00:00,2_data_types,Number stored as text,111,B00398,Deviation_Count,zero,0,Converted to number,"Units, separators, number words or decimal-point counts normalised"
2026-09-26T05:17:57+00:00,2_data_types,Number stored as text,187,B01615,Deviation_Count,3.0,3,Converted to number,"Units, separators, number words or decimal-point counts normalised"
2026-09-26T05:17:57+00:00,2_data_types,Number stored as text,312,B02695,Deviation_Count,1.0,1,Converted to number,"Units, separators, number words or decimal-point counts normalised"
2026-09-26T05:17:57+00:00,2_data_types,Number stored as text,356,B02172,Deviation_Count,two,2,Converted to number,"Units, separators, number words or decimal-point counts normalised"
2026-09-26T05:17:57+00:00,2_data_types,Number stored as text,371,B01600,Deviation_Count,3.0,3,Converted to number,"Units, separators, number words or decimal-point counts normalised"
2026-09-26T05:17:57+00:00,2_data_types,Number stored as text,504,B02228,Deviation_Count,zero,0,Converted to number,"Units, separators, number words or decimal-point counts normalised"
2026-09-26T05:17:57+00:00,2_data_types,Number stored as text,607,B00941,Deviation_Count,two,2,Converted to number,"Units, separators, number words or decimal-point counts normalised"
2026-09-26T05:17:57+00:00,2_data_types,Number stored as text,614,B02343,Deviation_Count,three,3,Converted to number,"Units, separators, number words or decimal-point counts normalised"
2026-09-26T05:17:57+00:00,2_data_types,Number stored as text,627,B00689,Deviation_Count,one,1,Converted to number,"Units, separators, number words or decimal-point counts normalised"
2026-09-26T05:17:57+00:00,2_data_types,Number stored as text,759,B01489,Deviation_Count,one,1,Converted to number,"Units, separators, number words or decimal-point counts normalised"
2026-09-26T05:17:57+00:00,2_data_types,Number stored as text,1252,B01056,Deviation_Count,one,1,Converted to number,"Units, separators, number words or decimal-point counts normalised"
2026-09-26T05:17:57+00:00,2_data_types,Number stored as text,1268,B00734,Deviation_Count,three,3,Converted to number,"Units, separators, number words or decimal-point counts normalised"
2026-09-26T05:17:57+00:00,2_data_types,Number stored as text,1276,B02154,Deviation_Count,one,1,Converted to number,"Units, separators, number words or decimal-point counts normalised"
2026-09-26T05:17:57+00:00,2_data_types,Number stored as text,1306,B02083,Deviation_Count,two,2,Converted to number,"Units, separators, number words or decimal-point counts normalised"
2026-09-26T05:17:57+00:00,2_data_types,Number stored as text,1515,B02064,Deviation_Count,0.0,0,Converted to number,"Units, separators, number words or decimal-point counts normalised"
2026-09-26T05:17:57+00:00,2_data_types,Number stored as text,1562,B00028,Deviation_Count,0.0,0,Converted to number,"Units, separators, number words or decimal-point counts normalised"
2026-09-26T05:17:57+00:00,2_data_types,Number stored as text,1595,B00037,Deviation_Count,zero,0,Converted to number,"Units, separators, number words or decimal-point counts normalised"
2026-09-26T05:17:57+00:00,2_data_types,Number stored as text,1596,B01058,Deviation_Count,2.0,2,Converted to number,"Units, separators, number words or decimal-point counts normalised"
2026-09-26T05:17:57+00:00,2_data_types,Number stored as text,1632,B00148,Deviation_Count,1.0,1,Converted to number,"Units, separators, number words or decimal-point counts normalised"
2026-09-26T05:17:57+00:00,2_data_types,Number stored as text,1668,B00941,Deviation_Count,two,2,Converted to number,"Units, separators, number words or decimal-point counts normalised"
2026-09-26T05:17:57+00:00,2_data_types,Number stored as text,1734,B00486,Deviation_Count,one,1,Converted to number,"Units, separators, number words or decimal-point counts normalised"
2026-09-26T05:17:57+00:00,2_data_types,Number stored as text,1950,B00904,Deviation_Count,one,1,Converted to number,"Units, separators, number words or decimal-point counts normalised"
2026-09-26T05:17:57+00:00,2_data_types,Number stored as text,1958,B00457,Deviation_Count,one,1,Converted to number,"Units, separators, number words or decimal-point counts normalised"
2026-09-26T05:17:57+00:00,2_data_types,Number stored as text,2086,B01667,Deviation_Count,two,2,Converted to number,"Units, separators, number words or decimal-point counts normalised"
2026-09-26T05:17:57+00:00,2_data_types,Number stored as text,2121,B02371,Deviation_Count,one,1,Converted to number,"Units, separators, number words or decimal-point counts normalised"
2026-09-26T05:17:57+00:00,2_data_types,Number stored as text,2127,B01248,Deviation_Count,0.0,0,Converted to number,"Units, separators, number words or decimal-point counts normalised"
2026-09-26T05:17:57+00:00,2_data_types,Number stored as text,2139,B01573,Deviation_Count,zero,0,Converted to number,"Units, separators, number words or decimal-point counts normalised"
2026-09-26T05:17:57+00:00,2_data_types,Number stored as text,2278,B00901,Deviation_Count,zero,0,Converted to number,"Units, separators, number words or decimal-point counts normalised"
2026-09-26T05:17:57+00:00,2_data_types,Number stored as text,2410,B01806,Deviation_Count,two,2,Converted to number,"Units, separators, number words or decimal-point counts normalised"
2026-09-26T05:17:57+00:00,2_data_types,Number stored as text,2416,B02702,Deviation_Count,1.0,1,Converted to number,"Units, separators, number words or decimal-point counts normalised"
2026-09-26T05:17:57+00:00,2_data_types,Number stored as text,2575,B01670,Deviation_Count,one,1,Converted to number,"Units, separators, number words or decimal-point counts normalised"
2026-09-26T05:17:57+00:00,2_data_types,Number stored as text,2611,B00918,Deviation_Count,one,1,Converted to number,"Units, separators, number words or decimal-point counts normalised"
2026-09-26T05:17:57+00:00,2_data_types,Number stored as text,2705,B00856,Deviation_Count,0.0,0,Converted to number,"Units, separators, number words or decimal-point counts normalised"
2026-09-26T05:17:57+00:00,2_data_types,Number stored as text,2728,B00152,Deviation_Count,0.0,0,Converted to number,"Units, separators, number words or decimal-point counts normalised"
2026-09-26T05:17:57+00:00,2_data_types,Number stored as text,2803,B02486,Deviation_Count,two,2,Converted to number,"Units, separators, number words or decimal-point counts normalised"
2026-09-26T05:17:57+00:00,2_data_types,Number stored as text,2855,B02064,Deviation_Count,0.0,0,Converted to number,"Units, separators, number words or decimal-point counts normalised"
2026-09-26T05:17:57+00:00,2_data_types,Number stored as text,2965,B02574,Deviation_Count,1.0,1,Converted to number,"Units, separators, number words or decimal-point counts normalised"
2026-09-26T05:17:57+00:00,2_data_types,Number stored as text,32,B00899,Cycle_Time_Hrs,10.9h,10.9,Converted to number,"Units, separators, number words or decimal-point counts normalised"
2026-09-26T05:17:57+00:00,2_data_types,Number stored as text,134,B01687,Cycle_Time_Hrs,9.8h,9.8,Converted to number,"Units, separators, number words or decimal-point counts normalised"
2026-09-26T05:17:57+00:00,2_data_types,Number stored as text,158,B01684,Cycle_Time_Hrs,9.4h,9.4,Converted to number,"Units, separators, number words or decimal-point counts normalised"
2026-09-26T05:17:57+00:00,2_data_types,Number stored as text,461,B01781,Cycle_Time_Hrs,10.3h,10.3,Converted to number,"Units, separators, number words or decimal-point counts normalised"
2026-09-26T05:17:57+00:00,2_data_types,Number stored as text,502,B01092,Cycle_Time_Hrs,13.0h,13,Converted to number,"Units, separators, number words or decimal-point counts normalised"
2026-09-26T05:17:57+00:00,2_data_types,Number stored as text,527,B00255,Cycle_Time_Hrs,10.4h,10.4,Converted to number,"Units, separators, number words or decimal-point counts normalised"
2026-09-26T05:17:57+00:00,2_data_types,Number stored as text,560,B01728,Cycle_Time_Hrs,8.6 h,8.6,Converted to number,"Units, separators, number words or decimal-point counts normalised"
2026-09-26T05:17:57+00:00,2_data_types,Number stored as text,612,B00572,Cycle_Time_Hrs,9.3h,9.3,Converted to number,"Units, separators, number words or decimal-point counts normalised"
2026-09-26T05:17:57+00:00,2_data_types,Number stored as text,640,B02804,Cycle_Time_Hrs,0 h,0,Converted to number,"Units, separators, number words or decimal-point counts normalised"
2026-09-26T05:17:57+00:00,2_data_types,Number stored as text,670,B02812,Cycle_Time_Hrs,10.1h,10.1,Converted to number,"Units, separators, number words or decimal-point counts normalised"
2026-09-26T05:17:57+00:00,2_data_types,Number stored as text,735,B00415,Cycle_Time_Hrs,11.7 h,11.7,Converted to number,"Units, separators, number words or decimal-point counts normalised"
2026-09-26T05:17:57+00:00,2_data_types,Number stored as text,780,B01946,Cycle_Time_Hrs,8.2h,8.2,Converted to number,"Units, separators, number words or decimal-point counts normalised"
2026-09-26T05:17:57+00:00,2_data_types,Number stored as text,877,B01146,Cycle_Time_Hrs,8.4h,8.4,Converted to number,"Units, separators, number words or decimal-point counts normalised"
2026-09-26T05:17:57+00:00,2_data_types,Number stored as text,884,B01578,Cycle_Time_Hrs,10.2 h,10.2,Converted to number,"Units, separators, number words or decimal-point counts normalised"
2026-09-26T05:17:57+00:00,2_data_types,Number stored as text,1071,B01134,Cycle_Time_Hrs,8.3h,8.3,Converted to number,"Units, separators, number words or decimal-point counts normalised"
2026-09-26T05:17:57+00:00,2_data_types,Number stored as text,1195,B02792,Cycle_Time_Hrs,10.0h,10,Converted to number,"Units, separators, number words or decimal-point counts normalised"
2026-09-26T05:17:57+00:00,2_data_types,Number stored as text,1526,B00143,Cycle_Time_Hrs,11.2 h,11.2,Converted to number,"Units, separators, number words or decimal-point counts normalised"
2026-09-26T05:17:57+00:00,2_data_types,Number stored as text,1538,B01904,Cycle_Time_Hrs,9.8h,9.8,Converted to number,"Units, separators, number words or decimal-point counts normalised"
2026-09-26T05:17:57+00:00,2_data_types,Number stored as text,1627,B01946,Cycle_Time_Hrs,8.2h,8.2,Converted to number,"Units, separators, number words or decimal-point counts normalised"
2026-09-26T05:17:57+00:00,2_data_types,Number stored as text,1666,B02660,Cycle_Time_Hrs,9.1h,9.1,Converted to number,"Units, separators, number words or decimal-point counts normalised"
2026-09-26T05:17:57+00:00,2_data_types,Number stored as text,1771,B01300,Cycle_Time_Hrs,11.6h,11.6,Converted to number,"Units, separators, number words or decimal-point counts normalised"
2026-09-26T05:17:57+00:00,2_data_types,Number stored as text,1838,B01757,Cycle_Time_Hrs,10.5h,10.5,Converted to number,"Units, separators, number words or decimal-point counts normalised"
2026-09-26T05:17:57+00:00,2_data_types,Number stored as text,1856,B00751,Cycle_Time_Hrs,9.1 h,9.1,Converted to number,"Units, separators, number words or decimal-point counts normalised"
2026-09-26T05:17:57+00:00,2_data_types,Number stored as text,1894,B02760,Cycle_Time_Hrs,11.0h,11,Converted to number,"Units, separators, number words or decimal-point counts normalised"
2026-09-26T05:17:57+00:00,2_data_types,Number stored as text,1921,B00223,Cycle_Time_Hrs,8.4h,8.4,Converted to number,"Units, separators, number words or decimal-point counts normalised"
2026-09-26T05:17:57+00:00,2_data_types,Number stored as text,2044,B01666,Cycle_Time_Hrs,9.5 h,9.5,Converted to number,"Units, separators, number words or decimal-point counts normalised"
2026-09-26T05:17:57+00:00,2_data_types,Number stored as text,2046,B00681,Cycle_Time_Hrs,9.6h,9.6,Converted to number,"Units, separators, number words or decimal-point counts normalised"
2026-09-26T05:17:57+00:00,2_data_types,Number stored as text,2068,B02398,Cycle_Time_Hrs,11.1h,11.1,Converted to number,"Units, separators, number words or decimal-point counts normalised"
2026-09-26T05:17:57+00:00,2_data_types,Number stored as text,2084,B00177,Cycle_Time_Hrs,10.0h,10,Converted to number,"Units, separators, number words or decimal-point counts normalised"
2026-09-26T05:17:57+00:00,2_data_types,Number stored as text,2094,B00906,Cycle_Time_Hrs,8.3 h,8.3,Converted to number,"Units, separators, number words or decimal-point counts normalised"
2026-09-26T05:17:57+00:00,2_data_types,Number stored as text,2184,B02120,Cycle_Time_Hrs,10.1h,10.1,Converted to number,"Units, separators, number words or decimal-point counts normalised"
2026-09-26T05:17:57+00:00,2_data_types,Number stored as text,2200,B01732,Cycle_Time_Hrs,9.1 h,9.1,Converted to number,"Units, separators, number words or decimal-point counts normalised"
2026-09-26T05:17:57+00:00,2_data_types,Number stored as text,2266,B01765,Cycle_Time_Hrs,11.3 h,11.3,Converted to number,"Units, separators, number words or decimal-point counts normalised"
2026-09-26T05:17:57+00:00,2_data_types,Number stored as text,2373,B00877,Cycle_Time_Hrs,7.7h,7.7,Converted to number,"Units, separators, number words or decimal-point counts normalised"
2026-09-26T05:17:57+00:00,2_data_types,Number stored as text,2473,B02319,Cycle_Time_Hrs,9.1 h,9.1,Converted to number,"Units, separators, number words or decimal-point counts normalised"
2026-09-26T05:17:57+00:00,2_data_types,Number stored as text,2507,B01544,Cycle_Time_Hrs,6.3h,6.3,Converted to number,"Units, separators, number words or decimal-point counts normalised"
2026-09-26T05:17:57+00:00,2_data_types,Number stored as text,2509,B01966,Cycle_Time_Hrs,10.4h,10.4,Converted to number,"Units, separators, number words or decimal-point counts normalised"
2026-09-26T05:17:57+00:00,2_data_types,Number stored as text,2765,B00986,Cycle_Time_Hrs,10.5h,10.5,Converted to number,"Units, separators, number words or decimal-point counts normalised"
2026-09-26T05:17:57+00:00,2_data_types,Number stored as text,2821,B02176,Cycle_Time_Hrs,6.8h,6.8,Converted to number,"Units, separators, number words or decimal-point counts normalised"
2026-09-26T05:17:57+00:00,2_data_types,Number stored as text,2860,B00220,Cycle_Time_Hrs,10.4 h,10.4,Converted to number,"Units, separators, number words or decimal-point counts normalised"
2026-09-26T05:17:57+00:00,2_data_types,Number stored as text,2896,B02909,Cycle_Time_Hrs,11.5h,11.5,Converted to number,"Units, separators, number words or decimal-point counts normalised"
2026-09-26T05:17:57+00:00,2_data_types,Number stored as text,2995,B01134,Cycle_Time_Hrs,8.3h,8.3,Converted to number,"Units, separators, number words or decimal-point counts normalised"
2026-09-26T05:17:57+00:00,2_data_types,Inconsistent date format,2,B00869,Manufacturing_Date,07/01/2024,2024-01-07,Parsed to ISO date,Standardised to YYYY-MM-DD
2026-09-26T05:17:57+00:00,2_data_types,Inconsistent date format,8,B02052,Manufacturing_Date,02-11-2025,2025-02-11,Parsed to ISO date,Standardised to YYYY-MM-DD
2026-09-26T05:17:57+00:00,2_data_types,Inconsistent date format,28,B01996,Manufacturing_Date,"December 04, 2025",2025-12-04,Parsed to ISO date,Standardised to YYYY-MM-DD
2026-09-26T05:17:57+00:00,2_data_types,Inconsistent date format,51,B02303,Manufacturing_Date,30/07/2024,2024-07-30,Parsed to ISO date,Standardised to YYYY-MM-DD
2026-09-26T05:17:57+00:00,2_data_types,Inconsistent date format,112,B02620,Manufacturing_Date,18/07/2025,2025-07-18,Parsed to ISO date,Standardised to YYYY-MM-DD
2026-09-26T05:17:57+00:00,2_data_types,Inconsistent date format,114,B01726,Manufacturing_Date,18/02/2023,2023-02-18,Parsed to ISO date,Standardised to YYYY-MM-DD
2026-09-26T05:17:57+00:00,2_data_types,Inconsistent date format,138,B02652,Manufacturing_Date,08-10-2024,2024-08-10,Parsed to ISO date,Standardised to YYYY-MM-DD
2026-09-26T05:17:57+00:00,2_data_types,Inconsistent date format,140,B02304,Manufacturing_Date,"May 15, 2025",2025-05-15,Parsed to ISO date,Standardised to YYYY-MM-DD
2026-09-26T05:17:57+00:00,2_data_types,Inconsistent date format,177,B00579,Manufacturing_Date,"April 06, 2023",2023-04-06,Parsed to ISO date,Standardised to YYYY-MM-DD
2026-09-26T05:17:57+00:00,2_data_types,Inconsistent date format,189,B00987,Manufacturing_Date,2023/10/14,2023-10-14,Parsed to ISO date,Standardised to YYYY-MM-DD
2026-09-26T05:17:57+00:00,2_data_types,Inconsistent date format,195,B00088,Manufacturing_Date,2024/05/17,2024-05-17,Parsed to ISO date,Standardised to YYYY-MM-DD
2026-09-26T05:17:57+00:00,2_data_types,Inconsistent date format,202,B01995,Manufacturing_Date,2023/12/19,2023-12-19,Parsed to ISO date,Standardised to YYYY-MM-DD
2026-09-26T05:17:57+00:00,2_data_types,Inconsistent date format,204,B02495,Manufacturing_Date,17 Mar 2025,2025-03-17,Parsed to ISO date,Standardised to YYYY-MM-DD
2026-09-26T05:17:57+00:00,2_data_types,Inconsistent date format,216,B00467,Manufacturing_Date,"April 01, 2025",2025-04-01,Parsed to ISO date,Standardised to YYYY-MM-DD
2026-09-26T05:17:57+00:00,2_data_types,Inconsistent date format,217,B00407,Manufacturing_Date,2024/01/25,2024-01-25,Parsed to ISO date,Standardised to YYYY-MM-DD
2026-09-26T05:17:57+00:00,2_data_types,Inconsistent date format,227,B02499,Manufacturing_Date,"January 31, 2024",2024-01-31,Parsed to ISO date,Standardised to YYYY-MM-DD
2026-09-26T05:17:57+00:00,2_data_types,Inconsistent date format,248,B00128,Manufacturing_Date,25/05/2023,2023-05-25,Parsed to ISO date,Standardised to YYYY-MM-DD
2026-09-26T05:17:57+00:00,2_data_types,Inconsistent date format,256,B00928,Manufacturing_Date,"April 11, 2023",2023-04-11,Parsed to ISO date,Standardised to YYYY-MM-DD
2026-09-26T05:17:57+00:00,2_data_types,Inconsistent date format,260,B01517,Manufacturing_Date,28 May 2025,2025-05-28,Parsed to ISO date,Standardised to YYYY-MM-DD
2026-09-26T05:17:57+00:00,2_data_types,Inconsistent date format,278,B00397,Manufacturing_Date,"June 12, 2025",2025-06-12,Parsed to ISO date,Standardised to YYYY-MM-DD
2026-09-26T05:17:57+00:00,2_data_types,Inconsistent date format,287,B00800,Manufacturing_Date,"May 27, 2024",2024-05-27,Parsed to ISO date,Standardised to YYYY-MM-DD
2026-09-26T05:17:57+00:00,2_data_types,Inconsistent date format,290,B01856,Manufacturing_Date,12/10/2023,2023-10-12,Parsed to ISO date,Standardised to YYYY-MM-DD
2026-09-26T05:17:57+00:00,2_data_types,Inconsistent date format,296,B02082,Manufacturing_Date,08-22-2024,2024-08-22,Parsed to ISO date,Standardised to YYYY-MM-DD
2026-09-26T05:17:57+00:00,2_data_types,Inconsistent date format,306,B01819,Manufacturing_Date,"August 09, 2024",2024-08-09,Parsed to ISO date,Standardised to YYYY-MM-DD
2026-09-26T05:17:57+00:00,2_data_types,Inconsistent date format,321,B00839,Manufacturing_Date,06/03/2024,2024-03-06,Parsed to ISO date,Standardised to YYYY-MM-DD
2026-09-26T05:17:57+00:00,2_data_types,Inconsistent date format,352,B02390,Manufacturing_Date,2024/01/31,2024-01-31,Parsed to ISO date,Standardised to YYYY-MM-DD
2026-09-26T05:17:57+00:00,2_data_types,Inconsistent date format,358,B00338,Manufacturing_Date,"June 18, 2023",2023-06-18,Parsed to ISO date,Standardised to YYYY-MM-DD
2026-09-26T05:17:57+00:00,2_data_types,Inconsistent date format,367,B02163,Manufacturing_Date,04 May 2023,2023-05-04,Parsed to ISO date,Standardised to YYYY-MM-DD
2026-09-26T05:17:57+00:00,2_data_types,Inconsistent date format,375,B02517,Manufacturing_Date,02/12/2025,2025-12-02,Parsed to ISO date,Standardised to YYYY-MM-DD
2026-09-26T05:17:57+00:00,2_data_types,Inconsistent date format,377,B00802,Manufacturing_Date,02 Aug 2024,2024-08-02,Parsed to ISO date,Standardised to YYYY-MM-DD
2026-09-26T05:17:57+00:00,2_data_types,Inconsistent date format,380,B00324,Manufacturing_Date,04-09-2023,2023-04-09,Parsed to ISO date,Standardised to YYYY-MM-DD
2026-09-26T05:17:57+00:00,2_data_types,Inconsistent date format,382,B01797,Manufacturing_Date,"July 22, 2023",2023-07-22,Parsed to ISO date,Standardised to YYYY-MM-DD
2026-09-26T05:17:57+00:00,2_data_types,Inconsistent date format,392,B01826,Manufacturing_Date,"March 28, 2024",2024-03-28,Parsed to ISO date,Standardised to YYYY-MM-DD
2026-09-26T05:17:57+00:00,2_data_types,Inconsistent date format,401,B02571,Manufacturing_Date,"September 09, 2025",2025-09-09,Parsed to ISO date,Standardised to YYYY-MM-DD
2026-09-26T05:17:57+00:00,2_data_types,Inconsistent date format,406,B00557,Manufacturing_Date,2024/11/24,2024-11-24,Parsed to ISO date,Standardised to YYYY-MM-DD
2026-09-26T05:17:57+00:00,2_data_types,Inconsistent date format,416,B01789,Manufacturing_Date,2023/06/25,2023-06-25,Parsed to ISO date,Standardised to YYYY-MM-DD
2026-09-26T05:17:57+00:00,2_data_types,Inconsistent date format,429,B02762,Manufacturing_Date,08-16-2023,2023-08-16,Parsed to ISO date,Standardised to YYYY-MM-DD
2026-09-26T05:17:57+00:00,2_data_types,Inconsistent date format,431,B00561,Manufacturing_Date,08-18-2025,2025-08-18,Parsed to ISO date,Standardised to YYYY-MM-DD
2026-09-26T05:17:57+00:00,2_data_types,Inconsistent date format,444,B00930,Manufacturing_Date,2024/04/27,2024-04-27,Parsed to ISO date,Standardised to YYYY-MM-DD
2026-09-26T05:17:57+00:00,2_data_types,Inconsistent date format,448,B02583,Manufacturing_Date,08/01/2025,2025-01-08,Parsed to ISO date,Standardised to YYYY-MM-DD
2026-09-26T05:17:57+00:00,2_data_types,Inconsistent date format,451,B00569,Manufacturing_Date,2023/10/10,2023-10-10,Parsed to ISO date,Standardised to YYYY-MM-DD
2026-09-26T05:17:57+00:00,2_data_types,Inconsistent date format,473,B02616,Manufacturing_Date,08/08/2024,2024-08-08,Parsed to ISO date,Standardised to YYYY-MM-DD
2026-09-26T05:17:57+00:00,2_data_types,Inconsistent date format,480,B00824,Manufacturing_Date,29 Jun 2024,2024-06-29,Parsed to ISO date,Standardised to YYYY-MM-DD
2026-09-26T05:17:57+00:00,2_data_types,Inconsistent date format,488,B00410,Manufacturing_Date,22/09/2025,2025-09-22,Parsed to ISO date,Standardised to YYYY-MM-DD
2026-09-26T05:17:57+00:00,2_data_types,Inconsistent date format,509,B01949,Manufacturing_Date,10 Feb 2023,2023-02-10,Parsed to ISO date,Standardised to YYYY-MM-DD
2026-09-26T05:17:57+00:00,2_data_types,Inconsistent date format,511,B02817,Manufacturing_Date,05 Dec 2023,2023-12-05,Parsed to ISO date,Standardised to YYYY-MM-DD
2026-09-26T05:17:57+00:00,2_data_types,Inconsistent date format,516,B02374,Manufacturing_Date,19 Dec 2024,2024-12-19,Parsed to ISO date,Standardised to YYYY-MM-DD
2026-09-26T05:17:57+00:00,2_data_types,Inconsistent date format,528,B01249,Manufacturing_Date,08-02-2025,2025-08-02,Parsed to ISO date,Standardised to YYYY-MM-DD
2026-09-26T05:17:57+00:00,2_data_types,Inconsistent date format,567,B00636,Manufacturing_Date,19 Jun 2025,2025-06-19,Parsed to ISO date,Standardised to YYYY-MM-DD
2026-09-26T05:17:57+00:00,2_data_types,Inconsistent date format,577,B02285,Manufacturing_Date,12 Oct 2025,2025-10-12,Parsed to ISO date,Standardised to YYYY-MM-DD
2026-09-26T05:17:57+00:00,2_data_types,Inconsistent date format,585,B02215,Manufacturing_Date,10-20-2023,2023-10-20,Parsed to ISO date,Standardised to YYYY-MM-DD
2026-09-26T05:17:57+00:00,2_data_types,Inconsistent date format,631,B00839,Manufacturing_Date,06/03/2024,2024-03-06,Parsed to ISO date,Standardised to YYYY-MM-DD
2026-09-26T05:17:57+00:00,2_data_types,Inconsistent date format,635,B02552,Manufacturing_Date,10-28-2024,2024-10-28,Parsed to ISO date,Standardised to YYYY-MM-DD
2026-09-26T05:17:57+00:00,2_data_types,Inconsistent date format,638,B00216,Manufacturing_Date,2025/11/01,2025-11-01,Parsed to ISO date,Standardised to YYYY-MM-DD
2026-09-26T05:17:57+00:00,2_data_types,Inconsistent date format,655,B00158,Manufacturing_Date,22 Sep 2024,2024-09-22,Parsed to ISO date,Standardised to YYYY-MM-DD
2026-09-26T05:17:57+00:00,2_data_types,Inconsistent date format,657,B00389,Manufacturing_Date,"October 29, 2023",2023-10-29,Parsed to ISO date,Standardised to YYYY-MM-DD
2026-09-26T05:17:57+00:00,2_data_types,Inconsistent date format,660,B00668,Manufacturing_Date,"December 20, 2023",2023-12-20,Parsed to ISO date,Standardised to YYYY-MM-DD
2026-09-26T05:17:57+00:00,2_data_types,Inconsistent date format,671,B00684,Manufacturing_Date,18 Nov 2023,2023-11-18,Parsed to ISO date,Standardised to YYYY-MM-DD
2026-09-26T05:17:57+00:00,2_data_types,Inconsistent date format,676,B00832,Manufacturing_Date,"February 04, 2023",2023-02-04,Parsed to ISO date,Standardised to YYYY-MM-DD
2026-09-26T05:17:57+00:00,2_data_types,Inconsistent date format,690,B00310,Manufacturing_Date,15/10/2025,2025-10-15,Parsed to ISO date,Standardised to YYYY-MM-DD
2026-09-26T05:17:57+00:00,2_data_types,Inconsistent date format,692,B01876,Manufacturing_Date,01 Jan 2025,2025-01-01,Parsed to ISO date,Standardised to YYYY-MM-DD
2026-09-26T05:17:57+00:00,2_data_types,Inconsistent date format,700,B00536,Manufacturing_Date,12-11-2024,2024-12-11,Parsed to ISO date,Standardised to YYYY-MM-DD
2026-09-26T05:17:57+00:00,2_data_types,Inconsistent date format,721,B02335,Manufacturing_Date,"January 11, 2023",2023-01-11,Parsed to ISO date,Standardised to YYYY-MM-DD
2026-09-26T05:17:57+00:00,2_data_types,Inconsistent date format,722,B01019,Manufacturing_Date,10-08-2023,2023-10-08,Parsed to ISO date,Standardised to YYYY-MM-DD
2026-09-26T05:17:57+00:00,2_data_types,Inconsistent date format,729,B01865,Manufacturing_Date,01-06-2025,2025-01-06,Parsed to ISO date,Standardised to YYYY-MM-DD
2026-09-26T05:17:57+00:00,2_data_types,Inconsistent date format,747,B01461,Manufacturing_Date,23/01/2023,2023-01-23,Parsed to ISO date,Standardised to YYYY-MM-DD
2026-09-26T05:17:57+00:00,2_data_types,Inconsistent date format,753,B00541,Manufacturing_Date,"September 17, 2025",2025-09-17,Parsed to ISO date,Standardised to YYYY-MM-DD
2026-09-26T05:17:57+00:00,2_data_types,Inconsistent date format,775,B00155,Manufacturing_Date,09-20-2024,2024-09-20,Parsed to ISO date,Standardised to YYYY-MM-DD
2026-09-26T05:17:57+00:00,2_data_types,Inconsistent date format,780,B01946,Manufacturing_Date,2023/03/22,2023-03-22,Parsed to ISO date,Standardised to YYYY-MM-DD
2026-09-26T05:17:57+00:00,2_data_types,Inconsistent date format,792,B01236,Manufacturing_Date,"April 24, 2023",2023-04-24,Parsed to ISO date,Standardised to YYYY-MM-DD
2026-09-26T05:17:57+00:00,2_data_types,Inconsistent date format,803,B02456,Manufacturing_Date,"June 27, 2023",2023-06-27,Parsed to ISO date,Standardised to YYYY-MM-DD
2026-09-26T05:17:57+00:00,2_data_types,Inconsistent date format,805,B02363,Manufacturing_Date,2023/12/12,2023-12-12,Parsed to ISO date,Standardised to YYYY-MM-DD
2026-09-26T05:17:57+00:00,2_data_types,Inconsistent date format,808,B00888,Manufacturing_Date,22 Apr 2025,2025-04-22,Parsed to ISO date,Standardised to YYYY-MM-DD
2026-09-26T05:17:57+00:00,2_data_types,Inconsistent date format,817,B02008,Manufacturing_Date,2025/10/11,2025-10-11,Parsed to ISO date,Standardised to YYYY-MM-DD
2026-09-26T05:17:57+00:00,2_data_types,Inconsistent date format,835,B02518,Manufacturing_Date,"October 18, 2025",2025-10-18,Parsed to ISO date,Standardised to YYYY-MM-DD
2026-09-26T05:17:57+00:00,2_data_types,Inconsistent date format,845,B01579,Manufacturing_Date,2024/04/27,2024-04-27,Parsed to ISO date,Standardised to YYYY-MM-DD
2026-09-26T05:17:57+00:00,2_data_types,Inconsistent date format,846,B01135,Manufacturing_Date,2025/02/23,2025-02-23,Parsed to ISO date,Standardised to YYYY-MM-DD
2026-09-26T05:17:57+00:00,2_data_types,Inconsistent date format,853,B01877,Manufacturing_Date,2025/07/02,2025-07-02,Parsed to ISO date,Standardised to YYYY-MM-DD
2026-09-26T05:17:57+00:00,2_data_types,Inconsistent date format,871,B02338,Manufacturing_Date,28 Mar 2024,2024-03-28,Parsed to ISO date,Standardised to YYYY-MM-DD
2026-09-26T05:17:57+00:00,2_data_types,Inconsistent date format,874,B01680,Manufacturing_Date,2023/05/20,2023-05-20,Parsed to ISO date,Standardised to YYYY-MM-DD
2026-09-26T05:17:57+00:00,2_data_types,Inconsistent date format,931,B02081,Manufacturing_Date,"July 10, 2024",2024-07-10,Parsed to ISO date,Standardised to YYYY-MM-DD
2026-09-26T05:17:57+00:00,2_data_types,Inconsistent date format,936,B00113,Manufacturing_Date,31 Mar 2023,2023-03-31,Parsed to ISO date,Standardised to YYYY-MM-DD
2026-09-26T05:17:57+00:00,2_data_types,Inconsistent date format,962,B00018,Manufacturing_Date,"May 26, 2023",2023-05-26,Parsed to ISO date,Standardised to YYYY-MM-DD
2026-09-26T05:17:57+00:00,2_data_types,Inconsistent date format,973,B01417,Manufacturing_Date,13/03/2024,2024-03-13,Parsed to ISO date,Standardised to YYYY-MM-DD
2026-09-26T05:17:57+00:00,2_data_types,Inconsistent date format,987,B00320,Manufacturing_Date,11 Jan 2023,2023-01-11,Parsed to ISO date,Standardised to YYYY-MM-DD
2026-09-26T05:17:57+00:00,2_data_types,Inconsistent date format,995,B02153,Manufacturing_Date,"March 25, 2024",2024-03-25,Parsed to ISO date,Standardised to YYYY-MM-DD
2026-09-26T05:17:57+00:00,2_data_types,Inconsistent date format,1000,B02516,Manufacturing_Date,04 Aug 2023,2023-08-04,Parsed to ISO date,Standardised to YYYY-MM-DD
2026-09-26T05:17:57+00:00,2_data_types,Inconsistent date format,1002,B01235,Manufacturing_Date,09/04/2024,2024-04-09,Parsed to ISO date,Standardised to YYYY-MM-DD
2026-09-26T05:17:57+00:00,2_data_types,Inconsistent date format,1015,B02834,Manufacturing_Date,"December 24, 2023",2023-12-24,Parsed to ISO date,Standardised to YYYY-MM-DD
2026-09-26T05:17:57+00:00,2_data_types,Inconsistent date format,1036,B01439,Manufacturing_Date,07-28-2024,2024-07-28,Parsed to ISO date,Standardised to YYYY-MM-DD
2026-09-26T05:17:57+00:00,2_data_types,Inconsistent date format,1046,B01518,Manufacturing_Date,"December 16, 2023",2023-12-16,Parsed to ISO date,Standardised to YYYY-MM-DD
2026-09-26T05:17:57+00:00,2_data_types,Inconsistent date format,1048,B00305,Manufacturing_Date,08-15-2024,2024-08-15,Parsed to ISO date,Standardised to YYYY-MM-DD
2026-09-26T05:17:57+00:00,2_data_types,Inconsistent date format,1050,B01623,Manufacturing_Date,03 Sep 2025,2025-09-03,Parsed to ISO date,Standardised to YYYY-MM-DD
2026-09-26T05:17:57+00:00,2_data_types,Inconsistent date format,1077,B00109,Manufacturing_Date,11-26-2024,2024-11-26,Parsed to ISO date,Standardised to YYYY-MM-DD
2026-09-26T05:17:57+00:00,2_data_types,Inconsistent date format,1100,B02331,Manufacturing_Date,23 Feb 2025,2025-02-23,Parsed to ISO date,Standardised to YYYY-MM-DD
2026-09-26T05:17:57+00:00,2_data_types,Inconsistent date format,1101,B01335,Manufacturing_Date,20/03/2023,2023-03-20,Parsed to ISO date,Standardised to YYYY-MM-DD
2026-09-26T05:17:57+00:00,2_data_types,Inconsistent date format,1102,B00512,Manufacturing_Date,02/05/2023,2023-05-02,Parsed to ISO date,Standardised to YYYY-MM-DD
2026-09-26T05:17:57+00:00,2_data_types,Inconsistent date format,1127,B01978,Manufacturing_Date,10-26-2025,2025-10-26,Parsed to ISO date,Standardised to YYYY-MM-DD
2026-09-26T05:17:57+00:00,2_data_types,Inconsistent date format,1143,B01259,Manufacturing_Date,07-02-2024,2024-07-02,Parsed to ISO date,Standardised to YYYY-MM-DD
2026-09-26T05:17:57+00:00,2_data_types,Inconsistent date format,1154,B01827,Manufacturing_Date,28 Jun 2024,2024-06-28,Parsed to ISO date,Standardised to YYYY-MM-DD
2026-09-26T05:17:57+00:00,2_data_types,Inconsistent date format,1161,B01113,Manufacturing_Date,05/05/2024,2024-05-05,Parsed to ISO date,Standardised to YYYY-MM-DD
2026-09-26T05:17:57+00:00,2_data_types,Inconsistent date format,1191,B02775,Manufacturing_Date,2025/10/09,2025-10-09,Parsed to ISO date,Standardised to YYYY-MM-DD
2026-09-26T05:17:57+00:00,2_data_types,Inconsistent date format,1193,B02782,Manufacturing_Date,12-20-2024,2024-12-20,Parsed to ISO date,Standardised to YYYY-MM-DD
2026-09-26T05:17:57+00:00,2_data_types,Inconsistent date format,1194,B01988,Manufacturing_Date,03-12-2025,2025-03-12,Parsed to ISO date,Standardised to YYYY-MM-DD
2026-09-26T05:17:57+00:00,2_data_types,Inconsistent date format,1222,B01867,Manufacturing_Date,2025/07/13,2025-07-13,Parsed to ISO date,Standardised to YYYY-MM-DD
2026-09-26T05:17:57+00:00,2_data_types,Inconsistent date format,1247,B02206,Manufacturing_Date,05 Jul 2025,2025-07-05,Parsed to ISO date,Standardised to YYYY-MM-DD
2026-09-26T05:17:57+00:00,2_data_types,Inconsistent date format,1250,B02496,Manufacturing_Date,26 Nov 2025,2025-11-26,Parsed to ISO date,Standardised to YYYY-MM-DD
2026-09-26T05:17:57+00:00,2_data_types,Inconsistent date format,1255,B00034,Manufacturing_Date,2023/10/20,2023-10-20,Parsed to ISO date,Standardised to YYYY-MM-DD
2026-09-26T05:17:57+00:00,2_data_types,Inconsistent date format,1277,B02432,Manufacturing_Date,08-15-2023,2023-08-15,Parsed to ISO date,Standardised to YYYY-MM-DD
2026-09-26T05:17:57+00:00,2_data_types,Inconsistent date format,1287,B02217,Manufacturing_Date,09 Jul 2025,2025-07-09,Parsed to ISO date,Standardised to YYYY-MM-DD
2026-09-26T05:17:57+00:00,2_data_types,Inconsistent date format,1298,B01648,Manufacturing_Date,05-10-2024,2024-05-10,Parsed to ISO date,Standardised to YYYY-MM-DD
2026-09-26T05:17:57+00:00,2_data_types,Inconsistent date format,1316,B01463,Manufacturing_Date,03-27-2024,2024-03-27,Parsed to ISO date,Standardised to YYYY-MM-DD
2026-09-26T05:17:57+00:00,2_data_types,Inconsistent date format,1340,B02072,Manufacturing_Date,09-07-2025,2025-09-07,Parsed to ISO date,Standardised to YYYY-MM-DD
2026-09-26T05:17:57+00:00,2_data_types,Inconsistent date format,1377,B01304,Manufacturing_Date,2023/07/22,2023-07-22,Parsed to ISO date,Standardised to YYYY-MM-DD
2026-09-26T05:17:57+00:00,2_data_types,Inconsistent date format,1384,B02256,Manufacturing_Date,10-06-2024,2024-10-06,Parsed to ISO date,Standardised to YYYY-MM-DD
2026-09-26T05:17:57+00:00,2_data_types,Inconsistent date format,1385,B00145,Manufacturing_Date,"March 16, 2025",2025-03-16,Parsed to ISO date,Standardised to YYYY-MM-DD
2026-09-26T05:17:57+00:00,2_data_types,Inconsistent date format,1389,B00987,Manufacturing_Date,2023/10/14,2023-10-14,Parsed to ISO date,Standardised to YYYY-MM-DD
2026-09-26T05:17:57+00:00,2_data_types,Inconsistent date format,1411,B02905,Manufacturing_Date,10/01/2025,2025-01-10,Parsed to ISO date,Standardised to YYYY-MM-DD
2026-09-26T05:17:57+00:00,2_data_types,Inconsistent date format,1418,B02644,Manufacturing_Date,2024/12/24,2024-12-24,Parsed to ISO date,Standardised to YYYY-MM-DD
2026-09-26T05:17:57+00:00,2_data_types,Inconsistent date format,1426,B01534,Manufacturing_Date,2024/03/26,2024-03-26,Parsed to ISO date,Standardised to YYYY-MM-DD
2026-09-26T05:17:57+00:00,2_data_types,Inconsistent date format,1435,B00823,Manufacturing_Date,"March 26, 2025",2025-03-26,Parsed to ISO date,Standardised to YYYY-MM-DD
2026-09-26T05:17:57+00:00,2_data_types,Inconsistent date format,1436,B01038,Manufacturing_Date,2024/03/28,2024-03-28,Parsed to ISO date,Standardised to YYYY-MM-DD
2026-09-26T05:17:57+00:00,2_data_types,Inconsistent date format,1446,B00332,Manufacturing_Date,2025/08/22,2025-08-22,Parsed to ISO date,Standardised to YYYY-MM-DD
2026-09-26T05:17:57+00:00,2_data_types,Inconsistent date format,1474,B01679,Manufacturing_Date,15 Oct 2025,2025-10-15,Parsed to ISO date,Standardised to YYYY-MM-DD
2026-09-26T05:17:57+00:00,2_data_types,Inconsistent date format,1487,B02662,Manufacturing_Date,04 Apr 2024,2024-04-04,Parsed to ISO date,Standardised to YYYY-MM-DD
2026-09-26T05:17:57+00:00,2_data_types,Inconsistent date format,1504,B02631,Manufacturing_Date,01-26-2023,2023-01-26,Parsed to ISO date,Standardised to YYYY-MM-DD
2026-09-26T05:17:57+00:00,2_data_types,Inconsistent date format,1535,B01630,Manufacturing_Date,2023/04/22,2023-04-22,Parsed to ISO date,Standardised to YYYY-MM-DD
2026-09-26T05:17:57+00:00,2_data_types,Inconsistent date format,1544,B01386,Manufacturing_Date,07-18-2025,2025-07-18,Parsed to ISO date,Standardised to YYYY-MM-DD
2026-09-26T05:17:57+00:00,2_data_types,Inconsistent date format,1558,B00595,Manufacturing_Date,27/10/2024,2024-10-27,Parsed to ISO date,Standardised to YYYY-MM-DD
2026-09-26T05:17:57+00:00,2_data_types,Inconsistent date format,1568,B01105,Manufacturing_Date,2024/04/27,2024-04-27,Parsed to ISO date,Standardised to YYYY-MM-DD
2026-09-26T05:17:57+00:00,2_data_types,Inconsistent date format,1574,B00264,Manufacturing_Date,2025/11/17,2025-11-17,Parsed to ISO date,Standardised to YYYY-MM-DD
2026-09-26T05:17:57+00:00,2_data_types,Inconsistent date format,1580,B02722,Manufacturing_Date,2024/06/08,2024-06-08,Parsed to ISO date,Standardised to YYYY-MM-DD
2026-09-26T05:17:57+00:00,2_data_types,Inconsistent date format,1590,B01128,Manufacturing_Date,03-23-2025,2025-03-23,Parsed to ISO date,Standardised to YYYY-MM-DD
2026-09-26T05:17:57+00:00,2_data_types,Inconsistent date format,1624,B01754,Manufacturing_Date,2024/07/24,2024-07-24,Parsed to ISO date,Standardised to YYYY-MM-DD
2026-09-26T05:17:57+00:00,2_data_types,Inconsistent date format,1627,B01946,Manufacturing_Date,2023/03/22,2023-03-22,Parsed to ISO date,Standardised to YYYY-MM-DD
2026-09-26T05:17:57+00:00,2_data_types,Inconsistent date format,1628,B01526,Manufacturing_Date,23/06/2024,2024-06-23,Parsed to ISO date,Standardised to YYYY-MM-DD
2026-09-26T05:17:57+00:00,2_data_types,Inconsistent date format,1636,B01985,Manufacturing_Date,08 Dec 2025,2025-12-08,Parsed to ISO date,Standardised to YYYY-MM-DD
2026-09-26T05:17:57+00:00,2_data_types,Inconsistent date format,1673,B02662,Manufacturing_Date,04 Apr 2024,2024-04-04,Parsed to ISO date,Standardised to YYYY-MM-DD
2026-09-26T05:17:57+00:00,2_data_types,Inconsistent date format,1681,B02457,Manufacturing_Date,23 Aug 2025,2025-08-23,Parsed to ISO date,Standardised to YYYY-MM-DD
2026-09-26T05:17:57+00:00,2_data_types,Inconsistent date format,1696,B02902,Manufacturing_Date,"October 11, 2025",2025-10-11,Parsed to ISO date,Standardised to YYYY-MM-DD
2026-09-26T05:17:57+00:00,2_data_types,Inconsistent date format,1710,B01423,Manufacturing_Date,12/06/2025,2025-06-12,Parsed to ISO date,Standardised to YYYY-MM-DD
2026-09-26T05:17:57+00:00,2_data_types,Inconsistent date format,1750,B01306,Manufacturing_Date,"April 27, 2024",2024-04-27,Parsed to ISO date,Standardised to YYYY-MM-DD
2026-09-26T05:17:57+00:00,2_data_types,Inconsistent date format,1757,B02829,Manufacturing_Date,"April 08, 2023",2023-04-08,Parsed to ISO date,Standardised to YYYY-MM-DD
2026-09-26T05:17:57+00:00,2_data_types,Inconsistent date format,1762,B02218,Manufacturing_Date,12-09-2023,2023-12-09,Parsed to ISO date,Standardised to YYYY-MM-DD
2026-09-26T05:17:57+00:00,2_data_types,Inconsistent date format,1763,B01371,Manufacturing_Date,02-13-2025,2025-02-13,Parsed to ISO date,Standardised to YYYY-MM-DD
2026-09-26T05:17:57+00:00,2_data_types,Inconsistent date format,1766,B01608,Manufacturing_Date,08/12/2025,2025-12-08,Parsed to ISO date,Standardised to YYYY-MM-DD
2026-09-26T05:17:57+00:00,2_data_types,Inconsistent date format,1777,B01588,Manufacturing_Date,18 May 2023,2023-05-18,Parsed to ISO date,Standardised to YYYY-MM-DD
2026-09-26T05:17:57+00:00,2_data_types,Inconsistent date format,1838,B01757,Manufacturing_Date,07-23-2024,2024-07-23,Parsed to ISO date,Standardised to YYYY-MM-DD
2026-09-26T05:17:57+00:00,2_data_types,Inconsistent date format,1853,B01590,Manufacturing_Date,"December 10, 2025",2025-12-10,Parsed to ISO date,Standardised to YYYY-MM-DD
2026-09-26T05:17:57+00:00,2_data_types,Inconsistent date format,1862,B02158,Manufacturing_Date,"August 07, 2023",2023-08-07,Parsed to ISO date,Standardised to YYYY-MM-DD
2026-09-26T05:17:57+00:00,2_data_types,Inconsistent date format,1882,B00630,Manufacturing_Date,04-26-2024,2024-04-26,Parsed to ISO date,Standardised to YYYY-MM-DD
2026-09-26T05:17:57+00:00,2_data_types,Inconsistent date format,1898,B01333,Manufacturing_Date,03-09-2025,2025-03-09,Parsed to ISO date,Standardised to YYYY-MM-DD
2026-09-26T05:17:57+00:00,2_data_types,Inconsistent date format,1922,B02507,Manufacturing_Date,2025/11/08,2025-11-08,Parsed to ISO date,Standardised to YYYY-MM-DD
2026-09-26T05:17:57+00:00,2_data_types,Inconsistent date format,1946,B02648,Manufacturing_Date,"April 12, 2024",2024-04-12,Parsed to ISO date,Standardised to YYYY-MM-DD
2026-09-26T05:17:57+00:00,2_data_types,Inconsistent date format,1947,B00071,Manufacturing_Date,"September 11, 2023",2023-09-11,Parsed to ISO date,Standardised to YYYY-MM-DD
2026-09-26T05:17:57+00:00,2_data_types,Inconsistent date format,1950,B00904,Manufacturing_Date,05-10-2023,2023-05-10,Parsed to ISO date,Standardised to YYYY-MM-DD
2026-09-26T05:17:57+00:00,2_data_types,Inconsistent date format,1976,B02024,Manufacturing_Date,"March 15, 2024",2024-03-15,Parsed to ISO date,Standardised to YYYY-MM-DD
2026-09-26T05:17:57+00:00,2_data_types,Inconsistent date format,1978,B01192,Manufacturing_Date,2023/02/06,2023-02-06,Parsed to ISO date,Standardised to YYYY-MM-DD
2026-09-26T05:17:57+00:00,2_data_types,Inconsistent date format,1993,B02636,Manufacturing_Date,"August 13, 2025",2025-08-13,Parsed to ISO date,Standardised to YYYY-MM-DD
2026-09-26T05:17:57+00:00,2_data_types,Inconsistent date format,1998,B01448,Manufacturing_Date,09-12-2023,2023-09-12,Parsed to ISO date,Standardised to YYYY-MM-DD
2026-09-26T05:17:57+00:00,2_data_types,Inconsistent date format,2000,B00090,Manufacturing_Date,"December 25, 2023",2023-12-25,Parsed to ISO date,Standardised to YYYY-MM-DD
2026-09-26T05:17:57+00:00,2_data_types,Inconsistent date format,2006,B02614,Manufacturing_Date,01 Feb 2024,2024-02-01,Parsed to ISO date,Standardised to YYYY-MM-DD
2026-09-26T05:17:57+00:00,2_data_types,Inconsistent date format,2007,B00998,Manufacturing_Date,2025/11/10,2025-11-10,Parsed to ISO date,Standardised to YYYY-MM-DD
2026-09-26T05:17:57+00:00,2_data_types,Inconsistent date format,2015,B00372,Manufacturing_Date,2024/06/12,2024-06-12,Parsed to ISO date,Standardised to YYYY-MM-DD
2026-09-26T05:17:57+00:00,2_data_types,Inconsistent date format,2034,B01316,Manufacturing_Date,18 Mar 2023,2023-03-18,Parsed to ISO date,Standardised to YYYY-MM-DD
2026-09-26T05:17:57+00:00,2_data_types,Inconsistent date format,2038,B02137,Manufacturing_Date,08 Oct 2025,2025-10-08,Parsed to ISO date,Standardised to YYYY-MM-DD
2026-09-26T05:17:57+00:00,2_data_types,Inconsistent date format,2063,B01054,Manufacturing_Date,31 May 2025,2025-05-31,Parsed to ISO date,Standardised to YYYY-MM-DD
2026-09-26T05:17:57+00:00,2_data_types,Inconsistent date format,2068,B02398,Manufacturing_Date,01-29-2023,2023-01-29,Parsed to ISO date,Standardised to YYYY-MM-DD
2026-09-26T05:17:57+00:00,2_data_types,Inconsistent date format,2077,B02034,Manufacturing_Date,11-06-2025,2025-11-06,Parsed to ISO date,Standardised to YYYY-MM-DD
2026-09-26T05:17:57+00:00,2_data_types,Inconsistent date format,2083,B00795,Manufacturing_Date,25/05/2025,2025-05-25,Parsed to ISO date,Standardised to YYYY-MM-DD
2026-09-26T05:17:57+00:00,2_data_types,Inconsistent date format,2085,B00678,Manufacturing_Date,2024/03/31,2024-03-31,Parsed to ISO date,Standardised to YYYY-MM-DD
2026-09-26T05:17:57+00:00,2_data_types,Inconsistent date format,2131,B00268,Manufacturing_Date,2024/10/07,2024-10-07,Parsed to ISO date,Standardised to YYYY-MM-DD
2026-09-26T05:17:57+00:00,2_data_types,Inconsistent date format,2138,B00438,Manufacturing_Date,29/04/2023,2023-04-29,Parsed to ISO date,Standardised to YYYY-MM-DD
2026-09-26T05:17:57+00:00,2_data_types,Inconsistent date format,2148,B00069,Manufacturing_Date,"July 07, 2023",2023-07-07,Parsed to ISO date,Standardised to YYYY-MM-DD
2026-09-26T05:17:57+00:00,2_data_types,Inconsistent date format,2164,B01172,Manufacturing_Date,2024/11/02,2024-11-02,Parsed to ISO date,Standardised to YYYY-MM-DD
2026-09-26T05:17:57+00:00,2_data_types,Inconsistent date format,2174,B01706,Manufacturing_Date,04/02/2025,2025-02-04,Parsed to ISO date,Standardised to YYYY-MM-DD
2026-09-26T05:17:57+00:00,2_data_types,Inconsistent date format,2189,B01347,Manufacturing_Date,2025/08/24,2025-08-24,Parsed to ISO date,Standardised to YYYY-MM-DD
2026-09-26T05:17:57+00:00,2_data_types,Inconsistent date format,2199,B01280,Manufacturing_Date,"September 13, 2025",2025-09-13,Parsed to ISO date,Standardised to YYYY-MM-DD
2026-09-26T05:17:57+00:00,2_data_types,Inconsistent date format,2211,B01653,Manufacturing_Date,16 Mar 2025,2025-03-16,Parsed to ISO date,Standardised to YYYY-MM-DD
2026-09-26T05:17:57+00:00,2_data_types,Inconsistent date format,2234,B02722,Manufacturing_Date,2024/06/08,2024-06-08,Parsed to ISO date,Standardised to YYYY-MM-DD
2026-09-26T05:17:57+00:00,2_data_types,Inconsistent date format,2240,B02876,Manufacturing_Date,05-12-2025,2025-05-12,Parsed to ISO date,Standardised to YYYY-MM-DD
2026-09-26T05:17:57+00:00,2_data_types,Inconsistent date format,2251,B00011,Manufacturing_Date,25 Jun 2023,2023-06-25,Parsed to ISO date,Standardised to YYYY-MM-DD
2026-09-26T05:17:57+00:00,2_data_types,Inconsistent date format,2275,B00610,Manufacturing_Date,07/02/2024,2024-02-07,Parsed to ISO date,Standardised to YYYY-MM-DD
2026-09-26T05:17:57+00:00,2_data_types,Inconsistent date format,2293,B00087,Manufacturing_Date,26/01/2023,2023-01-26,Parsed to ISO date,Standardised to YYYY-MM-DD
2026-09-26T05:17:57+00:00,2_data_types,Inconsistent date format,2298,B01285,Manufacturing_Date,"August 15, 2024",2024-08-15,Parsed to ISO date,Standardised to YYYY-MM-DD
2026-09-26T05:17:57+00:00,2_data_types,Inconsistent date format,2302,B00841,Manufacturing_Date,25/11/2023,2023-11-25,Parsed to ISO date,Standardised to YYYY-MM-DD
2026-09-26T05:17:57+00:00,2_data_types,Inconsistent date format,2306,B02368,Manufacturing_Date,12-19-2024,2024-12-19,Parsed to ISO date,Standardised to YYYY-MM-DD
2026-09-26T05:17:57+00:00,2_data_types,Inconsistent date format,2310,B02008,Manufacturing_Date,2025/10/11,2025-10-11,Parsed to ISO date,Standardised to YYYY-MM-DD
2026-09-26T05:17:57+00:00,2_data_types,Inconsistent date format,2322,B00270,Manufacturing_Date,2023/08/20,2023-08-20,Parsed to ISO date,Standardised to YYYY-MM-DD
2026-09-26T05:17:57+00:00,2_data_types,Inconsistent date format,2328,B00964,Manufacturing_Date,05-13-2023,2023-05-13,Parsed to ISO date,Standardised to YYYY-MM-DD
2026-09-26T05:17:57+00:00,2_data_types,Inconsistent date format,2334,B00126,Manufacturing_Date,06-19-2024,2024-06-19,Parsed to ISO date,Standardised to YYYY-MM-DD
2026-09-26T05:17:57+00:00,2_data_types,Inconsistent date format,2344,B00499,Manufacturing_Date,17/11/2023,2023-11-17,Parsed to ISO date,Standardised to YYYY-MM-DD
2026-09-26T05:17:57+00:00,2_data_types,Inconsistent date format,2350,B01044,Manufacturing_Date,"September 24, 2023",2023-09-24,Parsed to ISO date,Standardised to YYYY-MM-DD
2026-09-26T05:17:57+00:00,2_data_types,Inconsistent date format,2381,B01679,Manufacturing_Date,15 Oct 2025,2025-10-15,Parsed to ISO date,Standardised to YYYY-MM-DD
2026-09-26T05:17:57+00:00,2_data_types,Inconsistent date format,2383,B00909,Manufacturing_Date,02-05-2024,2024-02-05,Parsed to ISO date,Standardised to YYYY-MM-DD
2026-09-26T05:17:57+00:00,2_data_types,Inconsistent date format,2397,B00087,Manufacturing_Date,26/01/2023,2023-01-26,Parsed to ISO date,Standardised to YYYY-MM-DD
2026-09-26T05:17:57+00:00,2_data_types,Inconsistent date format,2419,B02445,Manufacturing_Date,07 Jun 2023,2023-06-07,Parsed to ISO date,Standardised to YYYY-MM-DD
2026-09-26T05:17:57+00:00,2_data_types,Inconsistent date format,2441,B00063,Manufacturing_Date,03 Feb 2023,2023-02-03,Parsed to ISO date,Standardised to YYYY-MM-DD
2026-09-26T05:17:57+00:00,2_data_types,Inconsistent date format,2458,B02214,Manufacturing_Date,12 Sep 2024,2024-09-12,Parsed to ISO date,Standardised to YYYY-MM-DD
2026-09-26T05:17:57+00:00,2_data_types,Inconsistent date format,2511,B00840,Manufacturing_Date,"September 29, 2023",2023-09-29,Parsed to ISO date,Standardised to YYYY-MM-DD
2026-09-26T05:17:57+00:00,2_data_types,Inconsistent date format,2527,B01652,Manufacturing_Date,"August 07, 2023",2023-08-07,Parsed to ISO date,Standardised to YYYY-MM-DD
2026-09-26T05:17:57+00:00,2_data_types,Inconsistent date format,2533,B00176,Manufacturing_Date,09-10-2025,2025-09-10,Parsed to ISO date,Standardised to YYYY-MM-DD
2026-09-26T05:17:57+00:00,2_data_types,Inconsistent date format,2537,B01932,Manufacturing_Date,2023/03/06,2023-03-06,Parsed to ISO date,Standardised to YYYY-MM-DD
2026-09-26T05:17:57+00:00,2_data_types,Inconsistent date format,2538,B02213,Manufacturing_Date,19 May 2023,2023-05-19,Parsed to ISO date,Standardised to YYYY-MM-DD
2026-09-26T05:17:57+00:00,2_data_types,Inconsistent date format,2555,B01842,Manufacturing_Date,07-22-2024,2024-07-22,Parsed to ISO date,Standardised to YYYY-MM-DD
2026-09-26T05:17:57+00:00,2_data_types,Inconsistent date format,2598,B01835,Manufacturing_Date,"February 20, 2023",2023-02-20,Parsed to ISO date,Standardised to YYYY-MM-DD
2026-09-26T05:17:57+00:00,2_data_types,Inconsistent date format,2606,B01290,Manufacturing_Date,2024/04/14,2024-04-14,Parsed to ISO date,Standardised to YYYY-MM-DD
2026-09-26T05:17:57+00:00,2_data_types,Inconsistent date format,2625,B00942,Manufacturing_Date,2024/09/30,2024-09-30,Parsed to ISO date,Standardised to YYYY-MM-DD
2026-09-26T05:17:57+00:00,2_data_types,Inconsistent date format,2626,B00466,Manufacturing_Date,2025/07/18,2025-07-18,Parsed to ISO date,Standardised to YYYY-MM-DD
2026-09-26T05:17:57+00:00,2_data_types,Inconsistent date format,2628,B01144,Manufacturing_Date,09/07/2024,2024-07-09,Parsed to ISO date,Standardised to YYYY-MM-DD
2026-09-26T05:17:57+00:00,2_data_types,Inconsistent date format,2649,B01759,Manufacturing_Date,05/09/2023,2023-09-05,Parsed to ISO date,Standardised to YYYY-MM-DD
2026-09-26T05:17:57+00:00,2_data_types,Inconsistent date format,2650,B02297,Manufacturing_Date,2024/12/17,2024-12-17,Parsed to ISO date,Standardised to YYYY-MM-DD
2026-09-26T05:17:57+00:00,2_data_types,Inconsistent date format,2657,B00701,Manufacturing_Date,"January 10, 2024",2024-01-10,Parsed to ISO date,Standardised to YYYY-MM-DD
2026-09-26T05:17:57+00:00,2_data_types,Inconsistent date format,2662,B00025,Manufacturing_Date,26 Oct 2025,2025-10-26,Parsed to ISO date,Standardised to YYYY-MM-DD
2026-09-26T05:17:57+00:00,2_data_types,Inconsistent date format,2673,B01360,Manufacturing_Date,"July 07, 2025",2025-07-07,Parsed to ISO date,Standardised to YYYY-MM-DD
2026-09-26T05:17:57+00:00,2_data_types,Inconsistent date format,2697,B02864,Manufacturing_Date,21 May 2023,2023-05-21,Parsed to ISO date,Standardised to YYYY-MM-DD
2026-09-26T05:17:57+00:00,2_data_types,Inconsistent date format,2703,B01042,Manufacturing_Date,16 Mar 2025,2025-03-16,Parsed to ISO date,Standardised to YYYY-MM-DD
2026-09-26T05:17:57+00:00,2_data_types,Inconsistent date format,2721,B01784,Manufacturing_Date,2025/01/24,2025-01-24,Parsed to ISO date,Standardised to YYYY-MM-DD
2026-09-26T05:17:57+00:00,2_data_types,Inconsistent date format,2736,B00431,Manufacturing_Date,25/07/2023,2023-07-25,Parsed to ISO date,Standardised to YYYY-MM-DD
2026-09-26T05:17:57+00:00,2_data_types,Inconsistent date format,2739,B01014,Manufacturing_Date,"November 19, 2023",2023-11-19,Parsed to ISO date,Standardised to YYYY-MM-DD
2026-09-26T05:17:57+00:00,2_data_types,Inconsistent date format,2740,B00130,Manufacturing_Date,"September 15, 2025",2025-09-15,Parsed to ISO date,Standardised to YYYY-MM-DD
2026-09-26T05:17:57+00:00,2_data_types,Inconsistent date format,2752,B00773,Manufacturing_Date,07-03-2023,2023-07-03,Parsed to ISO date,Standardised to YYYY-MM-DD
2026-09-26T05:17:57+00:00,2_data_types,Inconsistent date format,2762,B02608,Manufacturing_Date,11-12-2024,2024-11-12,Parsed to ISO date,Standardised to YYYY-MM-DD
2026-09-26T05:17:57+00:00,2_data_types,Inconsistent date format,2790,B01204,Manufacturing_Date,11/12/2024,2024-12-11,Parsed to ISO date,Standardised to YYYY-MM-DD
2026-09-26T05:17:57+00:00,2_data_types,Inconsistent date format,2802,B00593,Manufacturing_Date,"May 24, 2023",2023-05-24,Parsed to ISO date,Standardised to YYYY-MM-DD
2026-09-26T05:17:57+00:00,2_data_types,Inconsistent date format,2833,B00870,Manufacturing_Date,31/12/2024,2024-12-31,Parsed to ISO date,Standardised to YYYY-MM-DD
2026-09-26T05:17:57+00:00,2_data_types,Inconsistent date format,2837,B00602,Manufacturing_Date,"December 11, 2025",2025-12-11,Parsed to ISO date,Standardised to YYYY-MM-DD
2026-09-26T05:17:57+00:00,2_data_types,Inconsistent date format,2852,B02441,Manufacturing_Date,2024/11/19,2024-11-19,Parsed to ISO date,Standardised to YYYY-MM-DD
2026-09-26T05:17:57+00:00,2_data_types,Inconsistent date format,2853,B02189,Manufacturing_Date,"December 08, 2023",2023-12-08,Parsed to ISO date,Standardised to YYYY-MM-DD
2026-09-26T05:17:57+00:00,2_data_types,Inconsistent date format,2870,B01052,Manufacturing_Date,02/08/2023,2023-08-02,Parsed to ISO date,Standardised to YYYY-MM-DD
2026-09-26T05:17:57+00:00,2_data_types,Inconsistent date format,2900,B02239,Manufacturing_Date,04-03-2024,2024-04-03,Parsed to ISO date,Standardised to YYYY-MM-DD
2026-09-26T05:17:57+00:00,2_data_types,Inconsistent date format,2906,B00526,Manufacturing_Date,20/06/2025,2025-06-20,Parsed to ISO date,Standardised to YYYY-MM-DD
2026-09-26T05:17:57+00:00,2_data_types,Inconsistent date format,2933,B02412,Manufacturing_Date,2023/01/22,2023-01-22,Parsed to ISO date,Standardised to YYYY-MM-DD
2026-09-26T05:17:57+00:00,2_data_types,Inconsistent date format,2937,B02346,Manufacturing_Date,15/01/2025,2025-01-15,Parsed to ISO date,Standardised to YYYY-MM-DD
2026-09-26T05:17:57+00:00,2_data_types,Inconsistent date format,2938,B00526,Manufacturing_Date,20/06/2025,2025-06-20,Parsed to ISO date,Standardised to YYYY-MM-DD
2026-09-26T05:17:57+00:00,2_data_types,Inconsistent date format,2947,B02207,Manufacturing_Date,04-09-2024,2024-04-09,Parsed to ISO date,Standardised to YYYY-MM-DD
2026-09-26T05:17:57+00:00,2_data_types,Inconsistent date format,2959,B01874,Manufacturing_Date,12-02-2025,2025-12-02,Parsed to ISO date,Standardised to YYYY-MM-DD
2026-09-26T05:17:57+00:00,2_data_types,Inconsistent date format,2968,B01963,Manufacturing_Date,10 Aug 2024,2024-08-10,Parsed to ISO date,Standardised to YYYY-MM-DD
2026-09-26T05:17:57+00:00,2_data_types,Inconsistent date format,2972,B01710,Manufacturing_Date,27 Apr 2024,2024-04-27,Parsed to ISO date,Standardised to YYYY-MM-DD
2026-09-26T05:17:57+00:00,2_data_types,Inconsistent date format,2973,B01669,Manufacturing_Date,2024/02/01,2024-02-01,Parsed to ISO date,Standardised to YYYY-MM-DD
2026-09-26T05:17:57+00:00,2_data_types,Inconsistent date format,2998,B01491,Manufacturing_Date,19/12/2024,2024-12-19,Parsed to ISO date,Standardised to YYYY-MM-DD
2026-09-26T05:17:57+00:00,3_categories,Inconsistent category,2,B00869,Product_Name,Ibuprofen400mg,Ibuprofen 400mg,Mapped to canonical value,Case / spelling / abbreviation variants unified using master data
2026-09-26T05:17:57+00:00,3_categories,Inconsistent category,16,B01281,Product_Name,AzithromycinSusp,Azithromycin Susp,Mapped to canonical value,Case / spelling / abbreviation variants unified using master data
2026-09-26T05:17:57+00:00,3_categories,Inconsistent category,17,B02132,Product_Name,ceftriaxone 1g,Ceftriaxone 1g,Mapped to canonical value,Case / spelling / abbreviation variants unified using master data
2026-09-26T05:17:57+00:00,3_categories,Inconsistent category,23,B00745,Product_Name,AZITHROMYCIN SUSP,Azithromycin Susp,Mapped to canonical value,Case / spelling / abbreviation variants unified using master data
2026-09-26T05:17:57+00:00,3_categories,Inconsistent category,29,B00694,Product_Name,ceftriaxone 1g,Ceftriaxone 1g,Mapped to canonical value,Case / spelling / abbreviation variants unified using master data
2026-09-26T05:17:57+00:00,3_categories,Inconsistent category,40,B02579,Product_Name,Ceftriaxone1g,Ceftriaxone 1g,Mapped to canonical value,Case / spelling / abbreviation variants unified using master data
2026-09-26T05:17:57+00:00,3_categories,Inconsistent category,46,B01977,Product_Name,CEFTRIAXONE 1G,Ceftriaxone 1g,Mapped to canonical value,Case / spelling / abbreviation variants unified using master data
2026-09-26T05:17:57+00:00,3_categories,Inconsistent category,52,B02603,Product_Name,azithromycin susp,Azithromycin Susp,Mapped to canonical value,Case / spelling / abbreviation variants unified using master data
2026-09-26T05:17:57+00:00,3_categories,Inconsistent category,60,B00306,Product_Name,amoxicillin 250mg,Amoxicillin 250mg,Mapped to canonical value,Case / spelling / abbreviation variants unified using master data
2026-09-26T05:17:57+00:00,3_categories,Inconsistent category,65,B00189,Product_Name,metformin 850mg,Metformin 850mg,Mapped to canonical value,Case / spelling / abbreviation variants unified using master data
2026-09-26T05:17:57+00:00,3_categories,Inconsistent category,72,B00959,Product_Name,CEFTRIAXONE 1G,Ceftriaxone 1g,Mapped to canonical value,Case / spelling / abbreviation variants unified using master data
2026-09-26T05:17:57+00:00,3_categories,Inconsistent category,75,B00967,Product_Name,OMEPRAZOLE 20MG,Omeprazole 20mg,Mapped to canonical value,Case / spelling / abbreviation variants unified using master data
2026-09-26T05:17:57+00:00,3_categories,Inconsistent category,80,B01009,Product_Name,azithromycin susp,Azithromycin Susp,Mapped to canonical value,Case / spelling / abbreviation variants unified using master data
2026-09-26T05:17:57+00:00,3_categories,Inconsistent category,85,B01175,Product_Name,Paracetamol500mg,Paracetamol 500mg,Mapped to canonical value,Case / spelling / abbreviation variants unified using master data
2026-09-26T05:17:57+00:00,3_categories,Inconsistent category,90,B02879,Product_Name,InsulinGlargine,Insulin Glargine,Mapped to canonical value,Case / spelling / abbreviation variants unified using master data
2026-09-26T05:17:57+00:00,3_categories,Inconsistent category,93,B01318,Product_Name,Cetirizine10mg,Cetirizine 10mg,Mapped to canonical value,Case / spelling / abbreviation variants unified using master data
2026-09-26T05:17:57+00:00,3_categories,Inconsistent category,110,B02621,Product_Name,InsulinGlargine,Insulin Glargine,Mapped to canonical value,Case / spelling / abbreviation variants unified using master data
2026-09-26T05:17:57+00:00,3_categories,Inconsistent category,113,B02061,Product_Name,INSULIN GLARGINE,Insulin Glargine,Mapped to canonical value,Case / spelling / abbreviation variants unified using master data
2026-09-26T05:17:57+00:00,3_categories,Inconsistent category,115,B01595,Product_Name,azithromycin susp,Azithromycin Susp,Mapped to canonical value,Case / spelling / abbreviation variants unified using master data
2026-09-26T05:17:57+00:00,3_categories,Inconsistent category,134,B01687,Product_Name,Ibuprofen400mg,Ibuprofen 400mg,Mapped to canonical value,Case / spelling / abbreviation variants unified using master data
2026-09-26T05:17:57+00:00,3_categories,Inconsistent category,146,B00797,Product_Name,ceftriaxone 1g,Ceftriaxone 1g,Mapped to canonical value,Case / spelling / abbreviation variants unified using master data
2026-09-26T05:17:57+00:00,3_categories,Inconsistent category,158,B01684,Product_Name,AzithromycinSusp,Azithromycin Susp,Mapped to canonical value,Case / spelling / abbreviation variants unified using master data
2026-09-26T05:17:57+00:00,3_categories,Inconsistent category,168,B00910,Product_Name,PARACETAMOL 500MG,Paracetamol 500mg,Mapped to canonical value,Case / spelling / abbreviation variants unified using master data
2026-09-26T05:17:57+00:00,3_categories,Inconsistent category,202,B01995,Product_Name,AzithromycinSusp,Azithromycin Susp,Mapped to canonical value,Case / spelling / abbreviation variants unified using master data
2026-09-26T05:17:57+00:00,3_categories,Inconsistent category,214,B01327,Product_Name,Omeprazole20mg,Omeprazole 20mg,Mapped to canonical value,Case / spelling / abbreviation variants unified using master data
2026-09-26T05:17:57+00:00,3_categories,Inconsistent category,216,B00467,Product_Name,Amoxicillin250mg,Amoxicillin 250mg,Mapped to canonical value,Case / spelling / abbreviation variants unified using master data
2026-09-26T05:17:57+00:00,3_categories,Inconsistent category,217,B00407,Product_Name,Ibuprofen400mg,Ibuprofen 400mg,Mapped to canonical value,Case / spelling / abbreviation variants unified using master data
2026-09-26T05:17:57+00:00,3_categories,Inconsistent category,223,B00093,Product_Name,insulin glargine,Insulin Glargine,Mapped to canonical value,Case / spelling / abbreviation variants unified using master data
2026-09-26T05:17:57+00:00,3_categories,Inconsistent category,227,B02499,Product_Name,paracetamol 500mg,Paracetamol 500mg,Mapped to canonical value,Case / spelling / abbreviation variants unified using master data
2026-09-26T05:17:57+00:00,3_categories,Inconsistent category,231,B02341,Product_Name,ibuprofen 400mg,Ibuprofen 400mg,Mapped to canonical value,Case / spelling / abbreviation variants unified using master data
2026-09-26T05:17:57+00:00,3_categories,Inconsistent category,232,B00696,Product_Name,metformin 850mg,Metformin 850mg,Mapped to canonical value,Case / spelling / abbreviation variants unified using master data
2026-09-26T05:17:57+00:00,3_categories,Inconsistent category,236,B00315,Product_Name,Metformin850mg,Metformin 850mg,Mapped to canonical value,Case / spelling / abbreviation variants unified using master data
2026-09-26T05:17:57+00:00,3_categories,Inconsistent category,237,B00857,Product_Name,METFORMIN 850MG,Metformin 850mg,Mapped to canonical value,Case / spelling / abbreviation variants unified using master data
2026-09-26T05:17:57+00:00,3_categories,Inconsistent category,244,B01682,Product_Name,paracetamol 500mg,Paracetamol 500mg,Mapped to canonical value,Case / spelling / abbreviation variants unified using master data
2026-09-26T05:17:57+00:00,3_categories,Inconsistent category,257,B00335,Product_Name,ibuprofen 400mg,Ibuprofen 400mg,Mapped to canonical value,Case / spelling / abbreviation variants unified using master data
2026-09-26T05:17:57+00:00,3_categories,Inconsistent category,268,B02301,Product_Name,Metformin850mg,Metformin 850mg,Mapped to canonical value,Case / spelling / abbreviation variants unified using master data
2026-09-26T05:17:57+00:00,3_categories,Inconsistent category,269,B02687,Product_Name,METFORMIN 850MG,Metformin 850mg,Mapped to canonical value,Case / spelling / abbreviation variants unified using master data
2026-09-26T05:17:57+00:00,3_categories,Inconsistent category,270,B00290,Product_Name,Ibuprofen400mg,Ibuprofen 400mg,Mapped to canonical value,Case / spelling / abbreviation variants unified using master data
2026-09-26T05:17:57+00:00,3_categories,Inconsistent category,283,B01084,Product_Name,Cetirizine10mg,Cetirizine 10mg,Mapped to canonical value,Case / spelling / abbreviation variants unified using master data
2026-09-26T05:17:57+00:00,3_categories,Inconsistent category,290,B01856,Product_Name,insulin glargine,Insulin Glargine,Mapped to canonical value,Case / spelling / abbreviation variants unified using master data
2026-09-26T05:17:57+00:00,3_categories,Inconsistent category,311,B00271,Product_Name,Metformin850mg,Metformin 850mg,Mapped to canonical value,Case / spelling / abbreviation variants unified using master data
2026-09-26T05:17:57+00:00,3_categories,Inconsistent category,312,B02695,Product_Name,ceftriaxone 1g,Ceftriaxone 1g,Mapped to canonical value,Case / spelling / abbreviation variants unified using master data
2026-09-26T05:17:57+00:00,3_categories,Inconsistent category,319,B01940,Product_Name,Metformin850mg,Metformin 850mg,Mapped to canonical value,Case / spelling / abbreviation variants unified using master data
2026-09-26T05:17:57+00:00,3_categories,Inconsistent category,328,B01232,Product_Name,AzithromycinSusp,Azithromycin Susp,Mapped to canonical value,Case / spelling / abbreviation variants unified using master data
2026-09-26T05:17:57+00:00,3_categories,Inconsistent category,334,B01284,Product_Name,insulin glargine,Insulin Glargine,Mapped to canonical value,Case / spelling / abbreviation variants unified using master data
2026-09-26T05:17:57+00:00,3_categories,Inconsistent category,348,B00245,Product_Name,omeprazole 20mg,Omeprazole 20mg,Mapped to canonical value,Case / spelling / abbreviation variants unified using master data
2026-09-26T05:17:57+00:00,3_categories,Inconsistent category,370,B01625,Product_Name,Cetirizine10mg,Cetirizine 10mg,Mapped to canonical value,Case / spelling / abbreviation variants unified using master data
2026-09-26T05:17:57+00:00,3_categories,Inconsistent category,376,B02442,Product_Name,PARACETAMOL 500MG,Paracetamol 500mg,Mapped to canonical value,Case / spelling / abbreviation variants unified using master data
2026-09-26T05:17:57+00:00,3_categories,Inconsistent category,379,B01592,Product_Name,Atorvastatin20mg,Atorvastatin 20mg,Mapped to canonical value,Case / spelling / abbreviation variants unified using master data
2026-09-26T05:17:57+00:00,3_categories,Inconsistent category,381,B00587,Product_Name,OMEPRAZOLE 20MG,Omeprazole 20mg,Mapped to canonical value,Case / spelling / abbreviation variants unified using master data
2026-09-26T05:17:57+00:00,3_categories,Inconsistent category,382,B01797,Product_Name,CEFTRIAXONE 1G,Ceftriaxone 1g,Mapped to canonical value,Case / spelling / abbreviation variants unified using master data
2026-09-26T05:17:57+00:00,3_categories,Inconsistent category,383,B00055,Product_Name,ibuprofen 400mg,Ibuprofen 400mg,Mapped to canonical value,Case / spelling / abbreviation variants unified using master data
2026-09-26T05:17:57+00:00,3_categories,Inconsistent category,391,B01361,Product_Name,PARACETAMOL 500MG,Paracetamol 500mg,Mapped to canonical value,Case / spelling / abbreviation variants unified using master data
2026-09-26T05:17:57+00:00,3_categories,Inconsistent category,394,B01213,Product_Name,Ibuprofen400mg,Ibuprofen 400mg,Mapped to canonical value,Case / spelling / abbreviation variants unified using master data
2026-09-26T05:17:57+00:00,3_categories,Inconsistent category,399,B00726,Product_Name,amoxicillin 250mg,Amoxicillin 250mg,Mapped to canonical value,Case / spelling / abbreviation variants unified using master data
2026-09-26T05:17:57+00:00,3_categories,Inconsistent category,413,B00125,Product_Name,insulin glargine,Insulin Glargine,Mapped to canonical value,Case / spelling / abbreviation variants unified using master data
2026-09-26T05:17:57+00:00,3_categories,Inconsistent category,414,B00611,Product_Name,insulin glargine,Insulin Glargine,Mapped to canonical value,Case / spelling / abbreviation variants unified using master data
2026-09-26T05:17:57+00:00,3_categories,Inconsistent category,428,B01047,Product_Name,METFORMIN 850MG,Metformin 850mg,Mapped to canonical value,Case / spelling / abbreviation variants unified using master data
2026-09-26T05:17:57+00:00,3_categories,Inconsistent category,433,B00032,Product_Name,METFORMIN 850MG,Metformin 850mg,Mapped to canonical value,Case / spelling / abbreviation variants unified using master data
2026-09-26T05:17:57+00:00,3_categories,Inconsistent category,435,B02765,Product_Name,metformin 850mg,Metformin 850mg,Mapped to canonical value,Case / spelling / abbreviation variants unified using master data
2026-09-26T05:17:57+00:00,3_categories,Inconsistent category,465,B00004,Product_Name,IBUPROFEN 400MG,Ibuprofen 400mg,Mapped to canonical value,Case / spelling / abbreviation variants unified using master data
2026-09-26T05:17:57+00:00,3_categories,Inconsistent category,480,B00824,Product_Name,OMEPRAZOLE 20MG,Omeprazole 20mg,Mapped to canonical value,Case / spelling / abbreviation variants unified using master data
2026-09-26T05:17:57+00:00,3_categories,Inconsistent category,482,B00337,Product_Name,ceftriaxone 1g,Ceftriaxone 1g,Mapped to canonical value,Case / spelling / abbreviation variants unified using master data
2026-09-26T05:17:57+00:00,3_categories,Inconsistent category,492,B00983,Product_Name,cetirizine 10mg,Cetirizine 10mg,Mapped to canonical value,Case / spelling / abbreviation variants unified using master data
2026-09-26T05:17:57+00:00,3_categories,Inconsistent category,493,B00083,Product_Name,Amoxicillin250mg,Amoxicillin 250mg,Mapped to canonical value,Case / spelling / abbreviation variants unified using master data
2026-09-26T05:17:57+00:00,3_categories,Inconsistent category,494,B00567,Product_Name,Metformin850mg,Metformin 850mg,Mapped to canonical value,Case / spelling / abbreviation variants unified using master data
2026-09-26T05:17:57+00:00,3_categories,Inconsistent category,510,B02742,Product_Name,paracetamol 500mg,Paracetamol 500mg,Mapped to canonical value,Case / spelling / abbreviation variants unified using master data
2026-09-26T05:17:57+00:00,3_categories,Inconsistent category,511,B02817,Product_Name,omeprazole 20mg,Omeprazole 20mg,Mapped to canonical value,Case / spelling / abbreviation variants unified using master data
2026-09-26T05:17:57+00:00,3_categories,Inconsistent category,536,B02627,Product_Name,CEFTRIAXONE 1G,Ceftriaxone 1g,Mapped to canonical value,Case / spelling / abbreviation variants unified using master data
2026-09-26T05:17:57+00:00,3_categories,Inconsistent category,537,B01258,Product_Name,cetirizine 10mg,Cetirizine 10mg,Mapped to canonical value,Case / spelling / abbreviation variants unified using master data
2026-09-26T05:17:57+00:00,3_categories,Inconsistent category,542,B01148,Product_Name,AZITHROMYCIN SUSP,Azithromycin Susp,Mapped to canonical value,Case / spelling / abbreviation variants unified using master data
2026-09-26T05:17:57+00:00,3_categories,Inconsistent category,577,B02285,Product_Name,omeprazole 20mg,Omeprazole 20mg,Mapped to canonical value,Case / spelling / abbreviation variants unified using master data
2026-09-26T05:17:57+00:00,3_categories,Inconsistent category,586,B01246,Product_Name,CEFTRIAXONE 1G,Ceftriaxone 1g,Mapped to canonical value,Case / spelling / abbreviation variants unified using master data
2026-09-26T05:17:57+00:00,3_categories,Inconsistent category,596,B01455,Product_Name,CETIRIZINE 10MG,Cetirizine 10mg,Mapped to canonical value,Case / spelling / abbreviation variants unified using master data
2026-09-26T05:17:57+00:00,3_categories,Inconsistent category,601,B00923,Product_Name,IBUPROFEN 400MG,Ibuprofen 400mg,Mapped to canonical value,Case / spelling / abbreviation variants unified using master data
2026-09-26T05:17:57+00:00,3_categories,Inconsistent category,604,B00510,Product_Name,METFORMIN 850MG,Metformin 850mg,Mapped to canonical value,Case / spelling / abbreviation variants unified using master data
2026-09-26T05:17:57+00:00,3_categories,Inconsistent category,626,B00537,Product_Name,IBUPROFEN 400MG,Ibuprofen 400mg,Mapped to canonical value,Case / spelling / abbreviation variants unified using master data
2026-09-26T05:17:57+00:00,3_categories,Inconsistent category,633,B01425,Product_Name,metformin 850mg,Metformin 850mg,Mapped to canonical value,Case / spelling / abbreviation variants unified using master data
2026-09-26T05:17:57+00:00,3_categories,Inconsistent category,637,B02515,Product_Name,AMOXICILLIN 250MG,Amoxicillin 250mg,Mapped to canonical value,Case / spelling / abbreviation variants unified using master data
2026-09-26T05:17:57+00:00,3_categories,Inconsistent category,640,B02804,Product_Name,paracetamol 500mg,Paracetamol 500mg,Mapped to canonical value,Case / spelling / abbreviation variants unified using master data
2026-09-26T05:17:57+00:00,3_categories,Inconsistent category,642,B00669,Product_Name,Ceftriaxone1g,Ceftriaxone 1g,Mapped to canonical value,Case / spelling / abbreviation variants unified using master data
2026-09-26T05:17:57+00:00,3_categories,Inconsistent category,650,B00236,Product_Name,AZITHROMYCIN SUSP,Azithromycin Susp,Mapped to canonical value,Case / spelling / abbreviation variants unified using master data
2026-09-26T05:17:57+00:00,3_categories,Inconsistent category,653,B02725,Product_Name,AzithromycinSusp,Azithromycin Susp,Mapped to canonical value,Case / spelling / abbreviation variants unified using master data
2026-09-26T05:17:57+00:00,3_categories,Inconsistent category,657,B00389,Product_Name,INSULIN GLARGINE,Insulin Glargine,Mapped to canonical value,Case / spelling / abbreviation variants unified using master data
2026-09-26T05:17:57+00:00,3_categories,Inconsistent category,658,B02711,Product_Name,Paracetamol500mg,Paracetamol 500mg,Mapped to canonical value,Case / spelling / abbreviation variants unified using master data
2026-09-26T05:17:57+00:00,3_categories,Inconsistent category,661,B00369,Product_Name,paracetamol 500mg,Paracetamol 500mg,Mapped to canonical value,Case / spelling / abbreviation variants unified using master data
2026-09-26T05:17:57+00:00,3_categories,Inconsistent category,665,B01216,Product_Name,Amoxicillin250mg,Amoxicillin 250mg,Mapped to canonical value,Case / spelling / abbreviation variants unified using master data
2026-09-26T05:17:57+00:00,3_categories,Inconsistent category,671,B00684,Product_Name,CEFTRIAXONE 1G,Ceftriaxone 1g,Mapped to canonical value,Case / spelling / abbreviation variants unified using master data
2026-09-26T05:17:57+00:00,3_categories,Inconsistent category,675,B01027,Product_Name,Paracetamol500mg,Paracetamol 500mg,Mapped to canonical value,Case / spelling / abbreviation variants unified using master data
2026-09-26T05:17:57+00:00,3_categories,Inconsistent category,681,B02188,Product_Name,METFORMIN 850MG,Metformin 850mg,Mapped to canonical value,Case / spelling / abbreviation variants unified using master data
2026-09-26T05:17:57+00:00,3_categories,Inconsistent category,682,B01525,Product_Name,Omeprazole20mg,Omeprazole 20mg,Mapped to canonical value,Case / spelling / abbreviation variants unified using master data
2026-09-26T05:17:57+00:00,3_categories,Inconsistent category,691,B00955,Product_Name,azithromycin susp,Azithromycin Susp,Mapped to canonical value,Case / spelling / abbreviation variants unified using master data
2026-09-26T05:17:57+00:00,3_categories,Inconsistent category,695,B00597,Product_Name,CETIRIZINE 10MG,Cetirizine 10mg,Mapped to canonical value,Case / spelling / abbreviation variants unified using master data
2026-09-26T05:17:57+00:00,3_categories,Inconsistent category,721,B02335,Product_Name,cetirizine 10mg,Cetirizine 10mg,Mapped to canonical value,Case / spelling / abbreviation variants unified using master data
2026-09-26T05:17:57+00:00,3_categories,Inconsistent category,723,B02287,Product_Name,ceftriaxone 1g,Ceftriaxone 1g,Mapped to canonical value,Case / spelling / abbreviation variants unified using master data
2026-09-26T05:17:57+00:00,3_categories,Inconsistent category,731,B01003,Product_Name,Cetirizine10mg,Cetirizine 10mg,Mapped to canonical value,Case / spelling / abbreviation variants unified using master data
2026-09-26T05:17:57+00:00,3_categories,Inconsistent category,740,B02471,Product_Name,insulin glargine,Insulin Glargine,Mapped to canonical value,Case / spelling / abbreviation variants unified using master data
2026-09-26T05:17:57+00:00,3_categories,Inconsistent category,748,B02236,Product_Name,azithromycin susp,Azithromycin Susp,Mapped to canonical value,Case / spelling / abbreviation variants unified using master data
2026-09-26T05:17:57+00:00,3_categories,Inconsistent category,755,B02313,Product_Name,CETIRIZINE 10MG,Cetirizine 10mg,Mapped to canonical value,Case / spelling / abbreviation variants unified using master data
2026-09-26T05:17:57+00:00,3_categories,Inconsistent category,757,B00921,Product_Name,insulin glargine,Insulin Glargine,Mapped to canonical value,Case / spelling / abbreviation variants unified using master data
2026-09-26T05:17:57+00:00,3_categories,Inconsistent category,767,B02251,Product_Name,CETIRIZINE 10MG,Cetirizine 10mg,Mapped to canonical value,Case / spelling / abbreviation variants unified using master data
2026-09-26T05:17:57+00:00,3_categories,Inconsistent category,771,B00563,Product_Name,IBUPROFEN 400MG,Ibuprofen 400mg,Mapped to canonical value,Case / spelling / abbreviation variants unified using master data
2026-09-26T05:17:57+00:00,3_categories,Inconsistent category,785,B00302,Product_Name,insulin glargine,Insulin Glargine,Mapped to canonical value,Case / spelling / abbreviation variants unified using master data
2026-09-26T05:17:57+00:00,3_categories,Inconsistent category,788,B00021,Product_Name,CETIRIZINE 10MG,Cetirizine 10mg,Mapped to canonical value,Case / spelling / abbreviation variants unified using master data
2026-09-26T05:17:57+00:00,3_categories,Inconsistent category,830,B00447,Product_Name,Atorvastatin20mg,Atorvastatin 20mg,Mapped to canonical value,Case / spelling / abbreviation variants unified using master data
2026-09-26T05:17:57+00:00,3_categories,Inconsistent category,832,B01813,Product_Name,omeprazole 20mg,Omeprazole 20mg,Mapped to canonical value,Case / spelling / abbreviation variants unified using master data
2026-09-26T05:17:57+00:00,3_categories,Inconsistent category,840,B02849,Product_Name,Metformin850mg,Metformin 850mg,Mapped to canonical value,Case / spelling / abbreviation variants unified using master data
2026-09-26T05:17:57+00:00,3_categories,Inconsistent category,853,B01877,Product_Name,metformin 850mg,Metformin 850mg,Mapped to canonical value,Case / spelling / abbreviation variants unified using master data
2026-09-26T05:17:57+00:00,3_categories,Inconsistent category,860,B01522,Product_Name,azithromycin susp,Azithromycin Susp,Mapped to canonical value,Case / spelling / abbreviation variants unified using master data
2026-09-26T05:17:57+00:00,3_categories,Inconsistent category,862,B00747,Product_Name,cetirizine 10mg,Cetirizine 10mg,Mapped to canonical value,Case / spelling / abbreviation variants unified using master data
2026-09-26T05:17:57+00:00,3_categories,Inconsistent category,879,B01903,Product_Name,AzithromycinSusp,Azithromycin Susp,Mapped to canonical value,Case / spelling / abbreviation variants unified using master data
2026-09-26T05:17:57+00:00,3_categories,Inconsistent category,884,B01578,Product_Name,AZITHROMYCIN SUSP,Azithromycin Susp,Mapped to canonical value,Case / spelling / abbreviation variants unified using master data
2026-09-26T05:17:57+00:00,3_categories,Inconsistent category,893,B00566,Product_Name,METFORMIN 850MG,Metformin 850mg,Mapped to canonical value,Case / spelling / abbreviation variants unified using master data
2026-09-26T05:17:57+00:00,3_categories,Inconsistent category,904,B02290,Product_Name,IBUPROFEN 400MG,Ibuprofen 400mg,Mapped to canonical value,Case / spelling / abbreviation variants unified using master data
2026-09-26T05:17:57+00:00,3_categories,Inconsistent category,917,B01195,Product_Name,cetirizine 10mg,Cetirizine 10mg,Mapped to canonical value,Case / spelling / abbreviation variants unified using master data
2026-09-26T05:17:57+00:00,3_categories,Inconsistent category,918,B02233,Product_Name,CEFTRIAXONE 1G,Ceftriaxone 1g,Mapped to canonical value,Case / spelling / abbreviation variants unified using master data
2026-09-26T05:17:57+00:00,3_categories,Inconsistent category,919,B01059,Product_Name,ibuprofen 400mg,Ibuprofen 400mg,Mapped to canonical value,Case / spelling / abbreviation variants unified using master data
2026-09-26T05:17:57+00:00,3_categories,Inconsistent category,929,B01087,Product_Name,insulin glargine,Insulin Glargine,Mapped to canonical value,Case / spelling / abbreviation variants unified using master data
2026-09-26T05:17:57+00:00,3_categories,Inconsistent category,930,B02328,Product_Name,AMOXICILLIN 250MG,Amoxicillin 250mg,Mapped to canonical value,Case / spelling / abbreviation variants unified using master data
2026-09-26T05:17:57+00:00,3_categories,Inconsistent category,953,B01505,Product_Name,cetirizine 10mg,Cetirizine 10mg,Mapped to canonical value,Case / spelling / abbreviation variants unified using master data
2026-09-26T05:17:57+00:00,3_categories,Inconsistent category,955,B01452,Product_Name,Paracetamol500mg,Paracetamol 500mg,Mapped to canonical value,Case / spelling / abbreviation variants unified using master data
2026-09-26T05:17:57+00:00,3_categories,Inconsistent category,961,B02198,Product_Name,insulin glargine,Insulin Glargine,Mapped to canonical value,Case / spelling / abbreviation variants unified using master data
2026-09-26T05:17:57+00:00,3_categories,Inconsistent category,964,B02265,Product_Name,Amoxicillin250mg,Amoxicillin 250mg,Mapped to canonical value,Case / spelling / abbreviation variants unified using master data
2026-09-26T05:17:57+00:00,3_categories,Inconsistent category,976,B00291,Product_Name,INSULIN GLARGINE,Insulin Glargine,Mapped to canonical value,Case / spelling / abbreviation variants unified using master data
2026-09-26T05:17:57+00:00,3_categories,Inconsistent category,977,B00958,Product_Name,OMEPRAZOLE 20MG,Omeprazole 20mg,Mapped to canonical value,Case / spelling / abbreviation variants unified using master data
2026-09-26T05:17:57+00:00,3_categories,Inconsistent category,978,B00119,Product_Name,METFORMIN 850MG,Metformin 850mg,Mapped to canonical value,Case / spelling / abbreviation variants unified using master data
2026-09-26T05:17:57+00:00,3_categories,Inconsistent category,979,B01200,Product_Name,Omeprazole20mg,Omeprazole 20mg,Mapped to canonical value,Case / spelling / abbreviation variants unified using master data
2026-09-26T05:17:57+00:00,3_categories,Inconsistent category,980,B00197,Product_Name,Atorvastatin20mg,Atorvastatin 20mg,Mapped to canonical value,Case / spelling / abbreviation variants unified using master data
2026-09-26T05:17:57+00:00,3_categories,Inconsistent category,983,B00387,Product_Name,paracetamol 500mg,Paracetamol 500mg,Mapped to canonical value,Case / spelling / abbreviation variants unified using master data
2026-09-26T05:17:57+00:00,3_categories,Inconsistent category,987,B00320,Product_Name,azithromycin susp,Azithromycin Susp,Mapped to canonical value,Case / spelling / abbreviation variants unified using master data
2026-09-26T05:17:57+00:00,3_categories,Inconsistent category,990,B00868,Product_Name,InsulinGlargine,Insulin Glargine,Mapped to canonical value,Case / spelling / abbreviation variants unified using master data
2026-09-26T05:17:57+00:00,3_categories,Inconsistent category,1000,B02516,Product_Name,INSULIN GLARGINE,Insulin Glargine,Mapped to canonical value,Case / spelling / abbreviation variants unified using master data
2026-09-26T05:17:57+00:00,3_categories,Inconsistent category,1008,B01345,Product_Name,Amoxicillin250mg,Amoxicillin 250mg,Mapped to canonical value,Case / spelling / abbreviation variants unified using master data
2026-09-26T05:17:57+00:00,3_categories,Inconsistent category,1011,B01537,Product_Name,Amoxicillin250mg,Amoxicillin 250mg,Mapped to canonical value,Case / spelling / abbreviation variants unified using master data
2026-09-26T05:17:57+00:00,3_categories,Inconsistent category,1020,B02210,Product_Name,AMOXICILLIN 250MG,Amoxicillin 250mg,Mapped to canonical value,Case / spelling / abbreviation variants unified using master data
2026-09-26T05:17:57+00:00,3_categories,Inconsistent category,1032,B01563,Product_Name,metformin 850mg,Metformin 850mg,Mapped to canonical value,Case / spelling / abbreviation variants unified using master data
2026-09-26T05:17:57+00:00,3_categories,Inconsistent category,1037,B00969,Product_Name,ceftriaxone 1g,Ceftriaxone 1g,Mapped to canonical value,Case / spelling / abbreviation variants unified using master data
2026-09-26T05:17:57+00:00,3_categories,Inconsistent category,1049,B00539,Product_Name,Cetirizine10mg,Cetirizine 10mg,Mapped to canonical value,Case / spelling / abbreviation variants unified using master data
2026-09-26T05:17:57+00:00,3_categories,Inconsistent category,1064,B00492,Product_Name,INSULIN GLARGINE,Insulin Glargine,Mapped to canonical value,Case / spelling / abbreviation variants unified using master data
2026-09-26T05:17:57+00:00,3_categories,Inconsistent category,1073,B00013,Product_Name,azithromycin susp,Azithromycin Susp,Mapped to canonical value,Case / spelling / abbreviation variants unified using master data
2026-09-26T05:17:57+00:00,3_categories,Inconsistent category,1083,B02387,Product_Name,ceftriaxone 1g,Ceftriaxone 1g,Mapped to canonical value,Case / spelling / abbreviation variants unified using master data
2026-09-26T05:17:57+00:00,3_categories,Inconsistent category,1084,B00249,Product_Name,AZITHROMYCIN SUSP,Azithromycin Susp,Mapped to canonical value,Case / spelling / abbreviation variants unified using master data
2026-09-26T05:17:57+00:00,3_categories,Inconsistent category,1098,B01631,Product_Name,cetirizine 10mg,Cetirizine 10mg,Mapped to canonical value,Case / spelling / abbreviation variants unified using master data
2026-09-26T05:17:57+00:00,3_categories,Inconsistent category,1124,B02264,Product_Name,CETIRIZINE 10MG,Cetirizine 10mg,Mapped to canonical value,Case / spelling / abbreviation variants unified using master data
2026-09-26T05:17:57+00:00,3_categories,Inconsistent category,1158,B00693,Product_Name,ceftriaxone 1g,Ceftriaxone 1g,Mapped to canonical value,Case / spelling / abbreviation variants unified using master data
2026-09-26T05:17:57+00:00,3_categories,Inconsistent category,1169,B00403,Product_Name,atorvastatin 20mg,Atorvastatin 20mg,Mapped to canonical value,Case / spelling / abbreviation variants unified using master data
2026-09-26T05:17:57+00:00,3_categories,Inconsistent category,1170,B01930,Product_Name,Ceftriaxone1g,Ceftriaxone 1g,Mapped to canonical value,Case / spelling / abbreviation variants unified using master data
2026-09-26T05:17:57+00:00,3_categories,Inconsistent category,1184,B01397,Product_Name,OMEPRAZOLE 20MG,Omeprazole 20mg,Mapped to canonical value,Case / spelling / abbreviation variants unified using master data
2026-09-26T05:17:57+00:00,3_categories,Inconsistent category,1190,B01527,Product_Name,atorvastatin 20mg,Atorvastatin 20mg,Mapped to canonical value,Case / spelling / abbreviation variants unified using master data
2026-09-26T05:17:57+00:00,3_categories,Inconsistent category,1200,B01299,Product_Name,Cetirizine10mg,Cetirizine 10mg,Mapped to canonical value,Case / spelling / abbreviation variants unified using master data
2026-09-26T05:17:57+00:00,3_categories,Inconsistent category,1236,B01942,Product_Name,METFORMIN 850MG,Metformin 850mg,Mapped to canonical value,Case / spelling / abbreviation variants unified using master data
2026-09-26T05:17:57+00:00,3_categories,Inconsistent category,1255,B00034,Product_Name,cetirizine 10mg,Cetirizine 10mg,Mapped to canonical value,Case / spelling / abbreviation variants unified using master data
2026-09-26T05:17:57+00:00,3_categories,Inconsistent category,1256,B00884,Product_Name,Amoxicillin250mg,Amoxicillin 250mg,Mapped to canonical value,Case / spelling / abbreviation variants unified using master data
2026-09-26T05:17:57+00:00,3_categories,Inconsistent category,1270,B02050,Product_Name,OMEPRAZOLE 20MG,Omeprazole 20mg,Mapped to canonical value,Case / spelling / abbreviation variants unified using master data
2026-09-26T05:17:57+00:00,3_categories,Inconsistent category,1276,B02154,Product_Name,Cetirizine10mg,Cetirizine 10mg,Mapped to canonical value,Case / spelling / abbreviation variants unified using master data
2026-09-26T05:17:57+00:00,3_categories,Inconsistent category,1296,B00984,Product_Name,Omeprazole20mg,Omeprazole 20mg,Mapped to canonical value,Case / spelling / abbreviation variants unified using master data
2026-09-26T05:17:57+00:00,3_categories,Inconsistent category,1300,B02497,Product_Name,insulin glargine,Insulin Glargine,Mapped to canonical value,Case / spelling / abbreviation variants unified using master data
2026-09-26T05:17:57+00:00,3_categories,Inconsistent category,1327,B02328,Product_Name,AMOXICILLIN 250MG,Amoxicillin 250mg,Mapped to canonical value,Case / spelling / abbreviation variants unified using master data
2026-09-26T05:17:57+00:00,3_categories,Inconsistent category,1335,B00994,Product_Name,ibuprofen 400mg,Ibuprofen 400mg,Mapped to canonical value,Case / spelling / abbreviation variants unified using master data
2026-09-26T05:17:57+00:00,3_categories,Inconsistent category,1343,B02036,Product_Name,InsulinGlargine,Insulin Glargine,Mapped to canonical value,Case / spelling / abbreviation variants unified using master data
2026-09-26T05:17:57+00:00,3_categories,Inconsistent category,1346,B01699,Product_Name,atorvastatin 20mg,Atorvastatin 20mg,Mapped to canonical value,Case / spelling / abbreviation variants unified using master data
2026-09-26T05:17:57+00:00,3_categories,Inconsistent category,1350,B02435,Product_Name,IBUPROFEN 400MG,Ibuprofen 400mg,Mapped to canonical value,Case / spelling / abbreviation variants unified using master data
2026-09-26T05:17:57+00:00,3_categories,Inconsistent category,1353,B00352,Product_Name,Paracetamol500mg,Paracetamol 500mg,Mapped to canonical value,Case / spelling / abbreviation variants unified using master data
2026-09-26T05:17:57+00:00,3_categories,Inconsistent category,1382,B00971,Product_Name,METFORMIN 850MG,Metformin 850mg,Mapped to canonical value,Case / spelling / abbreviation variants unified using master data
2026-09-26T05:17:57+00:00,3_categories,Inconsistent category,1395,B01343,Product_Name,amoxicillin 250mg,Amoxicillin 250mg,Mapped to canonical value,Case / spelling / abbreviation variants unified using master data
2026-09-26T05:17:57+00:00,3_categories,Inconsistent category,1400,B02522,Product_Name,paracetamol 500mg,Paracetamol 500mg,Mapped to canonical value,Case / spelling / abbreviation variants unified using master data
2026-09-26T05:17:57+00:00,3_categories,Inconsistent category,1406,B00134,Product_Name,cetirizine 10mg,Cetirizine 10mg,Mapped to canonical value,Case / spelling / abbreviation variants unified using master data
2026-09-26T05:17:57+00:00,3_categories,Inconsistent category,1408,B01416,Product_Name,azithromycin susp,Azithromycin Susp,Mapped to canonical value,Case / spelling / abbreviation variants unified using master data
2026-09-26T05:17:57+00:00,3_categories,Inconsistent category,1411,B02905,Product_Name,OMEPRAZOLE 20MG,Omeprazole 20mg,Mapped to canonical value,Case / spelling / abbreviation variants unified using master data
2026-09-26T05:17:57+00:00,3_categories,Inconsistent category,1416,B00957,Product_Name,IBUPROFEN 400MG,Ibuprofen 400mg,Mapped to canonical value,Case / spelling / abbreviation variants unified using master data
2026-09-26T05:17:57+00:00,3_categories,Inconsistent category,1418,B02644,Product_Name,ibuprofen 400mg,Ibuprofen 400mg,Mapped to canonical value,Case / spelling / abbreviation variants unified using master data
2026-09-26T05:17:57+00:00,3_categories,Inconsistent category,1434,B01961,Product_Name,INSULIN GLARGINE,Insulin Glargine,Mapped to canonical value,Case / spelling / abbreviation variants unified using master data
2026-09-26T05:17:57+00:00,3_categories,Inconsistent category,1437,B01088,Product_Name,ceftriaxone 1g,Ceftriaxone 1g,Mapped to canonical value,Case / spelling / abbreviation variants unified using master data
2026-09-26T05:17:57+00:00,3_categories,Inconsistent category,1445,B00050,Product_Name,AZITHROMYCIN SUSP,Azithromycin Susp,Mapped to canonical value,Case / spelling / abbreviation variants unified using master data
2026-09-26T05:17:57+00:00,3_categories,Inconsistent category,1455,B01392,Product_Name,cetirizine 10mg,Cetirizine 10mg,Mapped to canonical value,Case / spelling / abbreviation variants unified using master data
2026-09-26T05:17:57+00:00,3_categories,Inconsistent category,1456,B02160,Product_Name,atorvastatin 20mg,Atorvastatin 20mg,Mapped to canonical value,Case / spelling / abbreviation variants unified using master data
2026-09-26T05:17:57+00:00,3_categories,Inconsistent category,1464,B02895,Product_Name,metformin 850mg,Metformin 850mg,Mapped to canonical value,Case / spelling / abbreviation variants unified using master data
2026-09-26T05:17:57+00:00,3_categories,Inconsistent category,1471,B02910,Product_Name,ATORVASTATIN 20MG,Atorvastatin 20mg,Mapped to canonical value,Case / spelling / abbreviation variants unified using master data
2026-09-26T05:17:57+00:00,3_categories,Inconsistent category,1472,B02626,Product_Name,CETIRIZINE 10MG,Cetirizine 10mg,Mapped to canonical value,Case / spelling / abbreviation variants unified using master data
2026-09-26T05:17:57+00:00,3_categories,Inconsistent category,1473,B01039,Product_Name,ibuprofen 400mg,Ibuprofen 400mg,Mapped to canonical value,Case / spelling / abbreviation variants unified using master data
2026-09-26T05:17:57+00:00,3_categories,Inconsistent category,1484,B02233,Product_Name,CEFTRIAXONE 1G,Ceftriaxone 1g,Mapped to canonical value,Case / spelling / abbreviation variants unified using master data
2026-09-26T05:17:57+00:00,3_categories,Inconsistent category,1488,B00073,Product_Name,Ibuprofen400mg,Ibuprofen 400mg,Mapped to canonical value,Case / spelling / abbreviation variants unified using master data
2026-09-26T05:17:57+00:00,3_categories,Inconsistent category,1498,B00039,Product_Name,METFORMIN 850MG,Metformin 850mg,Mapped to canonical value,Case / spelling / abbreviation variants unified using master data
2026-09-26T05:17:57+00:00,3_categories,Inconsistent category,1502,B01003,Product_Name,Cetirizine10mg,Cetirizine 10mg,Mapped to canonical value,Case / spelling / abbreviation variants unified using master data
2026-09-26T05:17:57+00:00,3_categories,Inconsistent category,1525,B01939,Product_Name,Ceftriaxone1g,Ceftriaxone 1g,Mapped to canonical value,Case / spelling / abbreviation variants unified using master data
2026-09-26T05:17:57+00:00,3_categories,Inconsistent category,1550,B01298,Product_Name,omeprazole 20mg,Omeprazole 20mg,Mapped to canonical value,Case / spelling / abbreviation variants unified using master data
2026-09-26T05:17:57+00:00,3_categories,Inconsistent category,1569,B00700,Product_Name,paracetamol 500mg,Paracetamol 500mg,Mapped to canonical value,Case / spelling / abbreviation variants unified using master data
2026-09-26T05:17:57+00:00,3_categories,Inconsistent category,1574,B00264,Product_Name,Ceftriaxone1g,Ceftriaxone 1g,Mapped to canonical value,Case / spelling / abbreviation variants unified using master data
2026-09-26T05:17:57+00:00,3_categories,Inconsistent category,1575,B00825,Product_Name,Omeprazole20mg,Omeprazole 20mg,Mapped to canonical value,Case / spelling / abbreviation variants unified using master data
2026-09-26T05:17:57+00:00,3_categories,Inconsistent category,1583,B02606,Product_Name,AZITHROMYCIN SUSP,Azithromycin Susp,Mapped to canonical value,Case / spelling / abbreviation variants unified using master data
2026-09-26T05:17:57+00:00,3_categories,Inconsistent category,1584,B00024,Product_Name,CEFTRIAXONE 1G,Ceftriaxone 1g,Mapped to canonical value,Case / spelling / abbreviation variants unified using master data
2026-09-26T05:17:57+00:00,3_categories,Inconsistent category,1594,B01975,Product_Name,Cetirizine10mg,Cetirizine 10mg,Mapped to canonical value,Case / spelling / abbreviation variants unified using master data
2026-09-26T05:17:57+00:00,3_categories,Inconsistent category,1598,B01774,Product_Name,Atorvastatin20mg,Atorvastatin 20mg,Mapped to canonical value,Case / spelling / abbreviation variants unified using master data
2026-09-26T05:17:57+00:00,3_categories,Inconsistent category,1609,B01812,Product_Name,omeprazole 20mg,Omeprazole 20mg,Mapped to canonical value,Case / spelling / abbreviation variants unified using master data
2026-09-26T05:17:57+00:00,3_categories,Inconsistent category,1611,B02814,Product_Name,Ceftriaxone1g,Ceftriaxone 1g,Mapped to canonical value,Case / spelling / abbreviation variants unified using master data
2026-09-26T05:17:57+00:00,3_categories,Inconsistent category,1615,B02376,Product_Name,ceftriaxone 1g,Ceftriaxone 1g,Mapped to canonical value,Case / spelling / abbreviation variants unified using master data
2026-09-26T05:17:57+00:00,3_categories,Inconsistent category,1626,B01902,Product_Name,CETIRIZINE 10MG,Cetirizine 10mg,Mapped to canonical value,Case / spelling / abbreviation variants unified using master data
2026-09-26T05:17:57+00:00,3_categories,Inconsistent category,1629,B02150,Product_Name,InsulinGlargine,Insulin Glargine,Mapped to canonical value,Case / spelling / abbreviation variants unified using master data
2026-09-26T05:17:57+00:00,3_categories,Inconsistent category,1634,B02252,Product_Name,cetirizine 10mg,Cetirizine 10mg,Mapped to canonical value,Case / spelling / abbreviation variants unified using master data
2026-09-26T05:17:57+00:00,3_categories,Inconsistent category,1635,B02477,Product_Name,CETIRIZINE 10MG,Cetirizine 10mg,Mapped to canonical value,Case / spelling / abbreviation variants unified using master data
2026-09-26T05:17:57+00:00,3_categories,Inconsistent category,1659,B02754,Product_Name,OMEPRAZOLE 20MG,Omeprazole 20mg,Mapped to canonical value,Case / spelling / abbreviation variants unified using master data
2026-09-26T05:17:57+00:00,3_categories,Inconsistent category,1672,B01752,Product_Name,insulin glargine,Insulin Glargine,Mapped to canonical value,Case / spelling / abbreviation variants unified using master data
2026-09-26T05:17:57+00:00,3_categories,Inconsistent category,1675,B02339,Product_Name,paracetamol 500mg,Paracetamol 500mg,Mapped to canonical value,Case / spelling / abbreviation variants unified using master data
2026-09-26T05:17:57+00:00,3_categories,Inconsistent category,1691,B00893,Product_Name,CETIRIZINE 10MG,Cetirizine 10mg,Mapped to canonical value,Case / spelling / abbreviation variants unified using master data
2026-09-26T05:17:57+00:00,3_categories,Inconsistent category,1708,B02847,Product_Name,insulin glargine,Insulin Glargine,Mapped to canonical value,Case / spelling / abbreviation variants unified using master data
2026-09-26T05:17:57+00:00,3_categories,Inconsistent category,1716,B00646,Product_Name,atorvastatin 20mg,Atorvastatin 20mg,Mapped to canonical value,Case / spelling / abbreviation variants unified using master data
2026-09-26T05:17:57+00:00,3_categories,Inconsistent category,1717,B00757,Product_Name,AZITHROMYCIN SUSP,Azithromycin Susp,Mapped to canonical value,Case / spelling / abbreviation variants unified using master data
2026-09-26T05:17:57+00:00,3_categories,Inconsistent category,1737,B02148,Product_Name,CEFTRIAXONE 1G,Ceftriaxone 1g,Mapped to canonical value,Case / spelling / abbreviation variants unified using master data
2026-09-26T05:17:57+00:00,3_categories,Inconsistent category,1754,B01196,Product_Name,omeprazole 20mg,Omeprazole 20mg,Mapped to canonical value,Case / spelling / abbreviation variants unified using master data
2026-09-26T05:17:57+00:00,3_categories,Inconsistent category,1762,B02218,Product_Name,CEFTRIAXONE 1G,Ceftriaxone 1g,Mapped to canonical value,Case / spelling / abbreviation variants unified using master data
2026-09-26T05:17:57+00:00,3_categories,Inconsistent category,1764,B01807,Product_Name,paracetamol 500mg,Paracetamol 500mg,Mapped to canonical value,Case / spelling / abbreviation variants unified using master data
2026-09-26T05:17:57+00:00,3_categories,Inconsistent category,1783,B01741,Product_Name,Ibuprofen400mg,Ibuprofen 400mg,Mapped to canonical value,Case / spelling / abbreviation variants unified using master data
2026-09-26T05:17:57+00:00,3_categories,Inconsistent category,1786,B01108,Product_Name,Ceftriaxone1g,Ceftriaxone 1g,Mapped to canonical value,Case / spelling / abbreviation variants unified using master data
2026-09-26T05:17:57+00:00,3_categories,Inconsistent category,1800,B02247,Product_Name,CETIRIZINE 10MG,Cetirizine 10mg,Mapped to canonical value,Case / spelling / abbreviation variants unified using master data
2026-09-26T05:17:57+00:00,3_categories,Inconsistent category,1809,B01965,Product_Name,insulin glargine,Insulin Glargine,Mapped to canonical value,Case / spelling / abbreviation variants unified using master data
2026-09-26T05:17:57+00:00,3_categories,Inconsistent category,1830,B01565,Product_Name,Cetirizine10mg,Cetirizine 10mg,Mapped to canonical value,Case / spelling / abbreviation variants unified using master data
2026-09-26T05:17:57+00:00,3_categories,Inconsistent category,1852,B02545,Product_Name,InsulinGlargine,Insulin Glargine,Mapped to canonical value,Case / spelling / abbreviation variants unified using master data
2026-09-26T05:17:57+00:00,3_categories,Inconsistent category,1853,B01590,Product_Name,PARACETAMOL 500MG,Paracetamol 500mg,Mapped to canonical value,Case / spelling / abbreviation variants unified using master data
2026-09-26T05:17:57+00:00,3_categories,Inconsistent category,1854,B00226,Product_Name,Atorvastatin20mg,Atorvastatin 20mg,Mapped to canonical value,Case / spelling / abbreviation variants unified using master data
2026-09-26T05:17:57+00:00,3_categories,Inconsistent category,1875,B00059,Product_Name,azithromycin susp,Azithromycin Susp,Mapped to canonical value,Case / spelling / abbreviation variants unified using master data
2026-09-26T05:17:57+00:00,3_categories,Inconsistent category,1894,B02760,Product_Name,IBUPROFEN 400MG,Ibuprofen 400mg,Mapped to canonical value,Case / spelling / abbreviation variants unified using master data
2026-09-26T05:17:57+00:00,3_categories,Inconsistent category,1901,B01411,Product_Name,paracetamol 500mg,Paracetamol 500mg,Mapped to canonical value,Case / spelling / abbreviation variants unified using master data
2026-09-26T05:17:57+00:00,3_categories,Inconsistent category,1902,B02311,Product_Name,METFORMIN 850MG,Metformin 850mg,Mapped to canonical value,Case / spelling / abbreviation variants unified using master data
2026-09-26T05:17:57+00:00,3_categories,Inconsistent category,1935,B02183,Product_Name,omeprazole 20mg,Omeprazole 20mg,Mapped to canonical value,Case / spelling / abbreviation variants unified using master data
2026-09-26T05:17:57+00:00,3_categories,Inconsistent category,1949,B00546,Product_Name,Paracetamol500mg,Paracetamol 500mg,Mapped to canonical value,Case / spelling / abbreviation variants unified using master data
2026-09-26T05:17:57+00:00,3_categories,Inconsistent category,1954,B00736,Product_Name,omeprazole 20mg,Omeprazole 20mg,Mapped to canonical value,Case / spelling / abbreviation variants unified using master data
2026-09-26T05:17:57+00:00,3_categories,Inconsistent category,1965,B00643,Product_Name,InsulinGlargine,Insulin Glargine,Mapped to canonical value,Case / spelling / abbreviation variants unified using master data
2026-09-26T05:17:57+00:00,3_categories,Inconsistent category,1966,B02085,Product_Name,Amoxicillin250mg,Amoxicillin 250mg,Mapped to canonical value,Case / spelling / abbreviation variants unified using master data
2026-09-26T05:17:57+00:00,3_categories,Inconsistent category,1974,B02016,Product_Name,Atorvastatin20mg,Atorvastatin 20mg,Mapped to canonical value,Case / spelling / abbreviation variants unified using master data
2026-09-26T05:17:57+00:00,3_categories,Inconsistent category,1981,B01064,Product_Name,AzithromycinSusp,Azithromycin Susp,Mapped to canonical value,Case / spelling / abbreviation variants unified using master data
2026-09-26T05:17:57+00:00,3_categories,Inconsistent category,2000,B00090,Product_Name,INSULIN GLARGINE,Insulin Glargine,Mapped to canonical value,Case / spelling / abbreviation variants unified using master data
2026-09-26T05:17:57+00:00,3_categories,Inconsistent category,2023,B02026,Product_Name,Ibuprofen400mg,Ibuprofen 400mg,Mapped to canonical value,Case / spelling / abbreviation variants unified using master data
2026-09-26T05:17:57+00:00,3_categories,Inconsistent category,2030,B02355,Product_Name,ATORVASTATIN 20MG,Atorvastatin 20mg,Mapped to canonical value,Case / spelling / abbreviation variants unified using master data
2026-09-26T05:17:57+00:00,3_categories,Inconsistent category,2037,B00524,Product_Name,INSULIN GLARGINE,Insulin Glargine,Mapped to canonical value,Case / spelling / abbreviation variants unified using master data
2026-09-26T05:17:57+00:00,3_categories,Inconsistent category,2054,B02389,Product_Name,Ceftriaxone1g,Ceftriaxone 1g,Mapped to canonical value,Case / spelling / abbreviation variants unified using master data
2026-09-26T05:17:57+00:00,3_categories,Inconsistent category,2058,B01424,Product_Name,omeprazole 20mg,Omeprazole 20mg,Mapped to canonical value,Case / spelling / abbreviation variants unified using master data
2026-09-26T05:17:57+00:00,3_categories,Inconsistent category,2064,B01770,Product_Name,Amoxicillin250mg,Amoxicillin 250mg,Mapped to canonical value,Case / spelling / abbreviation variants unified using master data
2026-09-26T05:17:57+00:00,3_categories,Inconsistent category,2074,B01783,Product_Name,Paracetamol500mg,Paracetamol 500mg,Mapped to canonical value,Case / spelling / abbreviation variants unified using master data
2026-09-26T05:17:57+00:00,3_categories,Inconsistent category,2077,B02034,Product_Name,Omeprazole20mg,Omeprazole 20mg,Mapped to canonical value,Case / spelling / abbreviation variants unified using master data
2026-09-26T05:17:57+00:00,3_categories,Inconsistent category,2082,B01301,Product_Name,AzithromycinSusp,Azithromycin Susp,Mapped to canonical value,Case / spelling / abbreviation variants unified using master data
2026-09-26T05:17:57+00:00,3_categories,Inconsistent category,2085,B00678,Product_Name,PARACETAMOL 500MG,Paracetamol 500mg,Mapped to canonical value,Case / spelling / abbreviation variants unified using master data
2026-09-26T05:17:57+00:00,3_categories,Inconsistent category,2104,B02815,Product_Name,Amoxicillin250mg,Amoxicillin 250mg,Mapped to canonical value,Case / spelling / abbreviation variants unified using master data
2026-09-26T05:17:57+00:00,3_categories,Inconsistent category,2106,B00357,Product_Name,amoxicillin 250mg,Amoxicillin 250mg,Mapped to canonical value,Case / spelling / abbreviation variants unified using master data
2026-09-26T05:17:57+00:00,3_categories,Inconsistent category,2114,B00271,Product_Name,Metformin850mg,Metformin 850mg,Mapped to canonical value,Case / spelling / abbreviation variants unified using master data
2026-09-26T05:17:57+00:00,3_categories,Inconsistent category,2117,B00691,Product_Name,Ceftriaxone1g,Ceftriaxone 1g,Mapped to canonical value,Case / spelling / abbreviation variants unified using master data
2026-09-26T05:17:57+00:00,3_categories,Inconsistent category,2118,B00898,Product_Name,PARACETAMOL 500MG,Paracetamol 500mg,Mapped to canonical value,Case / spelling / abbreviation variants unified using master data
2026-09-26T05:17:57+00:00,3_categories,Inconsistent category,2127,B01248,Product_Name,Ibuprofen400mg,Ibuprofen 400mg,Mapped to canonical value,Case / spelling / abbreviation variants unified using master data
2026-09-26T05:17:57+00:00,3_categories,Inconsistent category,2146,B00203,Product_Name,IBUPROFEN 400MG,Ibuprofen 400mg,Mapped to canonical value,Case / spelling / abbreviation variants unified using master data
2026-09-26T05:17:57+00:00,3_categories,Inconsistent category,2154,B00123,Product_Name,OMEPRAZOLE 20MG,Omeprazole 20mg,Mapped to canonical value,Case / spelling / abbreviation variants unified using master data
2026-09-26T05:17:57+00:00,3_categories,Inconsistent category,2155,B02219,Product_Name,METFORMIN 850MG,Metformin 850mg,Mapped to canonical value,Case / spelling / abbreviation variants unified using master data
2026-09-26T05:17:57+00:00,3_categories,Inconsistent category,2156,B00102,Product_Name,amoxicillin 250mg,Amoxicillin 250mg,Mapped to canonical value,Case / spelling / abbreviation variants unified using master data
2026-09-26T05:17:57+00:00,3_categories,Inconsistent category,2157,B01223,Product_Name,Ceftriaxone1g,Ceftriaxone 1g,Mapped to canonical value,Case / spelling / abbreviation variants unified using master data
2026-09-26T05:17:57+00:00,3_categories,Inconsistent category,2183,B00670,Product_Name,AMOXICILLIN 250MG,Amoxicillin 250mg,Mapped to canonical value,Case / spelling / abbreviation variants unified using master data
2026-09-26T05:17:57+00:00,3_categories,Inconsistent category,2189,B01347,Product_Name,InsulinGlargine,Insulin Glargine,Mapped to canonical value,Case / spelling / abbreviation variants unified using master data
2026-09-26T05:17:57+00:00,3_categories,Inconsistent category,2194,B01365,Product_Name,Cetirizine10mg,Cetirizine 10mg,Mapped to canonical value,Case / spelling / abbreviation variants unified using master data
2026-09-26T05:17:57+00:00,3_categories,Inconsistent category,2209,B02283,Product_Name,Atorvastatin20mg,Atorvastatin 20mg,Mapped to canonical value,Case / spelling / abbreviation variants unified using master data
2026-09-26T05:17:57+00:00,3_categories,Inconsistent category,2217,B02007,Product_Name,Ibuprofen400mg,Ibuprofen 400mg,Mapped to canonical value,Case / spelling / abbreviation variants unified using master data
2026-09-26T05:17:57+00:00,3_categories,Inconsistent category,2223,B02334,Product_Name,InsulinGlargine,Insulin Glargine,Mapped to canonical value,Case / spelling / abbreviation variants unified using master data
2026-09-26T05:17:57+00:00,3_categories,Inconsistent category,2224,B00733,Product_Name,Ceftriaxone1g,Ceftriaxone 1g,Mapped to canonical value,Case / spelling / abbreviation variants unified using master data
2026-09-26T05:17:57+00:00,3_categories,Inconsistent category,2255,B02192,Product_Name,Ibuprofen400mg,Ibuprofen 400mg,Mapped to canonical value,Case / spelling / abbreviation variants unified using master data
2026-09-26T05:17:57+00:00,3_categories,Inconsistent category,2257,B01112,Product_Name,Metformin850mg,Metformin 850mg,Mapped to canonical value,Case / spelling / abbreviation variants unified using master data
2026-09-26T05:17:57+00:00,3_categories,Inconsistent category,2260,B01339,Product_Name,AZITHROMYCIN SUSP,Azithromycin Susp,Mapped to canonical value,Case / spelling / abbreviation variants unified using master data
2026-09-26T05:17:57+00:00,3_categories,Inconsistent category,2283,B00605,Product_Name,INSULIN GLARGINE,Insulin Glargine,Mapped to canonical value,Case / spelling / abbreviation variants unified using master data
2026-09-26T05:17:57+00:00,3_categories,Inconsistent category,2285,B00002,Product_Name,AZITHROMYCIN SUSP,Azithromycin Susp,Mapped to canonical value,Case / spelling / abbreviation variants unified using master data
2026-09-26T05:17:57+00:00,3_categories,Inconsistent category,2289,B01873,Product_Name,OMEPRAZOLE 20MG,Omeprazole 20mg,Mapped to canonical value,Case / spelling / abbreviation variants unified using master data
2026-09-26T05:17:57+00:00,3_categories,Inconsistent category,2303,B01686,Product_Name,cetirizine 10mg,Cetirizine 10mg,Mapped to canonical value,Case / spelling / abbreviation variants unified using master data
2026-09-26T05:17:57+00:00,3_categories,Inconsistent category,2320,B01711,Product_Name,ATORVASTATIN 20MG,Atorvastatin 20mg,Mapped to canonical value,Case / spelling / abbreviation variants unified using master data
2026-09-26T05:17:57+00:00,3_categories,Inconsistent category,2321,B00819,Product_Name,Omeprazole20mg,Omeprazole 20mg,Mapped to canonical value,Case / spelling / abbreviation variants unified using master data
2026-09-26T05:17:57+00:00,3_categories,Inconsistent category,2336,B02589,Product_Name,Ceftriaxone1g,Ceftriaxone 1g,Mapped to canonical value,Case / spelling / abbreviation variants unified using master data
2026-09-26T05:17:57+00:00,3_categories,Inconsistent category,2341,B01898,Product_Name,insulin glargine,Insulin Glargine,Mapped to canonical value,Case / spelling / abbreviation variants unified using master data
2026-09-26T05:17:57+00:00,3_categories,Inconsistent category,2350,B01044,Product_Name,atorvastatin 20mg,Atorvastatin 20mg,Mapped to canonical value,Case / spelling / abbreviation variants unified using master data
2026-09-26T05:17:57+00:00,3_categories,Inconsistent category,2367,B02004,Product_Name,Ibuprofen400mg,Ibuprofen 400mg,Mapped to canonical value,Case / spelling / abbreviation variants unified using master data
2026-09-26T05:17:57+00:00,3_categories,Inconsistent category,2394,B01644,Product_Name,Cetirizine10mg,Cetirizine 10mg,Mapped to canonical value,Case / spelling / abbreviation variants unified using master data
2026-09-26T05:17:57+00:00,3_categories,Inconsistent category,2395,B02028,Product_Name,Ceftriaxone1g,Ceftriaxone 1g,Mapped to canonical value,Case / spelling / abbreviation variants unified using master data
2026-09-26T05:17:57+00:00,3_categories,Inconsistent category,2415,B00601,Product_Name,Omeprazole20mg,Omeprazole 20mg,Mapped to canonical value,Case / spelling / abbreviation variants unified using master data
2026-09-26T05:17:57+00:00,3_categories,Inconsistent category,2416,B02702,Product_Name,AzithromycinSusp,Azithromycin Susp,Mapped to canonical value,Case / spelling / abbreviation variants unified using master data
2026-09-26T05:17:57+00:00,3_categories,Inconsistent category,2421,B02659,Product_Name,Omeprazole20mg,Omeprazole 20mg,Mapped to canonical value,Case / spelling / abbreviation variants unified using master data
2026-09-26T05:17:57+00:00,3_categories,Inconsistent category,2423,B01215,Product_Name,Paracetamol500mg,Paracetamol 500mg,Mapped to canonical value,Case / spelling / abbreviation variants unified using master data
2026-09-26T05:17:57+00:00,3_categories,Inconsistent category,2426,B02770,Product_Name,ceftriaxone 1g,Ceftriaxone 1g,Mapped to canonical value,Case / spelling / abbreviation variants unified using master data
2026-09-26T05:17:57+00:00,3_categories,Inconsistent category,2441,B00063,Product_Name,ATORVASTATIN 20MG,Atorvastatin 20mg,Mapped to canonical value,Case / spelling / abbreviation variants unified using master data
2026-09-26T05:17:57+00:00,3_categories,Inconsistent category,2445,B02896,Product_Name,CETIRIZINE 10MG,Cetirizine 10mg,Mapped to canonical value,Case / spelling / abbreviation variants unified using master data
2026-09-26T05:17:57+00:00,3_categories,Inconsistent category,2456,B01036,Product_Name,azithromycin susp,Azithromycin Susp,Mapped to canonical value,Case / spelling / abbreviation variants unified using master data
2026-09-26T05:17:57+00:00,3_categories,Inconsistent category,2457,B00730,Product_Name,omeprazole 20mg,Omeprazole 20mg,Mapped to canonical value,Case / spelling / abbreviation variants unified using master data
2026-09-26T05:17:57+00:00,3_categories,Inconsistent category,2458,B02214,Product_Name,AMOXICILLIN 250MG,Amoxicillin 250mg,Mapped to canonical value,Case / spelling / abbreviation variants unified using master data
2026-09-26T05:17:57+00:00,3_categories,Inconsistent category,2460,B01203,Product_Name,ceftriaxone 1g,Ceftriaxone 1g,Mapped to canonical value,Case / spelling / abbreviation variants unified using master data
2026-09-26T05:17:57+00:00,3_categories,Inconsistent category,2503,B01462,Product_Name,atorvastatin 20mg,Atorvastatin 20mg,Mapped to canonical value,Case / spelling / abbreviation variants unified using master data
2026-09-26T05:17:57+00:00,3_categories,Inconsistent category,2513,B01520,Product_Name,IBUPROFEN 400MG,Ibuprofen 400mg,Mapped to canonical value,Case / spelling / abbreviation variants unified using master data
2026-09-26T05:17:57+00:00,3_categories,Inconsistent category,2529,B00739,Product_Name,AZITHROMYCIN SUSP,Azithromycin Susp,Mapped to canonical value,Case / spelling / abbreviation variants unified using master data
2026-09-26T05:17:57+00:00,3_categories,Inconsistent category,2559,B01537,Product_Name,Amoxicillin250mg,Amoxicillin 250mg,Mapped to canonical value,Case / spelling / abbreviation variants unified using master data
2026-09-26T05:17:57+00:00,3_categories,Inconsistent category,2571,B00666,Product_Name,OMEPRAZOLE 20MG,Omeprazole 20mg,Mapped to canonical value,Case / spelling / abbreviation variants unified using master data
2026-09-26T05:17:57+00:00,3_categories,Inconsistent category,2574,B00166,Product_Name,insulin glargine,Insulin Glargine,Mapped to canonical value,Case / spelling / abbreviation variants unified using master data
2026-09-26T05:17:57+00:00,3_categories,Inconsistent category,2576,B02877,Product_Name,Omeprazole20mg,Omeprazole 20mg,Mapped to canonical value,Case / spelling / abbreviation variants unified using master data
2026-09-26T05:17:57+00:00,3_categories,Inconsistent category,2578,B02726,Product_Name,Omeprazole20mg,Omeprazole 20mg,Mapped to canonical value,Case / spelling / abbreviation variants unified using master data
2026-09-26T05:17:57+00:00,3_categories,Inconsistent category,2595,B01164,Product_Name,Cetirizine10mg,Cetirizine 10mg,Mapped to canonical value,Case / spelling / abbreviation variants unified using master data
2026-09-26T05:17:57+00:00,3_categories,Inconsistent category,2600,B02367,Product_Name,Atorvastatin20mg,Atorvastatin 20mg,Mapped to canonical value,Case / spelling / abbreviation variants unified using master data
2026-09-26T05:17:57+00:00,3_categories,Inconsistent category,2601,B00401,Product_Name,ceftriaxone 1g,Ceftriaxone 1g,Mapped to canonical value,Case / spelling / abbreviation variants unified using master data
2026-09-26T05:17:57+00:00,3_categories,Inconsistent category,2627,B01465,Product_Name,INSULIN GLARGINE,Insulin Glargine,Mapped to canonical value,Case / spelling / abbreviation variants unified using master data
2026-09-26T05:17:57+00:00,3_categories,Inconsistent category,2634,B02420,Product_Name,IBUPROFEN 400MG,Ibuprofen 400mg,Mapped to canonical value,Case / spelling / abbreviation variants unified using master data
2026-09-26T05:17:57+00:00,3_categories,Inconsistent category,2645,B01587,Product_Name,INSULIN GLARGINE,Insulin Glargine,Mapped to canonical value,Case / spelling / abbreviation variants unified using master data
2026-09-26T05:17:57+00:00,3_categories,Inconsistent category,2652,B01986,Product_Name,azithromycin susp,Azithromycin Susp,Mapped to canonical value,Case / spelling / abbreviation variants unified using master data
2026-09-26T05:17:57+00:00,3_categories,Inconsistent category,2656,B00518,Product_Name,paracetamol 500mg,Paracetamol 500mg,Mapped to canonical value,Case / spelling / abbreviation variants unified using master data
2026-09-26T05:17:57+00:00,3_categories,Inconsistent category,2664,B01780,Product_Name,Omeprazole20mg,Omeprazole 20mg,Mapped to canonical value,Case / spelling / abbreviation variants unified using master data
2026-09-26T05:17:57+00:00,3_categories,Inconsistent category,2671,B00931,Product_Name,Cetirizine10mg,Cetirizine 10mg,Mapped to canonical value,Case / spelling / abbreviation variants unified using master data
2026-09-26T05:17:57+00:00,3_categories,Inconsistent category,2674,B02526,Product_Name,ATORVASTATIN 20MG,Atorvastatin 20mg,Mapped to canonical value,Case / spelling / abbreviation variants unified using master data
2026-09-26T05:17:57+00:00,3_categories,Inconsistent category,2675,B01294,Product_Name,paracetamol 500mg,Paracetamol 500mg,Mapped to canonical value,Case / spelling / abbreviation variants unified using master data
2026-09-26T05:17:57+00:00,3_categories,Inconsistent category,2701,B00368,Product_Name,atorvastatin 20mg,Atorvastatin 20mg,Mapped to canonical value,Case / spelling / abbreviation variants unified using master data
2026-09-26T05:17:57+00:00,3_categories,Inconsistent category,2720,B02423,Product_Name,Amoxicillin250mg,Amoxicillin 250mg,Mapped to canonical value,Case / spelling / abbreviation variants unified using master data
2026-09-26T05:17:57+00:00,3_categories,Inconsistent category,2731,B02823,Product_Name,Amoxicillin250mg,Amoxicillin 250mg,Mapped to canonical value,Case / spelling / abbreviation variants unified using master data
2026-09-26T05:17:57+00:00,3_categories,Inconsistent category,2749,B00846,Product_Name,Paracetamol500mg,Paracetamol 500mg,Mapped to canonical value,Case / spelling / abbreviation variants unified using master data
2026-09-26T05:17:57+00:00,3_categories,Inconsistent category,2751,B01292,Product_Name,insulin glargine,Insulin Glargine,Mapped to canonical value,Case / spelling / abbreviation variants unified using master data
2026-09-26T05:17:57+00:00,3_categories,Inconsistent category,2756,B02737,Product_Name,Cetirizine10mg,Cetirizine 10mg,Mapped to canonical value,Case / spelling / abbreviation variants unified using master data
2026-09-26T05:17:57+00:00,3_categories,Inconsistent category,2757,B02625,Product_Name,ceftriaxone 1g,Ceftriaxone 1g,Mapped to canonical value,Case / spelling / abbreviation variants unified using master data
2026-09-26T05:17:57+00:00,3_categories,Inconsistent category,2766,B01422,Product_Name,CEFTRIAXONE 1G,Ceftriaxone 1g,Mapped to canonical value,Case / spelling / abbreviation variants unified using master data
2026-09-26T05:17:57+00:00,3_categories,Inconsistent category,2767,B02719,Product_Name,Cetirizine10mg,Cetirizine 10mg,Mapped to canonical value,Case / spelling / abbreviation variants unified using master data
2026-09-26T05:17:57+00:00,3_categories,Inconsistent category,2768,B01614,Product_Name,OMEPRAZOLE 20MG,Omeprazole 20mg,Mapped to canonical value,Case / spelling / abbreviation variants unified using master data
2026-09-26T05:17:57+00:00,3_categories,Inconsistent category,2771,B01760,Product_Name,CETIRIZINE 10MG,Cetirizine 10mg,Mapped to canonical value,Case / spelling / abbreviation variants unified using master data
2026-09-26T05:17:57+00:00,3_categories,Inconsistent category,2775,B01098,Product_Name,AZITHROMYCIN SUSP,Azithromycin Susp,Mapped to canonical value,Case / spelling / abbreviation variants unified using master data
2026-09-26T05:17:57+00:00,3_categories,Inconsistent category,2782,B01390,Product_Name,Ceftriaxone1g,Ceftriaxone 1g,Mapped to canonical value,Case / spelling / abbreviation variants unified using master data
2026-09-26T05:17:57+00:00,3_categories,Inconsistent category,2795,B02826,Product_Name,InsulinGlargine,Insulin Glargine,Mapped to canonical value,Case / spelling / abbreviation variants unified using master data
2026-09-26T05:17:57+00:00,3_categories,Inconsistent category,2807,B00912,Product_Name,AMOXICILLIN 250MG,Amoxicillin 250mg,Mapped to canonical value,Case / spelling / abbreviation variants unified using master data
2026-09-26T05:17:57+00:00,3_categories,Inconsistent category,2812,B00999,Product_Name,CEFTRIAXONE 1G,Ceftriaxone 1g,Mapped to canonical value,Case / spelling / abbreviation variants unified using master data
2026-09-26T05:17:57+00:00,3_categories,Inconsistent category,2817,B00682,Product_Name,amoxicillin 250mg,Amoxicillin 250mg,Mapped to canonical value,Case / spelling / abbreviation variants unified using master data
2026-09-26T05:17:57+00:00,3_categories,Inconsistent category,2820,B00280,Product_Name,Paracetamol500mg,Paracetamol 500mg,Mapped to canonical value,Case / spelling / abbreviation variants unified using master data
2026-09-26T05:17:57+00:00,3_categories,Inconsistent category,2823,B01793,Product_Name,ATORVASTATIN 20MG,Atorvastatin 20mg,Mapped to canonical value,Case / spelling / abbreviation variants unified using master data
2026-09-26T05:17:57+00:00,3_categories,Inconsistent category,2839,B00225,Product_Name,AZITHROMYCIN SUSP,Azithromycin Susp,Mapped to canonical value,Case / spelling / abbreviation variants unified using master data
2026-09-26T05:17:57+00:00,3_categories,Inconsistent category,2865,B02676,Product_Name,CETIRIZINE 10MG,Cetirizine 10mg,Mapped to canonical value,Case / spelling / abbreviation variants unified using master data
2026-09-26T05:17:57+00:00,3_categories,Inconsistent category,2873,B02459,Product_Name,Ibuprofen400mg,Ibuprofen 400mg,Mapped to canonical value,Case / spelling / abbreviation variants unified using master data
2026-09-26T05:17:57+00:00,3_categories,Inconsistent category,2880,B01646,Product_Name,METFORMIN 850MG,Metformin 850mg,Mapped to canonical value,Case / spelling / abbreviation variants unified using master data
2026-09-26T05:17:57+00:00,3_categories,Inconsistent category,2889,B01546,Product_Name,CETIRIZINE 10MG,Cetirizine 10mg,Mapped to canonical value,Case / spelling / abbreviation variants unified using master data
2026-09-26T05:17:57+00:00,3_categories,Inconsistent category,2901,B00882,Product_Name,insulin glargine,Insulin Glargine,Mapped to canonical value,Case / spelling / abbreviation variants unified using master data
2026-09-26T05:17:57+00:00,3_categories,Inconsistent category,2911,B02131,Product_Name,AzithromycinSusp,Azithromycin Susp,Mapped to canonical value,Case / spelling / abbreviation variants unified using master data
2026-09-26T05:17:57+00:00,3_categories,Inconsistent category,2917,B02537,Product_Name,Atorvastatin20mg,Atorvastatin 20mg,Mapped to canonical value,Case / spelling / abbreviation variants unified using master data
2026-09-26T05:17:57+00:00,3_categories,Inconsistent category,2920,B02266,Product_Name,paracetamol 500mg,Paracetamol 500mg,Mapped to canonical value,Case / spelling / abbreviation variants unified using master data
2026-09-26T05:17:57+00:00,3_categories,Inconsistent category,2926,B02026,Product_Name,Ibuprofen400mg,Ibuprofen 400mg,Mapped to canonical value,Case / spelling / abbreviation variants unified using master data
2026-09-26T05:17:57+00:00,3_categories,Inconsistent category,2940,B00642,Product_Name,ceftriaxone 1g,Ceftriaxone 1g,Mapped to canonical value,Case / spelling / abbreviation variants unified using master data
2026-09-26T05:17:57+00:00,3_categories,Inconsistent category,2949,B00008,Product_Name,omeprazole 20mg,Omeprazole 20mg,Mapped to canonical value,Case / spelling / abbreviation variants unified using master data
2026-09-26T05:17:57+00:00,3_categories,Inconsistent category,2960,B01597,Product_Name,OMEPRAZOLE 20MG,Omeprazole 20mg,Mapped to canonical value,Case / spelling / abbreviation variants unified using master data
2026-09-26T05:17:57+00:00,3_categories,Inconsistent category,2969,B00046,Product_Name,Ceftriaxone1g,Ceftriaxone 1g,Mapped to canonical value,Case / spelling / abbreviation variants unified using master data
2026-09-26T05:17:57+00:00,3_categories,Inconsistent category,2971,B00768,Product_Name,ibuprofen 400mg,Ibuprofen 400mg,Mapped to canonical value,Case / spelling / abbreviation variants unified using master data
2026-09-26T05:17:57+00:00,3_categories,Inconsistent category,2972,B01710,Product_Name,metformin 850mg,Metformin 850mg,Mapped to canonical value,Case / spelling / abbreviation variants unified using master data
2026-09-26T05:17:57+00:00,3_categories,Inconsistent category,2977,B02772,Product_Name,Paracetamol500mg,Paracetamol 500mg,Mapped to canonical value,Case / spelling / abbreviation variants unified using master data
2026-09-26T05:17:57+00:00,3_categories,Inconsistent category,2986,B01476,Product_Name,ATORVASTATIN 20MG,Atorvastatin 20mg,Mapped to canonical value,Case / spelling / abbreviation variants unified using master data
2026-09-26T05:17:57+00:00,3_categories,Inconsistent category,2999,B02261,Product_Name,PARACETAMOL 500MG,Paracetamol 500mg,Mapped to canonical value,Case / spelling / abbreviation variants unified using master data
2026-09-26T05:17:57+00:00,3_categories,Inconsistent category,17,B02132,Dosage_Form,INJECTABLE,Injectable,Mapped to canonical value,Case / spelling / abbreviation variants unified using master data
2026-09-26T05:17:57+00:00,3_categories,Inconsistent category,26,B02756,Dosage_Form,injectable,Injectable,Mapped to canonical value,Case / spelling / abbreviation variants unified using master data
2026-09-26T05:17:57+00:00,3_categories,Inconsistent category,41,B01072,Dosage_Form,Tablets,Tablet,Mapped to canonical value,Case / spelling / abbreviation variants unified using master data
2026-09-26T05:17:57+00:00,3_categories,Inconsistent category,45,B01140,Dosage_Form,tablet,Tablet,Mapped to canonical value,Case / spelling / abbreviation variants unified using master data
2026-09-26T05:17:57+00:00,3_categories,Inconsistent category,59,B01413,Dosage_Form,TABLET,Tablet,Mapped to canonical value,Case / spelling / abbreviation variants unified using master data
2026-09-26T05:17:57+00:00,3_categories,Inconsistent category,62,B02044,Dosage_Form,Suspensions,Suspension,Mapped to canonical value,Case / spelling / abbreviation variants unified using master data
2026-09-26T05:17:57+00:00,3_categories,Inconsistent category,70,B01767,Dosage_Form,Tablets,Tablet,Mapped to canonical value,Case / spelling / abbreviation variants unified using master data
2026-09-26T05:17:57+00:00,3_categories,Inconsistent category,87,B01513,Dosage_Form,Suspensions,Suspension,Mapped to canonical value,Case / spelling / abbreviation variants unified using master data
2026-09-26T05:17:57+00:00,3_categories,Inconsistent category,91,B02565,Dosage_Form,TABLET,Tablet,Mapped to canonical value,Case / spelling / abbreviation variants unified using master data
2026-09-26T05:17:57+00:00,3_categories,Inconsistent category,98,B02715,Dosage_Form,tablet,Tablet,Mapped to canonical value,Case / spelling / abbreviation variants unified using master data
2026-09-26T05:17:57+00:00,3_categories,Inconsistent category,105,B02674,Dosage_Form,CAPSULE,Capsule,Mapped to canonical value,Case / spelling / abbreviation variants unified using master data
2026-09-26T05:17:57+00:00,3_categories,Inconsistent category,128,B01713,Dosage_Form,INJECTABLE,Injectable,Mapped to canonical value,Case / spelling / abbreviation variants unified using master data
2026-09-26T05:17:57+00:00,3_categories,Inconsistent category,130,B02299,Dosage_Form,TABLET,Tablet,Mapped to canonical value,Case / spelling / abbreviation variants unified using master data
2026-09-26T05:17:57+00:00,3_categories,Inconsistent category,131,B02502,Dosage_Form,TABLET,Tablet,Mapped to canonical value,Case / spelling / abbreviation variants unified using master data
2026-09-26T05:17:57+00:00,3_categories,Inconsistent category,137,B02595,Dosage_Form,tablet,Tablet,Mapped to canonical value,Case / spelling / abbreviation variants unified using master data
2026-09-26T05:17:57+00:00,3_categories,Inconsistent category,166,B01616,Dosage_Form,CAPSULE,Capsule,Mapped to canonical value,Case / spelling / abbreviation variants unified using master data
2026-09-26T05:17:57+00:00,3_categories,Inconsistent category,172,B02276,Dosage_Form,TABLET,Tablet,Mapped to canonical value,Case / spelling / abbreviation variants unified using master data
2026-09-26T05:17:57+00:00,3_categories,Inconsistent category,180,B00914,Dosage_Form,Injectables,Injectable,Mapped to canonical value,Case / spelling / abbreviation variants unified using master data
2026-09-26T05:17:57+00:00,3_categories,Inconsistent category,198,B01481,Dosage_Form,Capsules,Capsule,Mapped to canonical value,Case / spelling / abbreviation variants unified using master data
2026-09-26T05:17:57+00:00,3_categories,Inconsistent category,204,B02495,Dosage_Form,Tablets,Tablet,Mapped to canonical value,Case / spelling / abbreviation variants unified using master data
2026-09-26T05:17:57+00:00,3_categories,Inconsistent category,209,B01756,Dosage_Form,TABLET,Tablet,Mapped to canonical value,Case / spelling / abbreviation variants unified using master data
2026-09-26T05:17:57+00:00,3_categories,Inconsistent category,210,B01446,Dosage_Form,TABLET,Tablet,Mapped to canonical value,Case / spelling / abbreviation variants unified using master data
2026-09-26T05:17:57+00:00,3_categories,Inconsistent category,212,B01437,Dosage_Form,Tablets,Tablet,Mapped to canonical value,Case / spelling / abbreviation variants unified using master data
2026-09-26T05:17:57+00:00,3_categories,Inconsistent category,239,B01230,Dosage_Form,Tablets,Tablet,Mapped to canonical value,Case / spelling / abbreviation variants unified using master data
2026-09-26T05:17:57+00:00,3_categories,Inconsistent category,250,B00327,Dosage_Form,TABLET,Tablet,Mapped to canonical value,Case / spelling / abbreviation variants unified using master data
2026-09-26T05:17:57+00:00,3_categories,Inconsistent category,259,B00196,Dosage_Form,Tablets,Tablet,Mapped to canonical value,Case / spelling / abbreviation variants unified using master data
2026-09-26T05:17:57+00:00,3_categories,Inconsistent category,269,B02687,Dosage_Form,TABLET,Tablet,Mapped to canonical value,Case / spelling / abbreviation variants unified using master data
2026-09-26T05:17:57+00:00,3_categories,Inconsistent category,271,B00852,Dosage_Form,Injectables,Injectable,Mapped to canonical value,Case / spelling / abbreviation variants unified using master data
2026-09-26T05:17:57+00:00,3_categories,Inconsistent category,276,B02494,Dosage_Form,Capsules,Capsule,Mapped to canonical value,Case / spelling / abbreviation variants unified using master data
2026-09-26T05:17:57+00:00,3_categories,Inconsistent category,281,B01500,Dosage_Form,Injectables,Injectable,Mapped to canonical value,Case / spelling / abbreviation variants unified using master data
2026-09-26T05:17:57+00:00,3_categories,Inconsistent category,318,B00709,Dosage_Form,tablet,Tablet,Mapped to canonical value,Case / spelling / abbreviation variants unified using master data
2026-09-26T05:17:57+00:00,3_categories,Inconsistent category,344,B00229,Dosage_Form,TABLET,Tablet,Mapped to canonical value,Case / spelling / abbreviation variants unified using master data
2026-09-26T05:17:57+00:00,3_categories,Inconsistent category,352,B02390,Dosage_Form,Injectables,Injectable,Mapped to canonical value,Case / spelling / abbreviation variants unified using master data
2026-09-26T05:17:57+00:00,3_categories,Inconsistent category,369,B00479,Dosage_Form,CAPSULE,Capsule,Mapped to canonical value,Case / spelling / abbreviation variants unified using master data
2026-09-26T05:17:57+00:00,3_categories,Inconsistent category,387,B02450,Dosage_Form,CAPSULE,Capsule,Mapped to canonical value,Case / spelling / abbreviation variants unified using master data
2026-09-26T05:17:57+00:00,3_categories,Inconsistent category,393,B01535,Dosage_Form,Injectables,Injectable,Mapped to canonical value,Case / spelling / abbreviation variants unified using master data
2026-09-26T05:17:57+00:00,3_categories,Inconsistent category,420,B01357,Dosage_Form,TABLET,Tablet,Mapped to canonical value,Case / spelling / abbreviation variants unified using master data
2026-09-26T05:17:57+00:00,3_categories,Inconsistent category,438,B02734,Dosage_Form,Tablets,Tablet,Mapped to canonical value,Case / spelling / abbreviation variants unified using master data
2026-09-26T05:17:57+00:00,3_categories,Inconsistent category,443,B01762,Dosage_Form,TABLET,Tablet,Mapped to canonical value,Case / spelling / abbreviation variants unified using master data
2026-09-26T05:17:57+00:00,3_categories,Inconsistent category,455,B00727,Dosage_Form,suspension,Suspension,Mapped to canonical value,Case / spelling / abbreviation variants unified using master data
2026-09-26T05:17:57+00:00,3_categories,Inconsistent category,461,B01781,Dosage_Form,Tablets,Tablet,Mapped to canonical value,Case / spelling / abbreviation variants unified using master data
2026-09-26T05:17:57+00:00,3_categories,Inconsistent category,465,B00004,Dosage_Form,Tablets,Tablet,Mapped to canonical value,Case / spelling / abbreviation variants unified using master data
2026-09-26T05:17:57+00:00,3_categories,Inconsistent category,472,B00316,Dosage_Form,CAPSULE,Capsule,Mapped to canonical value,Case / spelling / abbreviation variants unified using master data
2026-09-26T05:17:57+00:00,3_categories,Inconsistent category,485,B01962,Dosage_Form,Injectables,Injectable,Mapped to canonical value,Case / spelling / abbreviation variants unified using master data
2026-09-26T05:17:57+00:00,3_categories,Inconsistent category,493,B00083,Dosage_Form,Capsules,Capsule,Mapped to canonical value,Case / spelling / abbreviation variants unified using master data
2026-09-26T05:17:57+00:00,3_categories,Inconsistent category,499,B01351,Dosage_Form,tablet,Tablet,Mapped to canonical value,Case / spelling / abbreviation variants unified using master data
2026-09-26T05:17:57+00:00,3_categories,Inconsistent category,506,B00426,Dosage_Form,capsule,Capsule,Mapped to canonical value,Case / spelling / abbreviation variants unified using master data
2026-09-26T05:17:57+00:00,3_categories,Inconsistent category,518,B01033,Dosage_Form,Suspensions,Suspension,Mapped to canonical value,Case / spelling / abbreviation variants unified using master data
2026-09-26T05:17:57+00:00,3_categories,Inconsistent category,519,B00729,Dosage_Form,tablet,Tablet,Mapped to canonical value,Case / spelling / abbreviation variants unified using master data
2026-09-26T05:17:57+00:00,3_categories,Inconsistent category,525,B00258,Dosage_Form,capsule,Capsule,Mapped to canonical value,Case / spelling / abbreviation variants unified using master data
2026-09-26T05:17:57+00:00,3_categories,Inconsistent category,533,B00667,Dosage_Form,Tablets,Tablet,Mapped to canonical value,Case / spelling / abbreviation variants unified using master data
2026-09-26T05:17:57+00:00,3_categories,Inconsistent category,541,B01066,Dosage_Form,tablet,Tablet,Mapped to canonical value,Case / spelling / abbreviation variants unified using master data
2026-09-26T05:17:57+00:00,3_categories,Inconsistent category,544,B01912,Dosage_Form,Injectables,Injectable,Mapped to canonical value,Case / spelling / abbreviation variants unified using master data
2026-09-26T05:17:57+00:00,3_categories,Inconsistent category,545,B01153,Dosage_Form,Tablets,Tablet,Mapped to canonical value,Case / spelling / abbreviation variants unified using master data
2026-09-26T05:17:57+00:00,3_categories,Inconsistent category,559,B02769,Dosage_Form,Tablets,Tablet,Mapped to canonical value,Case / spelling / abbreviation variants unified using master data
2026-09-26T05:17:57+00:00,3_categories,Inconsistent category,563,B00101,Dosage_Form,INJECTABLE,Injectable,Mapped to canonical value,Case / spelling / abbreviation variants unified using master data
2026-09-26T05:17:57+00:00,3_categories,Inconsistent category,575,B00876,Dosage_Form,Tablets,Tablet,Mapped to canonical value,Case / spelling / abbreviation variants unified using master data
2026-09-26T05:17:57+00:00,3_categories,Inconsistent category,576,B00641,Dosage_Form,capsule,Capsule,Mapped to canonical value,Case / spelling / abbreviation variants unified using master data
2026-09-26T05:17:57+00:00,3_categories,Inconsistent category,578,B00598,Dosage_Form,suspension,Suspension,Mapped to canonical value,Case / spelling / abbreviation variants unified using master data
2026-09-26T05:17:57+00:00,3_categories,Inconsistent category,581,B00817,Dosage_Form,Tablets,Tablet,Mapped to canonical value,Case / spelling / abbreviation variants unified using master data
2026-09-26T05:17:57+00:00,3_categories,Inconsistent category,589,B01733,Dosage_Form,capsule,Capsule,Mapped to canonical value,Case / spelling / abbreviation variants unified using master data
2026-09-26T05:17:57+00:00,3_categories,Inconsistent category,590,B01057,Dosage_Form,Tablets,Tablet,Mapped to canonical value,Case / spelling / abbreviation variants unified using master data
2026-09-26T05:17:57+00:00,3_categories,Inconsistent category,604,B00510,Dosage_Form,tablet,Tablet,Mapped to canonical value,Case / spelling / abbreviation variants unified using master data
2026-09-26T05:17:57+00:00,3_categories,Inconsistent category,621,B00807,Dosage_Form,tablet,Tablet,Mapped to canonical value,Case / spelling / abbreviation variants unified using master data
2026-09-26T05:17:57+00:00,3_categories,Inconsistent category,624,B01969,Dosage_Form,injectable,Injectable,Mapped to canonical value,Case / spelling / abbreviation variants unified using master data
2026-09-26T05:17:57+00:00,3_categories,Inconsistent category,628,B02330,Dosage_Form,Capsules,Capsule,Mapped to canonical value,Case / spelling / abbreviation variants unified using master data
2026-09-26T05:17:57+00:00,3_categories,Inconsistent category,639,B00442,Dosage_Form,Tablets,Tablet,Mapped to canonical value,Case / spelling / abbreviation variants unified using master data
2026-09-26T05:17:57+00:00,3_categories,Inconsistent category,654,B00103,Dosage_Form,Injectables,Injectable,Mapped to canonical value,Case / spelling / abbreviation variants unified using master data
2026-09-26T05:17:57+00:00,3_categories,Inconsistent category,656,B01282,Dosage_Form,Suspensions,Suspension,Mapped to canonical value,Case / spelling / abbreviation variants unified using master data
2026-09-26T05:17:57+00:00,3_categories,Inconsistent category,659,B00849,Dosage_Form,Injectables,Injectable,Mapped to canonical value,Case / spelling / abbreviation variants unified using master data
2026-09-26T05:17:57+00:00,3_categories,Inconsistent category,690,B00310,Dosage_Form,capsule,Capsule,Mapped to canonical value,Case / spelling / abbreviation variants unified using master data
2026-09-26T05:17:57+00:00,3_categories,Inconsistent category,695,B00597,Dosage_Form,tablet,Tablet,Mapped to canonical value,Case / spelling / abbreviation variants unified using master data
2026-09-26T05:17:57+00:00,3_categories,Inconsistent category,701,B02116,Dosage_Form,tablet,Tablet,Mapped to canonical value,Case / spelling / abbreviation variants unified using master data
2026-09-26T05:17:57+00:00,3_categories,Inconsistent category,709,B01926,Dosage_Form,CAPSULE,Capsule,Mapped to canonical value,Case / spelling / abbreviation variants unified using master data
2026-09-26T05:17:57+00:00,3_categories,Inconsistent category,710,B01457,Dosage_Form,injectable,Injectable,Mapped to canonical value,Case / spelling / abbreviation variants unified using master data
2026-09-26T05:17:57+00:00,3_categories,Inconsistent category,715,B01643,Dosage_Form,TABLET,Tablet,Mapped to canonical value,Case / spelling / abbreviation variants unified using master data
2026-09-26T05:17:57+00:00,3_categories,Inconsistent category,723,B02287,Dosage_Form,INJECTABLE,Injectable,Mapped to canonical value,Case / spelling / abbreviation variants unified using master data
2026-09-26T05:17:57+00:00,3_categories,Inconsistent category,741,B02020,Dosage_Form,tablet,Tablet,Mapped to canonical value,Case / spelling / abbreviation variants unified using master data
2026-09-26T05:17:57+00:00,3_categories,Inconsistent category,750,B01925,Dosage_Form,Tablets,Tablet,Mapped to canonical value,Case / spelling / abbreviation variants unified using master data
2026-09-26T05:17:57+00:00,3_categories,Inconsistent category,751,B01532,Dosage_Form,Tablets,Tablet,Mapped to canonical value,Case / spelling / abbreviation variants unified using master data
2026-09-26T05:17:57+00:00,3_categories,Inconsistent category,754,B00977,Dosage_Form,TABLET,Tablet,Mapped to canonical value,Case / spelling / abbreviation variants unified using master data
2026-09-26T05:17:57+00:00,3_categories,Inconsistent category,755,B02313,Dosage_Form,Tablets,Tablet,Mapped to canonical value,Case / spelling / abbreviation variants unified using master data
2026-09-26T05:17:57+00:00,3_categories,Inconsistent category,770,B00433,Dosage_Form,Injectables,Injectable,Mapped to canonical value,Case / spelling / abbreviation variants unified using master data
2026-09-26T05:17:57+00:00,3_categories,Inconsistent category,776,B02803,Dosage_Form,INJECTABLE,Injectable,Mapped to canonical value,Case / spelling / abbreviation variants unified using master data
2026-09-26T05:17:57+00:00,3_categories,Inconsistent category,777,B01945,Dosage_Form,TABLET,Tablet,Mapped to canonical value,Case / spelling / abbreviation variants unified using master data
2026-09-26T05:17:57+00:00,3_categories,Inconsistent category,779,B00475,Dosage_Form,Capsules,Capsule,Mapped to canonical value,Case / spelling / abbreviation variants unified using master data
2026-09-26T05:17:57+00:00,3_categories,Inconsistent category,781,B00762,Dosage_Form,Tablets,Tablet,Mapped to canonical value,Case / spelling / abbreviation variants unified using master data
2026-09-26T05:17:57+00:00,3_categories,Inconsistent category,783,B00286,Dosage_Form,injectable,Injectable,Mapped to canonical value,Case / spelling / abbreviation variants unified using master data
2026-09-26T05:17:57+00:00,3_categories,Inconsistent category,790,B01705,Dosage_Form,INJECTABLE,Injectable,Mapped to canonical value,Case / spelling / abbreviation variants unified using master data
2026-09-26T05:17:57+00:00,3_categories,Inconsistent category,800,B00160,Dosage_Form,suspension,Suspension,Mapped to canonical value,Case / spelling / abbreviation variants unified using master data
2026-09-26T05:17:57+00:00,3_categories,Inconsistent category,808,B00888,Dosage_Form,Capsules,Capsule,Mapped to canonical value,Case / spelling / abbreviation variants unified using master data
2026-09-26T05:17:57+00:00,3_categories,Inconsistent category,809,B01917,Dosage_Form,TABLET,Tablet,Mapped to canonical value,Case / spelling / abbreviation variants unified using master data
2026-09-26T05:17:57+00:00,3_categories,Inconsistent category,813,B01688,Dosage_Form,Tablets,Tablet,Mapped to canonical value,Case / spelling / abbreviation variants unified using master data
2026-09-26T05:17:57+00:00,3_categories,Inconsistent category,859,B00645,Dosage_Form,Suspensions,Suspension,Mapped to canonical value,Case / spelling / abbreviation variants unified using master data
2026-09-26T05:17:57+00:00,3_categories,Inconsistent category,861,B01947,Dosage_Form,capsule,Capsule,Mapped to canonical value,Case / spelling / abbreviation variants unified using master data
2026-09-26T05:17:57+00:00,3_categories,Inconsistent category,870,B00006,Dosage_Form,Injectables,Injectable,Mapped to canonical value,Case / spelling / abbreviation variants unified using master data
2026-09-26T05:17:57+00:00,3_categories,Inconsistent category,877,B01146,Dosage_Form,TABLET,Tablet,Mapped to canonical value,Case / spelling / abbreviation variants unified using master data
2026-09-26T05:17:57+00:00,3_categories,Inconsistent category,881,B01910,Dosage_Form,injectable,Injectable,Mapped to canonical value,Case / spelling / abbreviation variants unified using master data
2026-09-26T05:17:57+00:00,3_categories,Inconsistent category,887,B01380,Dosage_Form,tablet,Tablet,Mapped to canonical value,Case / spelling / abbreviation variants unified using master data
2026-09-26T05:17:57+00:00,3_categories,Inconsistent category,889,B01899,Dosage_Form,Suspensions,Suspension,Mapped to canonical value,Case / spelling / abbreviation variants unified using master data
2026-09-26T05:17:57+00:00,3_categories,Inconsistent category,908,B00814,Dosage_Form,TABLET,Tablet,Mapped to canonical value,Case / spelling / abbreviation variants unified using master data
2026-09-26T05:17:57+00:00,3_categories,Inconsistent category,910,B00042,Dosage_Form,SUSPENSION,Suspension,Mapped to canonical value,Case / spelling / abbreviation variants unified using master data
2026-09-26T05:17:57+00:00,3_categories,Inconsistent category,911,B00179,Dosage_Form,INJECTABLE,Injectable,Mapped to canonical value,Case / spelling / abbreviation variants unified using master data
2026-09-26T05:17:57+00:00,3_categories,Inconsistent category,934,B00188,Dosage_Form,TABLET,Tablet,Mapped to canonical value,Case / spelling / abbreviation variants unified using master data
2026-09-26T05:17:57+00:00,3_categories,Inconsistent category,960,B02102,Dosage_Form,capsule,Capsule,Mapped to canonical value,Case / spelling / abbreviation variants unified using master data
2026-09-26T05:17:57+00:00,3_categories,Inconsistent category,965,B01539,Dosage_Form,suspension,Suspension,Mapped to canonical value,Case / spelling / abbreviation variants unified using master data
2026-09-26T05:17:57+00:00,3_categories,Inconsistent category,972,B02822,Dosage_Form,Injectables,Injectable,Mapped to canonical value,Case / spelling / abbreviation variants unified using master data
2026-09-26T05:17:57+00:00,3_categories,Inconsistent category,974,B02212,Dosage_Form,SUSPENSION,Suspension,Mapped to canonical value,Case / spelling / abbreviation variants unified using master data
2026-09-26T05:17:57+00:00,3_categories,Inconsistent category,989,B00122,Dosage_Form,CAPSULE,Capsule,Mapped to canonical value,Case / spelling / abbreviation variants unified using master data
2026-09-26T05:17:57+00:00,3_categories,Inconsistent category,996,B00329,Dosage_Form,CAPSULE,Capsule,Mapped to canonical value,Case / spelling / abbreviation variants unified using master data
2026-09-26T05:17:57+00:00,3_categories,Inconsistent category,997,B02067,Dosage_Form,suspension,Suspension,Mapped to canonical value,Case / spelling / abbreviation variants unified using master data
2026-09-26T05:17:57+00:00,3_categories,Inconsistent category,1009,B02091,Dosage_Form,INJECTABLE,Injectable,Mapped to canonical value,Case / spelling / abbreviation variants unified using master data
2026-09-26T05:17:57+00:00,3_categories,Inconsistent category,1021,B01634,Dosage_Form,injectable,Injectable,Mapped to canonical value,Case / spelling / abbreviation variants unified using master data
2026-09-26T05:17:57+00:00,3_categories,Inconsistent category,1031,B00956,Dosage_Form,CAPSULE,Capsule,Mapped to canonical value,Case / spelling / abbreviation variants unified using master data
2026-09-26T05:17:57+00:00,3_categories,Inconsistent category,1048,B00305,Dosage_Form,Tablets,Tablet,Mapped to canonical value,Case / spelling / abbreviation variants unified using master data
2026-09-26T05:17:57+00:00,3_categories,Inconsistent category,1050,B01623,Dosage_Form,INJECTABLE,Injectable,Mapped to canonical value,Case / spelling / abbreviation variants unified using master data
2026-09-26T05:17:57+00:00,3_categories,Inconsistent category,1055,B01107,Dosage_Form,Tablets,Tablet,Mapped to canonical value,Case / spelling / abbreviation variants unified using master data
2026-09-26T05:17:57+00:00,3_categories,Inconsistent category,1056,B00434,Dosage_Form,CAPSULE,Capsule,Mapped to canonical value,Case / spelling / abbreviation variants unified using master data
2026-09-26T05:17:57+00:00,3_categories,Inconsistent category,1058,B01720,Dosage_Form,TABLET,Tablet,Mapped to canonical value,Case / spelling / abbreviation variants unified using master data
2026-09-26T05:17:57+00:00,3_categories,Inconsistent category,1059,B02857,Dosage_Form,tablet,Tablet,Mapped to canonical value,Case / spelling / abbreviation variants unified using master data
2026-09-26T05:17:57+00:00,3_categories,Inconsistent category,1063,B00269,Dosage_Form,Capsules,Capsule,Mapped to canonical value,Case / spelling / abbreviation variants unified using master data
2026-09-26T05:17:57+00:00,3_categories,Inconsistent category,1070,B01219,Dosage_Form,Injectables,Injectable,Mapped to canonical value,Case / spelling / abbreviation variants unified using master data
2026-09-26T05:17:57+00:00,3_categories,Inconsistent category,1077,B00109,Dosage_Form,TABLET,Tablet,Mapped to canonical value,Case / spelling / abbreviation variants unified using master data
2026-09-26T05:17:57+00:00,3_categories,Inconsistent category,1098,B01631,Dosage_Form,TABLET,Tablet,Mapped to canonical value,Case / spelling / abbreviation variants unified using master data
2026-09-26T05:17:57+00:00,3_categories,Inconsistent category,1113,B01076,Dosage_Form,capsule,Capsule,Mapped to canonical value,Case / spelling / abbreviation variants unified using master data
2026-09-26T05:17:57+00:00,3_categories,Inconsistent category,1118,B02372,Dosage_Form,injectable,Injectable,Mapped to canonical value,Case / spelling / abbreviation variants unified using master data
2026-09-26T05:17:57+00:00,3_categories,Inconsistent category,1136,B01629,Dosage_Form,tablet,Tablet,Mapped to canonical value,Case / spelling / abbreviation variants unified using master data
2026-09-26T05:17:57+00:00,3_categories,Inconsistent category,1137,B01508,Dosage_Form,Tablets,Tablet,Mapped to canonical value,Case / spelling / abbreviation variants unified using master data
2026-09-26T05:17:57+00:00,3_categories,Inconsistent category,1140,B01658,Dosage_Form,INJECTABLE,Injectable,Mapped to canonical value,Case / spelling / abbreviation variants unified using master data
2026-09-26T05:17:57+00:00,3_categories,Inconsistent category,1156,B00656,Dosage_Form,TABLET,Tablet,Mapped to canonical value,Case / spelling / abbreviation variants unified using master data
2026-09-26T05:17:57+00:00,3_categories,Inconsistent category,1159,B02531,Dosage_Form,INJECTABLE,Injectable,Mapped to canonical value,Case / spelling / abbreviation variants unified using master data
2026-09-26T05:17:57+00:00,3_categories,Inconsistent category,1172,B02781,Dosage_Form,tablet,Tablet,Mapped to canonical value,Case / spelling / abbreviation variants unified using master data
2026-09-26T05:17:57+00:00,3_categories,Inconsistent category,1178,B01460,Dosage_Form,Tablets,Tablet,Mapped to canonical value,Case / spelling / abbreviation variants unified using master data
2026-09-26T05:17:57+00:00,3_categories,Inconsistent category,1190,B01527,Dosage_Form,TABLET,Tablet,Mapped to canonical value,Case / spelling / abbreviation variants unified using master data
2026-09-26T05:17:57+00:00,3_categories,Inconsistent category,1193,B02782,Dosage_Form,injectable,Injectable,Mapped to canonical value,Case / spelling / abbreviation variants unified using master data
2026-09-26T05:17:57+00:00,3_categories,Inconsistent category,1199,B00471,Dosage_Form,SUSPENSION,Suspension,Mapped to canonical value,Case / spelling / abbreviation variants unified using master data
2026-09-26T05:17:57+00:00,3_categories,Inconsistent category,1200,B01299,Dosage_Form,Tablets,Tablet,Mapped to canonical value,Case / spelling / abbreviation variants unified using master data
2026-09-26T05:17:57+00:00,3_categories,Inconsistent category,1209,B01941,Dosage_Form,capsule,Capsule,Mapped to canonical value,Case / spelling / abbreviation variants unified using master data
2026-09-26T05:17:57+00:00,3_categories,Inconsistent category,1229,B00756,Dosage_Form,Tablets,Tablet,Mapped to canonical value,Case / spelling / abbreviation variants unified using master data
2026-09-26T05:17:57+00:00,3_categories,Inconsistent category,1230,B00818,Dosage_Form,capsule,Capsule,Mapped to canonical value,Case / spelling / abbreviation variants unified using master data
2026-09-26T05:17:57+00:00,3_categories,Inconsistent category,1258,B00248,Dosage_Form,tablet,Tablet,Mapped to canonical value,Case / spelling / abbreviation variants unified using master data
2026-09-26T05:17:57+00:00,3_categories,Inconsistent category,1268,B00734,Dosage_Form,Suspensions,Suspension,Mapped to canonical value,Case / spelling / abbreviation variants unified using master data
2026-09-26T05:17:57+00:00,3_categories,Inconsistent category,1272,B01428,Dosage_Form,Injectables,Injectable,Mapped to canonical value,Case / spelling / abbreviation variants unified using master data
2026-09-26T05:17:57+00:00,3_categories,Inconsistent category,1283,B02641,Dosage_Form,TABLET,Tablet,Mapped to canonical value,Case / spelling / abbreviation variants unified using master data
2026-09-26T05:17:57+00:00,3_categories,Inconsistent category,1285,B00377,Dosage_Form,Suspensions,Suspension,Mapped to canonical value,Case / spelling / abbreviation variants unified using master data
2026-09-26T05:17:57+00:00,3_categories,Inconsistent category,1293,B00443,Dosage_Form,capsule,Capsule,Mapped to canonical value,Case / spelling / abbreviation variants unified using master data
2026-09-26T05:17:57+00:00,3_categories,Inconsistent category,1303,B01576,Dosage_Form,Tablets,Tablet,Mapped to canonical value,Case / spelling / abbreviation variants unified using master data
2026-09-26T05:17:57+00:00,3_categories,Inconsistent category,1309,B00323,Dosage_Form,capsule,Capsule,Mapped to canonical value,Case / spelling / abbreviation variants unified using master data
2026-09-26T05:17:57+00:00,3_categories,Inconsistent category,1332,B00781,Dosage_Form,injectable,Injectable,Mapped to canonical value,Case / spelling / abbreviation variants unified using master data
2026-09-26T05:17:57+00:00,3_categories,Inconsistent category,1345,B02270,Dosage_Form,INJECTABLE,Injectable,Mapped to canonical value,Case / spelling / abbreviation variants unified using master data
2026-09-26T05:17:57+00:00,3_categories,Inconsistent category,1348,B00248,Dosage_Form,tablet,Tablet,Mapped to canonical value,Case / spelling / abbreviation variants unified using master data
2026-09-26T05:17:57+00:00,3_categories,Inconsistent category,1355,B00787,Dosage_Form,TABLET,Tablet,Mapped to canonical value,Case / spelling / abbreviation variants unified using master data
2026-09-26T05:17:57+00:00,3_categories,Inconsistent category,1359,B02511,Dosage_Form,capsule,Capsule,Mapped to canonical value,Case / spelling / abbreviation variants unified using master data
2026-09-26T05:17:57+00:00,3_categories,Inconsistent category,1368,B02116,Dosage_Form,tablet,Tablet,Mapped to canonical value,Case / spelling / abbreviation variants unified using master data
2026-09-26T05:17:57+00:00,3_categories,Inconsistent category,1373,B02109,Dosage_Form,tablet,Tablet,Mapped to canonical value,Case / spelling / abbreviation variants unified using master data
2026-09-26T05:17:57+00:00,3_categories,Inconsistent category,1383,B01483,Dosage_Form,Tablets,Tablet,Mapped to canonical value,Case / spelling / abbreviation variants unified using master data
2026-09-26T05:17:57+00:00,3_categories,Inconsistent category,1396,B02897,Dosage_Form,capsule,Capsule,Mapped to canonical value,Case / spelling / abbreviation variants unified using master data
2026-09-26T05:17:57+00:00,3_categories,Inconsistent category,1398,B01350,Dosage_Form,tablet,Tablet,Mapped to canonical value,Case / spelling / abbreviation variants unified using master data
2026-09-26T05:17:57+00:00,3_categories,Inconsistent category,1402,B00761,Dosage_Form,CAPSULE,Capsule,Mapped to canonical value,Case / spelling / abbreviation variants unified using master data
2026-09-26T05:17:57+00:00,3_categories,Inconsistent category,1403,B02528,Dosage_Form,Injectables,Injectable,Mapped to canonical value,Case / spelling / abbreviation variants unified using master data
2026-09-26T05:17:57+00:00,3_categories,Inconsistent category,1409,B02404,Dosage_Form,TABLET,Tablet,Mapped to canonical value,Case / spelling / abbreviation variants unified using master data
2026-09-26T05:17:57+00:00,3_categories,Inconsistent category,1414,B01363,Dosage_Form,Tablets,Tablet,Mapped to canonical value,Case / spelling / abbreviation variants unified using master data
2026-09-26T05:17:57+00:00,3_categories,Inconsistent category,1422,B00208,Dosage_Form,injectable,Injectable,Mapped to canonical value,Case / spelling / abbreviation variants unified using master data
2026-09-26T05:17:57+00:00,3_categories,Inconsistent category,1432,B01037,Dosage_Form,INJECTABLE,Injectable,Mapped to canonical value,Case / spelling / abbreviation variants unified using master data
2026-09-26T05:17:57+00:00,3_categories,Inconsistent category,1433,B01277,Dosage_Form,CAPSULE,Capsule,Mapped to canonical value,Case / spelling / abbreviation variants unified using master data
2026-09-26T05:17:57+00:00,3_categories,Inconsistent category,1435,B00823,Dosage_Form,Capsules,Capsule,Mapped to canonical value,Case / spelling / abbreviation variants unified using master data
2026-09-26T05:17:57+00:00,3_categories,Inconsistent category,1436,B01038,Dosage_Form,tablet,Tablet,Mapped to canonical value,Case / spelling / abbreviation variants unified using master data
2026-09-26T05:17:57+00:00,3_categories,Inconsistent category,1454,B02650,Dosage_Form,Tablets,Tablet,Mapped to canonical value,Case / spelling / abbreviation variants unified using master data
2026-09-26T05:17:57+00:00,3_categories,Inconsistent category,1455,B01392,Dosage_Form,tablet,Tablet,Mapped to canonical value,Case / spelling / abbreviation variants unified using master data
2026-09-26T05:17:57+00:00,3_categories,Inconsistent category,1460,B01137,Dosage_Form,SUSPENSION,Suspension,Mapped to canonical value,Case / spelling / abbreviation variants unified using master data
2026-09-26T05:17:57+00:00,3_categories,Inconsistent category,1480,B00618,Dosage_Form,tablet,Tablet,Mapped to canonical value,Case / spelling / abbreviation variants unified using master data
2026-09-26T05:17:57+00:00,3_categories,Inconsistent category,1495,B01921,Dosage_Form,tablet,Tablet,Mapped to canonical value,Case / spelling / abbreviation variants unified using master data
2026-09-26T05:17:57+00:00,3_categories,Inconsistent category,1503,B02021,Dosage_Form,tablet,Tablet,Mapped to canonical value,Case / spelling / abbreviation variants unified using master data
2026-09-26T05:17:57+00:00,3_categories,Inconsistent category,1505,B01013,Dosage_Form,TABLET,Tablet,Mapped to canonical value,Case / spelling / abbreviation variants unified using master data
2026-09-26T05:17:57+00:00,3_categories,Inconsistent category,1509,B01998,Dosage_Form,Injectables,Injectable,Mapped to canonical value,Case / spelling / abbreviation variants unified using master data
2026-09-26T05:17:57+00:00,3_categories,Inconsistent category,1516,B02547,Dosage_Form,suspension,Suspension,Mapped to canonical value,Case / spelling / abbreviation variants unified using master data
2026-09-26T05:17:57+00:00,3_categories,Inconsistent category,1521,B01862,Dosage_Form,TABLET,Tablet,Mapped to canonical value,Case / spelling / abbreviation variants unified using master data
2026-09-26T05:17:57+00:00,3_categories,Inconsistent category,1537,B02062,Dosage_Form,TABLET,Tablet,Mapped to canonical value,Case / spelling / abbreviation variants unified using master data
2026-09-26T05:17:57+00:00,3_categories,Inconsistent category,1538,B01904,Dosage_Form,Tablets,Tablet,Mapped to canonical value,Case / spelling / abbreviation variants unified using master data
2026-09-26T05:17:57+00:00,3_categories,Inconsistent category,1544,B01386,Dosage_Form,Tablets,Tablet,Mapped to canonical value,Case / spelling / abbreviation variants unified using master data
2026-09-26T05:17:57+00:00,3_categories,Inconsistent category,1553,B00056,Dosage_Form,tablet,Tablet,Mapped to canonical value,Case / spelling / abbreviation variants unified using master data
2026-09-26T05:17:57+00:00,3_categories,Inconsistent category,1555,B00409,Dosage_Form,injectable,Injectable,Mapped to canonical value,Case / spelling / abbreviation variants unified using master data
2026-09-26T05:17:57+00:00,3_categories,Inconsistent category,1557,B01550,Dosage_Form,tablet,Tablet,Mapped to canonical value,Case / spelling / abbreviation variants unified using master data
2026-09-26T05:17:57+00:00,3_categories,Inconsistent category,1559,B01802,Dosage_Form,TABLET,Tablet,Mapped to canonical value,Case / spelling / abbreviation variants unified using master data
2026-09-26T05:17:57+00:00,3_categories,Inconsistent category,1569,B00700,Dosage_Form,Tablets,Tablet,Mapped to canonical value,Case / spelling / abbreviation variants unified using master data
2026-09-26T05:17:57+00:00,3_categories,Inconsistent category,1576,B00535,Dosage_Form,tablet,Tablet,Mapped to canonical value,Case / spelling / abbreviation variants unified using master data
2026-09-26T05:17:57+00:00,3_categories,Inconsistent category,1580,B02722,Dosage_Form,CAPSULE,Capsule,Mapped to canonical value,Case / spelling / abbreviation variants unified using master data
2026-09-26T05:17:57+00:00,3_categories,Inconsistent category,1597,B01923,Dosage_Form,INJECTABLE,Injectable,Mapped to canonical value,Case / spelling / abbreviation variants unified using master data
2026-09-26T05:17:57+00:00,3_categories,Inconsistent category,1598,B01774,Dosage_Form,tablet,Tablet,Mapped to canonical value,Case / spelling / abbreviation variants unified using master data
2026-09-26T05:17:57+00:00,3_categories,Inconsistent category,1617,B01569,Dosage_Form,Injectables,Injectable,Mapped to canonical value,Case / spelling / abbreviation variants unified using master data
2026-09-26T05:17:57+00:00,3_categories,Inconsistent category,1625,B00396,Dosage_Form,Injectables,Injectable,Mapped to canonical value,Case / spelling / abbreviation variants unified using master data
2026-09-26T05:17:57+00:00,3_categories,Inconsistent category,1630,B01761,Dosage_Form,TABLET,Tablet,Mapped to canonical value,Case / spelling / abbreviation variants unified using master data
2026-09-26T05:17:57+00:00,3_categories,Inconsistent category,1653,B01836,Dosage_Form,CAPSULE,Capsule,Mapped to canonical value,Case / spelling / abbreviation variants unified using master data
2026-09-26T05:17:57+00:00,3_categories,Inconsistent category,1675,B02339,Dosage_Form,Tablets,Tablet,Mapped to canonical value,Case / spelling / abbreviation variants unified using master data
2026-09-26T05:17:57+00:00,3_categories,Inconsistent category,1711,B01464,Dosage_Form,TABLET,Tablet,Mapped to canonical value,Case / spelling / abbreviation variants unified using master data
2026-09-26T05:17:57+00:00,3_categories,Inconsistent category,1716,B00646,Dosage_Form,tablet,Tablet,Mapped to canonical value,Case / spelling / abbreviation variants unified using master data
2026-09-26T05:17:57+00:00,3_categories,Inconsistent category,1717,B00757,Dosage_Form,SUSPENSION,Suspension,Mapped to canonical value,Case / spelling / abbreviation variants unified using master data
2026-09-26T05:17:57+00:00,3_categories,Inconsistent category,1725,B01633,Dosage_Form,TABLET,Tablet,Mapped to canonical value,Case / spelling / abbreviation variants unified using master data
2026-09-26T05:17:57+00:00,3_categories,Inconsistent category,1727,B02683,Dosage_Form,TABLET,Tablet,Mapped to canonical value,Case / spelling / abbreviation variants unified using master data
2026-09-26T05:17:57+00:00,3_categories,Inconsistent category,1732,B00527,Dosage_Form,Injectables,Injectable,Mapped to canonical value,Case / spelling / abbreviation variants unified using master data
2026-09-26T05:17:57+00:00,3_categories,Inconsistent category,1774,B01549,Dosage_Form,TABLET,Tablet,Mapped to canonical value,Case / spelling / abbreviation variants unified using master data
2026-09-26T05:17:57+00:00,3_categories,Inconsistent category,1782,B02468,Dosage_Form,CAPSULE,Capsule,Mapped to canonical value,Case / spelling / abbreviation variants unified using master data
2026-09-26T05:17:57+00:00,3_categories,Inconsistent category,1783,B01741,Dosage_Form,TABLET,Tablet,Mapped to canonical value,Case / spelling / abbreviation variants unified using master data
2026-09-26T05:17:57+00:00,3_categories,Inconsistent category,1789,B00724,Dosage_Form,Capsules,Capsule,Mapped to canonical value,Case / spelling / abbreviation variants unified using master data
2026-09-26T05:17:57+00:00,3_categories,Inconsistent category,1825,B00116,Dosage_Form,TABLET,Tablet,Mapped to canonical value,Case / spelling / abbreviation variants unified using master data
2026-09-26T05:17:57+00:00,3_categories,Inconsistent category,1827,B01769,Dosage_Form,Tablets,Tablet,Mapped to canonical value,Case / spelling / abbreviation variants unified using master data
2026-09-26T05:17:57+00:00,3_categories,Inconsistent category,1839,B01358,Dosage_Form,Capsules,Capsule,Mapped to canonical value,Case / spelling / abbreviation variants unified using master data
2026-09-26T05:17:57+00:00,3_categories,Inconsistent category,1841,B02824,Dosage_Form,injectable,Injectable,Mapped to canonical value,Case / spelling / abbreviation variants unified using master data
2026-09-26T05:17:57+00:00,3_categories,Inconsistent category,1863,B00874,Dosage_Form,CAPSULE,Capsule,Mapped to canonical value,Case / spelling / abbreviation variants unified using master data
2026-09-26T05:17:57+00:00,3_categories,Inconsistent category,1869,B01433,Dosage_Form,CAPSULE,Capsule,Mapped to canonical value,Case / spelling / abbreviation variants unified using master data
2026-09-26T05:17:57+00:00,3_categories,Inconsistent category,1874,B00654,Dosage_Form,INJECTABLE,Injectable,Mapped to canonical value,Case / spelling / abbreviation variants unified using master data
2026-09-26T05:17:57+00:00,3_categories,Inconsistent category,1876,B01685,Dosage_Form,TABLET,Tablet,Mapped to canonical value,Case / spelling / abbreviation variants unified using master data
2026-09-26T05:17:57+00:00,3_categories,Inconsistent category,1877,B02348,Dosage_Form,SUSPENSION,Suspension,Mapped to canonical value,Case / spelling / abbreviation variants unified using master data
2026-09-26T05:17:57+00:00,3_categories,Inconsistent category,1880,B02275,Dosage_Form,CAPSULE,Capsule,Mapped to canonical value,Case / spelling / abbreviation variants unified using master data
2026-09-26T05:17:57+00:00,3_categories,Inconsistent category,1885,B01735,Dosage_Form,INJECTABLE,Injectable,Mapped to canonical value,Case / spelling / abbreviation variants unified using master data
2026-09-26T05:17:57+00:00,3_categories,Inconsistent category,1893,B02377,Dosage_Form,INJECTABLE,Injectable,Mapped to canonical value,Case / spelling / abbreviation variants unified using master data
2026-09-26T05:17:57+00:00,3_categories,Inconsistent category,1895,B02543,Dosage_Form,Injectables,Injectable,Mapped to canonical value,Case / spelling / abbreviation variants unified using master data
2026-09-26T05:17:57+00:00,3_categories,Inconsistent category,1908,B02078,Dosage_Form,tablet,Tablet,Mapped to canonical value,Case / spelling / abbreviation variants unified using master data
2026-09-26T05:17:57+00:00,3_categories,Inconsistent category,1910,B02470,Dosage_Form,tablet,Tablet,Mapped to canonical value,Case / spelling / abbreviation variants unified using master data
2026-09-26T05:17:57+00:00,3_categories,Inconsistent category,1912,B01467,Dosage_Form,CAPSULE,Capsule,Mapped to canonical value,Case / spelling / abbreviation variants unified using master data
2026-09-26T05:17:57+00:00,3_categories,Inconsistent category,1915,B02446,Dosage_Form,Injectables,Injectable,Mapped to canonical value,Case / spelling / abbreviation variants unified using master data
2026-09-26T05:17:57+00:00,3_categories,Inconsistent category,1916,B01184,Dosage_Form,tablet,Tablet,Mapped to canonical value,Case / spelling / abbreviation variants unified using master data
2026-09-26T05:17:57+00:00,3_categories,Inconsistent category,1917,B01373,Dosage_Form,TABLET,Tablet,Mapped to canonical value,Case / spelling / abbreviation variants unified using master data
2026-09-26T05:17:57+00:00,3_categories,Inconsistent category,1919,B00571,Dosage_Form,INJECTABLE,Injectable,Mapped to canonical value,Case / spelling / abbreviation variants unified using master data
2026-09-26T05:17:57+00:00,3_categories,Inconsistent category,1931,B00525,Dosage_Form,TABLET,Tablet,Mapped to canonical value,Case / spelling / abbreviation variants unified using master data
2026-09-26T05:17:57+00:00,3_categories,Inconsistent category,1934,B01410,Dosage_Form,TABLET,Tablet,Mapped to canonical value,Case / spelling / abbreviation variants unified using master data
2026-09-26T05:17:57+00:00,3_categories,Inconsistent category,1949,B00546,Dosage_Form,tablet,Tablet,Mapped to canonical value,Case / spelling / abbreviation variants unified using master data
2026-09-26T05:17:57+00:00,3_categories,Inconsistent category,1952,B02291,Dosage_Form,tablet,Tablet,Mapped to canonical value,Case / spelling / abbreviation variants unified using master data
2026-09-26T05:17:57+00:00,3_categories,Inconsistent category,1954,B00736,Dosage_Form,Capsules,Capsule,Mapped to canonical value,Case / spelling / abbreviation variants unified using master data
2026-09-26T05:17:57+00:00,3_categories,Inconsistent category,1961,B02184,Dosage_Form,capsule,Capsule,Mapped to canonical value,Case / spelling / abbreviation variants unified using master data
2026-09-26T05:17:57+00:00,3_categories,Inconsistent category,1964,B02278,Dosage_Form,Tablets,Tablet,Mapped to canonical value,Case / spelling / abbreviation variants unified using master data
2026-09-26T05:17:57+00:00,3_categories,Inconsistent category,1972,B01830,Dosage_Form,INJECTABLE,Injectable,Mapped to canonical value,Case / spelling / abbreviation variants unified using master data
2026-09-26T05:17:57+00:00,3_categories,Inconsistent category,1976,B02024,Dosage_Form,tablet,Tablet,Mapped to canonical value,Case / spelling / abbreviation variants unified using master data
2026-09-26T05:17:57+00:00,3_categories,Inconsistent category,1990,B01444,Dosage_Form,TABLET,Tablet,Mapped to canonical value,Case / spelling / abbreviation variants unified using master data
2026-09-26T05:17:57+00:00,3_categories,Inconsistent category,1996,B01628,Dosage_Form,Tablets,Tablet,Mapped to canonical value,Case / spelling / abbreviation variants unified using master data
2026-09-26T05:17:57+00:00,3_categories,Inconsistent category,2005,B00902,Dosage_Form,TABLET,Tablet,Mapped to canonical value,Case / spelling / abbreviation variants unified using master data
2026-09-26T05:17:57+00:00,3_categories,Inconsistent category,2012,B00312,Dosage_Form,capsule,Capsule,Mapped to canonical value,Case / spelling / abbreviation variants unified using master data
2026-09-26T05:17:57+00:00,3_categories,Inconsistent category,2013,B02680,Dosage_Form,Tablets,Tablet,Mapped to canonical value,Case / spelling / abbreviation variants unified using master data
2026-09-26T05:17:57+00:00,3_categories,Inconsistent category,2020,B01987,Dosage_Form,Injectables,Injectable,Mapped to canonical value,Case / spelling / abbreviation variants unified using master data
2026-09-26T05:17:57+00:00,3_categories,Inconsistent category,2024,B01138,Dosage_Form,TABLET,Tablet,Mapped to canonical value,Case / spelling / abbreviation variants unified using master data
2026-09-26T05:17:57+00:00,3_categories,Inconsistent category,2025,B01851,Dosage_Form,TABLET,Tablet,Mapped to canonical value,Case / spelling / abbreviation variants unified using master data
2026-09-26T05:17:57+00:00,3_categories,Inconsistent category,2028,B02554,Dosage_Form,CAPSULE,Capsule,Mapped to canonical value,Case / spelling / abbreviation variants unified using master data
2026-09-26T05:17:57+00:00,3_categories,Inconsistent category,2108,B00163,Dosage_Form,TABLET,Tablet,Mapped to canonical value,Case / spelling / abbreviation variants unified using master data
2026-09-26T05:17:57+00:00,3_categories,Inconsistent category,2109,B01332,Dosage_Form,SUSPENSION,Suspension,Mapped to canonical value,Case / spelling / abbreviation variants unified using master data
2026-09-26T05:17:57+00:00,3_categories,Inconsistent category,2115,B01173,Dosage_Form,tablet,Tablet,Mapped to canonical value,Case / spelling / abbreviation variants unified using master data
2026-09-26T05:17:57+00:00,3_categories,Inconsistent category,2121,B02371,Dosage_Form,tablet,Tablet,Mapped to canonical value,Case / spelling / abbreviation variants unified using master data
2026-09-26T05:17:57+00:00,3_categories,Inconsistent category,2126,B02786,Dosage_Form,CAPSULE,Capsule,Mapped to canonical value,Case / spelling / abbreviation variants unified using master data
2026-09-26T05:17:57+00:00,3_categories,Inconsistent category,2142,B00708,Dosage_Form,Tablets,Tablet,Mapped to canonical value,Case / spelling / abbreviation variants unified using master data
2026-09-26T05:17:57+00:00,3_categories,Inconsistent category,2157,B01223,Dosage_Form,injectable,Injectable,Mapped to canonical value,Case / spelling / abbreviation variants unified using master data
2026-09-26T05:17:57+00:00,3_categories,Inconsistent category,2165,B00895,Dosage_Form,Suspensions,Suspension,Mapped to canonical value,Case / spelling / abbreviation variants unified using master data
2026-09-26T05:17:57+00:00,3_categories,Inconsistent category,2180,B02840,Dosage_Form,injectable,Injectable,Mapped to canonical value,Case / spelling / abbreviation variants unified using master data
2026-09-26T05:17:57+00:00,3_categories,Inconsistent category,2189,B01347,Dosage_Form,Injectables,Injectable,Mapped to canonical value,Case / spelling / abbreviation variants unified using master data
2026-09-26T05:17:57+00:00,3_categories,Inconsistent category,2208,B01029,Dosage_Form,Tablets,Tablet,Mapped to canonical value,Case / spelling / abbreviation variants unified using master data
2026-09-26T05:17:57+00:00,3_categories,Inconsistent category,2225,B02184,Dosage_Form,capsule,Capsule,Mapped to canonical value,Case / spelling / abbreviation variants unified using master data
2026-09-26T05:17:57+00:00,3_categories,Inconsistent category,2230,B01051,Dosage_Form,Tablets,Tablet,Mapped to canonical value,Case / spelling / abbreviation variants unified using master data
2026-09-26T05:17:57+00:00,3_categories,Inconsistent category,2234,B02722,Dosage_Form,CAPSULE,Capsule,Mapped to canonical value,Case / spelling / abbreviation variants unified using master data
2026-09-26T05:17:57+00:00,3_categories,Inconsistent category,2239,B02609,Dosage_Form,TABLET,Tablet,Mapped to canonical value,Case / spelling / abbreviation variants unified using master data
2026-09-26T05:17:57+00:00,3_categories,Inconsistent category,2244,B02295,Dosage_Form,suspension,Suspension,Mapped to canonical value,Case / spelling / abbreviation variants unified using master data
2026-09-26T05:17:57+00:00,3_categories,Inconsistent category,2252,B00135,Dosage_Form,suspension,Suspension,Mapped to canonical value,Case / spelling / abbreviation variants unified using master data
2026-09-26T05:17:57+00:00,3_categories,Inconsistent category,2269,B02832,Dosage_Form,suspension,Suspension,Mapped to canonical value,Case / spelling / abbreviation variants unified using master data
2026-09-26T05:17:57+00:00,3_categories,Inconsistent category,2272,B00327,Dosage_Form,TABLET,Tablet,Mapped to canonical value,Case / spelling / abbreviation variants unified using master data
2026-09-26T05:17:57+00:00,3_categories,Inconsistent category,2282,B01226,Dosage_Form,Injectables,Injectable,Mapped to canonical value,Case / spelling / abbreviation variants unified using master data
2026-09-26T05:17:57+00:00,3_categories,Inconsistent category,2293,B00087,Dosage_Form,tablet,Tablet,Mapped to canonical value,Case / spelling / abbreviation variants unified using master data
2026-09-26T05:17:57+00:00,3_categories,Inconsistent category,2300,B02633,Dosage_Form,injectable,Injectable,Mapped to canonical value,Case / spelling / abbreviation variants unified using master data
2026-09-26T05:17:57+00:00,3_categories,Inconsistent category,2313,B00116,Dosage_Form,TABLET,Tablet,Mapped to canonical value,Case / spelling / abbreviation variants unified using master data
2026-09-26T05:17:57+00:00,3_categories,Inconsistent category,2328,B00964,Dosage_Form,Tablets,Tablet,Mapped to canonical value,Case / spelling / abbreviation variants unified using master data
2026-09-26T05:17:57+00:00,3_categories,Inconsistent category,2330,B02029,Dosage_Form,tablet,Tablet,Mapped to canonical value,Case / spelling / abbreviation variants unified using master data
2026-09-26T05:17:57+00:00,3_categories,Inconsistent category,2343,B02106,Dosage_Form,Tablets,Tablet,Mapped to canonical value,Case / spelling / abbreviation variants unified using master data
2026-09-26T05:17:57+00:00,3_categories,Inconsistent category,2346,B01561,Dosage_Form,TABLET,Tablet,Mapped to canonical value,Case / spelling / abbreviation variants unified using master data
2026-09-26T05:17:57+00:00,3_categories,Inconsistent category,2347,B02861,Dosage_Form,Capsules,Capsule,Mapped to canonical value,Case / spelling / abbreviation variants unified using master data
2026-09-26T05:17:57+00:00,3_categories,Inconsistent category,2368,B02763,Dosage_Form,Tablets,Tablet,Mapped to canonical value,Case / spelling / abbreviation variants unified using master data
2026-09-26T05:17:57+00:00,3_categories,Inconsistent category,2387,B02009,Dosage_Form,suspension,Suspension,Mapped to canonical value,Case / spelling / abbreviation variants unified using master data
2026-09-26T05:17:57+00:00,3_categories,Inconsistent category,2396,B02392,Dosage_Form,Capsules,Capsule,Mapped to canonical value,Case / spelling / abbreviation variants unified using master data
2026-09-26T05:17:57+00:00,3_categories,Inconsistent category,2397,B00087,Dosage_Form,tablet,Tablet,Mapped to canonical value,Case / spelling / abbreviation variants unified using master data
2026-09-26T05:17:57+00:00,3_categories,Inconsistent category,2399,B02602,Dosage_Form,tablet,Tablet,Mapped to canonical value,Case / spelling / abbreviation variants unified using master data
2026-09-26T05:17:57+00:00,3_categories,Inconsistent category,2405,B02359,Dosage_Form,CAPSULE,Capsule,Mapped to canonical value,Case / spelling / abbreviation variants unified using master data
2026-09-26T05:17:57+00:00,3_categories,Inconsistent category,2408,B02801,Dosage_Form,SUSPENSION,Suspension,Mapped to canonical value,Case / spelling / abbreviation variants unified using master data
2026-09-26T05:17:57+00:00,3_categories,Inconsistent category,2409,B00114,Dosage_Form,TABLET,Tablet,Mapped to canonical value,Case / spelling / abbreviation variants unified using master data
2026-09-26T05:17:57+00:00,3_categories,Inconsistent category,2410,B01806,Dosage_Form,Tablets,Tablet,Mapped to canonical value,Case / spelling / abbreviation variants unified using master data
2026-09-26T05:17:57+00:00,3_categories,Inconsistent category,2411,B00074,Dosage_Form,capsule,Capsule,Mapped to canonical value,Case / spelling / abbreviation variants unified using master data
2026-09-26T05:17:57+00:00,3_categories,Inconsistent category,2417,B02385,Dosage_Form,Capsules,Capsule,Mapped to canonical value,Case / spelling / abbreviation variants unified using master data
2026-09-26T05:17:57+00:00,3_categories,Inconsistent category,2432,B01161,Dosage_Form,tablet,Tablet,Mapped to canonical value,Case / spelling / abbreviation variants unified using master data
2026-09-26T05:17:57+00:00,3_categories,Inconsistent category,2438,B01295,Dosage_Form,injectable,Injectable,Mapped to canonical value,Case / spelling / abbreviation variants unified using master data
2026-09-26T05:17:57+00:00,3_categories,Inconsistent category,2449,B01169,Dosage_Form,INJECTABLE,Injectable,Mapped to canonical value,Case / spelling / abbreviation variants unified using master data
2026-09-26T05:17:57+00:00,3_categories,Inconsistent category,2455,B00367,Dosage_Form,Tablets,Tablet,Mapped to canonical value,Case / spelling / abbreviation variants unified using master data
2026-09-26T05:17:57+00:00,3_categories,Inconsistent category,2463,B02062,Dosage_Form,TABLET,Tablet,Mapped to canonical value,Case / spelling / abbreviation variants unified using master data
2026-09-26T05:17:57+00:00,3_categories,Inconsistent category,2480,B00288,Dosage_Form,TABLET,Tablet,Mapped to canonical value,Case / spelling / abbreviation variants unified using master data
2026-09-26T05:17:57+00:00,3_categories,Inconsistent category,2504,B02306,Dosage_Form,tablet,Tablet,Mapped to canonical value,Case / spelling / abbreviation variants unified using master data
2026-09-26T05:17:57+00:00,3_categories,Inconsistent category,2508,B01758,Dosage_Form,capsule,Capsule,Mapped to canonical value,Case / spelling / abbreviation variants unified using master data
2026-09-26T05:17:57+00:00,3_categories,Inconsistent category,2526,B01253,Dosage_Form,Tablets,Tablet,Mapped to canonical value,Case / spelling / abbreviation variants unified using master data
2026-09-26T05:17:57+00:00,3_categories,Inconsistent category,2532,B01950,Dosage_Form,tablet,Tablet,Mapped to canonical value,Case / spelling / abbreviation variants unified using master data
2026-09-26T05:17:57+00:00,3_categories,Inconsistent category,2534,B02703,Dosage_Form,TABLET,Tablet,Mapped to canonical value,Case / spelling / abbreviation variants unified using master data
2026-09-26T05:17:57+00:00,3_categories,Inconsistent category,2542,B01555,Dosage_Form,tablet,Tablet,Mapped to canonical value,Case / spelling / abbreviation variants unified using master data
2026-09-26T05:17:57+00:00,3_categories,Inconsistent category,2545,B02199,Dosage_Form,tablet,Tablet,Mapped to canonical value,Case / spelling / abbreviation variants unified using master data
2026-09-26T05:17:57+00:00,3_categories,Inconsistent category,2551,B01771,Dosage_Form,TABLET,Tablet,Mapped to canonical value,Case / spelling / abbreviation variants unified using master data
2026-09-26T05:17:57+00:00,3_categories,Inconsistent category,2552,B02787,Dosage_Form,TABLET,Tablet,Mapped to canonical value,Case / spelling / abbreviation variants unified using master data
2026-09-26T05:17:57+00:00,3_categories,Inconsistent category,2556,B01211,Dosage_Form,capsule,Capsule,Mapped to canonical value,Case / spelling / abbreviation variants unified using master data
2026-09-26T05:17:57+00:00,3_categories,Inconsistent category,2569,B00576,Dosage_Form,tablet,Tablet,Mapped to canonical value,Case / spelling / abbreviation variants unified using master data
2026-09-26T05:17:57+00:00,3_categories,Inconsistent category,2573,B00639,Dosage_Form,SUSPENSION,Suspension,Mapped to canonical value,Case / spelling / abbreviation variants unified using master data
2026-09-26T05:17:57+00:00,3_categories,Inconsistent category,2574,B00166,Dosage_Form,injectable,Injectable,Mapped to canonical value,Case / spelling / abbreviation variants unified using master data
2026-09-26T05:17:57+00:00,3_categories,Inconsistent category,2585,B02487,Dosage_Form,tablet,Tablet,Mapped to canonical value,Case / spelling / abbreviation variants unified using master data
2026-09-26T05:17:57+00:00,3_categories,Inconsistent category,2588,B01183,Dosage_Form,Capsules,Capsule,Mapped to canonical value,Case / spelling / abbreviation variants unified using master data
2026-09-26T05:17:57+00:00,3_categories,Inconsistent category,2618,B00404,Dosage_Form,INJECTABLE,Injectable,Mapped to canonical value,Case / spelling / abbreviation variants unified using master data
2026-09-26T05:17:57+00:00,3_categories,Inconsistent category,2621,B00614,Dosage_Form,Tablets,Tablet,Mapped to canonical value,Case / spelling / abbreviation variants unified using master data
2026-09-26T05:17:57+00:00,3_categories,Inconsistent category,2623,B00188,Dosage_Form,TABLET,Tablet,Mapped to canonical value,Case / spelling / abbreviation variants unified using master data
2026-09-26T05:17:57+00:00,3_categories,Inconsistent category,2629,B01846,Dosage_Form,Capsules,Capsule,Mapped to canonical value,Case / spelling / abbreviation variants unified using master data
2026-09-26T05:17:57+00:00,3_categories,Inconsistent category,2635,B02359,Dosage_Form,CAPSULE,Capsule,Mapped to canonical value,Case / spelling / abbreviation variants unified using master data
2026-09-26T05:17:57+00:00,3_categories,Inconsistent category,2662,B00025,Dosage_Form,suspension,Suspension,Mapped to canonical value,Case / spelling / abbreviation variants unified using master data
2026-09-26T05:17:57+00:00,3_categories,Inconsistent category,2673,B01360,Dosage_Form,Tablets,Tablet,Mapped to canonical value,Case / spelling / abbreviation variants unified using master data
2026-09-26T05:17:57+00:00,3_categories,Inconsistent category,2674,B02526,Dosage_Form,tablet,Tablet,Mapped to canonical value,Case / spelling / abbreviation variants unified using master data
2026-09-26T05:17:57+00:00,3_categories,Inconsistent category,2679,B01388,Dosage_Form,Tablets,Tablet,Mapped to canonical value,Case / spelling / abbreviation variants unified using master data
2026-09-26T05:17:57+00:00,3_categories,Inconsistent category,2703,B01042,Dosage_Form,Injectables,Injectable,Mapped to canonical value,Case / spelling / abbreviation variants unified using master data
2026-09-26T05:17:57+00:00,3_categories,Inconsistent category,2730,B01488,Dosage_Form,tablet,Tablet,Mapped to canonical value,Case / spelling / abbreviation variants unified using master data
2026-09-26T05:17:57+00:00,3_categories,Inconsistent category,2734,B02424,Dosage_Form,INJECTABLE,Injectable,Mapped to canonical value,Case / spelling / abbreviation variants unified using master data
2026-09-26T05:17:57+00:00,3_categories,Inconsistent category,2753,B02384,Dosage_Form,tablet,Tablet,Mapped to canonical value,Case / spelling / abbreviation variants unified using master data
2026-09-26T05:17:57+00:00,3_categories,Inconsistent category,2760,B02675,Dosage_Form,INJECTABLE,Injectable,Mapped to canonical value,Case / spelling / abbreviation variants unified using master data
2026-09-26T05:17:57+00:00,3_categories,Inconsistent category,2778,B00328,Dosage_Form,Tablets,Tablet,Mapped to canonical value,Case / spelling / abbreviation variants unified using master data
2026-09-26T05:17:57+00:00,3_categories,Inconsistent category,2783,B02263,Dosage_Form,TABLET,Tablet,Mapped to canonical value,Case / spelling / abbreviation variants unified using master data
2026-09-26T05:17:57+00:00,3_categories,Inconsistent category,2787,B02315,Dosage_Form,Tablets,Tablet,Mapped to canonical value,Case / spelling / abbreviation variants unified using master data
2026-09-26T05:17:57+00:00,3_categories,Inconsistent category,2790,B01204,Dosage_Form,suspension,Suspension,Mapped to canonical value,Case / spelling / abbreviation variants unified using master data
2026-09-26T05:17:57+00:00,3_categories,Inconsistent category,2796,B00483,Dosage_Form,tablet,Tablet,Mapped to canonical value,Case / spelling / abbreviation variants unified using master data
2026-09-26T05:17:57+00:00,3_categories,Inconsistent category,2812,B00999,Dosage_Form,INJECTABLE,Injectable,Mapped to canonical value,Case / spelling / abbreviation variants unified using master data
2026-09-26T05:17:57+00:00,3_categories,Inconsistent category,2813,B00993,Dosage_Form,capsule,Capsule,Mapped to canonical value,Case / spelling / abbreviation variants unified using master data
2026-09-26T05:17:57+00:00,3_categories,Inconsistent category,2823,B01793,Dosage_Form,TABLET,Tablet,Mapped to canonical value,Case / spelling / abbreviation variants unified using master data
2026-09-26T05:17:57+00:00,3_categories,Inconsistent category,2833,B00870,Dosage_Form,Tablets,Tablet,Mapped to canonical value,Case / spelling / abbreviation variants unified using master data
2026-09-26T05:17:57+00:00,3_categories,Inconsistent category,2834,B00458,Dosage_Form,capsule,Capsule,Mapped to canonical value,Case / spelling / abbreviation variants unified using master data
2026-09-26T05:17:57+00:00,3_categories,Inconsistent category,2835,B02406,Dosage_Form,Injectables,Injectable,Mapped to canonical value,Case / spelling / abbreviation variants unified using master data
2026-09-26T05:17:57+00:00,3_categories,Inconsistent category,2839,B00225,Dosage_Form,Suspensions,Suspension,Mapped to canonical value,Case / spelling / abbreviation variants unified using master data
2026-09-26T05:17:57+00:00,3_categories,Inconsistent category,2853,B02189,Dosage_Form,Tablets,Tablet,Mapped to canonical value,Case / spelling / abbreviation variants unified using master data
2026-09-26T05:17:57+00:00,3_categories,Inconsistent category,2860,B00220,Dosage_Form,injectable,Injectable,Mapped to canonical value,Case / spelling / abbreviation variants unified using master data
2026-09-26T05:17:57+00:00,3_categories,Inconsistent category,2862,B02789,Dosage_Form,Tablets,Tablet,Mapped to canonical value,Case / spelling / abbreviation variants unified using master data
2026-09-26T05:17:57+00:00,3_categories,Inconsistent category,2876,B00484,Dosage_Form,SUSPENSION,Suspension,Mapped to canonical value,Case / spelling / abbreviation variants unified using master data
2026-09-26T05:17:57+00:00,3_categories,Inconsistent category,2909,B01176,Dosage_Form,TABLET,Tablet,Mapped to canonical value,Case / spelling / abbreviation variants unified using master data
2026-09-26T05:17:57+00:00,3_categories,Inconsistent category,2911,B02131,Dosage_Form,Suspensions,Suspension,Mapped to canonical value,Case / spelling / abbreviation variants unified using master data
2026-09-26T05:17:57+00:00,3_categories,Inconsistent category,2914,B01103,Dosage_Form,Injectables,Injectable,Mapped to canonical value,Case / spelling / abbreviation variants unified using master data
2026-09-26T05:17:57+00:00,3_categories,Inconsistent category,2916,B01364,Dosage_Form,TABLET,Tablet,Mapped to canonical value,Case / spelling / abbreviation variants unified using master data
2026-09-26T05:17:57+00:00,3_categories,Inconsistent category,2917,B02537,Dosage_Form,tablet,Tablet,Mapped to canonical value,Case / spelling / abbreviation variants unified using master data
2026-09-26T05:17:57+00:00,3_categories,Inconsistent category,2922,B00207,Dosage_Form,suspension,Suspension,Mapped to canonical value,Case / spelling / abbreviation variants unified using master data
2026-09-26T05:17:57+00:00,3_categories,Inconsistent category,2924,B02410,Dosage_Form,TABLET,Tablet,Mapped to canonical value,Case / spelling / abbreviation variants unified using master data
2026-09-26T05:17:57+00:00,3_categories,Inconsistent category,2927,B01151,Dosage_Form,Tablets,Tablet,Mapped to canonical value,Case / spelling / abbreviation variants unified using master data
2026-09-26T05:17:57+00:00,3_categories,Inconsistent category,2930,B01864,Dosage_Form,TABLET,Tablet,Mapped to canonical value,Case / spelling / abbreviation variants unified using master data
2026-09-26T05:17:57+00:00,3_categories,Inconsistent category,2934,B00799,Dosage_Form,TABLET,Tablet,Mapped to canonical value,Case / spelling / abbreviation variants unified using master data
2026-09-26T05:17:57+00:00,3_categories,Inconsistent category,2952,B00609,Dosage_Form,Injectables,Injectable,Mapped to canonical value,Case / spelling / abbreviation variants unified using master data
2026-09-26T05:17:57+00:00,3_categories,Inconsistent category,2969,B00046,Dosage_Form,INJECTABLE,Injectable,Mapped to canonical value,Case / spelling / abbreviation variants unified using master data
2026-09-26T05:17:57+00:00,3_categories,Inconsistent category,2976,B02070,Dosage_Form,TABLET,Tablet,Mapped to canonical value,Case / spelling / abbreviation variants unified using master data
2026-09-26T05:17:57+00:00,3_categories,Inconsistent category,2977,B02772,Dosage_Form,tablet,Tablet,Mapped to canonical value,Case / spelling / abbreviation variants unified using master data
2026-09-26T05:17:57+00:00,3_categories,Inconsistent category,2987,B02633,Dosage_Form,injectable,Injectable,Mapped to canonical value,Case / spelling / abbreviation variants unified using master data
2026-09-26T05:17:57+00:00,3_categories,Inconsistent category,2990,B01374,Dosage_Form,Tablets,Tablet,Mapped to canonical value,Case / spelling / abbreviation variants unified using master data
2026-09-26T05:17:57+00:00,3_categories,Inconsistent category,0,B01970,Plant,plant_a,Plant_A,Mapped to canonical value,Case / spelling / abbreviation variants unified using master data
2026-09-26T05:17:57+00:00,3_categories,Inconsistent category,13,B02904,Plant,PLANT-B,Plant_B,Mapped to canonical value,Case / spelling / abbreviation variants unified using master data
2026-09-26T05:17:57+00:00,3_categories,Inconsistent category,19,B01501,Plant,PLANT-A,Plant_A,Mapped to canonical value,Case / spelling / abbreviation variants unified using master data
2026-09-26T05:17:57+00:00,3_categories,Inconsistent category,21,B00339,Plant, Plant_C ,Plant_C,Mapped to canonical value,Case / spelling / abbreviation variants unified using master data
2026-09-26T05:17:57+00:00,3_categories,Inconsistent category,24,B00394,Plant,Plant B,Plant_B,Mapped to canonical value,Case / spelling / abbreviation variants unified using master data
2026-09-26T05:17:57+00:00,3_categories,Inconsistent category,39,B02492,Plant,A,Plant_A,Mapped to canonical value,Case / spelling / abbreviation variants unified using master data
2026-09-26T05:17:57+00:00,3_categories,Inconsistent category,43,B00132,Plant,Plant A,Plant_A,Mapped to canonical value,Case / spelling / abbreviation variants unified using master data
2026-09-26T05:17:57+00:00,3_categories,Inconsistent category,44,B00523,Plant,D,Plant_D,Mapped to canonical value,Case / spelling / abbreviation variants unified using master data
2026-09-26T05:17:57+00:00,3_categories,Inconsistent category,59,B01413,Plant,PLANT-B,Plant_B,Mapped to canonical value,Case / spelling / abbreviation variants unified using master data
2026-09-26T05:17:57+00:00,3_categories,Inconsistent category,70,B01767,Plant,plant_c,Plant_C,Mapped to canonical value,Case / spelling / abbreviation variants unified using master data
2026-09-26T05:17:57+00:00,3_categories,Inconsistent category,73,B00266,Plant,A,Plant_A,Mapped to canonical value,Case / spelling / abbreviation variants unified using master data
2026-09-26T05:17:57+00:00,3_categories,Inconsistent category,79,B00331,Plant,plant_c,Plant_C,Mapped to canonical value,Case / spelling / abbreviation variants unified using master data
2026-09-26T05:17:57+00:00,3_categories,Inconsistent category,84,B00660,Plant,PLANT-A,Plant_A,Mapped to canonical value,Case / spelling / abbreviation variants unified using master data
2026-09-26T05:17:57+00:00,3_categories,Inconsistent category,95,B02561,Plant,plant_b,Plant_B,Mapped to canonical value,Case / spelling / abbreviation variants unified using master data
2026-09-26T05:17:57+00:00,3_categories,Inconsistent category,100,B00406,Plant,PLANT-B,Plant_B,Mapped to canonical value,Case / spelling / abbreviation variants unified using master data
2026-09-26T05:17:57+00:00,3_categories,Inconsistent category,101,B00764,Plant, Plant_D ,Plant_D,Mapped to canonical value,Case / spelling / abbreviation variants unified using master data
2026-09-26T05:17:57+00:00,3_categories,Inconsistent category,106,B01254,Plant,A,Plant_A,Mapped to canonical value,Case / spelling / abbreviation variants unified using master data
2026-09-26T05:17:57+00:00,3_categories,Inconsistent category,114,B01726,Plant, Plant_D ,Plant_D,Mapped to canonical value,Case / spelling / abbreviation variants unified using master data
2026-09-26T05:17:57+00:00,3_categories,Inconsistent category,128,B01713,Plant,plant_a,Plant_A,Mapped to canonical value,Case / spelling / abbreviation variants unified using master data
2026-09-26T05:17:57+00:00,3_categories,Inconsistent category,132,B01155,Plant,Plant B,Plant_B,Mapped to canonical value,Case / spelling / abbreviation variants unified using master data
2026-09-26T05:17:57+00:00,3_categories,Inconsistent category,140,B02304,Plant,D,Plant_D,Mapped to canonical value,Case / spelling / abbreviation variants unified using master data
2026-09-26T05:17:57+00:00,3_categories,Inconsistent category,158,B01684,Plant,C,Plant_C,Mapped to canonical value,Case / spelling / abbreviation variants unified using master data
2026-09-26T05:17:57+00:00,3_categories,Inconsistent category,161,B02119,Plant,B,Plant_B,Mapped to canonical value,Case / spelling / abbreviation variants unified using master data
2026-09-26T05:17:57+00:00,3_categories,Inconsistent category,178,B02161,Plant,Plant C,Plant_C,Mapped to canonical value,Case / spelling / abbreviation variants unified using master data
2026-09-26T05:17:57+00:00,3_categories,Inconsistent category,191,B01408,Plant,A,Plant_A,Mapped to canonical value,Case / spelling / abbreviation variants unified using master data
2026-09-26T05:17:57+00:00,3_categories,Inconsistent category,200,B02898,Plant,Plant C,Plant_C,Mapped to canonical value,Case / spelling / abbreviation variants unified using master data
2026-09-26T05:17:57+00:00,3_categories,Inconsistent category,204,B02495,Plant,PLANT-A,Plant_A,Mapped to canonical value,Case / spelling / abbreviation variants unified using master data
2026-09-26T05:17:57+00:00,3_categories,Inconsistent category,205,B02483,Plant,C,Plant_C,Mapped to canonical value,Case / spelling / abbreviation variants unified using master data
2026-09-26T05:17:57+00:00,3_categories,Inconsistent category,208,B02379,Plant,PLANT-B,Plant_B,Mapped to canonical value,Case / spelling / abbreviation variants unified using master data
2026-09-26T05:17:57+00:00,3_categories,Inconsistent category,231,B02341,Plant,PLANT-C,Plant_C,Mapped to canonical value,Case / spelling / abbreviation variants unified using master data
2026-09-26T05:17:57+00:00,3_categories,Inconsistent category,238,B00540,Plant,plant_b,Plant_B,Mapped to canonical value,Case / spelling / abbreviation variants unified using master data
2026-09-26T05:17:57+00:00,3_categories,Inconsistent category,241,B01296,Plant,PLANT-A,Plant_A,Mapped to canonical value,Case / spelling / abbreviation variants unified using master data
2026-09-26T05:17:57+00:00,3_categories,Inconsistent category,244,B01682,Plant,plant_c,Plant_C,Mapped to canonical value,Case / spelling / abbreviation variants unified using master data
2026-09-26T05:17:57+00:00,3_categories,Inconsistent category,247,B01554,Plant,Plant A,Plant_A,Mapped to canonical value,Case / spelling / abbreviation variants unified using master data
2026-09-26T05:17:57+00:00,3_categories,Inconsistent category,264,B01070,Plant,D,Plant_D,Mapped to canonical value,Case / spelling / abbreviation variants unified using master data
2026-09-26T05:17:57+00:00,3_categories,Inconsistent category,268,B02301,Plant, Plant_A ,Plant_A,Mapped to canonical value,Case / spelling / abbreviation variants unified using master data
2026-09-26T05:17:57+00:00,3_categories,Inconsistent category,269,B02687,Plant,plant_b,Plant_B,Mapped to canonical value,Case / spelling / abbreviation variants unified using master data
2026-09-26T05:17:57+00:00,3_categories,Inconsistent category,271,B00852,Plant,Plant B,Plant_B,Mapped to canonical value,Case / spelling / abbreviation variants unified using master data
2026-09-26T05:17:57+00:00,3_categories,Inconsistent category,280,B02159,Plant,plant_d,Plant_D,Mapped to canonical value,Case / spelling / abbreviation variants unified using master data
2026-09-26T05:17:57+00:00,3_categories,Inconsistent category,281,B01500,Plant,Plant B,Plant_B,Mapped to canonical value,Case / spelling / abbreviation variants unified using master data
2026-09-26T05:17:57+00:00,3_categories,Inconsistent category,283,B01084,Plant,Plant A,Plant_A,Mapped to canonical value,Case / spelling / abbreviation variants unified using master data
2026-09-26T05:17:57+00:00,3_categories,Inconsistent category,288,B02197,Plant,PLANT-A,Plant_A,Mapped to canonical value,Case / spelling / abbreviation variants unified using master data
2026-09-26T05:17:57+00:00,3_categories,Inconsistent category,292,B00812,Plant, Plant_C ,Plant_C,Mapped to canonical value,Case / spelling / abbreviation variants unified using master data
2026-09-26T05:17:57+00:00,3_categories,Inconsistent category,329,B00720,Plant,plant_b,Plant_B,Mapped to canonical value,Case / spelling / abbreviation variants unified using master data
2026-09-26T05:17:57+00:00,3_categories,Inconsistent category,356,B02172,Plant,Plant D,Plant_D,Mapped to canonical value,Case / spelling / abbreviation variants unified using master data
2026-09-26T05:17:57+00:00,3_categories,Inconsistent category,366,B01264,Plant,Plant A,Plant_A,Mapped to canonical value,Case / spelling / abbreviation variants unified using master data
2026-09-26T05:17:57+00:00,3_categories,Inconsistent category,370,B01625,Plant,Plant A,Plant_A,Mapped to canonical value,Case / spelling / abbreviation variants unified using master data
2026-09-26T05:17:57+00:00,3_categories,Inconsistent category,381,B00587,Plant,PLANT-C,Plant_C,Mapped to canonical value,Case / spelling / abbreviation variants unified using master data
2026-09-26T05:17:57+00:00,3_categories,Inconsistent category,399,B00726,Plant,C,Plant_C,Mapped to canonical value,Case / spelling / abbreviation variants unified using master data
2026-09-26T05:17:57+00:00,3_categories,Inconsistent category,409,B01158,Plant, Plant_B ,Plant_B,Mapped to canonical value,Case / spelling / abbreviation variants unified using master data
2026-09-26T05:17:57+00:00,3_categories,Inconsistent category,413,B00125,Plant, Plant_D ,Plant_D,Mapped to canonical value,Case / spelling / abbreviation variants unified using master data
2026-09-26T05:17:57+00:00,3_categories,Inconsistent category,451,B00569,Plant,plant_a,Plant_A,Mapped to canonical value,Case / spelling / abbreviation variants unified using master data
2026-09-26T05:17:57+00:00,3_categories,Inconsistent category,465,B00004,Plant, Plant_D ,Plant_D,Mapped to canonical value,Case / spelling / abbreviation variants unified using master data
2026-09-26T05:17:57+00:00,3_categories,Inconsistent category,469,B01916,Plant,D,Plant_D,Mapped to canonical value,Case / spelling / abbreviation variants unified using master data
2026-09-26T05:17:57+00:00,3_categories,Inconsistent category,472,B00316,Plant,B,Plant_B,Mapped to canonical value,Case / spelling / abbreviation variants unified using master data
2026-09-26T05:17:57+00:00,3_categories,Inconsistent category,499,B01351,Plant,Plant A,Plant_A,Mapped to canonical value,Case / spelling / abbreviation variants unified using master data
2026-09-26T05:17:57+00:00,3_categories,Inconsistent category,533,B00667,Plant,A,Plant_A,Mapped to canonical value,Case / spelling / abbreviation variants unified using master data
2026-09-26T05:17:57+00:00,3_categories,Inconsistent category,545,B01153,Plant,PLANT-A,Plant_A,Mapped to canonical value,Case / spelling / abbreviation variants unified using master data
2026-09-26T05:17:57+00:00,3_categories,Inconsistent category,566,B02624,Plant,A,Plant_A,Mapped to canonical value,Case / spelling / abbreviation variants unified using master data
2026-09-26T05:17:57+00:00,3_categories,Inconsistent category,569,B01403,Plant, Plant_B ,Plant_B,Mapped to canonical value,Case / spelling / abbreviation variants unified using master data
2026-09-26T05:17:57+00:00,3_categories,Inconsistent category,570,B02873,Plant,plant_c,Plant_C,Mapped to canonical value,Case / spelling / abbreviation variants unified using master data
2026-09-26T05:17:57+00:00,3_categories,Inconsistent category,574,B00033,Plant,PLANT-B,Plant_B,Mapped to canonical value,Case / spelling / abbreviation variants unified using master data
2026-09-26T05:17:57+00:00,3_categories,Inconsistent category,602,B00970,Plant,plant_d,Plant_D,Mapped to canonical value,Case / spelling / abbreviation variants unified using master data
2026-09-26T05:17:57+00:00,3_categories,Inconsistent category,635,B02552,Plant,B,Plant_B,Mapped to canonical value,Case / spelling / abbreviation variants unified using master data
2026-09-26T05:17:57+00:00,3_categories,Inconsistent category,636,B01816,Plant,PLANT-D,Plant_D,Mapped to canonical value,Case / spelling / abbreviation variants unified using master data
2026-09-26T05:17:57+00:00,3_categories,Inconsistent category,668,B02294,Plant, Plant_A ,Plant_A,Mapped to canonical value,Case / spelling / abbreviation variants unified using master data
2026-09-26T05:17:57+00:00,3_categories,Inconsistent category,684,B01541,Plant,plant_b,Plant_B,Mapped to canonical value,Case / spelling / abbreviation variants unified using master data
2026-09-26T05:17:57+00:00,3_categories,Inconsistent category,688,B00515,Plant,B,Plant_B,Mapped to canonical value,Case / spelling / abbreviation variants unified using master data
2026-09-26T05:17:57+00:00,3_categories,Inconsistent category,689,B00482,Plant,PLANT-B,Plant_B,Mapped to canonical value,Case / spelling / abbreviation variants unified using master data
2026-09-26T05:17:57+00:00,3_categories,Inconsistent category,720,B01943,Plant,A,Plant_A,Mapped to canonical value,Case / spelling / abbreviation variants unified using master data
2026-09-26T05:17:57+00:00,3_categories,Inconsistent category,724,B00725,Plant, Plant_D ,Plant_D,Mapped to canonical value,Case / spelling / abbreviation variants unified using master data
2026-09-26T05:17:57+00:00,3_categories,Inconsistent category,731,B01003,Plant, Plant_A ,Plant_A,Mapped to canonical value,Case / spelling / abbreviation variants unified using master data
2026-09-26T05:17:57+00:00,3_categories,Inconsistent category,736,B00230,Plant,plant_a,Plant_A,Mapped to canonical value,Case / spelling / abbreviation variants unified using master data
2026-09-26T05:17:57+00:00,3_categories,Inconsistent category,738,B02706,Plant,PLANT-B,Plant_B,Mapped to canonical value,Case / spelling / abbreviation variants unified using master data
2026-09-26T05:17:57+00:00,3_categories,Inconsistent category,754,B00977,Plant, Plant_C ,Plant_C,Mapped to canonical value,Case / spelling / abbreviation variants unified using master data
2026-09-26T05:17:57+00:00,3_categories,Inconsistent category,758,B02684,Plant,Plant C,Plant_C,Mapped to canonical value,Case / spelling / abbreviation variants unified using master data
2026-09-26T05:17:57+00:00,3_categories,Inconsistent category,765,B02635,Plant,Plant A,Plant_A,Mapped to canonical value,Case / spelling / abbreviation variants unified using master data
2026-09-26T05:17:57+00:00,3_categories,Inconsistent category,777,B01945,Plant, Plant_C ,Plant_C,Mapped to canonical value,Case / spelling / abbreviation variants unified using master data
2026-09-26T05:17:57+00:00,3_categories,Inconsistent category,785,B00302,Plant,PLANT-A,Plant_A,Mapped to canonical value,Case / spelling / abbreviation variants unified using master data
2026-09-26T05:17:57+00:00,3_categories,Inconsistent category,786,B00885,Plant,Plant A,Plant_A,Mapped to canonical value,Case / spelling / abbreviation variants unified using master data
2026-09-26T05:17:57+00:00,3_categories,Inconsistent category,790,B01705,Plant, Plant_A ,Plant_A,Mapped to canonical value,Case / spelling / abbreviation variants unified using master data
2026-09-26T05:17:57+00:00,3_categories,Inconsistent category,794,B02696,Plant, Plant_A ,Plant_A,Mapped to canonical value,Case / spelling / abbreviation variants unified using master data
2026-09-26T05:17:57+00:00,3_categories,Inconsistent category,804,B02713,Plant,PLANT-B,Plant_B,Mapped to canonical value,Case / spelling / abbreviation variants unified using master data
2026-09-26T05:17:57+00:00,3_categories,Inconsistent category,809,B01917,Plant, Plant_A ,Plant_A,Mapped to canonical value,Case / spelling / abbreviation variants unified using master data
2026-09-26T05:17:57+00:00,3_categories,Inconsistent category,811,B00879,Plant,A,Plant_A,Mapped to canonical value,Case / spelling / abbreviation variants unified using master data
2026-09-26T05:17:57+00:00,3_categories,Inconsistent category,815,B00053,Plant,PLANT-B,Plant_B,Mapped to canonical value,Case / spelling / abbreviation variants unified using master data
2026-09-26T05:17:57+00:00,3_categories,Inconsistent category,817,B02008,Plant, Plant_A ,Plant_A,Mapped to canonical value,Case / spelling / abbreviation variants unified using master data
2026-09-26T05:17:57+00:00,3_categories,Inconsistent category,821,B00413,Plant,A,Plant_A,Mapped to canonical value,Case / spelling / abbreviation variants unified using master data
2026-09-26T05:17:57+00:00,3_categories,Inconsistent category,838,B00222,Plant, Plant_C ,Plant_C,Mapped to canonical value,Case / spelling / abbreviation variants unified using master data
2026-09-26T05:17:57+00:00,3_categories,Inconsistent category,861,B01947,Plant,PLANT-C,Plant_C,Mapped to canonical value,Case / spelling / abbreviation variants unified using master data
2026-09-26T05:17:57+00:00,3_categories,Inconsistent category,863,B02394,Plant,plant_a,Plant_A,Mapped to canonical value,Case / spelling / abbreviation variants unified using master data
2026-09-26T05:17:57+00:00,3_categories,Inconsistent category,867,B01832,Plant,Plant C,Plant_C,Mapped to canonical value,Case / spelling / abbreviation variants unified using master data
2026-09-26T05:17:57+00:00,3_categories,Inconsistent category,879,B01903,Plant,B,Plant_B,Mapped to canonical value,Case / spelling / abbreviation variants unified using master data
2026-09-26T05:17:57+00:00,3_categories,Inconsistent category,881,B01910,Plant,Plant A,Plant_A,Mapped to canonical value,Case / spelling / abbreviation variants unified using master data
2026-09-26T05:17:57+00:00,3_categories,Inconsistent category,907,B00251,Plant,D,Plant_D,Mapped to canonical value,Case / spelling / abbreviation variants unified using master data
2026-09-26T05:17:57+00:00,3_categories,Inconsistent category,915,B01893,Plant,plant_b,Plant_B,Mapped to canonical value,Case / spelling / abbreviation variants unified using master data
2026-09-26T05:17:57+00:00,3_categories,Inconsistent category,919,B01059,Plant,PLANT-A,Plant_A,Mapped to canonical value,Case / spelling / abbreviation variants unified using master data
2026-09-26T05:17:57+00:00,3_categories,Inconsistent category,921,B00811,Plant,A,Plant_A,Mapped to canonical value,Case / spelling / abbreviation variants unified using master data
2026-09-26T05:17:57+00:00,3_categories,Inconsistent category,924,B00776,Plant,A,Plant_A,Mapped to canonical value,Case / spelling / abbreviation variants unified using master data
2026-09-26T05:17:57+00:00,3_categories,Inconsistent category,948,B02185,Plant,PLANT-B,Plant_B,Mapped to canonical value,Case / spelling / abbreviation variants unified using master data
2026-09-26T05:17:57+00:00,3_categories,Inconsistent category,954,B01804,Plant,PLANT-B,Plant_B,Mapped to canonical value,Case / spelling / abbreviation variants unified using master data
2026-09-26T05:17:57+00:00,3_categories,Inconsistent category,956,B00388,Plant, Plant_A ,Plant_A,Mapped to canonical value,Case / spelling / abbreviation variants unified using master data
2026-09-26T05:17:57+00:00,3_categories,Inconsistent category,957,B01583,Plant,A,Plant_A,Mapped to canonical value,Case / spelling / abbreviation variants unified using master data
2026-09-26T05:17:57+00:00,3_categories,Inconsistent category,962,B00018,Plant,Plant A,Plant_A,Mapped to canonical value,Case / spelling / abbreviation variants unified using master data
2026-09-26T05:17:57+00:00,3_categories,Inconsistent category,963,B00883,Plant,B,Plant_B,Mapped to canonical value,Case / spelling / abbreviation variants unified using master data
2026-09-26T05:17:57+00:00,3_categories,Inconsistent category,980,B00197,Plant, Plant_A ,Plant_A,Mapped to canonical value,Case / spelling / abbreviation variants unified using master data
2026-09-26T05:17:57+00:00,3_categories,Inconsistent category,985,B02480,Plant,PLANT-B,Plant_B,Mapped to canonical value,Case / spelling / abbreviation variants unified using master data
2026-09-26T05:17:57+00:00,3_categories,Inconsistent category,997,B02067,Plant,plant_d,Plant_D,Mapped to canonical value,Case / spelling / abbreviation variants unified using master data
2026-09-26T05:17:57+00:00,3_categories,Inconsistent category,1001,B02202,Plant,plant_a,Plant_A,Mapped to canonical value,Case / spelling / abbreviation variants unified using master data
2026-09-26T05:17:57+00:00,3_categories,Inconsistent category,1006,B00778,Plant,PLANT-A,Plant_A,Mapped to canonical value,Case / spelling / abbreviation variants unified using master data
2026-09-26T05:17:57+00:00,3_categories,Inconsistent category,1008,B01345,Plant, Plant_C ,Plant_C,Mapped to canonical value,Case / spelling / abbreviation variants unified using master data
2026-09-26T05:17:57+00:00,3_categories,Inconsistent category,1015,B02834,Plant,plant_d,Plant_D,Mapped to canonical value,Case / spelling / abbreviation variants unified using master data
2026-09-26T05:17:57+00:00,3_categories,Inconsistent category,1040,B01212,Plant,Plant D,Plant_D,Mapped to canonical value,Case / spelling / abbreviation variants unified using master data
2026-09-26T05:17:57+00:00,3_categories,Inconsistent category,1052,B02031,Plant,PLANT-C,Plant_C,Mapped to canonical value,Case / spelling / abbreviation variants unified using master data
2026-09-26T05:17:57+00:00,3_categories,Inconsistent category,1066,B01493,Plant,Plant C,Plant_C,Mapped to canonical value,Case / spelling / abbreviation variants unified using master data
2026-09-26T05:17:57+00:00,3_categories,Inconsistent category,1069,B02292,Plant,A,Plant_A,Mapped to canonical value,Case / spelling / abbreviation variants unified using master data
2026-09-26T05:17:57+00:00,3_categories,Inconsistent category,1070,B01219,Plant,PLANT-B,Plant_B,Mapped to canonical value,Case / spelling / abbreviation variants unified using master data
2026-09-26T05:17:57+00:00,3_categories,Inconsistent category,1074,B00084,Plant,Plant C,Plant_C,Mapped to canonical value,Case / spelling / abbreviation variants unified using master data
2026-09-26T05:17:57+00:00,3_categories,Inconsistent category,1082,B02729,Plant,PLANT-B,Plant_B,Mapped to canonical value,Case / spelling / abbreviation variants unified using master data
2026-09-26T05:17:57+00:00,3_categories,Inconsistent category,1085,B01788,Plant,PLANT-D,Plant_D,Mapped to canonical value,Case / spelling / abbreviation variants unified using master data
2026-09-26T05:17:57+00:00,3_categories,Inconsistent category,1097,B01120,Plant,PLANT-B,Plant_B,Mapped to canonical value,Case / spelling / abbreviation variants unified using master data
2026-09-26T05:17:57+00:00,3_categories,Inconsistent category,1105,B00193,Plant,C,Plant_C,Mapped to canonical value,Case / spelling / abbreviation variants unified using master data
2026-09-26T05:17:57+00:00,3_categories,Inconsistent category,1106,B02195,Plant,plant_d,Plant_D,Mapped to canonical value,Case / spelling / abbreviation variants unified using master data
2026-09-26T05:17:57+00:00,3_categories,Inconsistent category,1114,B00485,Plant,A,Plant_A,Mapped to canonical value,Case / spelling / abbreviation variants unified using master data
2026-09-26T05:17:57+00:00,3_categories,Inconsistent category,1127,B01978,Plant,plant_d,Plant_D,Mapped to canonical value,Case / spelling / abbreviation variants unified using master data
2026-09-26T05:17:57+00:00,3_categories,Inconsistent category,1131,B00675,Plant, Plant_A ,Plant_A,Mapped to canonical value,Case / spelling / abbreviation variants unified using master data
2026-09-26T05:17:57+00:00,3_categories,Inconsistent category,1136,B01629,Plant,plant_c,Plant_C,Mapped to canonical value,Case / spelling / abbreviation variants unified using master data
2026-09-26T05:17:57+00:00,3_categories,Inconsistent category,1140,B01658,Plant,C,Plant_C,Mapped to canonical value,Case / spelling / abbreviation variants unified using master data
2026-09-26T05:17:57+00:00,3_categories,Inconsistent category,1146,B01356,Plant, Plant_A ,Plant_A,Mapped to canonical value,Case / spelling / abbreviation variants unified using master data
2026-09-26T05:17:57+00:00,3_categories,Inconsistent category,1153,B00420,Plant,D,Plant_D,Mapped to canonical value,Case / spelling / abbreviation variants unified using master data
2026-09-26T05:17:57+00:00,3_categories,Inconsistent category,1154,B01827,Plant,PLANT-A,Plant_A,Mapped to canonical value,Case / spelling / abbreviation variants unified using master data
2026-09-26T05:17:57+00:00,3_categories,Inconsistent category,1163,B02525,Plant,C,Plant_C,Mapped to canonical value,Case / spelling / abbreviation variants unified using master data
2026-09-26T05:17:57+00:00,3_categories,Inconsistent category,1165,B01289,Plant,C,Plant_C,Mapped to canonical value,Case / spelling / abbreviation variants unified using master data
2026-09-26T05:17:57+00:00,3_categories,Inconsistent category,1174,B02752,Plant,A,Plant_A,Mapped to canonical value,Case / spelling / abbreviation variants unified using master data
2026-09-26T05:17:57+00:00,3_categories,Inconsistent category,1177,B00621,Plant, Plant_B ,Plant_B,Mapped to canonical value,Case / spelling / abbreviation variants unified using master data
2026-09-26T05:17:57+00:00,3_categories,Inconsistent category,1180,B00322,Plant,PLANT-C,Plant_C,Mapped to canonical value,Case / spelling / abbreviation variants unified using master data
2026-09-26T05:17:57+00:00,3_categories,Inconsistent category,1184,B01397,Plant,plant_b,Plant_B,Mapped to canonical value,Case / spelling / abbreviation variants unified using master data
2026-09-26T05:17:57+00:00,3_categories,Inconsistent category,1187,B02242,Plant, Plant_A ,Plant_A,Mapped to canonical value,Case / spelling / abbreviation variants unified using master data
2026-09-26T05:17:57+00:00,3_categories,Inconsistent category,1188,B01958,Plant,B,Plant_B,Mapped to canonical value,Case / spelling / abbreviation variants unified using master data
2026-09-26T05:17:57+00:00,3_categories,Inconsistent category,1193,B02782,Plant,plant_b,Plant_B,Mapped to canonical value,Case / spelling / abbreviation variants unified using master data
2026-09-26T05:17:57+00:00,3_categories,Inconsistent category,1203,B00947,Plant,C,Plant_C,Mapped to canonical value,Case / spelling / abbreviation variants unified using master data
2026-09-26T05:17:57+00:00,3_categories,Inconsistent category,1207,B01792,Plant,Plant A,Plant_A,Mapped to canonical value,Case / spelling / abbreviation variants unified using master data
2026-09-26T05:17:57+00:00,3_categories,Inconsistent category,1214,B02881,Plant, Plant_A ,Plant_A,Mapped to canonical value,Case / spelling / abbreviation variants unified using master data
2026-09-26T05:17:57+00:00,3_categories,Inconsistent category,1221,B01944,Plant,C,Plant_C,Mapped to canonical value,Case / spelling / abbreviation variants unified using master data
2026-09-26T05:17:57+00:00,3_categories,Inconsistent category,1269,B01000,Plant,plant_c,Plant_C,Mapped to canonical value,Case / spelling / abbreviation variants unified using master data
2026-09-26T05:17:57+00:00,3_categories,Inconsistent category,1281,B02369,Plant, Plant_A ,Plant_A,Mapped to canonical value,Case / spelling / abbreviation variants unified using master data
2026-09-26T05:17:57+00:00,3_categories,Inconsistent category,1299,B01879,Plant,plant_a,Plant_A,Mapped to canonical value,Case / spelling / abbreviation variants unified using master data
2026-09-26T05:17:57+00:00,3_categories,Inconsistent category,1305,B02828,Plant, Plant_C ,Plant_C,Mapped to canonical value,Case / spelling / abbreviation variants unified using master data
2026-09-26T05:17:57+00:00,3_categories,Inconsistent category,1306,B02083,Plant,Plant B,Plant_B,Mapped to canonical value,Case / spelling / abbreviation variants unified using master data
2026-09-26T05:17:57+00:00,3_categories,Inconsistent category,1314,B00054,Plant, Plant_A ,Plant_A,Mapped to canonical value,Case / spelling / abbreviation variants unified using master data
2026-09-26T05:17:57+00:00,3_categories,Inconsistent category,1320,B01823,Plant,PLANT-B,Plant_B,Mapped to canonical value,Case / spelling / abbreviation variants unified using master data
2026-09-26T05:17:57+00:00,3_categories,Inconsistent category,1346,B01699,Plant, Plant_A ,Plant_A,Mapped to canonical value,Case / spelling / abbreviation variants unified using master data
2026-09-26T05:17:57+00:00,3_categories,Inconsistent category,1359,B02511,Plant,PLANT-A,Plant_A,Mapped to canonical value,Case / spelling / abbreviation variants unified using master data
2026-09-26T05:17:57+00:00,3_categories,Inconsistent category,1374,B02666,Plant,PLANT-D,Plant_D,Mapped to canonical value,Case / spelling / abbreviation variants unified using master data
2026-09-26T05:17:57+00:00,3_categories,Inconsistent category,1376,B01210,Plant,Plant B,Plant_B,Mapped to canonical value,Case / spelling / abbreviation variants unified using master data
2026-09-26T05:17:57+00:00,3_categories,Inconsistent category,1381,B01178,Plant,D,Plant_D,Mapped to canonical value,Case / spelling / abbreviation variants unified using master data
2026-09-26T05:17:57+00:00,3_categories,Inconsistent category,1383,B01483,Plant, Plant_A ,Plant_A,Mapped to canonical value,Case / spelling / abbreviation variants unified using master data
2026-09-26T05:17:57+00:00,3_categories,Inconsistent category,1388,B01012,Plant,C,Plant_C,Mapped to canonical value,Case / spelling / abbreviation variants unified using master data
2026-09-26T05:17:57+00:00,3_categories,Inconsistent category,1408,B01416,Plant,C,Plant_C,Mapped to canonical value,Case / spelling / abbreviation variants unified using master data
2026-09-26T05:17:57+00:00,3_categories,Inconsistent category,1416,B00957,Plant,PLANT-D,Plant_D,Mapped to canonical value,Case / spelling / abbreviation variants unified using master data
2026-09-26T05:17:57+00:00,3_categories,Inconsistent category,1426,B01534,Plant,PLANT-A,Plant_A,Mapped to canonical value,Case / spelling / abbreviation variants unified using master data
2026-09-26T05:17:57+00:00,3_categories,Inconsistent category,1428,B01736,Plant, Plant_A ,Plant_A,Mapped to canonical value,Case / spelling / abbreviation variants unified using master data
2026-09-26T05:17:57+00:00,3_categories,Inconsistent category,1433,B01277,Plant,plant_a,Plant_A,Mapped to canonical value,Case / spelling / abbreviation variants unified using master data
2026-09-26T05:17:57+00:00,3_categories,Inconsistent category,1447,B00470,Plant,A,Plant_A,Mapped to canonical value,Case / spelling / abbreviation variants unified using master data
2026-09-26T05:17:57+00:00,3_categories,Inconsistent category,1456,B02160,Plant,C,Plant_C,Mapped to canonical value,Case / spelling / abbreviation variants unified using master data
2026-09-26T05:17:57+00:00,3_categories,Inconsistent category,1459,B00946,Plant, Plant_B ,Plant_B,Mapped to canonical value,Case / spelling / abbreviation variants unified using master data
2026-09-26T05:17:57+00:00,3_categories,Inconsistent category,1466,B02413,Plant,PLANT-A,Plant_A,Mapped to canonical value,Case / spelling / abbreviation variants unified using master data
2026-09-26T05:17:57+00:00,3_categories,Inconsistent category,1482,B02156,Plant,plant_c,Plant_C,Mapped to canonical value,Case / spelling / abbreviation variants unified using master data
2026-09-26T05:17:57+00:00,3_categories,Inconsistent category,1488,B00073,Plant,PLANT-B,Plant_B,Mapped to canonical value,Case / spelling / abbreviation variants unified using master data
2026-09-26T05:17:57+00:00,3_categories,Inconsistent category,1494,B02332,Plant,D,Plant_D,Mapped to canonical value,Case / spelling / abbreviation variants unified using master data
2026-09-26T05:17:57+00:00,3_categories,Inconsistent category,1502,B01003,Plant, Plant_A ,Plant_A,Mapped to canonical value,Case / spelling / abbreviation variants unified using master data
2026-09-26T05:17:57+00:00,3_categories,Inconsistent category,1520,B01612,Plant, Plant_B ,Plant_B,Mapped to canonical value,Case / spelling / abbreviation variants unified using master data
2026-09-26T05:17:57+00:00,3_categories,Inconsistent category,1566,B00792,Plant,PLANT-A,Plant_A,Mapped to canonical value,Case / spelling / abbreviation variants unified using master data
2026-09-26T05:17:57+00:00,3_categories,Inconsistent category,1573,B01714,Plant, Plant_A ,Plant_A,Mapped to canonical value,Case / spelling / abbreviation variants unified using master data
2026-09-26T05:17:57+00:00,3_categories,Inconsistent category,1575,B00825,Plant,plant_c,Plant_C,Mapped to canonical value,Case / spelling / abbreviation variants unified using master data
2026-09-26T05:17:57+00:00,3_categories,Inconsistent category,1577,B00509,Plant,Plant A,Plant_A,Mapped to canonical value,Case / spelling / abbreviation variants unified using master data
2026-09-26T05:17:57+00:00,3_categories,Inconsistent category,1592,B01102,Plant,PLANT-A,Plant_A,Mapped to canonical value,Case / spelling / abbreviation variants unified using master data
2026-09-26T05:17:57+00:00,3_categories,Inconsistent category,1597,B01923,Plant,plant_d,Plant_D,Mapped to canonical value,Case / spelling / abbreviation variants unified using master data
2026-09-26T05:17:57+00:00,3_categories,Inconsistent category,1598,B01774,Plant,PLANT-C,Plant_C,Mapped to canonical value,Case / spelling / abbreviation variants unified using master data
2026-09-26T05:17:57+00:00,3_categories,Inconsistent category,1619,B01743,Plant, Plant_A ,Plant_A,Mapped to canonical value,Case / spelling / abbreviation variants unified using master data
2026-09-26T05:17:57+00:00,3_categories,Inconsistent category,1625,B00396,Plant,plant_a,Plant_A,Mapped to canonical value,Case / spelling / abbreviation variants unified using master data
2026-09-26T05:17:57+00:00,3_categories,Inconsistent category,1632,B00148,Plant,C,Plant_C,Mapped to canonical value,Case / spelling / abbreviation variants unified using master data
2026-09-26T05:17:57+00:00,3_categories,Inconsistent category,1633,B01981,Plant, Plant_B ,Plant_B,Mapped to canonical value,Case / spelling / abbreviation variants unified using master data
2026-09-26T05:17:57+00:00,3_categories,Inconsistent category,1636,B01985,Plant,plant_b,Plant_B,Mapped to canonical value,Case / spelling / abbreviation variants unified using master data
2026-09-26T05:17:57+00:00,3_categories,Inconsistent category,1640,B00564,Plant,C,Plant_C,Mapped to canonical value,Case / spelling / abbreviation variants unified using master data
2026-09-26T05:17:57+00:00,3_categories,Inconsistent category,1652,B00586,Plant, Plant_A ,Plant_A,Mapped to canonical value,Case / spelling / abbreviation variants unified using master data
2026-09-26T05:17:57+00:00,3_categories,Inconsistent category,1663,B01554,Plant,Plant A,Plant_A,Mapped to canonical value,Case / spelling / abbreviation variants unified using master data
2026-09-26T05:17:57+00:00,3_categories,Inconsistent category,1684,B01582,Plant,plant_c,Plant_C,Mapped to canonical value,Case / spelling / abbreviation variants unified using master data
2026-09-26T05:17:57+00:00,3_categories,Inconsistent category,1696,B02902,Plant,PLANT-D,Plant_D,Mapped to canonical value,Case / spelling / abbreviation variants unified using master data
2026-09-26T05:17:57+00:00,3_categories,Inconsistent category,1701,B01673,Plant,A,Plant_A,Mapped to canonical value,Case / spelling / abbreviation variants unified using master data
2026-09-26T05:17:57+00:00,3_categories,Inconsistent category,1737,B02148,Plant,B,Plant_B,Mapped to canonical value,Case / spelling / abbreviation variants unified using master data
2026-09-26T05:17:57+00:00,3_categories,Inconsistent category,1742,B01814,Plant,PLANT-D,Plant_D,Mapped to canonical value,Case / spelling / abbreviation variants unified using master data
2026-09-26T05:17:57+00:00,3_categories,Inconsistent category,1744,B00731,Plant, Plant_A ,Plant_A,Mapped to canonical value,Case / spelling / abbreviation variants unified using master data
2026-09-26T05:17:57+00:00,3_categories,Inconsistent category,1749,B01209,Plant, Plant_A ,Plant_A,Mapped to canonical value,Case / spelling / abbreviation variants unified using master data
2026-09-26T05:17:57+00:00,3_categories,Inconsistent category,1751,B02862,Plant,plant_d,Plant_D,Mapped to canonical value,Case / spelling / abbreviation variants unified using master data
2026-09-26T05:17:57+00:00,3_categories,Inconsistent category,1759,B00418,Plant, Plant_D ,Plant_D,Mapped to canonical value,Case / spelling / abbreviation variants unified using master data
2026-09-26T05:17:57+00:00,3_categories,Inconsistent category,1761,B00348,Plant,A,Plant_A,Mapped to canonical value,Case / spelling / abbreviation variants unified using master data
2026-09-26T05:17:57+00:00,3_categories,Inconsistent category,1777,B01588,Plant,C,Plant_C,Mapped to canonical value,Case / spelling / abbreviation variants unified using master data
2026-09-26T05:17:57+00:00,3_categories,Inconsistent category,1786,B01108,Plant,C,Plant_C,Mapped to canonical value,Case / spelling / abbreviation variants unified using master data
2026-09-26T05:17:57+00:00,3_categories,Inconsistent category,1798,B01121,Plant, Plant_C ,Plant_C,Mapped to canonical value,Case / spelling / abbreviation variants unified using master data
2026-09-26T05:17:57+00:00,3_categories,Inconsistent category,1801,B00789,Plant,Plant A,Plant_A,Mapped to canonical value,Case / spelling / abbreviation variants unified using master data
2026-09-26T05:17:57+00:00,3_categories,Inconsistent category,1814,B00265,Plant, Plant_C ,Plant_C,Mapped to canonical value,Case / spelling / abbreviation variants unified using master data
2026-09-26T05:17:57+00:00,3_categories,Inconsistent category,1837,B00308,Plant,plant_a,Plant_A,Mapped to canonical value,Case / spelling / abbreviation variants unified using master data
2026-09-26T05:17:57+00:00,3_categories,Inconsistent category,1873,B02667,Plant,Plant C,Plant_C,Mapped to canonical value,Case / spelling / abbreviation variants unified using master data
2026-09-26T05:17:57+00:00,3_categories,Inconsistent category,1882,B00630,Plant, Plant_C ,Plant_C,Mapped to canonical value,Case / spelling / abbreviation variants unified using master data
2026-09-26T05:17:57+00:00,3_categories,Inconsistent category,1883,B01558,Plant, Plant_C ,Plant_C,Mapped to canonical value,Case / spelling / abbreviation variants unified using master data
2026-09-26T05:17:57+00:00,3_categories,Inconsistent category,1888,B02393,Plant,C,Plant_C,Mapped to canonical value,Case / spelling / abbreviation variants unified using master data
2026-09-26T05:17:57+00:00,3_categories,Inconsistent category,1898,B01333,Plant, Plant_B ,Plant_B,Mapped to canonical value,Case / spelling / abbreviation variants unified using master data
2026-09-26T05:17:57+00:00,3_categories,Inconsistent category,1914,B01362,Plant,PLANT-A,Plant_A,Mapped to canonical value,Case / spelling / abbreviation variants unified using master data
2026-09-26T05:17:57+00:00,3_categories,Inconsistent category,1915,B02446,Plant, Plant_A ,Plant_A,Mapped to canonical value,Case / spelling / abbreviation variants unified using master data
2026-09-26T05:17:57+00:00,3_categories,Inconsistent category,1918,B00104,Plant,plant_c,Plant_C,Mapped to canonical value,Case / spelling / abbreviation variants unified using master data
2026-09-26T05:17:57+00:00,3_categories,Inconsistent category,1924,B02436,Plant,A,Plant_A,Mapped to canonical value,Case / spelling / abbreviation variants unified using master data
2026-09-26T05:17:57+00:00,3_categories,Inconsistent category,1929,B02619,Plant,PLANT-A,Plant_A,Mapped to canonical value,Case / spelling / abbreviation variants unified using master data
2026-09-26T05:17:57+00:00,3_categories,Inconsistent category,1960,B02892,Plant,PLANT-C,Plant_C,Mapped to canonical value,Case / spelling / abbreviation variants unified using master data
2026-09-26T05:17:57+00:00,3_categories,Inconsistent category,1965,B00643,Plant, Plant_B ,Plant_B,Mapped to canonical value,Case / spelling / abbreviation variants unified using master data
2026-09-26T05:17:57+00:00,3_categories,Inconsistent category,1981,B01064,Plant,Plant B,Plant_B,Mapped to canonical value,Case / spelling / abbreviation variants unified using master data
2026-09-26T05:17:57+00:00,3_categories,Inconsistent category,1991,B01881,Plant,plant_b,Plant_B,Mapped to canonical value,Case / spelling / abbreviation variants unified using master data
2026-09-26T05:17:57+00:00,3_categories,Inconsistent category,1999,B01606,Plant,Plant B,Plant_B,Mapped to canonical value,Case / spelling / abbreviation variants unified using master data
2026-09-26T05:17:57+00:00,3_categories,Inconsistent category,2001,B02825,Plant,C,Plant_C,Mapped to canonical value,Case / spelling / abbreviation variants unified using master data
2026-09-26T05:17:57+00:00,3_categories,Inconsistent category,2003,B02485,Plant,plant_a,Plant_A,Mapped to canonical value,Case / spelling / abbreviation variants unified using master data
2026-09-26T05:17:57+00:00,3_categories,Inconsistent category,2008,B02416,Plant,plant_b,Plant_B,Mapped to canonical value,Case / spelling / abbreviation variants unified using master data
2026-09-26T05:17:57+00:00,3_categories,Inconsistent category,2010,B00831,Plant,Plant A,Plant_A,Mapped to canonical value,Case / spelling / abbreviation variants unified using master data
2026-09-26T05:17:57+00:00,3_categories,Inconsistent category,2032,B02568,Plant,PLANT-A,Plant_A,Mapped to canonical value,Case / spelling / abbreviation variants unified using master data
2026-09-26T05:17:57+00:00,3_categories,Inconsistent category,2033,B02124,Plant,Plant C,Plant_C,Mapped to canonical value,Case / spelling / abbreviation variants unified using master data
2026-09-26T05:17:57+00:00,3_categories,Inconsistent category,2040,B02735,Plant,PLANT-B,Plant_B,Mapped to canonical value,Case / spelling / abbreviation variants unified using master data
2026-09-26T05:17:57+00:00,3_categories,Inconsistent category,2049,B02002,Plant,plant_d,Plant_D,Mapped to canonical value,Case / spelling / abbreviation variants unified using master data
2026-09-26T05:17:57+00:00,3_categories,Inconsistent category,2051,B01202,Plant,Plant B,Plant_B,Mapped to canonical value,Case / spelling / abbreviation variants unified using master data
2026-09-26T05:17:57+00:00,3_categories,Inconsistent category,2067,B01387,Plant,plant_b,Plant_B,Mapped to canonical value,Case / spelling / abbreviation variants unified using master data
2026-09-26T05:17:57+00:00,3_categories,Inconsistent category,2072,B01511,Plant,PLANT-B,Plant_B,Mapped to canonical value,Case / spelling / abbreviation variants unified using master data
2026-09-26T05:17:57+00:00,3_categories,Inconsistent category,2074,B01783,Plant,PLANT-A,Plant_A,Mapped to canonical value,Case / spelling / abbreviation variants unified using master data
2026-09-26T05:17:57+00:00,3_categories,Inconsistent category,2086,B01667,Plant, Plant_A ,Plant_A,Mapped to canonical value,Case / spelling / abbreviation variants unified using master data
2026-09-26T05:17:57+00:00,3_categories,Inconsistent category,2091,B02732,Plant,A,Plant_A,Mapped to canonical value,Case / spelling / abbreviation variants unified using master data
2026-09-26T05:17:57+00:00,3_categories,Inconsistent category,2094,B00906,Plant,PLANT-C,Plant_C,Mapped to canonical value,Case / spelling / abbreviation variants unified using master data
2026-09-26T05:17:57+00:00,3_categories,Inconsistent category,2109,B01332,Plant,Plant C,Plant_C,Mapped to canonical value,Case / spelling / abbreviation variants unified using master data
2026-09-26T05:17:57+00:00,3_categories,Inconsistent category,2113,B00711,Plant,Plant A,Plant_A,Mapped to canonical value,Case / spelling / abbreviation variants unified using master data
2026-09-26T05:17:57+00:00,3_categories,Inconsistent category,2117,B00691,Plant, Plant_D ,Plant_D,Mapped to canonical value,Case / spelling / abbreviation variants unified using master data
2026-09-26T05:17:57+00:00,3_categories,Inconsistent category,2149,B00219,Plant,Plant A,Plant_A,Mapped to canonical value,Case / spelling / abbreviation variants unified using master data
2026-09-26T05:17:57+00:00,3_categories,Inconsistent category,2152,B02746,Plant, Plant_A ,Plant_A,Mapped to canonical value,Case / spelling / abbreviation variants unified using master data
2026-09-26T05:17:57+00:00,3_categories,Inconsistent category,2164,B01172,Plant,B,Plant_B,Mapped to canonical value,Case / spelling / abbreviation variants unified using master data
2026-09-26T05:17:57+00:00,3_categories,Inconsistent category,2174,B01706,Plant,Plant D,Plant_D,Mapped to canonical value,Case / spelling / abbreviation variants unified using master data
2026-09-26T05:17:57+00:00,3_categories,Inconsistent category,2175,B01589,Plant,PLANT-B,Plant_B,Mapped to canonical value,Case / spelling / abbreviation variants unified using master data
2026-09-26T05:17:57+00:00,3_categories,Inconsistent category,2181,B00243,Plant,C,Plant_C,Mapped to canonical value,Case / spelling / abbreviation variants unified using master data
2026-09-26T05:17:57+00:00,3_categories,Inconsistent category,2198,B00175,Plant,plant_b,Plant_B,Mapped to canonical value,Case / spelling / abbreviation variants unified using master data
2026-09-26T05:17:57+00:00,3_categories,Inconsistent category,2210,B01958,Plant,B,Plant_B,Mapped to canonical value,Case / spelling / abbreviation variants unified using master data
2026-09-26T05:17:57+00:00,3_categories,Inconsistent category,2213,B01675,Plant,PLANT-D,Plant_D,Mapped to canonical value,Case / spelling / abbreviation variants unified using master data
2026-09-26T05:17:57+00:00,3_categories,Inconsistent category,2214,B01477,Plant,A,Plant_A,Mapped to canonical value,Case / spelling / abbreviation variants unified using master data
2026-09-26T05:17:57+00:00,3_categories,Inconsistent category,2216,B02425,Plant,plant_b,Plant_B,Mapped to canonical value,Case / spelling / abbreviation variants unified using master data
2026-09-26T05:17:57+00:00,3_categories,Inconsistent category,2238,B02309,Plant,Plant A,Plant_A,Mapped to canonical value,Case / spelling / abbreviation variants unified using master data
2026-09-26T05:17:57+00:00,3_categories,Inconsistent category,2244,B02295,Plant,plant_a,Plant_A,Mapped to canonical value,Case / spelling / abbreviation variants unified using master data
2026-09-26T05:17:57+00:00,3_categories,Inconsistent category,2258,B01197,Plant,Plant B,Plant_B,Mapped to canonical value,Case / spelling / abbreviation variants unified using master data
2026-09-26T05:17:57+00:00,3_categories,Inconsistent category,2261,B00144,Plant,plant_c,Plant_C,Mapped to canonical value,Case / spelling / abbreviation variants unified using master data
2026-09-26T05:17:57+00:00,3_categories,Inconsistent category,2281,B02133,Plant,Plant B,Plant_B,Mapped to canonical value,Case / spelling / abbreviation variants unified using master data
2026-09-26T05:17:57+00:00,3_categories,Inconsistent category,2291,B00652,Plant,PLANT-C,Plant_C,Mapped to canonical value,Case / spelling / abbreviation variants unified using master data
2026-09-26T05:17:57+00:00,3_categories,Inconsistent category,2310,B02008,Plant, Plant_A ,Plant_A,Mapped to canonical value,Case / spelling / abbreviation variants unified using master data
2026-09-26T05:17:57+00:00,3_categories,Inconsistent category,2328,B00964,Plant,PLANT-A,Plant_A,Mapped to canonical value,Case / spelling / abbreviation variants unified using master data
2026-09-26T05:17:57+00:00,3_categories,Inconsistent category,2334,B00126,Plant,PLANT-D,Plant_D,Mapped to canonical value,Case / spelling / abbreviation variants unified using master data
2026-09-26T05:17:57+00:00,3_categories,Inconsistent category,2336,B02589,Plant,PLANT-D,Plant_D,Mapped to canonical value,Case / spelling / abbreviation variants unified using master data
2026-09-26T05:17:57+00:00,3_categories,Inconsistent category,2341,B01898,Plant,plant_a,Plant_A,Mapped to canonical value,Case / spelling / abbreviation variants unified using master data
2026-09-26T05:17:57+00:00,3_categories,Inconsistent category,2349,B01193,Plant, Plant_C ,Plant_C,Mapped to canonical value,Case / spelling / abbreviation variants unified using master data
2026-09-26T05:17:57+00:00,3_categories,Inconsistent category,2367,B02004,Plant,PLANT-A,Plant_A,Mapped to canonical value,Case / spelling / abbreviation variants unified using master data
2026-09-26T05:17:57+00:00,3_categories,Inconsistent category,2373,B00877,Plant,B,Plant_B,Mapped to canonical value,Case / spelling / abbreviation variants unified using master data
2026-09-26T05:17:57+00:00,3_categories,Inconsistent category,2384,B00982,Plant,PLANT-B,Plant_B,Mapped to canonical value,Case / spelling / abbreviation variants unified using master data
2026-09-26T05:17:57+00:00,3_categories,Inconsistent category,2406,B01676,Plant,plant_b,Plant_B,Mapped to canonical value,Case / spelling / abbreviation variants unified using master data
2026-09-26T05:17:57+00:00,3_categories,Inconsistent category,2413,B01443,Plant, Plant_A ,Plant_A,Mapped to canonical value,Case / spelling / abbreviation variants unified using master data
2026-09-26T05:17:57+00:00,3_categories,Inconsistent category,2420,B00866,Plant,plant_a,Plant_A,Mapped to canonical value,Case / spelling / abbreviation variants unified using master data
2026-09-26T05:17:57+00:00,3_categories,Inconsistent category,2429,B00289,Plant,Plant D,Plant_D,Mapped to canonical value,Case / spelling / abbreviation variants unified using master data
2026-09-26T05:17:57+00:00,3_categories,Inconsistent category,2432,B01161,Plant, Plant_B ,Plant_B,Mapped to canonical value,Case / spelling / abbreviation variants unified using master data
2026-09-26T05:17:57+00:00,3_categories,Inconsistent category,2441,B00063,Plant,plant_d,Plant_D,Mapped to canonical value,Case / spelling / abbreviation variants unified using master data
2026-09-26T05:17:57+00:00,3_categories,Inconsistent category,2453,B01177,Plant,plant_b,Plant_B,Mapped to canonical value,Case / spelling / abbreviation variants unified using master data
2026-09-26T05:17:57+00:00,3_categories,Inconsistent category,2465,B00283,Plant,PLANT-A,Plant_A,Mapped to canonical value,Case / spelling / abbreviation variants unified using master data
2026-09-26T05:17:57+00:00,3_categories,Inconsistent category,2470,B00586,Plant, Plant_A ,Plant_A,Mapped to canonical value,Case / spelling / abbreviation variants unified using master data
2026-09-26T05:17:57+00:00,3_categories,Inconsistent category,2497,B01564,Plant,plant_a,Plant_A,Mapped to canonical value,Case / spelling / abbreviation variants unified using master data
2026-09-26T05:17:57+00:00,3_categories,Inconsistent category,2498,B01840,Plant,PLANT-B,Plant_B,Mapped to canonical value,Case / spelling / abbreviation variants unified using master data
2026-09-26T05:17:57+00:00,3_categories,Inconsistent category,2502,B02505,Plant,plant_b,Plant_B,Mapped to canonical value,Case / spelling / abbreviation variants unified using master data
2026-09-26T05:17:57+00:00,3_categories,Inconsistent category,2504,B02306,Plant,D,Plant_D,Mapped to canonical value,Case / spelling / abbreviation variants unified using master data
2026-09-26T05:17:57+00:00,3_categories,Inconsistent category,2511,B00840,Plant,A,Plant_A,Mapped to canonical value,Case / spelling / abbreviation variants unified using master data
2026-09-26T05:17:57+00:00,3_categories,Inconsistent category,2539,B00182,Plant, Plant_B ,Plant_B,Mapped to canonical value,Case / spelling / abbreviation variants unified using master data
2026-09-26T05:17:57+00:00,3_categories,Inconsistent category,2543,B01911,Plant,Plant A,Plant_A,Mapped to canonical value,Case / spelling / abbreviation variants unified using master data
2026-09-26T05:17:57+00:00,3_categories,Inconsistent category,2551,B01771,Plant,plant_c,Plant_C,Mapped to canonical value,Case / spelling / abbreviation variants unified using master data
2026-09-26T05:17:57+00:00,3_categories,Inconsistent category,2558,B00495,Plant,plant_d,Plant_D,Mapped to canonical value,Case / spelling / abbreviation variants unified using master data
2026-09-26T05:17:57+00:00,3_categories,Inconsistent category,2564,B02706,Plant,PLANT-B,Plant_B,Mapped to canonical value,Case / spelling / abbreviation variants unified using master data
2026-09-26T05:17:57+00:00,3_categories,Inconsistent category,2573,B00639,Plant,A,Plant_A,Mapped to canonical value,Case / spelling / abbreviation variants unified using master data
2026-09-26T05:17:57+00:00,3_categories,Inconsistent category,2581,B00718,Plant, Plant_B ,Plant_B,Mapped to canonical value,Case / spelling / abbreviation variants unified using master data
2026-09-26T05:17:57+00:00,3_categories,Inconsistent category,2586,B00346,Plant,PLANT-C,Plant_C,Mapped to canonical value,Case / spelling / abbreviation variants unified using master data
2026-09-26T05:17:57+00:00,3_categories,Inconsistent category,2587,B00746,Plant,A,Plant_A,Mapped to canonical value,Case / spelling / abbreviation variants unified using master data
2026-09-26T05:17:57+00:00,3_categories,Inconsistent category,2594,B01828,Plant,PLANT-A,Plant_A,Mapped to canonical value,Case / spelling / abbreviation variants unified using master data
2026-09-26T05:17:57+00:00,3_categories,Inconsistent category,2606,B01290,Plant,B,Plant_B,Mapped to canonical value,Case / spelling / abbreviation variants unified using master data
2026-09-26T05:17:57+00:00,3_categories,Inconsistent category,2638,B02022,Plant,PLANT-C,Plant_C,Mapped to canonical value,Case / spelling / abbreviation variants unified using master data
2026-09-26T05:17:57+00:00,3_categories,Inconsistent category,2644,B01234,Plant, Plant_A ,Plant_A,Mapped to canonical value,Case / spelling / abbreviation variants unified using master data
2026-09-26T05:17:57+00:00,3_categories,Inconsistent category,2650,B02297,Plant,B,Plant_B,Mapped to canonical value,Case / spelling / abbreviation variants unified using master data
2026-09-26T05:17:57+00:00,3_categories,Inconsistent category,2652,B01986,Plant,plant_a,Plant_A,Mapped to canonical value,Case / spelling / abbreviation variants unified using master data
2026-09-26T05:17:57+00:00,3_categories,Inconsistent category,2661,B00187,Plant,A,Plant_A,Mapped to canonical value,Case / spelling / abbreviation variants unified using master data
2026-09-26T05:17:57+00:00,3_categories,Inconsistent category,2677,B01419,Plant,A,Plant_A,Mapped to canonical value,Case / spelling / abbreviation variants unified using master data
2026-09-26T05:17:57+00:00,3_categories,Inconsistent category,2691,B01915,Plant,Plant B,Plant_B,Mapped to canonical value,Case / spelling / abbreviation variants unified using master data
2026-09-26T05:17:57+00:00,3_categories,Inconsistent category,2698,B01753,Plant,Plant A,Plant_A,Mapped to canonical value,Case / spelling / abbreviation variants unified using master data
2026-09-26T05:17:57+00:00,3_categories,Inconsistent category,2704,B00206,Plant,A,Plant_A,Mapped to canonical value,Case / spelling / abbreviation variants unified using master data
2026-09-26T05:17:57+00:00,3_categories,Inconsistent category,2706,B01250,Plant,C,Plant_C,Mapped to canonical value,Case / spelling / abbreviation variants unified using master data
2026-09-26T05:17:57+00:00,3_categories,Inconsistent category,2723,B02322,Plant,C,Plant_C,Mapped to canonical value,Case / spelling / abbreviation variants unified using master data
2026-09-26T05:17:57+00:00,3_categories,Inconsistent category,2730,B01488,Plant,C,Plant_C,Mapped to canonical value,Case / spelling / abbreviation variants unified using master data
2026-09-26T05:17:57+00:00,3_categories,Inconsistent category,2746,B02566,Plant,PLANT-A,Plant_A,Mapped to canonical value,Case / spelling / abbreviation variants unified using master data
2026-09-26T05:17:57+00:00,3_categories,Inconsistent category,2754,B01018,Plant,Plant C,Plant_C,Mapped to canonical value,Case / spelling / abbreviation variants unified using master data
2026-09-26T05:17:57+00:00,3_categories,Inconsistent category,2761,B01776,Plant,PLANT-B,Plant_B,Mapped to canonical value,Case / spelling / abbreviation variants unified using master data
2026-09-26T05:17:57+00:00,3_categories,Inconsistent category,2765,B00986,Plant,plant_d,Plant_D,Mapped to canonical value,Case / spelling / abbreviation variants unified using master data
2026-09-26T05:17:57+00:00,3_categories,Inconsistent category,2768,B01614,Plant, Plant_C ,Plant_C,Mapped to canonical value,Case / spelling / abbreviation variants unified using master data
2026-09-26T05:17:57+00:00,3_categories,Inconsistent category,2774,B01085,Plant,PLANT-B,Plant_B,Mapped to canonical value,Case / spelling / abbreviation variants unified using master data
2026-09-26T05:17:57+00:00,3_categories,Inconsistent category,2784,B01739,Plant,PLANT-C,Plant_C,Mapped to canonical value,Case / spelling / abbreviation variants unified using master data
2026-09-26T05:17:57+00:00,3_categories,Inconsistent category,2794,B00836,Plant,plant_d,Plant_D,Mapped to canonical value,Case / spelling / abbreviation variants unified using master data
2026-09-26T05:17:57+00:00,3_categories,Inconsistent category,2796,B00483,Plant,C,Plant_C,Mapped to canonical value,Case / spelling / abbreviation variants unified using master data
2026-09-26T05:17:57+00:00,3_categories,Inconsistent category,2798,B00713,Plant,B,Plant_B,Mapped to canonical value,Case / spelling / abbreviation variants unified using master data
2026-09-26T05:17:57+00:00,3_categories,Inconsistent category,2809,B02730,Plant,PLANT-D,Plant_D,Mapped to canonical value,Case / spelling / abbreviation variants unified using master data
2026-09-26T05:17:57+00:00,3_categories,Inconsistent category,2823,B01793,Plant, Plant_C ,Plant_C,Mapped to canonical value,Case / spelling / abbreviation variants unified using master data
2026-09-26T05:17:57+00:00,3_categories,Inconsistent category,2849,B01071,Plant, Plant_A ,Plant_A,Mapped to canonical value,Case / spelling / abbreviation variants unified using master data
2026-09-26T05:17:57+00:00,3_categories,Inconsistent category,2850,B01604,Plant,plant_a,Plant_A,Mapped to canonical value,Case / spelling / abbreviation variants unified using master data
2026-09-26T05:17:57+00:00,3_categories,Inconsistent category,2858,B00491,Plant,plant_d,Plant_D,Mapped to canonical value,Case / spelling / abbreviation variants unified using master data
2026-09-26T05:17:57+00:00,3_categories,Inconsistent category,2877,B02510,Plant,Plant A,Plant_A,Mapped to canonical value,Case / spelling / abbreviation variants unified using master data
2026-09-26T05:17:57+00:00,3_categories,Inconsistent category,2904,B00976,Plant,plant_c,Plant_C,Mapped to canonical value,Case / spelling / abbreviation variants unified using master data
2026-09-26T05:17:57+00:00,3_categories,Inconsistent category,2930,B01864,Plant,A,Plant_A,Mapped to canonical value,Case / spelling / abbreviation variants unified using master data
2026-09-26T05:17:57+00:00,3_categories,Inconsistent category,2935,B01766,Plant,Plant A,Plant_A,Mapped to canonical value,Case / spelling / abbreviation variants unified using master data
2026-09-26T05:17:57+00:00,3_categories,Inconsistent category,2944,B00173,Plant,Plant A,Plant_A,Mapped to canonical value,Case / spelling / abbreviation variants unified using master data
2026-09-26T05:17:57+00:00,3_categories,Inconsistent category,2964,B02673,Plant,plant_b,Plant_B,Mapped to canonical value,Case / spelling / abbreviation variants unified using master data
2026-09-26T05:17:57+00:00,3_categories,Inconsistent category,2974,B01359,Plant,Plant A,Plant_A,Mapped to canonical value,Case / spelling / abbreviation variants unified using master data
2026-09-26T05:17:57+00:00,3_categories,Inconsistent category,5,B00658,Operator_Shift,NIGHT,Night,Mapped to canonical value,Case / spelling / abbreviation variants unified using master data
2026-09-26T05:17:57+00:00,3_categories,Inconsistent category,14,B01383,Operator_Shift,N,Night,Mapped to canonical value,Case / spelling / abbreviation variants unified using master data
2026-09-26T05:17:57+00:00,3_categories,Inconsistent category,15,B01574,Operator_Shift,EVENING,Evening,Mapped to canonical value,Case / spelling / abbreviation variants unified using master data
2026-09-26T05:17:57+00:00,3_categories,Inconsistent category,28,B01996,Operator_Shift,MORNING,Morning,Mapped to canonical value,Case / spelling / abbreviation variants unified using master data
2026-09-26T05:17:57+00:00,3_categories,Inconsistent category,36,B01722,Operator_Shift,evening,Evening,Mapped to canonical value,Case / spelling / abbreviation variants unified using master data
2026-09-26T05:17:57+00:00,3_categories,Inconsistent category,46,B01977,Operator_Shift,NIGHT,Night,Mapped to canonical value,Case / spelling / abbreviation variants unified using master data
2026-09-26T05:17:57+00:00,3_categories,Inconsistent category,62,B02044,Operator_Shift,Evening ,Evening,Mapped to canonical value,Case / spelling / abbreviation variants unified using master data
2026-09-26T05:17:57+00:00,3_categories,Inconsistent category,71,B02707,Operator_Shift,MORNING,Morning,Mapped to canonical value,Case / spelling / abbreviation variants unified using master data
2026-09-26T05:17:57+00:00,3_categories,Inconsistent category,96,B01278,Operator_Shift,evening,Evening,Mapped to canonical value,Case / spelling / abbreviation variants unified using master data
2026-09-26T05:17:57+00:00,3_categories,Inconsistent category,98,B02715,Operator_Shift,N,Night,Mapped to canonical value,Case / spelling / abbreviation variants unified using master data
2026-09-26T05:17:57+00:00,3_categories,Inconsistent category,101,B00764,Operator_Shift,night,Night,Mapped to canonical value,Case / spelling / abbreviation variants unified using master data
2026-09-26T05:17:57+00:00,3_categories,Inconsistent category,118,B02391,Operator_Shift,MORNING,Morning,Mapped to canonical value,Case / spelling / abbreviation variants unified using master data
2026-09-26T05:17:57+00:00,3_categories,Inconsistent category,133,B01885,Operator_Shift,MORNING,Morning,Mapped to canonical value,Case / spelling / abbreviation variants unified using master data
2026-09-26T05:17:57+00:00,3_categories,Inconsistent category,136,B00079,Operator_Shift,NIGHT,Night,Mapped to canonical value,Case / spelling / abbreviation variants unified using master data
2026-09-26T05:17:57+00:00,3_categories,Inconsistent category,152,B00936,Operator_Shift,Evening ,Evening,Mapped to canonical value,Case / spelling / abbreviation variants unified using master data
2026-09-26T05:17:57+00:00,3_categories,Inconsistent category,163,B00111,Operator_Shift,E,Evening,Mapped to canonical value,Case / spelling / abbreviation variants unified using master data
2026-09-26T05:17:57+00:00,3_categories,Inconsistent category,167,B02173,Operator_Shift,evening,Evening,Mapped to canonical value,Case / spelling / abbreviation variants unified using master data
2026-09-26T05:17:57+00:00,3_categories,Inconsistent category,172,B02276,Operator_Shift,M,Morning,Mapped to canonical value,Case / spelling / abbreviation variants unified using master data
2026-09-26T05:17:57+00:00,3_categories,Inconsistent category,181,B00241,Operator_Shift,Morning ,Morning,Mapped to canonical value,Case / spelling / abbreviation variants unified using master data
2026-09-26T05:17:57+00:00,3_categories,Inconsistent category,184,B00780,Operator_Shift,morning,Morning,Mapped to canonical value,Case / spelling / abbreviation variants unified using master data
2026-09-26T05:17:57+00:00,3_categories,Inconsistent category,191,B01408,Operator_Shift,MORNING,Morning,Mapped to canonical value,Case / spelling / abbreviation variants unified using master data
2026-09-26T05:17:57+00:00,3_categories,Inconsistent category,193,B02042,Operator_Shift,night,Night,Mapped to canonical value,Case / spelling / abbreviation variants unified using master data
2026-09-26T05:17:57+00:00,3_categories,Inconsistent category,197,B00582,Operator_Shift,EVENING,Evening,Mapped to canonical value,Case / spelling / abbreviation variants unified using master data
2026-09-26T05:17:57+00:00,3_categories,Inconsistent category,201,B01016,Operator_Shift,MORNING,Morning,Mapped to canonical value,Case / spelling / abbreviation variants unified using master data
2026-09-26T05:17:57+00:00,3_categories,Inconsistent category,204,B02495,Operator_Shift,M,Morning,Mapped to canonical value,Case / spelling / abbreviation variants unified using master data
2026-09-26T05:17:57+00:00,3_categories,Inconsistent category,207,B02100,Operator_Shift,E,Evening,Mapped to canonical value,Case / spelling / abbreviation variants unified using master data
2026-09-26T05:17:57+00:00,3_categories,Inconsistent category,219,B01447,Operator_Shift,Morning ,Morning,Mapped to canonical value,Case / spelling / abbreviation variants unified using master data
2026-09-26T05:17:57+00:00,3_categories,Inconsistent category,229,B01619,Operator_Shift,MORNING,Morning,Mapped to canonical value,Case / spelling / abbreviation variants unified using master data
2026-09-26T05:17:57+00:00,3_categories,Inconsistent category,244,B01682,Operator_Shift,M,Morning,Mapped to canonical value,Case / spelling / abbreviation variants unified using master data
2026-09-26T05:17:57+00:00,3_categories,Inconsistent category,254,B00919,Operator_Shift,Morning ,Morning,Mapped to canonical value,Case / spelling / abbreviation variants unified using master data
2026-09-26T05:17:57+00:00,3_categories,Inconsistent category,267,B00392,Operator_Shift,MORNING,Morning,Mapped to canonical value,Case / spelling / abbreviation variants unified using master data
2026-09-26T05:17:57+00:00,3_categories,Inconsistent category,272,B02888,Operator_Shift,Night ,Night,Mapped to canonical value,Case / spelling / abbreviation variants unified using master data
2026-09-26T05:17:57+00:00,3_categories,Inconsistent category,273,B01267,Operator_Shift,Morning ,Morning,Mapped to canonical value,Case / spelling / abbreviation variants unified using master data
2026-09-26T05:17:57+00:00,3_categories,Inconsistent category,279,B00009,Operator_Shift,MORNING,Morning,Mapped to canonical value,Case / spelling / abbreviation variants unified using master data
2026-09-26T05:17:57+00:00,3_categories,Inconsistent category,293,B01163,Operator_Shift,MORNING,Morning,Mapped to canonical value,Case / spelling / abbreviation variants unified using master data
2026-09-26T05:17:57+00:00,3_categories,Inconsistent category,295,B01848,Operator_Shift,MORNING,Morning,Mapped to canonical value,Case / spelling / abbreviation variants unified using master data
2026-09-26T05:17:57+00:00,3_categories,Inconsistent category,300,B02848,Operator_Shift,evening,Evening,Mapped to canonical value,Case / spelling / abbreviation variants unified using master data
2026-09-26T05:17:57+00:00,3_categories,Inconsistent category,309,B00273,Operator_Shift,Evening ,Evening,Mapped to canonical value,Case / spelling / abbreviation variants unified using master data
2026-09-26T05:17:57+00:00,3_categories,Inconsistent category,324,B02151,Operator_Shift,E,Evening,Mapped to canonical value,Case / spelling / abbreviation variants unified using master data
2026-09-26T05:17:57+00:00,3_categories,Inconsistent category,334,B01284,Operator_Shift,morning,Morning,Mapped to canonical value,Case / spelling / abbreviation variants unified using master data
2026-09-26T05:17:57+00:00,3_categories,Inconsistent category,393,B01535,Operator_Shift,morning,Morning,Mapped to canonical value,Case / spelling / abbreviation variants unified using master data
2026-09-26T05:17:57+00:00,3_categories,Inconsistent category,395,B00989,Operator_Shift,E,Evening,Mapped to canonical value,Case / spelling / abbreviation variants unified using master data
2026-09-26T05:17:57+00:00,3_categories,Inconsistent category,416,B01789,Operator_Shift,MORNING,Morning,Mapped to canonical value,Case / spelling / abbreviation variants unified using master data
2026-09-26T05:17:57+00:00,3_categories,Inconsistent category,420,B01357,Operator_Shift,morning,Morning,Mapped to canonical value,Case / spelling / abbreviation variants unified using master data
2026-09-26T05:17:57+00:00,3_categories,Inconsistent category,424,B02093,Operator_Shift,evening,Evening,Mapped to canonical value,Case / spelling / abbreviation variants unified using master data
2026-09-26T05:17:57+00:00,3_categories,Inconsistent category,431,B00561,Operator_Shift,M,Morning,Mapped to canonical value,Case / spelling / abbreviation variants unified using master data
2026-09-26T05:17:57+00:00,3_categories,Inconsistent category,443,B01762,Operator_Shift,M,Morning,Mapped to canonical value,Case / spelling / abbreviation variants unified using master data
2026-09-26T05:17:57+00:00,3_categories,Inconsistent category,445,B01321,Operator_Shift,morning,Morning,Mapped to canonical value,Case / spelling / abbreviation variants unified using master data
2026-09-26T05:17:57+00:00,3_categories,Inconsistent category,459,B00960,Operator_Shift,morning,Morning,Mapped to canonical value,Case / spelling / abbreviation variants unified using master data
2026-09-26T05:17:57+00:00,3_categories,Inconsistent category,479,B02155,Operator_Shift,MORNING,Morning,Mapped to canonical value,Case / spelling / abbreviation variants unified using master data
2026-09-26T05:17:57+00:00,3_categories,Inconsistent category,483,B01480,Operator_Shift,Evening ,Evening,Mapped to canonical value,Case / spelling / abbreviation variants unified using master data
2026-09-26T05:17:57+00:00,3_categories,Inconsistent category,487,B01020,Operator_Shift,morning,Morning,Mapped to canonical value,Case / spelling / abbreviation variants unified using master data
2026-09-26T05:17:57+00:00,3_categories,Inconsistent category,491,B02615,Operator_Shift,Evening ,Evening,Mapped to canonical value,Case / spelling / abbreviation variants unified using master data
2026-09-26T05:17:57+00:00,3_categories,Inconsistent category,510,B02742,Operator_Shift,evening,Evening,Mapped to canonical value,Case / spelling / abbreviation variants unified using master data
2026-09-26T05:17:57+00:00,3_categories,Inconsistent category,525,B00258,Operator_Shift,Evening ,Evening,Mapped to canonical value,Case / spelling / abbreviation variants unified using master data
2026-09-26T05:17:57+00:00,3_categories,Inconsistent category,545,B01153,Operator_Shift,Morning ,Morning,Mapped to canonical value,Case / spelling / abbreviation variants unified using master data
2026-09-26T05:17:57+00:00,3_categories,Inconsistent category,550,B00890,Operator_Shift,Evening ,Evening,Mapped to canonical value,Case / spelling / abbreviation variants unified using master data
2026-09-26T05:17:57+00:00,3_categories,Inconsistent category,556,B00833,Operator_Shift,M,Morning,Mapped to canonical value,Case / spelling / abbreviation variants unified using master data
2026-09-26T05:17:57+00:00,3_categories,Inconsistent category,562,B01980,Operator_Shift,M,Morning,Mapped to canonical value,Case / spelling / abbreviation variants unified using master data
2026-09-26T05:17:57+00:00,3_categories,Inconsistent category,577,B02285,Operator_Shift,morning,Morning,Mapped to canonical value,Case / spelling / abbreviation variants unified using master data
2026-09-26T05:17:57+00:00,3_categories,Inconsistent category,582,B00577,Operator_Shift,M,Morning,Mapped to canonical value,Case / spelling / abbreviation variants unified using master data
2026-09-26T05:17:57+00:00,3_categories,Inconsistent category,612,B00572,Operator_Shift,MORNING,Morning,Mapped to canonical value,Case / spelling / abbreviation variants unified using master data
2026-09-26T05:17:57+00:00,3_categories,Inconsistent category,615,B02564,Operator_Shift,MORNING,Morning,Mapped to canonical value,Case / spelling / abbreviation variants unified using master data
2026-09-26T05:17:57+00:00,3_categories,Inconsistent category,622,B02130,Operator_Shift,Night ,Night,Mapped to canonical value,Case / spelling / abbreviation variants unified using master data
2026-09-26T05:17:57+00:00,3_categories,Inconsistent category,628,B02330,Operator_Shift,evening,Evening,Mapped to canonical value,Case / spelling / abbreviation variants unified using master data
2026-09-26T05:17:57+00:00,3_categories,Inconsistent category,634,B01068,Operator_Shift,evening,Evening,Mapped to canonical value,Case / spelling / abbreviation variants unified using master data
2026-09-26T05:17:57+00:00,3_categories,Inconsistent category,648,B00091,Operator_Shift,MORNING,Morning,Mapped to canonical value,Case / spelling / abbreviation variants unified using master data
2026-09-26T05:17:57+00:00,3_categories,Inconsistent category,657,B00389,Operator_Shift,EVENING,Evening,Mapped to canonical value,Case / spelling / abbreviation variants unified using master data
2026-09-26T05:17:57+00:00,3_categories,Inconsistent category,658,B02711,Operator_Shift,evening,Evening,Mapped to canonical value,Case / spelling / abbreviation variants unified using master data
2026-09-26T05:17:57+00:00,3_categories,Inconsistent category,659,B00849,Operator_Shift,NIGHT,Night,Mapped to canonical value,Case / spelling / abbreviation variants unified using master data
2026-09-26T05:17:57+00:00,3_categories,Inconsistent category,681,B02188,Operator_Shift,NIGHT,Night,Mapped to canonical value,Case / spelling / abbreviation variants unified using master data
2026-09-26T05:17:57+00:00,3_categories,Inconsistent category,688,B00515,Operator_Shift,M,Morning,Mapped to canonical value,Case / spelling / abbreviation variants unified using master data
2026-09-26T05:17:57+00:00,3_categories,Inconsistent category,691,B00955,Operator_Shift,M,Morning,Mapped to canonical value,Case / spelling / abbreviation variants unified using master data
2026-09-26T05:17:57+00:00,3_categories,Inconsistent category,717,B01142,Operator_Shift,Morning ,Morning,Mapped to canonical value,Case / spelling / abbreviation variants unified using master data
2026-09-26T05:17:57+00:00,3_categories,Inconsistent category,720,B01943,Operator_Shift,NIGHT,Night,Mapped to canonical value,Case / spelling / abbreviation variants unified using master data
2026-09-26T05:17:57+00:00,3_categories,Inconsistent category,739,B01859,Operator_Shift,Morning ,Morning,Mapped to canonical value,Case / spelling / abbreviation variants unified using master data
2026-09-26T05:17:57+00:00,3_categories,Inconsistent category,744,B02704,Operator_Shift,M,Morning,Mapped to canonical value,Case / spelling / abbreviation variants unified using master data
2026-09-26T05:17:57+00:00,3_categories,Inconsistent category,745,B00813,Operator_Shift,morning,Morning,Mapped to canonical value,Case / spelling / abbreviation variants unified using master data
2026-09-26T05:17:57+00:00,3_categories,Inconsistent category,746,B02411,Operator_Shift,morning,Morning,Mapped to canonical value,Case / spelling / abbreviation variants unified using master data
2026-09-26T05:17:57+00:00,3_categories,Inconsistent category,747,B01461,Operator_Shift,Morning ,Morning,Mapped to canonical value,Case / spelling / abbreviation variants unified using master data
2026-09-26T05:17:57+00:00,3_categories,Inconsistent category,764,B02488,Operator_Shift,evening,Evening,Mapped to canonical value,Case / spelling / abbreviation variants unified using master data
2026-09-26T05:17:57+00:00,3_categories,Inconsistent category,776,B02803,Operator_Shift,MORNING,Morning,Mapped to canonical value,Case / spelling / abbreviation variants unified using master data
2026-09-26T05:17:57+00:00,3_categories,Inconsistent category,784,B01319,Operator_Shift,Evening ,Evening,Mapped to canonical value,Case / spelling / abbreviation variants unified using master data
2026-09-26T05:17:57+00:00,3_categories,Inconsistent category,799,B01048,Operator_Shift,MORNING,Morning,Mapped to canonical value,Case / spelling / abbreviation variants unified using master data
2026-09-26T05:17:57+00:00,3_categories,Inconsistent category,803,B02456,Operator_Shift,evening,Evening,Mapped to canonical value,Case / spelling / abbreviation variants unified using master data
2026-09-26T05:17:57+00:00,3_categories,Inconsistent category,806,B00215,Operator_Shift,M,Morning,Mapped to canonical value,Case / spelling / abbreviation variants unified using master data
2026-09-26T05:17:57+00:00,3_categories,Inconsistent category,809,B01917,Operator_Shift,Morning ,Morning,Mapped to canonical value,Case / spelling / abbreviation variants unified using master data
2026-09-26T05:17:57+00:00,3_categories,Inconsistent category,819,B02550,Operator_Shift,evening,Evening,Mapped to canonical value,Case / spelling / abbreviation variants unified using master data
2026-09-26T05:17:57+00:00,3_categories,Inconsistent category,826,B00659,Operator_Shift,Evening ,Evening,Mapped to canonical value,Case / spelling / abbreviation variants unified using master data
2026-09-26T05:17:57+00:00,3_categories,Inconsistent category,834,B02375,Operator_Shift,M,Morning,Mapped to canonical value,Case / spelling / abbreviation variants unified using master data
2026-09-26T05:17:57+00:00,3_categories,Inconsistent category,852,B02049,Operator_Shift,N,Night,Mapped to canonical value,Case / spelling / abbreviation variants unified using master data
2026-09-26T05:17:57+00:00,3_categories,Inconsistent category,882,B00582,Operator_Shift,EVENING,Evening,Mapped to canonical value,Case / spelling / abbreviation variants unified using master data
2026-09-26T05:17:57+00:00,3_categories,Inconsistent category,883,B01918,Operator_Shift,morning,Morning,Mapped to canonical value,Case / spelling / abbreviation variants unified using master data
2026-09-26T05:17:57+00:00,3_categories,Inconsistent category,888,B01880,Operator_Shift,Morning ,Morning,Mapped to canonical value,Case / spelling / abbreviation variants unified using master data
2026-09-26T05:17:57+00:00,3_categories,Inconsistent category,909,B01724,Operator_Shift,MORNING,Morning,Mapped to canonical value,Case / spelling / abbreviation variants unified using master data
2026-09-26T05:17:57+00:00,3_categories,Inconsistent category,912,B02865,Operator_Shift,NIGHT,Night,Mapped to canonical value,Case / spelling / abbreviation variants unified using master data
2026-09-26T05:17:57+00:00,3_categories,Inconsistent category,914,B02110,Operator_Shift,morning,Morning,Mapped to canonical value,Case / spelling / abbreviation variants unified using master data
2026-09-26T05:17:57+00:00,3_categories,Inconsistent category,930,B02328,Operator_Shift,night,Night,Mapped to canonical value,Case / spelling / abbreviation variants unified using master data
2026-09-26T05:17:57+00:00,3_categories,Inconsistent category,941,B00622,Operator_Shift,EVENING,Evening,Mapped to canonical value,Case / spelling / abbreviation variants unified using master data
2026-09-26T05:17:57+00:00,3_categories,Inconsistent category,943,B01671,Operator_Shift,Night ,Night,Mapped to canonical value,Case / spelling / abbreviation variants unified using master data
2026-09-26T05:17:57+00:00,3_categories,Inconsistent category,944,B01174,Operator_Shift,MORNING,Morning,Mapped to canonical value,Case / spelling / abbreviation variants unified using master data
2026-09-26T05:17:57+00:00,3_categories,Inconsistent category,955,B01452,Operator_Shift,M,Morning,Mapped to canonical value,Case / spelling / abbreviation variants unified using master data
2026-09-26T05:17:57+00:00,3_categories,Inconsistent category,973,B01417,Operator_Shift,Night ,Night,Mapped to canonical value,Case / spelling / abbreviation variants unified using master data
2026-09-26T05:17:57+00:00,3_categories,Inconsistent category,976,B00291,Operator_Shift,night,Night,Mapped to canonical value,Case / spelling / abbreviation variants unified using master data
2026-09-26T05:17:57+00:00,3_categories,Inconsistent category,998,B00887,Operator_Shift,MORNING,Morning,Mapped to canonical value,Case / spelling / abbreviation variants unified using master data
2026-09-26T05:17:57+00:00,3_categories,Inconsistent category,1020,B02210,Operator_Shift,M,Morning,Mapped to canonical value,Case / spelling / abbreviation variants unified using master data
2026-09-26T05:17:57+00:00,3_categories,Inconsistent category,1021,B01634,Operator_Shift,Night ,Night,Mapped to canonical value,Case / spelling / abbreviation variants unified using master data
2026-09-26T05:17:57+00:00,3_categories,Inconsistent category,1034,B02466,Operator_Shift,evening,Evening,Mapped to canonical value,Case / spelling / abbreviation variants unified using master data
2026-09-26T05:17:57+00:00,3_categories,Inconsistent category,1041,B01889,Operator_Shift,morning,Morning,Mapped to canonical value,Case / spelling / abbreviation variants unified using master data
2026-09-26T05:17:57+00:00,3_categories,Inconsistent category,1044,B01800,Operator_Shift,NIGHT,Night,Mapped to canonical value,Case / spelling / abbreviation variants unified using master data
2026-09-26T05:17:57+00:00,3_categories,Inconsistent category,1051,B02408,Operator_Shift,E,Evening,Mapped to canonical value,Case / spelling / abbreviation variants unified using master data
2026-09-26T05:17:57+00:00,3_categories,Inconsistent category,1058,B01720,Operator_Shift,Morning ,Morning,Mapped to canonical value,Case / spelling / abbreviation variants unified using master data
2026-09-26T05:17:57+00:00,3_categories,Inconsistent category,1063,B00269,Operator_Shift,M,Morning,Mapped to canonical value,Case / spelling / abbreviation variants unified using master data
2026-09-26T05:17:57+00:00,3_categories,Inconsistent category,1067,B01261,Operator_Shift,Evening ,Evening,Mapped to canonical value,Case / spelling / abbreviation variants unified using master data
2026-09-26T05:17:57+00:00,3_categories,Inconsistent category,1068,B01901,Operator_Shift,Night ,Night,Mapped to canonical value,Case / spelling / abbreviation variants unified using master data
2026-09-26T05:17:57+00:00,3_categories,Inconsistent category,1074,B00084,Operator_Shift,E,Evening,Mapped to canonical value,Case / spelling / abbreviation variants unified using master data
2026-09-26T05:17:57+00:00,3_categories,Inconsistent category,1077,B00109,Operator_Shift,MORNING,Morning,Mapped to canonical value,Case / spelling / abbreviation variants unified using master data
2026-09-26T05:17:57+00:00,3_categories,Inconsistent category,1081,B01257,Operator_Shift,M,Morning,Mapped to canonical value,Case / spelling / abbreviation variants unified using master data
2026-09-26T05:17:57+00:00,3_categories,Inconsistent category,1103,B02655,Operator_Shift,E,Evening,Mapped to canonical value,Case / spelling / abbreviation variants unified using master data
2026-09-26T05:17:57+00:00,3_categories,Inconsistent category,1147,B00257,Operator_Shift,N,Night,Mapped to canonical value,Case / spelling / abbreviation variants unified using master data
2026-09-26T05:17:57+00:00,3_categories,Inconsistent category,1158,B00693,Operator_Shift,evening,Evening,Mapped to canonical value,Case / spelling / abbreviation variants unified using master data
2026-09-26T05:17:57+00:00,3_categories,Inconsistent category,1163,B02525,Operator_Shift,evening,Evening,Mapped to canonical value,Case / spelling / abbreviation variants unified using master data
2026-09-26T05:17:57+00:00,3_categories,Inconsistent category,1168,B02640,Operator_Shift,Night ,Night,Mapped to canonical value,Case / spelling / abbreviation variants unified using master data
2026-09-26T05:17:57+00:00,3_categories,Inconsistent category,1175,B02690,Operator_Shift,M,Morning,Mapped to canonical value,Case / spelling / abbreviation variants unified using master data
2026-09-26T05:17:57+00:00,3_categories,Inconsistent category,1176,B01068,Operator_Shift,evening,Evening,Mapped to canonical value,Case / spelling / abbreviation variants unified using master data
2026-09-26T05:17:57+00:00,3_categories,Inconsistent category,1179,B00769,Operator_Shift,E,Evening,Mapped to canonical value,Case / spelling / abbreviation variants unified using master data
2026-09-26T05:17:57+00:00,3_categories,Inconsistent category,1186,B00350,Operator_Shift,E,Evening,Mapped to canonical value,Case / spelling / abbreviation variants unified using master data
2026-09-26T05:17:57+00:00,3_categories,Inconsistent category,1187,B02242,Operator_Shift,night,Night,Mapped to canonical value,Case / spelling / abbreviation variants unified using master data
2026-09-26T05:17:57+00:00,3_categories,Inconsistent category,1188,B01958,Operator_Shift,N,Night,Mapped to canonical value,Case / spelling / abbreviation variants unified using master data
2026-09-26T05:17:57+00:00,3_categories,Inconsistent category,1190,B01527,Operator_Shift,E,Evening,Mapped to canonical value,Case / spelling / abbreviation variants unified using master data
2026-09-26T05:17:57+00:00,3_categories,Inconsistent category,1195,B02792,Operator_Shift,NIGHT,Night,Mapped to canonical value,Case / spelling / abbreviation variants unified using master data
2026-09-26T05:17:57+00:00,3_categories,Inconsistent category,1197,B02117,Operator_Shift,EVENING,Evening,Mapped to canonical value,Case / spelling / abbreviation variants unified using master data
2026-09-26T05:17:57+00:00,3_categories,Inconsistent category,1208,B00097,Operator_Shift,M,Morning,Mapped to canonical value,Case / spelling / abbreviation variants unified using master data
2026-09-26T05:17:57+00:00,3_categories,Inconsistent category,1210,B01746,Operator_Shift,Morning ,Morning,Mapped to canonical value,Case / spelling / abbreviation variants unified using master data
2026-09-26T05:17:57+00:00,3_categories,Inconsistent category,1215,B01683,Operator_Shift,Morning ,Morning,Mapped to canonical value,Case / spelling / abbreviation variants unified using master data
2026-09-26T05:17:57+00:00,3_categories,Inconsistent category,1224,B01377,Operator_Shift,E,Evening,Mapped to canonical value,Case / spelling / abbreviation variants unified using master data
2026-09-26T05:17:57+00:00,3_categories,Inconsistent category,1235,B00850,Operator_Shift,morning,Morning,Mapped to canonical value,Case / spelling / abbreviation variants unified using master data
2026-09-26T05:17:57+00:00,3_categories,Inconsistent category,1241,B00231,Operator_Shift,N,Night,Mapped to canonical value,Case / spelling / abbreviation variants unified using master data
2026-09-26T05:17:57+00:00,3_categories,Inconsistent category,1247,B02206,Operator_Shift,E,Evening,Mapped to canonical value,Case / spelling / abbreviation variants unified using master data
2026-09-26T05:17:57+00:00,3_categories,Inconsistent category,1248,B00205,Operator_Shift,EVENING,Evening,Mapped to canonical value,Case / spelling / abbreviation variants unified using master data
2026-09-26T05:17:57+00:00,3_categories,Inconsistent category,1252,B01056,Operator_Shift,MORNING,Morning,Mapped to canonical value,Case / spelling / abbreviation variants unified using master data
2026-09-26T05:17:57+00:00,3_categories,Inconsistent category,1258,B00248,Operator_Shift,EVENING,Evening,Mapped to canonical value,Case / spelling / abbreviation variants unified using master data
2026-09-26T05:17:57+00:00,3_categories,Inconsistent category,1260,B02764,Operator_Shift,Night ,Night,Mapped to canonical value,Case / spelling / abbreviation variants unified using master data
2026-09-26T05:17:57+00:00,3_categories,Inconsistent category,1263,B00099,Operator_Shift,N,Night,Mapped to canonical value,Case / spelling / abbreviation variants unified using master data
2026-09-26T05:17:57+00:00,3_categories,Inconsistent category,1268,B00734,Operator_Shift,night,Night,Mapped to canonical value,Case / spelling / abbreviation variants unified using master data
2026-09-26T05:17:57+00:00,3_categories,Inconsistent category,1282,B00748,Operator_Shift,evening,Evening,Mapped to canonical value,Case / spelling / abbreviation variants unified using master data
2026-09-26T05:17:57+00:00,3_categories,Inconsistent category,1283,B02641,Operator_Shift,E,Evening,Mapped to canonical value,Case / spelling / abbreviation variants unified using master data
2026-09-26T05:17:57+00:00,3_categories,Inconsistent category,1308,B02908,Operator_Shift,morning,Morning,Mapped to canonical value,Case / spelling / abbreviation variants unified using master data
2026-09-26T05:17:57+00:00,3_categories,Inconsistent category,1311,B00012,Operator_Shift,E,Evening,Mapped to canonical value,Case / spelling / abbreviation variants unified using master data
2026-09-26T05:17:57+00:00,3_categories,Inconsistent category,1314,B00054,Operator_Shift,MORNING,Morning,Mapped to canonical value,Case / spelling / abbreviation variants unified using master data
2026-09-26T05:17:57+00:00,3_categories,Inconsistent category,1318,B01647,Operator_Shift,Evening ,Evening,Mapped to canonical value,Case / spelling / abbreviation variants unified using master data
2026-09-26T05:17:57+00:00,3_categories,Inconsistent category,1325,B02141,Operator_Shift,morning,Morning,Mapped to canonical value,Case / spelling / abbreviation variants unified using master data
2026-09-26T05:17:57+00:00,3_categories,Inconsistent category,1327,B02328,Operator_Shift,night,Night,Mapped to canonical value,Case / spelling / abbreviation variants unified using master data
2026-09-26T05:17:57+00:00,3_categories,Inconsistent category,1328,B02855,Operator_Shift,M,Morning,Mapped to canonical value,Case / spelling / abbreviation variants unified using master data
2026-09-26T05:17:57+00:00,3_categories,Inconsistent category,1336,B00464,Operator_Shift,EVENING,Evening,Mapped to canonical value,Case / spelling / abbreviation variants unified using master data
2026-09-26T05:17:57+00:00,3_categories,Inconsistent category,1340,B02072,Operator_Shift,evening,Evening,Mapped to canonical value,Case / spelling / abbreviation variants unified using master data
2026-09-26T05:17:57+00:00,3_categories,Inconsistent category,1343,B02036,Operator_Shift,M,Morning,Mapped to canonical value,Case / spelling / abbreviation variants unified using master data
2026-09-26T05:17:57+00:00,3_categories,Inconsistent category,1345,B02270,Operator_Shift,evening,Evening,Mapped to canonical value,Case / spelling / abbreviation variants unified using master data
2026-09-26T05:17:57+00:00,3_categories,Inconsistent category,1348,B00248,Operator_Shift,EVENING,Evening,Mapped to canonical value,Case / spelling / abbreviation variants unified using master data
2026-09-26T05:17:57+00:00,3_categories,Inconsistent category,1390,B01888,Operator_Shift,morning,Morning,Mapped to canonical value,Case / spelling / abbreviation variants unified using master data
2026-09-26T05:17:57+00:00,3_categories,Inconsistent category,1392,B00855,Operator_Shift,Morning ,Morning,Mapped to canonical value,Case / spelling / abbreviation variants unified using master data
2026-09-26T05:17:57+00:00,3_categories,Inconsistent category,1412,B00454,Operator_Shift,EVENING,Evening,Mapped to canonical value,Case / spelling / abbreviation variants unified using master data
2026-09-26T05:17:57+00:00,3_categories,Inconsistent category,1432,B01037,Operator_Shift,Morning ,Morning,Mapped to canonical value,Case / spelling / abbreviation variants unified using master data
2026-09-26T05:17:57+00:00,3_categories,Inconsistent category,1449,B01909,Operator_Shift,Morning ,Morning,Mapped to canonical value,Case / spelling / abbreviation variants unified using master data
2026-09-26T05:17:57+00:00,3_categories,Inconsistent category,1456,B02160,Operator_Shift,MORNING,Morning,Mapped to canonical value,Case / spelling / abbreviation variants unified using master data
2026-09-26T05:17:57+00:00,3_categories,Inconsistent category,1461,B01974,Operator_Shift,M,Morning,Mapped to canonical value,Case / spelling / abbreviation variants unified using master data
2026-09-26T05:17:57+00:00,3_categories,Inconsistent category,1465,B00933,Operator_Shift,MORNING,Morning,Mapped to canonical value,Case / spelling / abbreviation variants unified using master data
2026-09-26T05:17:57+00:00,3_categories,Inconsistent category,1468,B01492,Operator_Shift,Evening ,Evening,Mapped to canonical value,Case / spelling / abbreviation variants unified using master data
2026-09-26T05:17:57+00:00,3_categories,Inconsistent category,1469,B02454,Operator_Shift,morning,Morning,Mapped to canonical value,Case / spelling / abbreviation variants unified using master data
2026-09-26T05:17:57+00:00,3_categories,Inconsistent category,1499,B01252,Operator_Shift,morning,Morning,Mapped to canonical value,Case / spelling / abbreviation variants unified using master data
2026-09-26T05:17:57+00:00,3_categories,Inconsistent category,1507,B00827,Operator_Shift,evening,Evening,Mapped to canonical value,Case / spelling / abbreviation variants unified using master data
2026-09-26T05:17:57+00:00,3_categories,Inconsistent category,1526,B00143,Operator_Shift,MORNING,Morning,Mapped to canonical value,Case / spelling / abbreviation variants unified using master data
2026-09-26T05:17:57+00:00,3_categories,Inconsistent category,1538,B01904,Operator_Shift,MORNING,Morning,Mapped to canonical value,Case / spelling / abbreviation variants unified using master data
2026-09-26T05:17:57+00:00,3_categories,Inconsistent category,1544,B01386,Operator_Shift,morning,Morning,Mapped to canonical value,Case / spelling / abbreviation variants unified using master data
2026-09-26T05:17:57+00:00,3_categories,Inconsistent category,1547,B02032,Operator_Shift,EVENING,Evening,Mapped to canonical value,Case / spelling / abbreviation variants unified using master data
2026-09-26T05:17:57+00:00,3_categories,Inconsistent category,1549,B00992,Operator_Shift,EVENING,Evening,Mapped to canonical value,Case / spelling / abbreviation variants unified using master data
2026-09-26T05:17:57+00:00,3_categories,Inconsistent category,1567,B00570,Operator_Shift,evening,Evening,Mapped to canonical value,Case / spelling / abbreviation variants unified using master data
2026-09-26T05:17:57+00:00,3_categories,Inconsistent category,1578,B01512,Operator_Shift,E,Evening,Mapped to canonical value,Case / spelling / abbreviation variants unified using master data
2026-09-26T05:17:57+00:00,3_categories,Inconsistent category,1581,B00940,Operator_Shift,MORNING,Morning,Mapped to canonical value,Case / spelling / abbreviation variants unified using master data
2026-09-26T05:17:57+00:00,3_categories,Inconsistent category,1590,B01128,Operator_Shift,Morning ,Morning,Mapped to canonical value,Case / spelling / abbreviation variants unified using master data
2026-09-26T05:17:57+00:00,3_categories,Inconsistent category,1591,B01023,Operator_Shift,MORNING,Morning,Mapped to canonical value,Case / spelling / abbreviation variants unified using master data
2026-09-26T05:17:57+00:00,3_categories,Inconsistent category,1601,B02738,Operator_Shift,EVENING,Evening,Mapped to canonical value,Case / spelling / abbreviation variants unified using master data
2026-09-26T05:17:57+00:00,3_categories,Inconsistent category,1602,B02443,Operator_Shift,NIGHT,Night,Mapped to canonical value,Case / spelling / abbreviation variants unified using master data
2026-09-26T05:17:57+00:00,3_categories,Inconsistent category,1619,B01743,Operator_Shift,MORNING,Morning,Mapped to canonical value,Case / spelling / abbreviation variants unified using master data
2026-09-26T05:17:57+00:00,3_categories,Inconsistent category,1631,B02135,Operator_Shift,E,Evening,Mapped to canonical value,Case / spelling / abbreviation variants unified using master data
2026-09-26T05:17:57+00:00,3_categories,Inconsistent category,1632,B00148,Operator_Shift,NIGHT,Night,Mapped to canonical value,Case / spelling / abbreviation variants unified using master data
2026-09-26T05:17:57+00:00,3_categories,Inconsistent category,1633,B01981,Operator_Shift,E,Evening,Mapped to canonical value,Case / spelling / abbreviation variants unified using master data
2026-09-26T05:17:57+00:00,3_categories,Inconsistent category,1640,B00564,Operator_Shift,evening,Evening,Mapped to canonical value,Case / spelling / abbreviation variants unified using master data
2026-09-26T05:17:57+00:00,3_categories,Inconsistent category,1641,B01852,Operator_Shift,E,Evening,Mapped to canonical value,Case / spelling / abbreviation variants unified using master data
2026-09-26T05:17:57+00:00,3_categories,Inconsistent category,1645,B00261,Operator_Shift,EVENING,Evening,Mapped to canonical value,Case / spelling / abbreviation variants unified using master data
2026-09-26T05:17:57+00:00,3_categories,Inconsistent category,1653,B01836,Operator_Shift,E,Evening,Mapped to canonical value,Case / spelling / abbreviation variants unified using master data
2026-09-26T05:17:57+00:00,3_categories,Inconsistent category,1665,B00393,Operator_Shift,N,Night,Mapped to canonical value,Case / spelling / abbreviation variants unified using master data
2026-09-26T05:17:57+00:00,3_categories,Inconsistent category,1667,B01060,Operator_Shift,night,Night,Mapped to canonical value,Case / spelling / abbreviation variants unified using master data
2026-09-26T05:17:57+00:00,3_categories,Inconsistent category,1677,B02230,Operator_Shift,night,Night,Mapped to canonical value,Case / spelling / abbreviation variants unified using master data
2026-09-26T05:17:57+00:00,3_categories,Inconsistent category,1680,B01817,Operator_Shift,Evening ,Evening,Mapped to canonical value,Case / spelling / abbreviation variants unified using master data
2026-09-26T05:17:57+00:00,3_categories,Inconsistent category,1681,B02457,Operator_Shift,night,Night,Mapped to canonical value,Case / spelling / abbreviation variants unified using master data
2026-09-26T05:17:57+00:00,3_categories,Inconsistent category,1723,B01440,Operator_Shift,evening,Evening,Mapped to canonical value,Case / spelling / abbreviation variants unified using master data
2026-09-26T05:17:57+00:00,3_categories,Inconsistent category,1730,B00945,Operator_Shift,Morning ,Morning,Mapped to canonical value,Case / spelling / abbreviation variants unified using master data
2026-09-26T05:17:57+00:00,3_categories,Inconsistent category,1736,B00444,Operator_Shift,MORNING,Morning,Mapped to canonical value,Case / spelling / abbreviation variants unified using master data
2026-09-26T05:17:57+00:00,3_categories,Inconsistent category,1750,B01306,Operator_Shift,EVENING,Evening,Mapped to canonical value,Case / spelling / abbreviation variants unified using master data
2026-09-26T05:17:57+00:00,3_categories,Inconsistent category,1764,B01807,Operator_Shift,MORNING,Morning,Mapped to canonical value,Case / spelling / abbreviation variants unified using master data
2026-09-26T05:17:57+00:00,3_categories,Inconsistent category,1780,B00183,Operator_Shift,MORNING,Morning,Mapped to canonical value,Case / spelling / abbreviation variants unified using master data
2026-09-26T05:17:57+00:00,3_categories,Inconsistent category,1793,B02891,Operator_Shift,Morning ,Morning,Mapped to canonical value,Case / spelling / abbreviation variants unified using master data
2026-09-26T05:17:57+00:00,3_categories,Inconsistent category,1794,B01473,Operator_Shift,E,Evening,Mapped to canonical value,Case / spelling / abbreviation variants unified using master data
2026-09-26T05:17:57+00:00,3_categories,Inconsistent category,1810,B01110,Operator_Shift,EVENING,Evening,Mapped to canonical value,Case / spelling / abbreviation variants unified using master data
2026-09-26T05:17:57+00:00,3_categories,Inconsistent category,1822,B02830,Operator_Shift,evening,Evening,Mapped to canonical value,Case / spelling / abbreviation variants unified using master data
2026-09-26T05:17:57+00:00,3_categories,Inconsistent category,1824,B01515,Operator_Shift,M,Morning,Mapped to canonical value,Case / spelling / abbreviation variants unified using master data
2026-09-26T05:17:57+00:00,3_categories,Inconsistent category,1833,B02449,Operator_Shift,Morning ,Morning,Mapped to canonical value,Case / spelling / abbreviation variants unified using master data
2026-09-26T05:17:57+00:00,3_categories,Inconsistent category,1862,B02158,Operator_Shift,morning,Morning,Mapped to canonical value,Case / spelling / abbreviation variants unified using master data
2026-09-26T05:17:57+00:00,3_categories,Inconsistent category,1866,B02063,Operator_Shift,morning,Morning,Mapped to canonical value,Case / spelling / abbreviation variants unified using master data
2026-09-26T05:17:57+00:00,3_categories,Inconsistent category,1867,B01456,Operator_Shift,Evening ,Evening,Mapped to canonical value,Case / spelling / abbreviation variants unified using master data
2026-09-26T05:17:57+00:00,3_categories,Inconsistent category,1869,B01433,Operator_Shift,NIGHT,Night,Mapped to canonical value,Case / spelling / abbreviation variants unified using master data
2026-09-26T05:17:57+00:00,3_categories,Inconsistent category,1897,B00502,Operator_Shift,Morning ,Morning,Mapped to canonical value,Case / spelling / abbreviation variants unified using master data
2026-09-26T05:17:57+00:00,3_categories,Inconsistent category,1901,B01411,Operator_Shift,morning,Morning,Mapped to canonical value,Case / spelling / abbreviation variants unified using master data
2026-09-26T05:17:57+00:00,3_categories,Inconsistent category,1906,B02231,Operator_Shift,MORNING,Morning,Mapped to canonical value,Case / spelling / abbreviation variants unified using master data
2026-09-26T05:17:57+00:00,3_categories,Inconsistent category,1914,B01362,Operator_Shift,evening,Evening,Mapped to canonical value,Case / spelling / abbreviation variants unified using master data
2026-09-26T05:17:57+00:00,3_categories,Inconsistent category,1915,B02446,Operator_Shift,M,Morning,Mapped to canonical value,Case / spelling / abbreviation variants unified using master data
2026-09-26T05:17:57+00:00,3_categories,Inconsistent category,1917,B01373,Operator_Shift,evening,Evening,Mapped to canonical value,Case / spelling / abbreviation variants unified using master data
2026-09-26T05:17:57+00:00,3_categories,Inconsistent category,1928,B02157,Operator_Shift,Morning ,Morning,Mapped to canonical value,Case / spelling / abbreviation variants unified using master data
2026-09-26T05:17:57+00:00,3_categories,Inconsistent category,1929,B02619,Operator_Shift,E,Evening,Mapped to canonical value,Case / spelling / abbreviation variants unified using master data
2026-09-26T05:17:57+00:00,3_categories,Inconsistent category,1942,B01261,Operator_Shift,Evening ,Evening,Mapped to canonical value,Case / spelling / abbreviation variants unified using master data
2026-09-26T05:17:57+00:00,3_categories,Inconsistent category,1951,B00391,Operator_Shift,EVENING,Evening,Mapped to canonical value,Case / spelling / abbreviation variants unified using master data
2026-09-26T05:17:57+00:00,3_categories,Inconsistent category,1970,B02708,Operator_Shift,Morning ,Morning,Mapped to canonical value,Case / spelling / abbreviation variants unified using master data
2026-09-26T05:17:57+00:00,3_categories,Inconsistent category,1978,B01192,Operator_Shift,Morning ,Morning,Mapped to canonical value,Case / spelling / abbreviation variants unified using master data
2026-09-26T05:17:57+00:00,3_categories,Inconsistent category,1979,B01251,Operator_Shift,morning,Morning,Mapped to canonical value,Case / spelling / abbreviation variants unified using master data
2026-09-26T05:17:57+00:00,3_categories,Inconsistent category,2000,B00090,Operator_Shift,evening,Evening,Mapped to canonical value,Case / spelling / abbreviation variants unified using master data
2026-09-26T05:17:57+00:00,3_categories,Inconsistent category,2004,B00742,Operator_Shift,Morning ,Morning,Mapped to canonical value,Case / spelling / abbreviation variants unified using master data
2026-09-26T05:17:57+00:00,3_categories,Inconsistent category,2015,B00372,Operator_Shift,evening,Evening,Mapped to canonical value,Case / spelling / abbreviation variants unified using master data
2026-09-26T05:17:57+00:00,3_categories,Inconsistent category,2016,B00200,Operator_Shift,morning,Morning,Mapped to canonical value,Case / spelling / abbreviation variants unified using master data
2026-09-26T05:17:57+00:00,3_categories,Inconsistent category,2017,B00917,Operator_Shift,morning,Morning,Mapped to canonical value,Case / spelling / abbreviation variants unified using master data
2026-09-26T05:17:57+00:00,3_categories,Inconsistent category,2025,B01851,Operator_Shift,Morning ,Morning,Mapped to canonical value,Case / spelling / abbreviation variants unified using master data
2026-09-26T05:17:57+00:00,3_categories,Inconsistent category,2040,B02735,Operator_Shift,Morning ,Morning,Mapped to canonical value,Case / spelling / abbreviation variants unified using master data
2026-09-26T05:17:57+00:00,3_categories,Inconsistent category,2062,B02364,Operator_Shift,EVENING,Evening,Mapped to canonical value,Case / spelling / abbreviation variants unified using master data
2026-09-26T05:17:57+00:00,3_categories,Inconsistent category,2067,B01387,Operator_Shift,M,Morning,Mapped to canonical value,Case / spelling / abbreviation variants unified using master data
2026-09-26T05:17:57+00:00,3_categories,Inconsistent category,2082,B01301,Operator_Shift,E,Evening,Mapped to canonical value,Case / spelling / abbreviation variants unified using master data
2026-09-26T05:17:57+00:00,3_categories,Inconsistent category,2085,B00678,Operator_Shift,morning,Morning,Mapped to canonical value,Case / spelling / abbreviation variants unified using master data
2026-09-26T05:17:57+00:00,3_categories,Inconsistent category,2094,B00906,Operator_Shift,night,Night,Mapped to canonical value,Case / spelling / abbreviation variants unified using master data
2026-09-26T05:17:57+00:00,3_categories,Inconsistent category,2095,B00865,Operator_Shift,MORNING,Morning,Mapped to canonical value,Case / spelling / abbreviation variants unified using master data
2026-09-26T05:17:57+00:00,3_categories,Inconsistent category,2100,B02419,Operator_Shift,Morning ,Morning,Mapped to canonical value,Case / spelling / abbreviation variants unified using master data
2026-09-26T05:17:57+00:00,3_categories,Inconsistent category,2101,B01198,Operator_Shift,Morning ,Morning,Mapped to canonical value,Case / spelling / abbreviation variants unified using master data
2026-09-26T05:17:57+00:00,3_categories,Inconsistent category,2113,B00711,Operator_Shift,MORNING,Morning,Mapped to canonical value,Case / spelling / abbreviation variants unified using master data
2026-09-26T05:17:57+00:00,3_categories,Inconsistent category,2120,B00267,Operator_Shift,Morning ,Morning,Mapped to canonical value,Case / spelling / abbreviation variants unified using master data
2026-09-26T05:17:57+00:00,3_categories,Inconsistent category,2123,B00542,Operator_Shift,Night ,Night,Mapped to canonical value,Case / spelling / abbreviation variants unified using master data
2026-09-26T05:17:57+00:00,3_categories,Inconsistent category,2151,B02333,Operator_Shift,Morning ,Morning,Mapped to canonical value,Case / spelling / abbreviation variants unified using master data
2026-09-26T05:17:57+00:00,3_categories,Inconsistent category,2153,B00287,Operator_Shift,N,Night,Mapped to canonical value,Case / spelling / abbreviation variants unified using master data
2026-09-26T05:17:57+00:00,3_categories,Inconsistent category,2164,B01172,Operator_Shift,morning,Morning,Mapped to canonical value,Case / spelling / abbreviation variants unified using master data
2026-09-26T05:17:57+00:00,3_categories,Inconsistent category,2167,B02405,Operator_Shift,MORNING,Morning,Mapped to canonical value,Case / spelling / abbreviation variants unified using master data
2026-09-26T05:17:57+00:00,3_categories,Inconsistent category,2183,B00670,Operator_Shift,EVENING,Evening,Mapped to canonical value,Case / spelling / abbreviation variants unified using master data
2026-09-26T05:17:57+00:00,3_categories,Inconsistent category,2194,B01365,Operator_Shift,Morning ,Morning,Mapped to canonical value,Case / spelling / abbreviation variants unified using master data
2026-09-26T05:17:57+00:00,3_categories,Inconsistent category,2208,B01029,Operator_Shift,E,Evening,Mapped to canonical value,Case / spelling / abbreviation variants unified using master data
2026-09-26T05:17:57+00:00,3_categories,Inconsistent category,2210,B01958,Operator_Shift,N,Night,Mapped to canonical value,Case / spelling / abbreviation variants unified using master data
2026-09-26T05:17:57+00:00,3_categories,Inconsistent category,2218,B02883,Operator_Shift,Morning ,Morning,Mapped to canonical value,Case / spelling / abbreviation variants unified using master data
2026-09-26T05:17:57+00:00,3_categories,Inconsistent category,2236,B01640,Operator_Shift,Morning ,Morning,Mapped to canonical value,Case / spelling / abbreviation variants unified using master data
2026-09-26T05:17:57+00:00,3_categories,Inconsistent category,2237,B02744,Operator_Shift,Morning ,Morning,Mapped to canonical value,Case / spelling / abbreviation variants unified using master data
2026-09-26T05:17:57+00:00,3_categories,Inconsistent category,2240,B02876,Operator_Shift,Evening ,Evening,Mapped to canonical value,Case / spelling / abbreviation variants unified using master data
2026-09-26T05:17:57+00:00,3_categories,Inconsistent category,2247,B00459,Operator_Shift,EVENING,Evening,Mapped to canonical value,Case / spelling / abbreviation variants unified using master data
2026-09-26T05:17:57+00:00,3_categories,Inconsistent category,2248,B01954,Operator_Shift,evening,Evening,Mapped to canonical value,Case / spelling / abbreviation variants unified using master data
2026-09-26T05:17:57+00:00,3_categories,Inconsistent category,2261,B00144,Operator_Shift,Evening ,Evening,Mapped to canonical value,Case / spelling / abbreviation variants unified using master data
2026-09-26T05:17:57+00:00,3_categories,Inconsistent category,2269,B02832,Operator_Shift,MORNING,Morning,Mapped to canonical value,Case / spelling / abbreviation variants unified using master data
2026-09-26T05:17:57+00:00,3_categories,Inconsistent category,2283,B00605,Operator_Shift,E,Evening,Mapped to canonical value,Case / spelling / abbreviation variants unified using master data
2026-09-26T05:17:57+00:00,3_categories,Inconsistent category,2285,B00002,Operator_Shift,Evening ,Evening,Mapped to canonical value,Case / spelling / abbreviation variants unified using master data
2026-09-26T05:17:57+00:00,3_categories,Inconsistent category,2290,B00098,Operator_Shift,MORNING,Morning,Mapped to canonical value,Case / spelling / abbreviation variants unified using master data
2026-09-26T05:17:57+00:00,3_categories,Inconsistent category,2308,B01420,Operator_Shift,M,Morning,Mapped to canonical value,Case / spelling / abbreviation variants unified using master data
2026-09-26T05:17:57+00:00,3_categories,Inconsistent category,2315,B02721,Operator_Shift,evening,Evening,Mapped to canonical value,Case / spelling / abbreviation variants unified using master data
2026-09-26T05:17:57+00:00,3_categories,Inconsistent category,2352,B01227,Operator_Shift,E,Evening,Mapped to canonical value,Case / spelling / abbreviation variants unified using master data
2026-09-26T05:17:57+00:00,3_categories,Inconsistent category,2364,B02748,Operator_Shift,evening,Evening,Mapped to canonical value,Case / spelling / abbreviation variants unified using master data
2026-09-26T05:17:57+00:00,3_categories,Inconsistent category,2370,B01441,Operator_Shift,evening,Evening,Mapped to canonical value,Case / spelling / abbreviation variants unified using master data
2026-09-26T05:17:57+00:00,3_categories,Inconsistent category,2372,B01046,Operator_Shift,Morning ,Morning,Mapped to canonical value,Case / spelling / abbreviation variants unified using master data
2026-09-26T05:17:57+00:00,3_categories,Inconsistent category,2382,B01139,Operator_Shift,EVENING,Evening,Mapped to canonical value,Case / spelling / abbreviation variants unified using master data
2026-09-26T05:17:57+00:00,3_categories,Inconsistent category,2403,B00532,Operator_Shift,morning,Morning,Mapped to canonical value,Case / spelling / abbreviation variants unified using master data
2026-09-26T05:17:57+00:00,3_categories,Inconsistent category,2404,B00100,Operator_Shift,Morning ,Morning,Mapped to canonical value,Case / spelling / abbreviation variants unified using master data
2026-09-26T05:17:57+00:00,3_categories,Inconsistent category,2406,B01676,Operator_Shift,Evening ,Evening,Mapped to canonical value,Case / spelling / abbreviation variants unified using master data
2026-09-26T05:17:57+00:00,3_categories,Inconsistent category,2421,B02659,Operator_Shift,evening,Evening,Mapped to canonical value,Case / spelling / abbreviation variants unified using master data
2026-09-26T05:17:57+00:00,3_categories,Inconsistent category,2422,B01368,Operator_Shift,EVENING,Evening,Mapped to canonical value,Case / spelling / abbreviation variants unified using master data
2026-09-26T05:17:57+00:00,3_categories,Inconsistent category,2437,B00108,Operator_Shift,Evening ,Evening,Mapped to canonical value,Case / spelling / abbreviation variants unified using master data
2026-09-26T05:17:57+00:00,3_categories,Inconsistent category,2440,B00231,Operator_Shift,N,Night,Mapped to canonical value,Case / spelling / abbreviation variants unified using master data
2026-09-26T05:17:57+00:00,3_categories,Inconsistent category,2465,B00283,Operator_Shift,MORNING,Morning,Mapped to canonical value,Case / spelling / abbreviation variants unified using master data
2026-09-26T05:17:57+00:00,3_categories,Inconsistent category,2467,B02584,Operator_Shift,EVENING,Evening,Mapped to canonical value,Case / spelling / abbreviation variants unified using master data
2026-09-26T05:17:57+00:00,3_categories,Inconsistent category,2473,B02319,Operator_Shift,NIGHT,Night,Mapped to canonical value,Case / spelling / abbreviation variants unified using master data
2026-09-26T05:17:57+00:00,3_categories,Inconsistent category,2481,B01269,Operator_Shift,Morning ,Morning,Mapped to canonical value,Case / spelling / abbreviation variants unified using master data
2026-09-26T05:17:57+00:00,3_categories,Inconsistent category,2483,B00281,Operator_Shift,Night ,Night,Mapped to canonical value,Case / spelling / abbreviation variants unified using master data
2026-09-26T05:17:57+00:00,3_categories,Inconsistent category,2490,B00384,Operator_Shift,NIGHT,Night,Mapped to canonical value,Case / spelling / abbreviation variants unified using master data
2026-09-26T05:17:57+00:00,3_categories,Inconsistent category,2494,B02098,Operator_Shift,Evening ,Evening,Mapped to canonical value,Case / spelling / abbreviation variants unified using master data
2026-09-26T05:17:57+00:00,3_categories,Inconsistent category,2497,B01564,Operator_Shift,Night ,Night,Mapped to canonical value,Case / spelling / abbreviation variants unified using master data
2026-09-26T05:17:57+00:00,3_categories,Inconsistent category,2508,B01758,Operator_Shift,E,Evening,Mapped to canonical value,Case / spelling / abbreviation variants unified using master data
2026-09-26T05:17:57+00:00,3_categories,Inconsistent category,2523,B01722,Operator_Shift,evening,Evening,Mapped to canonical value,Case / spelling / abbreviation variants unified using master data
2026-09-26T05:17:57+00:00,3_categories,Inconsistent category,2538,B02213,Operator_Shift,Evening ,Evening,Mapped to canonical value,Case / spelling / abbreviation variants unified using master data
2026-09-26T05:17:57+00:00,3_categories,Inconsistent category,2549,B02086,Operator_Shift,morning,Morning,Mapped to canonical value,Case / spelling / abbreviation variants unified using master data
2026-09-26T05:17:57+00:00,3_categories,Inconsistent category,2552,B02787,Operator_Shift,Evening ,Evening,Mapped to canonical value,Case / spelling / abbreviation variants unified using master data
2026-09-26T05:17:57+00:00,3_categories,Inconsistent category,2555,B01842,Operator_Shift,MORNING,Morning,Mapped to canonical value,Case / spelling / abbreviation variants unified using master data
2026-09-26T05:17:57+00:00,3_categories,Inconsistent category,2569,B00576,Operator_Shift,Night ,Night,Mapped to canonical value,Case / spelling / abbreviation variants unified using master data
2026-09-26T05:17:57+00:00,3_categories,Inconsistent category,2572,B01768,Operator_Shift,E,Evening,Mapped to canonical value,Case / spelling / abbreviation variants unified using master data
2026-09-26T05:17:57+00:00,3_categories,Inconsistent category,2577,B01045,Operator_Shift,Night ,Night,Mapped to canonical value,Case / spelling / abbreviation variants unified using master data
2026-09-26T05:17:57+00:00,3_categories,Inconsistent category,2588,B01183,Operator_Shift,EVENING,Evening,Mapped to canonical value,Case / spelling / abbreviation variants unified using master data
2026-09-26T05:17:57+00:00,3_categories,Inconsistent category,2595,B01164,Operator_Shift,NIGHT,Night,Mapped to canonical value,Case / spelling / abbreviation variants unified using master data
2026-09-26T05:17:57+00:00,3_categories,Inconsistent category,2598,B01835,Operator_Shift,night,Night,Mapped to canonical value,Case / spelling / abbreviation variants unified using master data
2026-09-26T05:17:57+00:00,3_categories,Inconsistent category,2606,B01290,Operator_Shift,MORNING,Morning,Mapped to canonical value,Case / spelling / abbreviation variants unified using master data
2026-09-26T05:17:57+00:00,3_categories,Inconsistent category,2617,B00139,Operator_Shift,Evening ,Evening,Mapped to canonical value,Case / spelling / abbreviation variants unified using master data
2026-09-26T05:17:57+00:00,3_categories,Inconsistent category,2622,B00943,Operator_Shift,MORNING,Morning,Mapped to canonical value,Case / spelling / abbreviation variants unified using master data
2026-09-26T05:17:57+00:00,3_categories,Inconsistent category,2663,B02038,Operator_Shift,morning,Morning,Mapped to canonical value,Case / spelling / abbreviation variants unified using master data
2026-09-26T05:17:57+00:00,3_categories,Inconsistent category,2664,B01780,Operator_Shift,EVENING,Evening,Mapped to canonical value,Case / spelling / abbreviation variants unified using master data
2026-09-26T05:17:57+00:00,3_categories,Inconsistent category,2676,B00938,Operator_Shift,evening,Evening,Mapped to canonical value,Case / spelling / abbreviation variants unified using master data
2026-09-26T05:17:57+00:00,3_categories,Inconsistent category,2678,B01778,Operator_Shift,Morning ,Morning,Mapped to canonical value,Case / spelling / abbreviation variants unified using master data
2026-09-26T05:17:57+00:00,3_categories,Inconsistent category,2711,B02415,Operator_Shift,E,Evening,Mapped to canonical value,Case / spelling / abbreviation variants unified using master data
2026-09-26T05:17:57+00:00,3_categories,Inconsistent category,2716,B01369,Operator_Shift,N,Night,Mapped to canonical value,Case / spelling / abbreviation variants unified using master data
2026-09-26T05:17:57+00:00,3_categories,Inconsistent category,2719,B01451,Operator_Shift,Evening ,Evening,Mapped to canonical value,Case / spelling / abbreviation variants unified using master data
2026-09-26T05:17:57+00:00,3_categories,Inconsistent category,2723,B02322,Operator_Shift,night,Night,Mapped to canonical value,Case / spelling / abbreviation variants unified using master data
2026-09-26T05:17:57+00:00,3_categories,Inconsistent category,2725,B00370,Operator_Shift,NIGHT,Night,Mapped to canonical value,Case / spelling / abbreviation variants unified using master data
2026-09-26T05:17:57+00:00,3_categories,Inconsistent category,2743,B01901,Operator_Shift,Night ,Night,Mapped to canonical value,Case / spelling / abbreviation variants unified using master data
2026-09-26T05:17:57+00:00,3_categories,Inconsistent category,2747,B01875,Operator_Shift,evening,Evening,Mapped to canonical value,Case / spelling / abbreviation variants unified using master data
2026-09-26T05:17:57+00:00,3_categories,Inconsistent category,2755,B01355,Operator_Shift,MORNING,Morning,Mapped to canonical value,Case / spelling / abbreviation variants unified using master data
2026-09-26T05:17:57+00:00,3_categories,Inconsistent category,2761,B01776,Operator_Shift,Morning ,Morning,Mapped to canonical value,Case / spelling / abbreviation variants unified using master data
2026-09-26T05:17:57+00:00,3_categories,Inconsistent category,2774,B01085,Operator_Shift,MORNING,Morning,Mapped to canonical value,Case / spelling / abbreviation variants unified using master data
2026-09-26T05:17:57+00:00,3_categories,Inconsistent category,2781,B00719,Operator_Shift,M,Morning,Mapped to canonical value,Case / spelling / abbreviation variants unified using master data
2026-09-26T05:17:57+00:00,3_categories,Inconsistent category,2794,B00836,Operator_Shift,M,Morning,Mapped to canonical value,Case / spelling / abbreviation variants unified using master data
2026-09-26T05:17:57+00:00,3_categories,Inconsistent category,2796,B00483,Operator_Shift,Evening ,Evening,Mapped to canonical value,Case / spelling / abbreviation variants unified using master data
2026-09-26T05:17:57+00:00,3_categories,Inconsistent category,2798,B00713,Operator_Shift,M,Morning,Mapped to canonical value,Case / spelling / abbreviation variants unified using master data
2026-09-26T05:17:57+00:00,3_categories,Inconsistent category,2807,B00912,Operator_Shift,EVENING,Evening,Mapped to canonical value,Case / spelling / abbreviation variants unified using master data
2026-09-26T05:17:57+00:00,3_categories,Inconsistent category,2808,B01305,Operator_Shift,N,Night,Mapped to canonical value,Case / spelling / abbreviation variants unified using master data
2026-09-26T05:17:57+00:00,3_categories,Inconsistent category,2819,B02223,Operator_Shift,night,Night,Mapped to canonical value,Case / spelling / abbreviation variants unified using master data
2026-09-26T05:17:57+00:00,3_categories,Inconsistent category,2827,B00919,Operator_Shift,Morning ,Morning,Mapped to canonical value,Case / spelling / abbreviation variants unified using master data
2026-09-26T05:17:57+00:00,3_categories,Inconsistent category,2839,B00225,Operator_Shift,night,Night,Mapped to canonical value,Case / spelling / abbreviation variants unified using master data
2026-09-26T05:17:57+00:00,3_categories,Inconsistent category,2842,B01664,Operator_Shift,N,Night,Mapped to canonical value,Case / spelling / abbreviation variants unified using master data
2026-09-26T05:17:57+00:00,3_categories,Inconsistent category,2849,B01071,Operator_Shift,morning,Morning,Mapped to canonical value,Case / spelling / abbreviation variants unified using master data
2026-09-26T05:17:57+00:00,3_categories,Inconsistent category,2895,B00913,Operator_Shift,Evening ,Evening,Mapped to canonical value,Case / spelling / abbreviation variants unified using master data
2026-09-26T05:17:57+00:00,3_categories,Inconsistent category,2896,B02909,Operator_Shift,MORNING,Morning,Mapped to canonical value,Case / spelling / abbreviation variants unified using master data
2026-09-26T05:17:57+00:00,3_categories,Inconsistent category,2897,B01375,Operator_Shift,MORNING,Morning,Mapped to canonical value,Case / spelling / abbreviation variants unified using master data
2026-09-26T05:17:57+00:00,3_categories,Inconsistent category,2899,B01031,Operator_Shift,MORNING,Morning,Mapped to canonical value,Case / spelling / abbreviation variants unified using master data
2026-09-26T05:17:57+00:00,3_categories,Inconsistent category,2923,B00275,Operator_Shift,MORNING,Morning,Mapped to canonical value,Case / spelling / abbreviation variants unified using master data
2026-09-26T05:17:57+00:00,3_categories,Inconsistent category,2928,B01775,Operator_Shift,M,Morning,Mapped to canonical value,Case / spelling / abbreviation variants unified using master data
2026-09-26T05:17:57+00:00,3_categories,Inconsistent category,2931,B00494,Operator_Shift,M,Morning,Mapped to canonical value,Case / spelling / abbreviation variants unified using master data
2026-09-26T05:17:57+00:00,3_categories,Inconsistent category,2974,B01359,Operator_Shift,NIGHT,Night,Mapped to canonical value,Case / spelling / abbreviation variants unified using master data
2026-09-26T05:17:57+00:00,3_categories,Inconsistent category,2975,B02200,Operator_Shift,morning,Morning,Mapped to canonical value,Case / spelling / abbreviation variants unified using master data
2026-09-26T05:17:57+00:00,3_categories,Inconsistent category,2976,B02070,Operator_Shift,E,Evening,Mapped to canonical value,Case / spelling / abbreviation variants unified using master data
2026-09-26T05:17:57+00:00,3_categories,Inconsistent category,2989,B00117,Operator_Shift,E,Evening,Mapped to canonical value,Case / spelling / abbreviation variants unified using master data
2026-09-26T05:17:57+00:00,3_categories,Inconsistent category,2996,B01936,Operator_Shift,Morning ,Morning,Mapped to canonical value,Case / spelling / abbreviation variants unified using master data
2026-09-26T05:17:57+00:00,3_categories,Inconsistent category,7,B01117,Quality_Status,PASS,Pass,Mapped to canonical value,Case / spelling / abbreviation variants unified using master data
2026-09-26T05:17:57+00:00,3_categories,Inconsistent category,10,B00124,Quality_Status,Passed,Pass,Mapped to canonical value,Case / spelling / abbreviation variants unified using master data
2026-09-26T05:17:57+00:00,3_categories,Inconsistent category,15,B01574,Quality_Status,pass,Pass,Mapped to canonical value,Case / spelling / abbreviation variants unified using master data
2026-09-26T05:17:57+00:00,3_categories,Inconsistent category,20,B01006,Quality_Status,pass,Pass,Mapped to canonical value,Case / spelling / abbreviation variants unified using master data
2026-09-26T05:17:57+00:00,3_categories,Inconsistent category,28,B01996,Quality_Status,UNDER REVIEW,Under Review,Mapped to canonical value,Case / spelling / abbreviation variants unified using master data
2026-09-26T05:17:57+00:00,3_categories,Inconsistent category,43,B00132,Quality_Status,pass,Pass,Mapped to canonical value,Case / spelling / abbreviation variants unified using master data
2026-09-26T05:17:57+00:00,3_categories,Inconsistent category,54,B02643,Quality_Status,Passed,Pass,Mapped to canonical value,Case / spelling / abbreviation variants unified using master data
2026-09-26T05:17:57+00:00,3_categories,Inconsistent category,55,B00293,Quality_Status,pass,Pass,Mapped to canonical value,Case / spelling / abbreviation variants unified using master data
2026-09-26T05:17:57+00:00,3_categories,Inconsistent category,62,B02044,Quality_Status,Passed,Pass,Mapped to canonical value,Case / spelling / abbreviation variants unified using master data
2026-09-26T05:17:57+00:00,3_categories,Inconsistent category,67,B00294,Quality_Status,Review,Under Review,Mapped to canonical value,Case / spelling / abbreviation variants unified using master data
2026-09-26T05:17:57+00:00,3_categories,Inconsistent category,71,B02707,Quality_Status,PASS,Pass,Mapped to canonical value,Case / spelling / abbreviation variants unified using master data
2026-09-26T05:17:57+00:00,3_categories,Inconsistent category,72,B00959,Quality_Status,PASS,Pass,Mapped to canonical value,Case / spelling / abbreviation variants unified using master data
2026-09-26T05:17:57+00:00,3_categories,Inconsistent category,73,B00266,Quality_Status,PASS,Pass,Mapped to canonical value,Case / spelling / abbreviation variants unified using master data
2026-09-26T05:17:57+00:00,3_categories,Inconsistent category,81,B00835,Quality_Status,Passed,Pass,Mapped to canonical value,Case / spelling / abbreviation variants unified using master data
2026-09-26T05:17:57+00:00,3_categories,Inconsistent category,92,B02811,Quality_Status,Passed,Pass,Mapped to canonical value,Case / spelling / abbreviation variants unified using master data
2026-09-26T05:17:57+00:00,3_categories,Inconsistent category,94,B00381,Quality_Status,Passed,Pass,Mapped to canonical value,Case / spelling / abbreviation variants unified using master data
2026-09-26T05:17:57+00:00,3_categories,Inconsistent category,110,B02621,Quality_Status,Review,Under Review,Mapped to canonical value,Case / spelling / abbreviation variants unified using master data
2026-09-26T05:17:57+00:00,3_categories,Inconsistent category,118,B02391,Quality_Status,PASS,Pass,Mapped to canonical value,Case / spelling / abbreviation variants unified using master data
2026-09-26T05:17:57+00:00,3_categories,Inconsistent category,126,B01560,Quality_Status,Passed,Pass,Mapped to canonical value,Case / spelling / abbreviation variants unified using master data
2026-09-26T05:17:57+00:00,3_categories,Inconsistent category,130,B02299,Quality_Status,pass,Pass,Mapped to canonical value,Case / spelling / abbreviation variants unified using master data
2026-09-26T05:17:57+00:00,3_categories,Inconsistent category,136,B00079,Quality_Status,Passed,Pass,Mapped to canonical value,Case / spelling / abbreviation variants unified using master data
2026-09-26T05:17:57+00:00,3_categories,Inconsistent category,142,B02403,Quality_Status,pass,Pass,Mapped to canonical value,Case / spelling / abbreviation variants unified using master data
2026-09-26T05:17:57+00:00,3_categories,Inconsistent category,143,B01118,Quality_Status,under review,Under Review,Mapped to canonical value,Case / spelling / abbreviation variants unified using master data
2026-09-26T05:17:57+00:00,3_categories,Inconsistent category,147,B02580,Quality_Status,Passed,Pass,Mapped to canonical value,Case / spelling / abbreviation variants unified using master data
2026-09-26T05:17:57+00:00,3_categories,Inconsistent category,151,B01026,Quality_Status,pass,Pass,Mapped to canonical value,Case / spelling / abbreviation variants unified using master data
2026-09-26T05:17:57+00:00,3_categories,Inconsistent category,160,B01853,Quality_Status,PASS,Pass,Mapped to canonical value,Case / spelling / abbreviation variants unified using master data
2026-09-26T05:17:57+00:00,3_categories,Inconsistent category,168,B00910,Quality_Status,pass,Pass,Mapped to canonical value,Case / spelling / abbreviation variants unified using master data
2026-09-26T05:17:57+00:00,3_categories,Inconsistent category,175,B00282,Quality_Status,Passed,Pass,Mapped to canonical value,Case / spelling / abbreviation variants unified using master data
2026-09-26T05:17:57+00:00,3_categories,Inconsistent category,180,B00914,Quality_Status,fail,Fail,Mapped to canonical value,Case / spelling / abbreviation variants unified using master data
2026-09-26T05:17:57+00:00,3_categories,Inconsistent category,191,B01408,Quality_Status,PASS,Pass,Mapped to canonical value,Case / spelling / abbreviation variants unified using master data
2026-09-26T05:17:57+00:00,3_categories,Inconsistent category,198,B01481,Quality_Status,Failed,Fail,Mapped to canonical value,Case / spelling / abbreviation variants unified using master data
2026-09-26T05:17:57+00:00,3_categories,Inconsistent category,208,B02379,Quality_Status,Passed,Pass,Mapped to canonical value,Case / spelling / abbreviation variants unified using master data
2026-09-26T05:17:57+00:00,3_categories,Inconsistent category,211,B02500,Quality_Status,pass,Pass,Mapped to canonical value,Case / spelling / abbreviation variants unified using master data
2026-09-26T05:17:57+00:00,3_categories,Inconsistent category,231,B02341,Quality_Status,PASS,Pass,Mapped to canonical value,Case / spelling / abbreviation variants unified using master data
2026-09-26T05:17:57+00:00,3_categories,Inconsistent category,244,B01682,Quality_Status,pass,Pass,Mapped to canonical value,Case / spelling / abbreviation variants unified using master data
2026-09-26T05:17:57+00:00,3_categories,Inconsistent category,270,B00290,Quality_Status,PASS,Pass,Mapped to canonical value,Case / spelling / abbreviation variants unified using master data
2026-09-26T05:17:57+00:00,3_categories,Inconsistent category,273,B01267,Quality_Status,pass,Pass,Mapped to canonical value,Case / spelling / abbreviation variants unified using master data
2026-09-26T05:17:57+00:00,3_categories,Inconsistent category,274,B02572,Quality_Status,Passed,Pass,Mapped to canonical value,Case / spelling / abbreviation variants unified using master data
2026-09-26T05:17:57+00:00,3_categories,Inconsistent category,280,B02159,Quality_Status,pass,Pass,Mapped to canonical value,Case / spelling / abbreviation variants unified using master data
2026-09-26T05:17:57+00:00,3_categories,Inconsistent category,302,B00803,Quality_Status,FAIL,Fail,Mapped to canonical value,Case / spelling / abbreviation variants unified using master data
2026-09-26T05:17:57+00:00,3_categories,Inconsistent category,304,B00244,Quality_Status,Passed,Pass,Mapped to canonical value,Case / spelling / abbreviation variants unified using master data
2026-09-26T05:17:57+00:00,3_categories,Inconsistent category,322,B02253,Quality_Status,pass,Pass,Mapped to canonical value,Case / spelling / abbreviation variants unified using master data
2026-09-26T05:17:57+00:00,3_categories,Inconsistent category,326,B00867,Quality_Status,pass,Pass,Mapped to canonical value,Case / spelling / abbreviation variants unified using master data
2026-09-26T05:17:57+00:00,3_categories,Inconsistent category,327,B01529,Quality_Status,under review,Under Review,Mapped to canonical value,Case / spelling / abbreviation variants unified using master data
2026-09-26T05:17:57+00:00,3_categories,Inconsistent category,330,B00321,Quality_Status,PASS,Pass,Mapped to canonical value,Case / spelling / abbreviation variants unified using master data
2026-09-26T05:17:57+00:00,3_categories,Inconsistent category,370,B01625,Quality_Status,PASS,Pass,Mapped to canonical value,Case / spelling / abbreviation variants unified using master data
2026-09-26T05:17:57+00:00,3_categories,Inconsistent category,376,B02442,Quality_Status,UNDER REVIEW,Under Review,Mapped to canonical value,Case / spelling / abbreviation variants unified using master data
2026-09-26T05:17:57+00:00,3_categories,Inconsistent category,381,B00587,Quality_Status,FAIL,Fail,Mapped to canonical value,Case / spelling / abbreviation variants unified using master data
2026-09-26T05:17:57+00:00,3_categories,Inconsistent category,383,B00055,Quality_Status,Passed,Pass,Mapped to canonical value,Case / spelling / abbreviation variants unified using master data
2026-09-26T05:17:57+00:00,3_categories,Inconsistent category,425,B00926,Quality_Status,Review,Under Review,Mapped to canonical value,Case / spelling / abbreviation variants unified using master data
2026-09-26T05:17:57+00:00,3_categories,Inconsistent category,454,B00920,Quality_Status,Passed,Pass,Mapped to canonical value,Case / spelling / abbreviation variants unified using master data
2026-09-26T05:17:57+00:00,3_categories,Inconsistent category,460,B01584,Quality_Status,pass,Pass,Mapped to canonical value,Case / spelling / abbreviation variants unified using master data
2026-09-26T05:17:57+00:00,3_categories,Inconsistent category,461,B01781,Quality_Status,pass,Pass,Mapped to canonical value,Case / spelling / abbreviation variants unified using master data
2026-09-26T05:17:57+00:00,3_categories,Inconsistent category,463,B00858,Quality_Status,Passed,Pass,Mapped to canonical value,Case / spelling / abbreviation variants unified using master data
2026-09-26T05:17:57+00:00,3_categories,Inconsistent category,492,B00983,Quality_Status,Failed,Fail,Mapped to canonical value,Case / spelling / abbreviation variants unified using master data
2026-09-26T05:17:57+00:00,3_categories,Inconsistent category,493,B00083,Quality_Status,pass,Pass,Mapped to canonical value,Case / spelling / abbreviation variants unified using master data
2026-09-26T05:17:57+00:00,3_categories,Inconsistent category,504,B02228,Quality_Status,pass,Pass,Mapped to canonical value,Case / spelling / abbreviation variants unified using master data
2026-09-26T05:17:57+00:00,3_categories,Inconsistent category,531,B01222,Quality_Status,pass,Pass,Mapped to canonical value,Case / spelling / abbreviation variants unified using master data
2026-09-26T05:17:57+00:00,3_categories,Inconsistent category,536,B02627,Quality_Status,pass,Pass,Mapped to canonical value,Case / spelling / abbreviation variants unified using master data
2026-09-26T05:17:57+00:00,3_categories,Inconsistent category,540,B01002,Quality_Status,UNDER REVIEW,Under Review,Mapped to canonical value,Case / spelling / abbreviation variants unified using master data
2026-09-26T05:17:57+00:00,3_categories,Inconsistent category,548,B01964,Quality_Status,pass,Pass,Mapped to canonical value,Case / spelling / abbreviation variants unified using master data
2026-09-26T05:17:57+00:00,3_categories,Inconsistent category,554,B00896,Quality_Status,pass,Pass,Mapped to canonical value,Case / spelling / abbreviation variants unified using master data
2026-09-26T05:17:57+00:00,3_categories,Inconsistent category,558,B01693,Quality_Status,under review,Under Review,Mapped to canonical value,Case / spelling / abbreviation variants unified using master data
2026-09-26T05:17:57+00:00,3_categories,Inconsistent category,561,B00547,Quality_Status,Passed,Pass,Mapped to canonical value,Case / spelling / abbreviation variants unified using master data
2026-09-26T05:17:57+00:00,3_categories,Inconsistent category,568,B00094,Quality_Status,Passed,Pass,Mapped to canonical value,Case / spelling / abbreviation variants unified using master data
2026-09-26T05:17:57+00:00,3_categories,Inconsistent category,571,B00172,Quality_Status,Passed,Pass,Mapped to canonical value,Case / spelling / abbreviation variants unified using master data
2026-09-26T05:17:57+00:00,3_categories,Inconsistent category,573,B02244,Quality_Status,PASS,Pass,Mapped to canonical value,Case / spelling / abbreviation variants unified using master data
2026-09-26T05:17:57+00:00,3_categories,Inconsistent category,588,B02544,Quality_Status,pass,Pass,Mapped to canonical value,Case / spelling / abbreviation variants unified using master data
2026-09-26T05:17:57+00:00,3_categories,Inconsistent category,593,B01185,Quality_Status,pass,Pass,Mapped to canonical value,Case / spelling / abbreviation variants unified using master data
2026-09-26T05:17:57+00:00,3_categories,Inconsistent category,594,B00615,Quality_Status,PASS,Pass,Mapped to canonical value,Case / spelling / abbreviation variants unified using master data
2026-09-26T05:17:57+00:00,3_categories,Inconsistent category,606,B00755,Quality_Status,pass,Pass,Mapped to canonical value,Case / spelling / abbreviation variants unified using master data
2026-09-26T05:17:57+00:00,3_categories,Inconsistent category,609,B01642,Quality_Status,PASS,Pass,Mapped to canonical value,Case / spelling / abbreviation variants unified using master data
2026-09-26T05:17:57+00:00,3_categories,Inconsistent category,614,B02343,Quality_Status,fail,Fail,Mapped to canonical value,Case / spelling / abbreviation variants unified using master data
2026-09-26T05:17:57+00:00,3_categories,Inconsistent category,625,B02771,Quality_Status,pass,Pass,Mapped to canonical value,Case / spelling / abbreviation variants unified using master data
2026-09-26T05:17:57+00:00,3_categories,Inconsistent category,629,B00481,Quality_Status,pass,Pass,Mapped to canonical value,Case / spelling / abbreviation variants unified using master data
2026-09-26T05:17:57+00:00,3_categories,Inconsistent category,653,B02725,Quality_Status,pass,Pass,Mapped to canonical value,Case / spelling / abbreviation variants unified using master data
2026-09-26T05:17:57+00:00,3_categories,Inconsistent category,669,B00544,Quality_Status,Passed,Pass,Mapped to canonical value,Case / spelling / abbreviation variants unified using master data
2026-09-26T05:17:57+00:00,3_categories,Inconsistent category,690,B00310,Quality_Status,pass,Pass,Mapped to canonical value,Case / spelling / abbreviation variants unified using master data
2026-09-26T05:17:57+00:00,3_categories,Inconsistent category,693,B00156,Quality_Status,pass,Pass,Mapped to canonical value,Case / spelling / abbreviation variants unified using master data
2026-09-26T05:17:57+00:00,3_categories,Inconsistent category,718,B01999,Quality_Status,pass,Pass,Mapped to canonical value,Case / spelling / abbreviation variants unified using master data
2026-09-26T05:17:57+00:00,3_categories,Inconsistent category,722,B01019,Quality_Status,pass,Pass,Mapped to canonical value,Case / spelling / abbreviation variants unified using master data
2026-09-26T05:17:57+00:00,3_categories,Inconsistent category,726,B02035,Quality_Status,Passed,Pass,Mapped to canonical value,Case / spelling / abbreviation variants unified using master data
2026-09-26T05:17:57+00:00,3_categories,Inconsistent category,727,B01982,Quality_Status,UNDER REVIEW,Under Review,Mapped to canonical value,Case / spelling / abbreviation variants unified using master data
2026-09-26T05:17:57+00:00,3_categories,Inconsistent category,731,B01003,Quality_Status,pass,Pass,Mapped to canonical value,Case / spelling / abbreviation variants unified using master data
2026-09-26T05:17:57+00:00,3_categories,Inconsistent category,732,B01871,Quality_Status,PASS,Pass,Mapped to canonical value,Case / spelling / abbreviation variants unified using master data
2026-09-26T05:17:57+00:00,3_categories,Inconsistent category,734,B01125,Quality_Status,pass,Pass,Mapped to canonical value,Case / spelling / abbreviation variants unified using master data
2026-09-26T05:17:57+00:00,3_categories,Inconsistent category,740,B02471,Quality_Status,Passed,Pass,Mapped to canonical value,Case / spelling / abbreviation variants unified using master data
2026-09-26T05:17:57+00:00,3_categories,Inconsistent category,742,B01580,Quality_Status,PASS,Pass,Mapped to canonical value,Case / spelling / abbreviation variants unified using master data
2026-09-26T05:17:57+00:00,3_categories,Inconsistent category,749,B02630,Quality_Status,PASS,Pass,Mapped to canonical value,Case / spelling / abbreviation variants unified using master data
2026-09-26T05:17:57+00:00,3_categories,Inconsistent category,756,B00106,Quality_Status,PASS,Pass,Mapped to canonical value,Case / spelling / abbreviation variants unified using master data
2026-09-26T05:17:57+00:00,3_categories,Inconsistent category,765,B02635,Quality_Status,Passed,Pass,Mapped to canonical value,Case / spelling / abbreviation variants unified using master data
2026-09-26T05:17:57+00:00,3_categories,Inconsistent category,767,B02251,Quality_Status,PASS,Pass,Mapped to canonical value,Case / spelling / abbreviation variants unified using master data
2026-09-26T05:17:57+00:00,3_categories,Inconsistent category,783,B00286,Quality_Status,pass,Pass,Mapped to canonical value,Case / spelling / abbreviation variants unified using master data
2026-09-26T05:17:57+00:00,3_categories,Inconsistent category,792,B01236,Quality_Status,PASS,Pass,Mapped to canonical value,Case / spelling / abbreviation variants unified using master data
2026-09-26T05:17:57+00:00,3_categories,Inconsistent category,797,B01538,Quality_Status,Passed,Pass,Mapped to canonical value,Case / spelling / abbreviation variants unified using master data
2026-09-26T05:17:57+00:00,3_categories,Inconsistent category,811,B00879,Quality_Status,pass,Pass,Mapped to canonical value,Case / spelling / abbreviation variants unified using master data
2026-09-26T05:17:57+00:00,3_categories,Inconsistent category,816,B01907,Quality_Status,pass,Pass,Mapped to canonical value,Case / spelling / abbreviation variants unified using master data
2026-09-26T05:17:57+00:00,3_categories,Inconsistent category,843,B00133,Quality_Status,fail,Fail,Mapped to canonical value,Case / spelling / abbreviation variants unified using master data
2026-09-26T05:17:57+00:00,3_categories,Inconsistent category,854,B01025,Quality_Status,Passed,Pass,Mapped to canonical value,Case / spelling / abbreviation variants unified using master data
2026-09-26T05:17:57+00:00,3_categories,Inconsistent category,862,B00747,Quality_Status,Passed,Pass,Mapped to canonical value,Case / spelling / abbreviation variants unified using master data
2026-09-26T05:17:57+00:00,3_categories,Inconsistent category,886,B02596,Quality_Status,PASS,Pass,Mapped to canonical value,Case / spelling / abbreviation variants unified using master data
2026-09-26T05:17:57+00:00,3_categories,Inconsistent category,899,B00364,Quality_Status,fail,Fail,Mapped to canonical value,Case / spelling / abbreviation variants unified using master data
2026-09-26T05:17:57+00:00,3_categories,Inconsistent category,906,B00031,Quality_Status,PASS,Pass,Mapped to canonical value,Case / spelling / abbreviation variants unified using master data
2026-09-26T05:17:57+00:00,3_categories,Inconsistent category,929,B01087,Quality_Status,Passed,Pass,Mapped to canonical value,Case / spelling / abbreviation variants unified using master data
2026-09-26T05:17:57+00:00,3_categories,Inconsistent category,935,B01115,Quality_Status,PASS,Pass,Mapped to canonical value,Case / spelling / abbreviation variants unified using master data
2026-09-26T05:17:57+00:00,3_categories,Inconsistent category,936,B00113,Quality_Status,Passed,Pass,Mapped to canonical value,Case / spelling / abbreviation variants unified using master data
2026-09-26T05:17:57+00:00,3_categories,Inconsistent category,946,B01366,Quality_Status,Passed,Pass,Mapped to canonical value,Case / spelling / abbreviation variants unified using master data
2026-09-26T05:17:57+00:00,3_categories,Inconsistent category,956,B00388,Quality_Status,Review,Under Review,Mapped to canonical value,Case / spelling / abbreviation variants unified using master data
2026-09-26T05:17:57+00:00,3_categories,Inconsistent category,982,B00606,Quality_Status,Passed,Pass,Mapped to canonical value,Case / spelling / abbreviation variants unified using master data
2026-09-26T05:17:57+00:00,3_categories,Inconsistent category,989,B00122,Quality_Status,pass,Pass,Mapped to canonical value,Case / spelling / abbreviation variants unified using master data
2026-09-26T05:17:57+00:00,3_categories,Inconsistent category,992,B01415,Quality_Status,Passed,Pass,Mapped to canonical value,Case / spelling / abbreviation variants unified using master data
2026-09-26T05:17:57+00:00,3_categories,Inconsistent category,996,B00329,Quality_Status,pass,Pass,Mapped to canonical value,Case / spelling / abbreviation variants unified using master data
2026-09-26T05:17:57+00:00,3_categories,Inconsistent category,1002,B01235,Quality_Status,PASS,Pass,Mapped to canonical value,Case / spelling / abbreviation variants unified using master data
2026-09-26T05:17:57+00:00,3_categories,Inconsistent category,1005,B00847,Quality_Status,PASS,Pass,Mapped to canonical value,Case / spelling / abbreviation variants unified using master data
2026-09-26T05:17:57+00:00,3_categories,Inconsistent category,1009,B02091,Quality_Status,Passed,Pass,Mapped to canonical value,Case / spelling / abbreviation variants unified using master data
2026-09-26T05:17:57+00:00,3_categories,Inconsistent category,1012,B02632,Quality_Status,under review,Under Review,Mapped to canonical value,Case / spelling / abbreviation variants unified using master data
2026-09-26T05:17:57+00:00,3_categories,Inconsistent category,1017,B01712,Quality_Status,Passed,Pass,Mapped to canonical value,Case / spelling / abbreviation variants unified using master data
2026-09-26T05:17:57+00:00,3_categories,Inconsistent category,1026,B00488,Quality_Status,Passed,Pass,Mapped to canonical value,Case / spelling / abbreviation variants unified using master data
2026-09-26T05:17:57+00:00,3_categories,Inconsistent category,1029,B02759,Quality_Status,under review,Under Review,Mapped to canonical value,Case / spelling / abbreviation variants unified using master data
2026-09-26T05:17:57+00:00,3_categories,Inconsistent category,1030,B00052,Quality_Status,Review,Under Review,Mapped to canonical value,Case / spelling / abbreviation variants unified using master data
2026-09-26T05:17:57+00:00,3_categories,Inconsistent category,1033,B01672,Quality_Status,UNDER REVIEW,Under Review,Mapped to canonical value,Case / spelling / abbreviation variants unified using master data
2026-09-26T05:17:57+00:00,3_categories,Inconsistent category,1039,B01474,Quality_Status,PASS,Pass,Mapped to canonical value,Case / spelling / abbreviation variants unified using master data
2026-09-26T05:17:57+00:00,3_categories,Inconsistent category,1048,B00305,Quality_Status,pass,Pass,Mapped to canonical value,Case / spelling / abbreviation variants unified using master data
2026-09-26T05:17:57+00:00,3_categories,Inconsistent category,1053,B00722,Quality_Status,pass,Pass,Mapped to canonical value,Case / spelling / abbreviation variants unified using master data
2026-09-26T05:17:57+00:00,3_categories,Inconsistent category,1060,B01404,Quality_Status,PASS,Pass,Mapped to canonical value,Case / spelling / abbreviation variants unified using master data
2026-09-26T05:17:57+00:00,3_categories,Inconsistent category,1062,B01678,Quality_Status,Passed,Pass,Mapped to canonical value,Case / spelling / abbreviation variants unified using master data
2026-09-26T05:17:57+00:00,3_categories,Inconsistent category,1071,B01134,Quality_Status,PASS,Pass,Mapped to canonical value,Case / spelling / abbreviation variants unified using master data
2026-09-26T05:17:57+00:00,3_categories,Inconsistent category,1074,B00084,Quality_Status,pass,Pass,Mapped to canonical value,Case / spelling / abbreviation variants unified using master data
2026-09-26T05:17:57+00:00,3_categories,Inconsistent category,1089,B02316,Quality_Status,Passed,Pass,Mapped to canonical value,Case / spelling / abbreviation variants unified using master data
2026-09-26T05:17:57+00:00,3_categories,Inconsistent category,1092,B00010,Quality_Status,PASS,Pass,Mapped to canonical value,Case / spelling / abbreviation variants unified using master data
2026-09-26T05:17:57+00:00,3_categories,Inconsistent category,1093,B01379,Quality_Status,fail,Fail,Mapped to canonical value,Case / spelling / abbreviation variants unified using master data
2026-09-26T05:17:57+00:00,3_categories,Inconsistent category,1118,B02372,Quality_Status,pass,Pass,Mapped to canonical value,Case / spelling / abbreviation variants unified using master data
2026-09-26T05:17:57+00:00,3_categories,Inconsistent category,1125,B01626,Quality_Status,pass,Pass,Mapped to canonical value,Case / spelling / abbreviation variants unified using master data
2026-09-26T05:17:57+00:00,3_categories,Inconsistent category,1126,B01221,Quality_Status,Passed,Pass,Mapped to canonical value,Case / spelling / abbreviation variants unified using master data
2026-09-26T05:17:57+00:00,3_categories,Inconsistent category,1131,B00675,Quality_Status,PASS,Pass,Mapped to canonical value,Case / spelling / abbreviation variants unified using master data
2026-09-26T05:17:57+00:00,3_categories,Inconsistent category,1142,B01466,Quality_Status,PASS,Pass,Mapped to canonical value,Case / spelling / abbreviation variants unified using master data
2026-09-26T05:17:57+00:00,3_categories,Inconsistent category,1145,B00871,Quality_Status,Passed,Pass,Mapped to canonical value,Case / spelling / abbreviation variants unified using master data
2026-09-26T05:17:57+00:00,3_categories,Inconsistent category,1151,B02536,Quality_Status,Passed,Pass,Mapped to canonical value,Case / spelling / abbreviation variants unified using master data
2026-09-26T05:17:57+00:00,3_categories,Inconsistent category,1160,B01385,Quality_Status,pass,Pass,Mapped to canonical value,Case / spelling / abbreviation variants unified using master data
2026-09-26T05:17:57+00:00,3_categories,Inconsistent category,1174,B02752,Quality_Status,PASS,Pass,Mapped to canonical value,Case / spelling / abbreviation variants unified using master data
2026-09-26T05:17:57+00:00,3_categories,Inconsistent category,1189,B02023,Quality_Status,pass,Pass,Mapped to canonical value,Case / spelling / abbreviation variants unified using master data
2026-09-26T05:17:57+00:00,3_categories,Inconsistent category,1192,B00030,Quality_Status,Passed,Pass,Mapped to canonical value,Case / spelling / abbreviation variants unified using master data
2026-09-26T05:17:57+00:00,3_categories,Inconsistent category,1193,B02782,Quality_Status,Passed,Pass,Mapped to canonical value,Case / spelling / abbreviation variants unified using master data
2026-09-26T05:17:57+00:00,3_categories,Inconsistent category,1194,B01988,Quality_Status,pass,Pass,Mapped to canonical value,Case / spelling / abbreviation variants unified using master data
2026-09-26T05:17:57+00:00,3_categories,Inconsistent category,1197,B02117,Quality_Status,Review,Under Review,Mapped to canonical value,Case / spelling / abbreviation variants unified using master data
2026-09-26T05:17:57+00:00,3_categories,Inconsistent category,1204,B00478,Quality_Status,fail,Fail,Mapped to canonical value,Case / spelling / abbreviation variants unified using master data
2026-09-26T05:17:57+00:00,3_categories,Inconsistent category,1208,B00097,Quality_Status,UNDER REVIEW,Under Review,Mapped to canonical value,Case / spelling / abbreviation variants unified using master data
2026-09-26T05:17:57+00:00,3_categories,Inconsistent category,1220,B01475,Quality_Status,under review,Under Review,Mapped to canonical value,Case / spelling / abbreviation variants unified using master data
2026-09-26T05:17:57+00:00,3_categories,Inconsistent category,1227,B00821,Quality_Status,PASS,Pass,Mapped to canonical value,Case / spelling / abbreviation variants unified using master data
2026-09-26T05:17:57+00:00,3_categories,Inconsistent category,1229,B00756,Quality_Status,Review,Under Review,Mapped to canonical value,Case / spelling / abbreviation variants unified using master data
2026-09-26T05:17:57+00:00,3_categories,Inconsistent category,1230,B00818,Quality_Status,pass,Pass,Mapped to canonical value,Case / spelling / abbreviation variants unified using master data
2026-09-26T05:17:57+00:00,3_categories,Inconsistent category,1233,B00213,Quality_Status,Passed,Pass,Mapped to canonical value,Case / spelling / abbreviation variants unified using master data
2026-09-26T05:17:57+00:00,3_categories,Inconsistent category,1240,B01043,Quality_Status,pass,Pass,Mapped to canonical value,Case / spelling / abbreviation variants unified using master data
2026-09-26T05:17:57+00:00,3_categories,Inconsistent category,1242,B00035,Quality_Status,pass,Pass,Mapped to canonical value,Case / spelling / abbreviation variants unified using master data
2026-09-26T05:17:57+00:00,3_categories,Inconsistent category,1254,B00129,Quality_Status,pass,Pass,Mapped to canonical value,Case / spelling / abbreviation variants unified using master data
2026-09-26T05:17:57+00:00,3_categories,Inconsistent category,1269,B01000,Quality_Status,Passed,Pass,Mapped to canonical value,Case / spelling / abbreviation variants unified using master data
2026-09-26T05:17:57+00:00,3_categories,Inconsistent category,1298,B01648,Quality_Status,pass,Pass,Mapped to canonical value,Case / spelling / abbreviation variants unified using master data
2026-09-26T05:17:57+00:00,3_categories,Inconsistent category,1302,B01891,Quality_Status,pass,Pass,Mapped to canonical value,Case / spelling / abbreviation variants unified using master data
2026-09-26T05:17:57+00:00,3_categories,Inconsistent category,1304,B00045,Quality_Status,FAIL,Fail,Mapped to canonical value,Case / spelling / abbreviation variants unified using master data
2026-09-26T05:17:57+00:00,3_categories,Inconsistent category,1310,B02472,Quality_Status,Failed,Fail,Mapped to canonical value,Case / spelling / abbreviation variants unified using master data
2026-09-26T05:17:57+00:00,3_categories,Inconsistent category,1312,B01841,Quality_Status,PASS,Pass,Mapped to canonical value,Case / spelling / abbreviation variants unified using master data
2026-09-26T05:17:57+00:00,3_categories,Inconsistent category,1314,B00054,Quality_Status,PASS,Pass,Mapped to canonical value,Case / spelling / abbreviation variants unified using master data
2026-09-26T05:17:57+00:00,3_categories,Inconsistent category,1318,B01647,Quality_Status,pass,Pass,Mapped to canonical value,Case / spelling / abbreviation variants unified using master data
2026-09-26T05:17:57+00:00,3_categories,Inconsistent category,1325,B02141,Quality_Status,PASS,Pass,Mapped to canonical value,Case / spelling / abbreviation variants unified using master data
2026-09-26T05:17:57+00:00,3_categories,Inconsistent category,1341,B01656,Quality_Status,Passed,Pass,Mapped to canonical value,Case / spelling / abbreviation variants unified using master data
2026-09-26T05:17:57+00:00,3_categories,Inconsistent category,1343,B02036,Quality_Status,Passed,Pass,Mapped to canonical value,Case / spelling / abbreviation variants unified using master data
2026-09-26T05:17:57+00:00,3_categories,Inconsistent category,1346,B01699,Quality_Status,pass,Pass,Mapped to canonical value,Case / spelling / abbreviation variants unified using master data
2026-09-26T05:17:57+00:00,3_categories,Inconsistent category,1352,B01953,Quality_Status,pass,Pass,Mapped to canonical value,Case / spelling / abbreviation variants unified using master data
2026-09-26T05:17:57+00:00,3_categories,Inconsistent category,1357,B02805,Quality_Status,pass,Pass,Mapped to canonical value,Case / spelling / abbreviation variants unified using master data
2026-09-26T05:17:57+00:00,3_categories,Inconsistent category,1359,B02511,Quality_Status,under review,Under Review,Mapped to canonical value,Case / spelling / abbreviation variants unified using master data
2026-09-26T05:17:57+00:00,3_categories,Inconsistent category,1371,B01317,Quality_Status,pass,Pass,Mapped to canonical value,Case / spelling / abbreviation variants unified using master data
2026-09-26T05:17:57+00:00,3_categories,Inconsistent category,1372,B01124,Quality_Status,Passed,Pass,Mapped to canonical value,Case / spelling / abbreviation variants unified using master data
2026-09-26T05:17:57+00:00,3_categories,Inconsistent category,1374,B02666,Quality_Status,Review,Under Review,Mapped to canonical value,Case / spelling / abbreviation variants unified using master data
2026-09-26T05:17:57+00:00,3_categories,Inconsistent category,1383,B01483,Quality_Status,PASS,Pass,Mapped to canonical value,Case / spelling / abbreviation variants unified using master data
2026-09-26T05:17:57+00:00,3_categories,Inconsistent category,1390,B01888,Quality_Status,Passed,Pass,Mapped to canonical value,Case / spelling / abbreviation variants unified using master data
2026-09-26T05:17:57+00:00,3_categories,Inconsistent category,1410,B00830,Quality_Status,pass,Pass,Mapped to canonical value,Case / spelling / abbreviation variants unified using master data
2026-09-26T05:17:57+00:00,3_categories,Inconsistent category,1421,B02504,Quality_Status,PASS,Pass,Mapped to canonical value,Case / spelling / abbreviation variants unified using master data
2026-09-26T05:17:57+00:00,3_categories,Inconsistent category,1423,B02736,Quality_Status,pass,Pass,Mapped to canonical value,Case / spelling / abbreviation variants unified using master data
2026-09-26T05:17:57+00:00,3_categories,Inconsistent category,1431,B01067,Quality_Status,Passed,Pass,Mapped to canonical value,Case / spelling / abbreviation variants unified using master data
2026-09-26T05:17:57+00:00,3_categories,Inconsistent category,1439,B02428,Quality_Status,Passed,Pass,Mapped to canonical value,Case / spelling / abbreviation variants unified using master data
2026-09-26T05:17:57+00:00,3_categories,Inconsistent category,1471,B02910,Quality_Status,Failed,Fail,Mapped to canonical value,Case / spelling / abbreviation variants unified using master data
2026-09-26T05:17:57+00:00,3_categories,Inconsistent category,1502,B01003,Quality_Status,pass,Pass,Mapped to canonical value,Case / spelling / abbreviation variants unified using master data
2026-09-26T05:17:57+00:00,3_categories,Inconsistent category,1505,B01013,Quality_Status,Passed,Pass,Mapped to canonical value,Case / spelling / abbreviation variants unified using master data
2026-09-26T05:17:57+00:00,3_categories,Inconsistent category,1515,B02064,Quality_Status,Passed,Pass,Mapped to canonical value,Case / spelling / abbreviation variants unified using master data
2026-09-26T05:17:57+00:00,3_categories,Inconsistent category,1524,B01229,Quality_Status,pass,Pass,Mapped to canonical value,Case / spelling / abbreviation variants unified using master data
2026-09-26T05:17:57+00:00,3_categories,Inconsistent category,1527,B02728,Quality_Status,Passed,Pass,Mapped to canonical value,Case / spelling / abbreviation variants unified using master data
2026-09-26T05:17:57+00:00,3_categories,Inconsistent category,1529,B02045,Quality_Status,pass,Pass,Mapped to canonical value,Case / spelling / abbreviation variants unified using master data
2026-09-26T05:17:57+00:00,3_categories,Inconsistent category,1538,B01904,Quality_Status,Passed,Pass,Mapped to canonical value,Case / spelling / abbreviation variants unified using master data
2026-09-26T05:17:57+00:00,3_categories,Inconsistent category,1540,B00095,Quality_Status,Review,Under Review,Mapped to canonical value,Case / spelling / abbreviation variants unified using master data
2026-09-26T05:17:57+00:00,3_categories,Inconsistent category,1549,B00992,Quality_Status,Passed,Pass,Mapped to canonical value,Case / spelling / abbreviation variants unified using master data
2026-09-26T05:17:57+00:00,3_categories,Inconsistent category,1551,B00767,Quality_Status,PASS,Pass,Mapped to canonical value,Case / spelling / abbreviation variants unified using master data
2026-09-26T05:17:57+00:00,3_categories,Inconsistent category,1567,B00570,Quality_Status,PASS,Pass,Mapped to canonical value,Case / spelling / abbreviation variants unified using master data
2026-09-26T05:17:57+00:00,3_categories,Inconsistent category,1582,B01412,Quality_Status,PASS,Pass,Mapped to canonical value,Case / spelling / abbreviation variants unified using master data
2026-09-26T05:17:57+00:00,3_categories,Inconsistent category,1589,B01656,Quality_Status,Passed,Pass,Mapped to canonical value,Case / spelling / abbreviation variants unified using master data
2026-09-26T05:17:57+00:00,3_categories,Inconsistent category,1611,B02814,Quality_Status,PASS,Pass,Mapped to canonical value,Case / spelling / abbreviation variants unified using master data
2026-09-26T05:17:57+00:00,3_categories,Inconsistent category,1612,B02672,Quality_Status,Passed,Pass,Mapped to canonical value,Case / spelling / abbreviation variants unified using master data
2026-09-26T05:17:57+00:00,3_categories,Inconsistent category,1613,B02308,Quality_Status,pass,Pass,Mapped to canonical value,Case / spelling / abbreviation variants unified using master data
2026-09-26T05:17:57+00:00,3_categories,Inconsistent category,1618,B00798,Quality_Status,PASS,Pass,Mapped to canonical value,Case / spelling / abbreviation variants unified using master data
2026-09-26T05:17:57+00:00,3_categories,Inconsistent category,1655,B02138,Quality_Status,pass,Pass,Mapped to canonical value,Case / spelling / abbreviation variants unified using master data
2026-09-26T05:17:57+00:00,3_categories,Inconsistent category,1659,B02754,Quality_Status,Passed,Pass,Mapped to canonical value,Case / spelling / abbreviation variants unified using master data
2026-09-26T05:17:57+00:00,3_categories,Inconsistent category,1662,B01378,Quality_Status,pass,Pass,Mapped to canonical value,Case / spelling / abbreviation variants unified using master data
2026-09-26T05:17:57+00:00,3_categories,Inconsistent category,1686,B01336,Quality_Status,Review,Under Review,Mapped to canonical value,Case / spelling / abbreviation variants unified using master data
2026-09-26T05:17:57+00:00,3_categories,Inconsistent category,1690,B01968,Quality_Status,pass,Pass,Mapped to canonical value,Case / spelling / abbreviation variants unified using master data
2026-09-26T05:17:57+00:00,3_categories,Inconsistent category,1694,B01524,Quality_Status,pass,Pass,Mapped to canonical value,Case / spelling / abbreviation variants unified using master data
2026-09-26T05:17:57+00:00,3_categories,Inconsistent category,1698,B02039,Quality_Status,FAIL,Fail,Mapped to canonical value,Case / spelling / abbreviation variants unified using master data
2026-09-26T05:17:57+00:00,3_categories,Inconsistent category,1701,B01673,Quality_Status,pass,Pass,Mapped to canonical value,Case / spelling / abbreviation variants unified using master data
2026-09-26T05:17:57+00:00,3_categories,Inconsistent category,1702,B00559,Quality_Status,PASS,Pass,Mapped to canonical value,Case / spelling / abbreviation variants unified using master data
2026-09-26T05:17:57+00:00,3_categories,Inconsistent category,1713,B00419,Quality_Status,PASS,Pass,Mapped to canonical value,Case / spelling / abbreviation variants unified using master data
2026-09-26T05:17:57+00:00,3_categories,Inconsistent category,1724,B01034,Quality_Status,Passed,Pass,Mapped to canonical value,Case / spelling / abbreviation variants unified using master data
2026-09-26T05:17:57+00:00,3_categories,Inconsistent category,1744,B00731,Quality_Status,Passed,Pass,Mapped to canonical value,Case / spelling / abbreviation variants unified using master data
2026-09-26T05:17:57+00:00,3_categories,Inconsistent category,1745,B00412,Quality_Status,PASS,Pass,Mapped to canonical value,Case / spelling / abbreviation variants unified using master data
2026-09-26T05:17:57+00:00,3_categories,Inconsistent category,1755,B01584,Quality_Status,pass,Pass,Mapped to canonical value,Case / spelling / abbreviation variants unified using master data
2026-09-26T05:17:57+00:00,3_categories,Inconsistent category,1764,B01807,Quality_Status,pass,Pass,Mapped to canonical value,Case / spelling / abbreviation variants unified using master data
2026-09-26T05:17:57+00:00,3_categories,Inconsistent category,1766,B01608,Quality_Status,Passed,Pass,Mapped to canonical value,Case / spelling / abbreviation variants unified using master data
2026-09-26T05:17:57+00:00,3_categories,Inconsistent category,1777,B01588,Quality_Status,Passed,Pass,Mapped to canonical value,Case / spelling / abbreviation variants unified using master data
2026-09-26T05:17:57+00:00,3_categories,Inconsistent category,1789,B00724,Quality_Status,PASS,Pass,Mapped to canonical value,Case / spelling / abbreviation variants unified using master data
2026-09-26T05:17:57+00:00,3_categories,Inconsistent category,1791,B02901,Quality_Status,Passed,Pass,Mapped to canonical value,Case / spelling / abbreviation variants unified using master data
2026-09-26T05:17:57+00:00,3_categories,Inconsistent category,1802,B02534,Quality_Status,Passed,Pass,Mapped to canonical value,Case / spelling / abbreviation variants unified using master data
2026-09-26T05:17:57+00:00,3_categories,Inconsistent category,1826,B01007,Quality_Status,FAIL,Fail,Mapped to canonical value,Case / spelling / abbreviation variants unified using master data
2026-09-26T05:17:57+00:00,3_categories,Inconsistent category,1836,B01884,Quality_Status,PASS,Pass,Mapped to canonical value,Case / spelling / abbreviation variants unified using master data
2026-09-26T05:17:57+00:00,3_categories,Inconsistent category,1846,B00896,Quality_Status,pass,Pass,Mapped to canonical value,Case / spelling / abbreviation variants unified using master data
2026-09-26T05:17:57+00:00,3_categories,Inconsistent category,1850,B02166,Quality_Status,pass,Pass,Mapped to canonical value,Case / spelling / abbreviation variants unified using master data
2026-09-26T05:17:57+00:00,3_categories,Inconsistent category,1861,B00828,Quality_Status,Passed,Pass,Mapped to canonical value,Case / spelling / abbreviation variants unified using master data
2026-09-26T05:17:57+00:00,3_categories,Inconsistent category,1866,B02063,Quality_Status,Passed,Pass,Mapped to canonical value,Case / spelling / abbreviation variants unified using master data
2026-09-26T05:17:57+00:00,3_categories,Inconsistent category,1874,B00654,Quality_Status,Passed,Pass,Mapped to canonical value,Case / spelling / abbreviation variants unified using master data
2026-09-26T05:17:57+00:00,3_categories,Inconsistent category,1878,B00161,Quality_Status,pass,Pass,Mapped to canonical value,Case / spelling / abbreviation variants unified using master data
2026-09-26T05:17:57+00:00,3_categories,Inconsistent category,1880,B02275,Quality_Status,Review,Under Review,Mapped to canonical value,Case / spelling / abbreviation variants unified using master data
2026-09-26T05:17:57+00:00,3_categories,Inconsistent category,1886,B00043,Quality_Status,PASS,Pass,Mapped to canonical value,Case / spelling / abbreviation variants unified using master data
2026-09-26T05:17:57+00:00,3_categories,Inconsistent category,1895,B02543,Quality_Status,pass,Pass,Mapped to canonical value,Case / spelling / abbreviation variants unified using master data
2026-09-26T05:17:57+00:00,3_categories,Inconsistent category,1898,B01333,Quality_Status,pass,Pass,Mapped to canonical value,Case / spelling / abbreviation variants unified using master data
2026-09-26T05:17:57+00:00,3_categories,Inconsistent category,1909,B00295,Quality_Status,PASS,Pass,Mapped to canonical value,Case / spelling / abbreviation variants unified using master data
2026-09-26T05:17:57+00:00,3_categories,Inconsistent category,1911,B00047,Quality_Status,PASS,Pass,Mapped to canonical value,Case / spelling / abbreviation variants unified using master data
2026-09-26T05:17:57+00:00,3_categories,Inconsistent category,1921,B00223,Quality_Status,PASS,Pass,Mapped to canonical value,Case / spelling / abbreviation variants unified using master data
2026-09-26T05:17:57+00:00,3_categories,Inconsistent category,1923,B02761,Quality_Status,pass,Pass,Mapped to canonical value,Case / spelling / abbreviation variants unified using master data
2026-09-26T05:17:57+00:00,3_categories,Inconsistent category,1928,B02157,Quality_Status,pass,Pass,Mapped to canonical value,Case / spelling / abbreviation variants unified using master data
2026-09-26T05:17:57+00:00,3_categories,Inconsistent category,1931,B00525,Quality_Status,pass,Pass,Mapped to canonical value,Case / spelling / abbreviation variants unified using master data
2026-09-26T05:17:57+00:00,3_categories,Inconsistent category,1945,B00351,Quality_Status,Passed,Pass,Mapped to canonical value,Case / spelling / abbreviation variants unified using master data
2026-09-26T05:17:57+00:00,3_categories,Inconsistent category,1961,B02184,Quality_Status,pass,Pass,Mapped to canonical value,Case / spelling / abbreviation variants unified using master data
2026-09-26T05:17:57+00:00,3_categories,Inconsistent category,1963,B01708,Quality_Status,Passed,Pass,Mapped to canonical value,Case / spelling / abbreviation variants unified using master data
2026-09-26T05:17:57+00:00,3_categories,Inconsistent category,1965,B00643,Quality_Status,PASS,Pass,Mapped to canonical value,Case / spelling / abbreviation variants unified using master data
2026-09-26T05:17:57+00:00,3_categories,Inconsistent category,1981,B01064,Quality_Status,PASS,Pass,Mapped to canonical value,Case / spelling / abbreviation variants unified using master data
2026-09-26T05:17:57+00:00,3_categories,Inconsistent category,1989,B02077,Quality_Status,pass,Pass,Mapped to canonical value,Case / spelling / abbreviation variants unified using master data
2026-09-26T05:17:57+00:00,3_categories,Inconsistent category,2009,B00932,Quality_Status,pass,Pass,Mapped to canonical value,Case / spelling / abbreviation variants unified using master data
2026-09-26T05:17:57+00:00,3_categories,Inconsistent category,2038,B02137,Quality_Status,PASS,Pass,Mapped to canonical value,Case / spelling / abbreviation variants unified using master data
2026-09-26T05:17:57+00:00,3_categories,Inconsistent category,2043,B01700,Quality_Status,pass,Pass,Mapped to canonical value,Case / spelling / abbreviation variants unified using master data
2026-09-26T05:17:57+00:00,3_categories,Inconsistent category,2045,B01394,Quality_Status,pass,Pass,Mapped to canonical value,Case / spelling / abbreviation variants unified using master data
2026-09-26T05:17:57+00:00,3_categories,Inconsistent category,2050,B00974,Quality_Status,Passed,Pass,Mapped to canonical value,Case / spelling / abbreviation variants unified using master data
2026-09-26T05:17:57+00:00,3_categories,Inconsistent category,2053,B00892,Quality_Status,pass,Pass,Mapped to canonical value,Case / spelling / abbreviation variants unified using master data
2026-09-26T05:17:57+00:00,3_categories,Inconsistent category,2057,B00503,Quality_Status,Passed,Pass,Mapped to canonical value,Case / spelling / abbreviation variants unified using master data
2026-09-26T05:17:57+00:00,3_categories,Inconsistent category,2062,B02364,Quality_Status,Failed,Fail,Mapped to canonical value,Case / spelling / abbreviation variants unified using master data
2026-09-26T05:17:57+00:00,3_categories,Inconsistent category,2066,B00239,Quality_Status,under review,Under Review,Mapped to canonical value,Case / spelling / abbreviation variants unified using master data
2026-09-26T05:17:57+00:00,3_categories,Inconsistent category,2078,B00313,Quality_Status,PASS,Pass,Mapped to canonical value,Case / spelling / abbreviation variants unified using master data
2026-09-26T05:17:57+00:00,3_categories,Inconsistent category,2079,B01782,Quality_Status,pass,Pass,Mapped to canonical value,Case / spelling / abbreviation variants unified using master data
2026-09-26T05:17:57+00:00,3_categories,Inconsistent category,2104,B02815,Quality_Status,Passed,Pass,Mapped to canonical value,Case / spelling / abbreviation variants unified using master data
2026-09-26T05:17:57+00:00,3_categories,Inconsistent category,2105,B00937,Quality_Status,PASS,Pass,Mapped to canonical value,Case / spelling / abbreviation variants unified using master data
2026-09-26T05:17:57+00:00,3_categories,Inconsistent category,2126,B02786,Quality_Status,pass,Pass,Mapped to canonical value,Case / spelling / abbreviation variants unified using master data
2026-09-26T05:17:57+00:00,3_categories,Inconsistent category,2131,B00268,Quality_Status,PASS,Pass,Mapped to canonical value,Case / spelling / abbreviation variants unified using master data
2026-09-26T05:17:57+00:00,3_categories,Inconsistent category,2163,B01919,Quality_Status,Passed,Pass,Mapped to canonical value,Case / spelling / abbreviation variants unified using master data
2026-09-26T05:17:57+00:00,3_categories,Inconsistent category,2175,B01589,Quality_Status,pass,Pass,Mapped to canonical value,Case / spelling / abbreviation variants unified using master data
2026-09-26T05:17:57+00:00,3_categories,Inconsistent category,2191,B02639,Quality_Status,Passed,Pass,Mapped to canonical value,Case / spelling / abbreviation variants unified using master data
2026-09-26T05:17:57+00:00,3_categories,Inconsistent category,2200,B01732,Quality_Status,PASS,Pass,Mapped to canonical value,Case / spelling / abbreviation variants unified using master data
2026-09-26T05:17:57+00:00,3_categories,Inconsistent category,2207,B02126,Quality_Status,pass,Pass,Mapped to canonical value,Case / spelling / abbreviation variants unified using master data
2026-09-26T05:17:57+00:00,3_categories,Inconsistent category,2208,B01029,Quality_Status,Passed,Pass,Mapped to canonical value,Case / spelling / abbreviation variants unified using master data
2026-09-26T05:17:57+00:00,3_categories,Inconsistent category,2209,B02283,Quality_Status,PASS,Pass,Mapped to canonical value,Case / spelling / abbreviation variants unified using master data
2026-09-26T05:17:57+00:00,3_categories,Inconsistent category,2212,B02605,Quality_Status,PASS,Pass,Mapped to canonical value,Case / spelling / abbreviation variants unified using master data
2026-09-26T05:17:57+00:00,3_categories,Inconsistent category,2217,B02007,Quality_Status,UNDER REVIEW,Under Review,Mapped to canonical value,Case / spelling / abbreviation variants unified using master data
2026-09-26T05:17:57+00:00,3_categories,Inconsistent category,2225,B02184,Quality_Status,pass,Pass,Mapped to canonical value,Case / spelling / abbreviation variants unified using master data
2026-09-26T05:17:57+00:00,3_categories,Inconsistent category,2242,B01091,Quality_Status,Passed,Pass,Mapped to canonical value,Case / spelling / abbreviation variants unified using master data
2026-09-26T05:17:57+00:00,3_categories,Inconsistent category,2243,B00180,Quality_Status,pass,Pass,Mapped to canonical value,Case / spelling / abbreviation variants unified using master data
2026-09-26T05:17:57+00:00,3_categories,Inconsistent category,2267,B01043,Quality_Status,pass,Pass,Mapped to canonical value,Case / spelling / abbreviation variants unified using master data
2026-09-26T05:17:57+00:00,3_categories,Inconsistent category,2295,B01123,Quality_Status,pass,Pass,Mapped to canonical value,Case / spelling / abbreviation variants unified using master data
2026-09-26T05:17:57+00:00,3_categories,Inconsistent category,2299,B01080,Quality_Status,Passed,Pass,Mapped to canonical value,Case / spelling / abbreviation variants unified using master data
2026-09-26T05:17:57+00:00,3_categories,Inconsistent category,2314,B00981,Quality_Status,PASS,Pass,Mapped to canonical value,Case / spelling / abbreviation variants unified using master data
2026-09-26T05:17:57+00:00,3_categories,Inconsistent category,2317,B00138,Quality_Status,PASS,Pass,Mapped to canonical value,Case / spelling / abbreviation variants unified using master data
2026-09-26T05:17:57+00:00,3_categories,Inconsistent category,2319,B02245,Quality_Status,pass,Pass,Mapped to canonical value,Case / spelling / abbreviation variants unified using master data
2026-09-26T05:17:57+00:00,3_categories,Inconsistent category,2327,B02689,Quality_Status,pass,Pass,Mapped to canonical value,Case / spelling / abbreviation variants unified using master data
2026-09-26T05:17:57+00:00,3_categories,Inconsistent category,2329,B02638,Quality_Status,Passed,Pass,Mapped to canonical value,Case / spelling / abbreviation variants unified using master data
2026-09-26T05:17:57+00:00,3_categories,Inconsistent category,2334,B00126,Quality_Status,pass,Pass,Mapped to canonical value,Case / spelling / abbreviation variants unified using master data
2026-09-26T05:17:57+00:00,3_categories,Inconsistent category,2351,B01622,Quality_Status,pass,Pass,Mapped to canonical value,Case / spelling / abbreviation variants unified using master data
2026-09-26T05:17:57+00:00,3_categories,Inconsistent category,2357,B00487,Quality_Status,PASS,Pass,Mapped to canonical value,Case / spelling / abbreviation variants unified using master data
2026-09-26T05:17:57+00:00,3_categories,Inconsistent category,2364,B02748,Quality_Status,pass,Pass,Mapped to canonical value,Case / spelling / abbreviation variants unified using master data
2026-09-26T05:17:57+00:00,3_categories,Inconsistent category,2369,B01150,Quality_Status,pass,Pass,Mapped to canonical value,Case / spelling / abbreviation variants unified using master data
2026-09-26T05:17:57+00:00,3_categories,Inconsistent category,2378,B00399,Quality_Status,pass,Pass,Mapped to canonical value,Case / spelling / abbreviation variants unified using master data
2026-09-26T05:17:57+00:00,3_categories,Inconsistent category,2387,B02009,Quality_Status,Passed,Pass,Mapped to canonical value,Case / spelling / abbreviation variants unified using master data
2026-09-26T05:17:57+00:00,3_categories,Inconsistent category,2396,B02392,Quality_Status,under review,Under Review,Mapped to canonical value,Case / spelling / abbreviation variants unified using master data
2026-09-26T05:17:57+00:00,3_categories,Inconsistent category,2398,B01690,Quality_Status,Passed,Pass,Mapped to canonical value,Case / spelling / abbreviation variants unified using master data
2026-09-26T05:17:57+00:00,3_categories,Inconsistent category,2400,B02074,Quality_Status,Passed,Pass,Mapped to canonical value,Case / spelling / abbreviation variants unified using master data
2026-09-26T05:17:57+00:00,3_categories,Inconsistent category,2415,B00601,Quality_Status,pass,Pass,Mapped to canonical value,Case / spelling / abbreviation variants unified using master data
2026-09-26T05:17:57+00:00,3_categories,Inconsistent category,2424,B02548,Quality_Status,Passed,Pass,Mapped to canonical value,Case / spelling / abbreviation variants unified using master data
2026-09-26T05:17:57+00:00,3_categories,Inconsistent category,2426,B02770,Quality_Status,under review,Under Review,Mapped to canonical value,Case / spelling / abbreviation variants unified using master data
2026-09-26T05:17:57+00:00,3_categories,Inconsistent category,2437,B00108,Quality_Status,under review,Under Review,Mapped to canonical value,Case / spelling / abbreviation variants unified using master data
2026-09-26T05:17:57+00:00,3_categories,Inconsistent category,2442,B01624,Quality_Status,FAIL,Fail,Mapped to canonical value,Case / spelling / abbreviation variants unified using master data
2026-09-26T05:17:57+00:00,3_categories,Inconsistent category,2468,B02084,Quality_Status,pass,Pass,Mapped to canonical value,Case / spelling / abbreviation variants unified using master data
2026-09-26T05:17:57+00:00,3_categories,Inconsistent category,2476,B01166,Quality_Status,Passed,Pass,Mapped to canonical value,Case / spelling / abbreviation variants unified using master data
2026-09-26T05:17:57+00:00,3_categories,Inconsistent category,2518,B00066,Quality_Status,Passed,Pass,Mapped to canonical value,Case / spelling / abbreviation variants unified using master data
2026-09-26T05:17:57+00:00,3_categories,Inconsistent category,2519,B01205,Quality_Status,PASS,Pass,Mapped to canonical value,Case / spelling / abbreviation variants unified using master data
2026-09-26T05:17:57+00:00,3_categories,Inconsistent category,2525,B02593,Quality_Status,pass,Pass,Mapped to canonical value,Case / spelling / abbreviation variants unified using master data
2026-09-26T05:17:57+00:00,3_categories,Inconsistent category,2536,B00030,Quality_Status,Passed,Pass,Mapped to canonical value,Case / spelling / abbreviation variants unified using master data
2026-09-26T05:17:57+00:00,3_categories,Inconsistent category,2538,B02213,Quality_Status,PASS,Pass,Mapped to canonical value,Case / spelling / abbreviation variants unified using master data
2026-09-26T05:17:57+00:00,3_categories,Inconsistent category,2539,B00182,Quality_Status,Passed,Pass,Mapped to canonical value,Case / spelling / abbreviation variants unified using master data
2026-09-26T05:17:57+00:00,3_categories,Inconsistent category,2542,B01555,Quality_Status,pass,Pass,Mapped to canonical value,Case / spelling / abbreviation variants unified using master data
2026-09-26T05:17:57+00:00,3_categories,Inconsistent category,2553,B02697,Quality_Status,pass,Pass,Mapped to canonical value,Case / spelling / abbreviation variants unified using master data
2026-09-26T05:17:57+00:00,3_categories,Inconsistent category,2554,B00487,Quality_Status,PASS,Pass,Mapped to canonical value,Case / spelling / abbreviation variants unified using master data
2026-09-26T05:17:57+00:00,3_categories,Inconsistent category,2560,B00480,Quality_Status,Review,Under Review,Mapped to canonical value,Case / spelling / abbreviation variants unified using master data
2026-09-26T05:17:57+00:00,3_categories,Inconsistent category,2576,B02877,Quality_Status,PASS,Pass,Mapped to canonical value,Case / spelling / abbreviation variants unified using master data
2026-09-26T05:17:57+00:00,3_categories,Inconsistent category,2585,B02487,Quality_Status,PASS,Pass,Mapped to canonical value,Case / spelling / abbreviation variants unified using master data
2026-09-26T05:17:57+00:00,3_categories,Inconsistent category,2586,B00346,Quality_Status,PASS,Pass,Mapped to canonical value,Case / spelling / abbreviation variants unified using master data
2026-09-26T05:17:57+00:00,3_categories,Inconsistent category,2597,B00014,Quality_Status,Review,Under Review,Mapped to canonical value,Case / spelling / abbreviation variants unified using master data
2026-09-26T05:17:57+00:00,3_categories,Inconsistent category,2600,B02367,Quality_Status,Passed,Pass,Mapped to canonical value,Case / spelling / abbreviation variants unified using master data
2026-09-26T05:17:57+00:00,3_categories,Inconsistent category,2603,B02142,Quality_Status,Passed,Pass,Mapped to canonical value,Case / spelling / abbreviation variants unified using master data
2026-09-26T05:17:57+00:00,3_categories,Inconsistent category,2605,B00424,Quality_Status,pass,Pass,Mapped to canonical value,Case / spelling / abbreviation variants unified using master data
2026-09-26T05:17:57+00:00,3_categories,Inconsistent category,2609,B02802,Quality_Status,Passed,Pass,Mapped to canonical value,Case / spelling / abbreviation variants unified using master data
2026-09-26T05:17:57+00:00,3_categories,Inconsistent category,2618,B00404,Quality_Status,PASS,Pass,Mapped to canonical value,Case / spelling / abbreviation variants unified using master data
2026-09-26T05:17:57+00:00,3_categories,Inconsistent category,2629,B01846,Quality_Status,pass,Pass,Mapped to canonical value,Case / spelling / abbreviation variants unified using master data
2026-09-26T05:17:57+00:00,3_categories,Inconsistent category,2653,B02121,Quality_Status,Review,Under Review,Mapped to canonical value,Case / spelling / abbreviation variants unified using master data
2026-09-26T05:17:57+00:00,3_categories,Inconsistent category,2658,B00298,Quality_Status,UNDER REVIEW,Under Review,Mapped to canonical value,Case / spelling / abbreviation variants unified using master data
2026-09-26T05:17:57+00:00,3_categories,Inconsistent category,2664,B01780,Quality_Status,Passed,Pass,Mapped to canonical value,Case / spelling / abbreviation variants unified using master data
2026-09-26T05:17:57+00:00,3_categories,Inconsistent category,2672,B02540,Quality_Status,pass,Pass,Mapped to canonical value,Case / spelling / abbreviation variants unified using master data
2026-09-26T05:17:57+00:00,3_categories,Inconsistent category,2679,B01388,Quality_Status,Passed,Pass,Mapped to canonical value,Case / spelling / abbreviation variants unified using master data
2026-09-26T05:17:57+00:00,3_categories,Inconsistent category,2686,B02059,Quality_Status,pass,Pass,Mapped to canonical value,Case / spelling / abbreviation variants unified using master data
2026-09-26T05:17:57+00:00,3_categories,Inconsistent category,2696,B02342,Quality_Status,Passed,Pass,Mapped to canonical value,Case / spelling / abbreviation variants unified using master data
2026-09-26T05:17:57+00:00,3_categories,Inconsistent category,2698,B01753,Quality_Status,PASS,Pass,Mapped to canonical value,Case / spelling / abbreviation variants unified using master data
2026-09-26T05:17:57+00:00,3_categories,Inconsistent category,2709,B01472,Quality_Status,fail,Fail,Mapped to canonical value,Case / spelling / abbreviation variants unified using master data
2026-09-26T05:17:57+00:00,3_categories,Inconsistent category,2718,B01220,Quality_Status,PASS,Pass,Mapped to canonical value,Case / spelling / abbreviation variants unified using master data
2026-09-26T05:17:57+00:00,3_categories,Inconsistent category,2720,B02423,Quality_Status,pass,Pass,Mapped to canonical value,Case / spelling / abbreviation variants unified using master data
2026-09-26T05:17:57+00:00,3_categories,Inconsistent category,2728,B00152,Quality_Status,pass,Pass,Mapped to canonical value,Case / spelling / abbreviation variants unified using master data
2026-09-26T05:17:57+00:00,3_categories,Inconsistent category,2750,B01860,Quality_Status,under review,Under Review,Mapped to canonical value,Case / spelling / abbreviation variants unified using master data
2026-09-26T05:17:57+00:00,3_categories,Inconsistent category,2754,B01018,Quality_Status,Review,Under Review,Mapped to canonical value,Case / spelling / abbreviation variants unified using master data
2026-09-26T05:17:57+00:00,3_categories,Inconsistent category,2755,B01355,Quality_Status,pass,Pass,Mapped to canonical value,Case / spelling / abbreviation variants unified using master data
2026-09-26T05:17:57+00:00,3_categories,Inconsistent category,2756,B02737,Quality_Status,pass,Pass,Mapped to canonical value,Case / spelling / abbreviation variants unified using master data
2026-09-26T05:17:57+00:00,3_categories,Inconsistent category,2757,B02625,Quality_Status,Passed,Pass,Mapped to canonical value,Case / spelling / abbreviation variants unified using master data
2026-09-26T05:17:57+00:00,3_categories,Inconsistent category,2761,B01776,Quality_Status,PASS,Pass,Mapped to canonical value,Case / spelling / abbreviation variants unified using master data
2026-09-26T05:17:57+00:00,3_categories,Inconsistent category,2767,B02719,Quality_Status,Passed,Pass,Mapped to canonical value,Case / spelling / abbreviation variants unified using master data
2026-09-26T05:17:57+00:00,3_categories,Inconsistent category,2785,B02025,Quality_Status,pass,Pass,Mapped to canonical value,Case / spelling / abbreviation variants unified using master data
2026-09-26T05:17:57+00:00,3_categories,Inconsistent category,2816,B02474,Quality_Status,PASS,Pass,Mapped to canonical value,Case / spelling / abbreviation variants unified using master data
2026-09-26T05:17:57+00:00,3_categories,Inconsistent category,2825,B02798,Quality_Status,PASS,Pass,Mapped to canonical value,Case / spelling / abbreviation variants unified using master data
2026-09-26T05:17:57+00:00,3_categories,Inconsistent category,2831,B01159,Quality_Status,pass,Pass,Mapped to canonical value,Case / spelling / abbreviation variants unified using master data
2026-09-26T05:17:57+00:00,3_categories,Inconsistent category,2838,B00770,Quality_Status,pass,Pass,Mapped to canonical value,Case / spelling / abbreviation variants unified using master data
2026-09-26T05:17:57+00:00,3_categories,Inconsistent category,2840,B01116,Quality_Status,Passed,Pass,Mapped to canonical value,Case / spelling / abbreviation variants unified using master data
2026-09-26T05:17:57+00:00,3_categories,Inconsistent category,2847,B00847,Quality_Status,PASS,Pass,Mapped to canonical value,Case / spelling / abbreviation variants unified using master data
2026-09-26T05:17:57+00:00,3_categories,Inconsistent category,2852,B02441,Quality_Status,PASS,Pass,Mapped to canonical value,Case / spelling / abbreviation variants unified using master data
2026-09-26T05:17:57+00:00,3_categories,Inconsistent category,2855,B02064,Quality_Status,Passed,Pass,Mapped to canonical value,Case / spelling / abbreviation variants unified using master data
2026-09-26T05:17:57+00:00,3_categories,Inconsistent category,2869,B02534,Quality_Status,Passed,Pass,Mapped to canonical value,Case / spelling / abbreviation variants unified using master data
2026-09-26T05:17:57+00:00,3_categories,Inconsistent category,2875,B01353,Quality_Status,PASS,Pass,Mapped to canonical value,Case / spelling / abbreviation variants unified using master data
2026-09-26T05:17:57+00:00,3_categories,Inconsistent category,2880,B01646,Quality_Status,pass,Pass,Mapped to canonical value,Case / spelling / abbreviation variants unified using master data
2026-09-26T05:17:57+00:00,3_categories,Inconsistent category,2884,B00765,Quality_Status,Passed,Pass,Mapped to canonical value,Case / spelling / abbreviation variants unified using master data
2026-09-26T05:17:57+00:00,3_categories,Inconsistent category,2888,B00345,Quality_Status,pass,Pass,Mapped to canonical value,Case / spelling / abbreviation variants unified using master data
2026-09-26T05:17:57+00:00,3_categories,Inconsistent category,2892,B00671,Quality_Status,pass,Pass,Mapped to canonical value,Case / spelling / abbreviation variants unified using master data
2026-09-26T05:17:57+00:00,3_categories,Inconsistent category,2898,B01694,Quality_Status,PASS,Pass,Mapped to canonical value,Case / spelling / abbreviation variants unified using master data
2026-09-26T05:17:57+00:00,3_categories,Inconsistent category,2899,B01031,Quality_Status,Passed,Pass,Mapped to canonical value,Case / spelling / abbreviation variants unified using master data
2026-09-26T05:17:57+00:00,3_categories,Inconsistent category,2939,B02871,Quality_Status,Passed,Pass,Mapped to canonical value,Case / spelling / abbreviation variants unified using master data
2026-09-26T05:17:57+00:00,3_categories,Inconsistent category,2953,B00224,Quality_Status,Passed,Pass,Mapped to canonical value,Case / spelling / abbreviation variants unified using master data
2026-09-26T05:17:57+00:00,3_categories,Inconsistent category,2967,B01237,Quality_Status,pass,Pass,Mapped to canonical value,Case / spelling / abbreviation variants unified using master data
2026-09-26T05:17:57+00:00,3_categories,Inconsistent category,2973,B01669,Quality_Status,pass,Pass,Mapped to canonical value,Case / spelling / abbreviation variants unified using master data
2026-09-26T05:17:57+00:00,3_categories,Inconsistent category,2978,B02653,Quality_Status,PASS,Pass,Mapped to canonical value,Case / spelling / abbreviation variants unified using master data
2026-09-26T05:17:57+00:00,3_categories,Inconsistent category,2985,B02260,Quality_Status,PASS,Pass,Mapped to canonical value,Case / spelling / abbreviation variants unified using master data
2026-09-26T05:17:57+00:00,3_categories,Inconsistent category,2995,B01134,Quality_Status,PASS,Pass,Mapped to canonical value,Case / spelling / abbreviation variants unified using master data
2026-09-26T05:17:57+00:00,4_duplicates,Exact duplicate row,470,B00430,*,row removed,kept source_row 419,Row removed,Identical to another record with the same Batch_ID
2026-09-26T05:17:57+00:00,4_duplicates,Exact duplicate row,523,B00677,*,row removed,kept source_row 374,Row removed,Identical to another record with the same Batch_ID
2026-09-26T05:17:57+00:00,4_duplicates,Exact duplicate row,565,B01400,*,row removed,kept source_row 477,Row removed,Identical to another record with the same Batch_ID
2026-09-26T05:17:57+00:00,4_duplicates,Exact duplicate row,920,B02013,*,row removed,kept source_row 696,Row removed,Identical to another record with the same Batch_ID
2026-09-26T05:17:57+00:00,4_duplicates,Exact duplicate row,1108,B00428,*,row removed,kept source_row 277,Row removed,Identical to another record with the same Batch_ID
2026-09-26T05:17:57+00:00,4_duplicates,Exact duplicate row,1339,B01240,*,row removed,kept source_row 243,Row removed,Identical to another record with the same Batch_ID
2026-09-26T05:17:57+00:00,4_duplicates,Exact duplicate row,1348,B00248,*,row removed,kept source_row 1258,Row removed,Identical to another record with the same Batch_ID
2026-09-26T05:17:57+00:00,4_duplicates,Exact duplicate row,1368,B02116,*,row removed,kept source_row 701,Row removed,Identical to another record with the same Batch_ID
2026-09-26T05:17:57+00:00,4_duplicates,Exact duplicate row,1502,B01003,*,row removed,kept source_row 731,Row removed,Identical to another record with the same Batch_ID
2026-09-26T05:17:57+00:00,4_duplicates,Exact duplicate row,1542,B00440,*,row removed,kept source_row 1443,Row removed,Identical to another record with the same Batch_ID
2026-09-26T05:17:57+00:00,4_duplicates,Exact duplicate row,1607,B01302,*,row removed,kept source_row 354,Row removed,Identical to another record with the same Batch_ID
2026-09-26T05:17:57+00:00,4_duplicates,Exact duplicate row,1627,B01946,*,row removed,kept source_row 780,Row removed,Identical to another record with the same Batch_ID
2026-09-26T05:17:57+00:00,4_duplicates,Exact duplicate row,1663,B01554,*,row removed,kept source_row 247,Row removed,Identical to another record with the same Batch_ID
2026-09-26T05:17:57+00:00,4_duplicates,Exact duplicate row,1673,B02662,*,row removed,kept source_row 1487,Row removed,Identical to another record with the same Batch_ID
2026-09-26T05:17:57+00:00,4_duplicates,Exact duplicate row,1775,B01069,*,row removed,kept source_row 608,Row removed,Identical to another record with the same Batch_ID
2026-09-26T05:17:57+00:00,4_duplicates,Exact duplicate row,1821,B02027,*,row removed,kept source_row 1679,Row removed,Identical to another record with the same Batch_ID
2026-09-26T05:17:57+00:00,4_duplicates,Exact duplicate row,1846,B00896,*,row removed,kept source_row 554,Row removed,Identical to another record with the same Batch_ID
2026-09-26T05:17:57+00:00,4_duplicates,Exact duplicate row,1872,B02796,*,row removed,kept source_row 1427,Row removed,Identical to another record with the same Batch_ID
2026-09-26T05:17:57+00:00,4_duplicates,Exact duplicate row,1942,B01261,*,row removed,kept source_row 1067,Row removed,Identical to another record with the same Batch_ID
2026-09-26T05:17:57+00:00,4_duplicates,Exact duplicate row,1980,B02843,*,row removed,kept source_row 412,Row removed,Identical to another record with the same Batch_ID
2026-09-26T05:17:57+00:00,4_duplicates,Exact duplicate row,1992,B02381,*,row removed,kept source_row 1695,Row removed,Identical to another record with the same Batch_ID
2026-09-26T05:17:57+00:00,4_duplicates,Exact duplicate row,2042,B00816,*,row removed,kept source_row 752,Row removed,Identical to another record with the same Batch_ID
2026-09-26T05:17:57+00:00,4_duplicates,Exact duplicate row,2111,B02177,*,row removed,kept source_row 1546,Row removed,Identical to another record with the same Batch_ID
2026-09-26T05:17:57+00:00,4_duplicates,Exact duplicate row,2114,B00271,*,row removed,kept source_row 311,Row removed,Identical to another record with the same Batch_ID
2026-09-26T05:17:57+00:00,4_duplicates,Exact duplicate row,2159,B02324,*,row removed,kept source_row 1649,Row removed,Identical to another record with the same Batch_ID
2026-09-26T05:17:57+00:00,4_duplicates,Exact duplicate row,2186,B00581,*,row removed,kept source_row 1747,Row removed,Identical to another record with the same Batch_ID
2026-09-26T05:17:57+00:00,4_duplicates,Exact duplicate row,2225,B02184,*,row removed,kept source_row 1961,Row removed,Identical to another record with the same Batch_ID
2026-09-26T05:17:57+00:00,4_duplicates,Exact duplicate row,2254,B00325,*,row removed,kept source_row 1808,Row removed,Identical to another record with the same Batch_ID
2026-09-26T05:17:57+00:00,4_duplicates,Exact duplicate row,2267,B01043,*,row removed,kept source_row 1240,Row removed,Identical to another record with the same Batch_ID
2026-09-26T05:17:57+00:00,4_duplicates,Exact duplicate row,2310,B02008,*,row removed,kept source_row 817,Row removed,Identical to another record with the same Batch_ID
2026-09-26T05:17:57+00:00,4_duplicates,Exact duplicate row,2313,B00116,*,row removed,kept source_row 1825,Row removed,Identical to another record with the same Batch_ID
2026-09-26T05:17:57+00:00,4_duplicates,Exact duplicate row,2375,B01602,*,row removed,kept source_row 165,Row removed,Identical to another record with the same Batch_ID
2026-09-26T05:17:57+00:00,4_duplicates,Exact duplicate row,2381,B01679,*,row removed,kept source_row 1474,Row removed,Identical to another record with the same Batch_ID
2026-09-26T05:17:57+00:00,4_duplicates,Exact duplicate row,2397,B00087,*,row removed,kept source_row 2293,Row removed,Identical to another record with the same Batch_ID
2026-09-26T05:17:57+00:00,4_duplicates,Exact duplicate row,2440,B00231,*,row removed,kept source_row 1241,Row removed,Identical to another record with the same Batch_ID
2026-09-26T05:17:57+00:00,4_duplicates,Exact duplicate row,2463,B02062,*,row removed,kept source_row 1537,Row removed,Identical to another record with the same Batch_ID
2026-09-26T05:17:57+00:00,4_duplicates,Exact duplicate row,2470,B00586,*,row removed,kept source_row 1652,Row removed,Identical to another record with the same Batch_ID
2026-09-26T05:17:57+00:00,4_duplicates,Exact duplicate row,2478,B00584,*,row removed,kept source_row 396,Row removed,Identical to another record with the same Batch_ID
2026-09-26T05:17:57+00:00,4_duplicates,Exact duplicate row,2523,B01722,*,row removed,kept source_row 36,Row removed,Identical to another record with the same Batch_ID
2026-09-26T05:17:57+00:00,4_duplicates,Exact duplicate row,2536,B00030,*,row removed,kept source_row 1192,Row removed,Identical to another record with the same Batch_ID
2026-09-26T05:17:57+00:00,4_duplicates,Exact duplicate row,2554,B00487,*,row removed,kept source_row 2357,Row removed,Identical to another record with the same Batch_ID
2026-09-26T05:17:57+00:00,4_duplicates,Exact duplicate row,2559,B01537,*,row removed,kept source_row 1011,Row removed,Identical to another record with the same Batch_ID
2026-09-26T05:17:57+00:00,4_duplicates,Exact duplicate row,2580,B00580,*,row removed,kept source_row 1920,Row removed,Identical to another record with the same Batch_ID
2026-09-26T05:17:57+00:00,4_duplicates,Exact duplicate row,2589,B00118,*,row removed,kept source_row 1027,Row removed,Identical to another record with the same Batch_ID
2026-09-26T05:17:57+00:00,4_duplicates,Exact duplicate row,2613,B02700,*,row removed,kept source_row 1818,Row removed,Identical to another record with the same Batch_ID
2026-09-26T05:17:57+00:00,4_duplicates,Exact duplicate row,2623,B00188,*,row removed,kept source_row 934,Row removed,Identical to another record with the same Batch_ID
2026-09-26T05:17:57+00:00,4_duplicates,Exact duplicate row,2635,B02359,*,row removed,kept source_row 2405,Row removed,Identical to another record with the same Batch_ID
2026-09-26T05:17:57+00:00,4_duplicates,Exact duplicate row,2712,B00411,*,row removed,kept source_row 2359,Row removed,Identical to another record with the same Batch_ID
2026-09-26T05:17:57+00:00,4_duplicates,Exact duplicate row,2763,B01551,*,row removed,kept source_row 361,Row removed,Identical to another record with the same Batch_ID
2026-09-26T05:17:57+00:00,4_duplicates,Exact duplicate row,2773,B02430,*,row removed,kept source_row 1135,Row removed,Identical to another record with the same Batch_ID
2026-09-26T05:17:57+00:00,4_duplicates,Exact duplicate row,2786,B02071,*,row removed,kept source_row 1599,Row removed,Identical to another record with the same Batch_ID
2026-09-26T05:17:57+00:00,4_duplicates,Exact duplicate row,2799,B02463,*,row removed,kept source_row 74,Row removed,Identical to another record with the same Batch_ID
2026-09-26T05:17:57+00:00,4_duplicates,Exact duplicate row,2827,B00919,*,row removed,kept source_row 254,Row removed,Identical to another record with the same Batch_ID
2026-09-26T05:17:57+00:00,4_duplicates,Exact duplicate row,2869,B02534,*,row removed,kept source_row 1802,Row removed,Identical to another record with the same Batch_ID
2026-09-26T05:17:57+00:00,4_duplicates,Exact duplicate row,2878,B02629,*,row removed,kept source_row 2228,Row removed,Identical to another record with the same Batch_ID
2026-09-26T05:17:57+00:00,4_duplicates,Exact duplicate row,2902,B00474,*,row removed,kept source_row 1313,Row removed,Identical to another record with the same Batch_ID
2026-09-26T05:17:57+00:00,4_duplicates,Exact duplicate row,2905,B02800,*,row removed,kept source_row 1246,Row removed,Identical to another record with the same Batch_ID
2026-09-26T05:17:57+00:00,4_duplicates,Exact duplicate row,2926,B02026,*,row removed,kept source_row 2023,Row removed,Identical to another record with the same Batch_ID
2026-09-26T05:17:57+00:00,4_duplicates,Exact duplicate row,2938,B00526,*,row removed,kept source_row 2906,Row removed,Identical to another record with the same Batch_ID
2026-09-26T05:17:57+00:00,4_duplicates,Exact duplicate row,2982,B01506,*,row removed,kept source_row 384,Row removed,Identical to another record with the same Batch_ID
2026-09-26T05:17:57+00:00,4_duplicates,Exact duplicate row,2987,B02633,*,row removed,kept source_row 2300,Row removed,Identical to another record with the same Batch_ID
2026-09-26T05:17:57+00:00,4_duplicates,Exact duplicate row,2997,B01119,*,row removed,kept source_row 2206,Row removed,Identical to another record with the same Batch_ID
2026-09-26T05:17:57+00:00,4_duplicates,Duplicate Batch_ID with conflicting values,631,B00839,*,row removed,kept source_row 321,Row removed (most complete record kept),One record per batch; the row with fewest missing fields is retained
2026-09-26T05:17:57+00:00,4_duplicates,Duplicate Batch_ID with conflicting values,730,B01914,*,row removed,kept source_row 86,Row removed (most complete record kept),One record per batch; the row with fewest missing fields is retained
2026-09-26T05:17:57+00:00,4_duplicates,Duplicate Batch_ID with conflicting values,882,B00582,*,row removed,kept source_row 197,Row removed (most complete record kept),One record per batch; the row with fewest missing fields is retained
2026-09-26T05:17:57+00:00,4_duplicates,Duplicate Batch_ID with conflicting values,1176,B01068,*,row removed,kept source_row 634,Row removed (most complete record kept),One record per batch; the row with fewest missing fields is retained
2026-09-26T05:17:57+00:00,4_duplicates,Duplicate Batch_ID with conflicting values,1327,B02328,*,row removed,kept source_row 930,Row removed (most complete record kept),One record per batch; the row with fewest missing fields is retained
2026-09-26T05:17:57+00:00,4_duplicates,Duplicate Batch_ID with conflicting values,1389,B00987,*,row removed,kept source_row 189,Row removed (most complete record kept),One record per batch; the row with fewest missing fields is retained
2026-09-26T05:17:57+00:00,4_duplicates,Duplicate Batch_ID with conflicting values,1425,B02613,*,row removed,kept source_row 592,Row removed (most complete record kept),One record per batch; the row with fewest missing fields is retained
2026-09-26T05:17:57+00:00,4_duplicates,Duplicate Batch_ID with conflicting values,1484,B02233,*,row removed,kept source_row 918,Row removed (most complete record kept),One record per batch; the row with fewest missing fields is retained
2026-09-26T05:17:57+00:00,4_duplicates,Duplicate Batch_ID with conflicting values,1589,B01656,*,row removed,kept source_row 1341,Row removed (most complete record kept),One record per batch; the row with fewest missing fields is retained
2026-09-26T05:17:57+00:00,4_duplicates,Duplicate Batch_ID with conflicting values,1668,B00941,*,row removed,kept source_row 607,Row removed (most complete record kept),One record per batch; the row with fewest missing fields is retained
2026-09-26T05:17:57+00:00,4_duplicates,Duplicate Batch_ID with conflicting values,1703,B01266,*,row removed,kept source_row 549,Row removed (most complete record kept),One record per batch; the row with fewest missing fields is retained
2026-09-26T05:17:57+00:00,4_duplicates,Duplicate Batch_ID with conflicting values,1755,B01584,*,row removed,kept source_row 460,Row removed (most complete record kept),One record per batch; the row with fewest missing fields is retained
2026-09-26T05:17:57+00:00,4_duplicates,Duplicate Batch_ID with conflicting values,1769,B01432,*,row removed,kept source_row 524,Row removed (most complete record kept),One record per batch; the row with fewest missing fields is retained
2026-09-26T05:17:57+00:00,4_duplicates,Duplicate Batch_ID with conflicting values,1871,B00607,*,row removed,kept source_row 702,Row removed (most complete record kept),One record per batch; the row with fewest missing fields is retained
2026-09-26T05:17:57+00:00,4_duplicates,Duplicate Batch_ID with conflicting values,2210,B01958,*,row removed,kept source_row 1188,Row removed (most complete record kept),One record per batch; the row with fewest missing fields is retained
2026-09-26T05:17:57+00:00,4_duplicates,Duplicate Batch_ID with conflicting values,2231,B02164,*,row removed,kept source_row 129,Row removed (most complete record kept),One record per batch; the row with fewest missing fields is retained
2026-09-26T05:17:57+00:00,4_duplicates,Duplicate Batch_ID with conflicting values,2234,B02722,*,row removed,kept source_row 1580,Row removed (most complete record kept),One record per batch; the row with fewest missing fields is retained
2026-09-26T05:17:57+00:00,4_duplicates,Duplicate Batch_ID with conflicting values,2272,B00327,*,row removed,kept source_row 250,Row removed (most complete record kept),One record per batch; the row with fewest missing fields is retained
2026-09-26T05:17:57+00:00,4_duplicates,Duplicate Batch_ID with conflicting values,2276,B02592,*,row removed,kept source_row 1401,Row removed (most complete record kept),One record per batch; the row with fewest missing fields is retained
2026-09-26T05:17:57+00:00,4_duplicates,Duplicate Batch_ID with conflicting values,2340,B00120,*,row removed,kept source_row 2222,Row removed (most complete record kept),One record per batch; the row with fewest missing fields is retained
2026-09-26T05:17:57+00:00,4_duplicates,Duplicate Batch_ID with conflicting values,2499,B01521,*,row removed,kept source_row 1141,Row removed (most complete record kept),One record per batch; the row with fewest missing fields is retained
2026-09-26T05:17:57+00:00,4_duplicates,Duplicate Batch_ID with conflicting values,2564,B02706,*,row removed,kept source_row 738,Row removed (most complete record kept),One record per batch; the row with fewest missing fields is retained
2026-09-26T05:17:57+00:00,4_duplicates,Duplicate Batch_ID with conflicting values,2660,B01114,*,row removed,kept source_row 2452,Row removed (most complete record kept),One record per batch; the row with fewest missing fields is retained
2026-09-26T05:17:57+00:00,4_duplicates,Duplicate Batch_ID with conflicting values,2693,B00246,*,row removed,kept source_row 2241,Row removed (most complete record kept),One record per batch; the row with fewest missing fields is retained
2026-09-26T05:17:57+00:00,4_duplicates,Duplicate Batch_ID with conflicting values,2743,B01901,*,row removed,kept source_row 1068,Row removed (most complete record kept),One record per batch; the row with fewest missing fields is retained
2026-09-26T05:17:57+00:00,4_duplicates,Duplicate Batch_ID with conflicting values,2847,B00847,*,row removed,kept source_row 1005,Row removed (most complete record kept),One record per batch; the row with fewest missing fields is retained
2026-09-26T05:17:57+00:00,4_duplicates,Duplicate Batch_ID with conflicting values,2855,B02064,*,row removed,kept source_row 1515,Row removed (most complete record kept),One record per batch; the row with fewest missing fields is retained
2026-09-26T05:17:57+00:00,4_duplicates,Duplicate Batch_ID with conflicting values,2995,B01134,*,row removed,kept source_row 1071,Row removed (most complete record kept),One record per batch; the row with fewest missing fields is retained
2026-09-26T05:17:57+00:00,5_invalid_ranges,Invalid range value,23,B00745,Batch_Size_Kg,-100,<missing>,Set to missing,"Outside valid range 0.1..10000; impossible value, not guessed"
2026-09-26T05:17:57+00:00,5_invalid_ranges,Invalid range value,103,B02286,Batch_Size_Kg,0,<missing>,Set to missing,"Outside valid range 0.1..10000; impossible value, not guessed"
2026-09-26T05:17:57+00:00,5_invalid_ranges,Invalid range value,333,B02180,Batch_Size_Kg,-100,<missing>,Set to missing,"Outside valid range 0.1..10000; impossible value, not guessed"
2026-09-26T05:17:57+00:00,5_invalid_ranges,Invalid range value,379,B01592,Batch_Size_Kg,-100,<missing>,Set to missing,"Outside valid range 0.1..10000; impossible value, not guessed"
2026-09-26T05:17:57+00:00,5_invalid_ranges,Invalid range value,486,B00554,Batch_Size_Kg,-100,<missing>,Set to missing,"Outside valid range 0.1..10000; impossible value, not guessed"
2026-09-26T05:17:57+00:00,5_invalid_ranges,Invalid range value,606,B00755,Batch_Size_Kg,-100,<missing>,Set to missing,"Outside valid range 0.1..10000; impossible value, not guessed"
2026-09-26T05:17:57+00:00,5_invalid_ranges,Invalid range value,963,B00883,Batch_Size_Kg,-100,<missing>,Set to missing,"Outside valid range 0.1..10000; impossible value, not guessed"
2026-09-26T05:17:57+00:00,5_invalid_ranges,Invalid range value,982,B00606,Batch_Size_Kg,-100,<missing>,Set to missing,"Outside valid range 0.1..10000; impossible value, not guessed"
2026-09-26T05:17:57+00:00,5_invalid_ranges,Invalid range value,1053,B00722,Batch_Size_Kg,-100,<missing>,Set to missing,"Outside valid range 0.1..10000; impossible value, not guessed"
2026-09-26T05:17:57+00:00,5_invalid_ranges,Invalid range value,1086,B01803,Batch_Size_Kg,-100,<missing>,Set to missing,"Outside valid range 0.1..10000; impossible value, not guessed"
2026-09-26T05:17:57+00:00,5_invalid_ranges,Invalid range value,1160,B01385,Batch_Size_Kg,0,<missing>,Set to missing,"Outside valid range 0.1..10000; impossible value, not guessed"
2026-09-26T05:17:57+00:00,5_invalid_ranges,Invalid range value,1436,B01038,Batch_Size_Kg,0,<missing>,Set to missing,"Outside valid range 0.1..10000; impossible value, not guessed"
2026-09-26T05:17:57+00:00,5_invalid_ranges,Invalid range value,1506,B00894,Batch_Size_Kg,-100,<missing>,Set to missing,"Outside valid range 0.1..10000; impossible value, not guessed"
2026-09-26T05:17:57+00:00,5_invalid_ranges,Invalid range value,1628,B01526,Batch_Size_Kg,0,<missing>,Set to missing,"Outside valid range 0.1..10000; impossible value, not guessed"
2026-09-26T05:17:57+00:00,5_invalid_ranges,Invalid range value,1789,B00724,Batch_Size_Kg,0,<missing>,Set to missing,"Outside valid range 0.1..10000; impossible value, not guessed"
2026-09-26T05:17:57+00:00,5_invalid_ranges,Invalid range value,1829,B00508,Batch_Size_Kg,0,<missing>,Set to missing,"Outside valid range 0.1..10000; impossible value, not guessed"
2026-09-26T05:17:57+00:00,5_invalid_ranges,Invalid range value,1924,B02436,Batch_Size_Kg,-100,<missing>,Set to missing,"Outside valid range 0.1..10000; impossible value, not guessed"
2026-09-26T05:17:57+00:00,5_invalid_ranges,Invalid range value,1950,B00904,Batch_Size_Kg,0,<missing>,Set to missing,"Outside valid range 0.1..10000; impossible value, not guessed"
2026-09-26T05:17:57+00:00,5_invalid_ranges,Invalid range value,1961,B02184,Batch_Size_Kg,-100,<missing>,Set to missing,"Outside valid range 0.1..10000; impossible value, not guessed"
2026-09-26T05:17:57+00:00,5_invalid_ranges,Invalid range value,2166,B02512,Batch_Size_Kg,0,<missing>,Set to missing,"Outside valid range 0.1..10000; impossible value, not guessed"
2026-09-26T05:17:57+00:00,5_invalid_ranges,Invalid range value,2212,B02605,Batch_Size_Kg,-100,<missing>,Set to missing,"Outside valid range 0.1..10000; impossible value, not guessed"
2026-09-26T05:17:57+00:00,5_invalid_ranges,Invalid range value,2556,B01211,Batch_Size_Kg,-100,<missing>,Set to missing,"Outside valid range 0.1..10000; impossible value, not guessed"
2026-09-26T05:17:57+00:00,5_invalid_ranges,Invalid range value,2596,B00925,Batch_Size_Kg,0,<missing>,Set to missing,"Outside valid range 0.1..10000; impossible value, not guessed"
2026-09-26T05:17:57+00:00,5_invalid_ranges,Invalid range value,2605,B00424,Batch_Size_Kg,-100,<missing>,Set to missing,"Outside valid range 0.1..10000; impossible value, not guessed"
2026-09-26T05:17:57+00:00,5_invalid_ranges,Invalid range value,2848,B00788,Batch_Size_Kg,0,<missing>,Set to missing,"Outside valid range 0.1..10000; impossible value, not guessed"
2026-09-26T05:17:57+00:00,5_invalid_ranges,Invalid range value,42,B01570,Temperature,-40,<missing>,Set to missing,"Outside valid range -20..100; impossible value, not guessed"
2026-09-26T05:17:57+00:00,5_invalid_ranges,Invalid range value,105,B02674,Temperature,999,<missing>,Set to missing,"Outside valid range -20..100; impossible value, not guessed"
2026-09-26T05:17:57+00:00,5_invalid_ranges,Invalid range value,182,B00980,Temperature,999,<missing>,Set to missing,"Outside valid range -20..100; impossible value, not guessed"
2026-09-26T05:17:57+00:00,5_invalid_ranges,Invalid range value,202,B01995,Temperature,999,<missing>,Set to missing,"Outside valid range -20..100; impossible value, not guessed"
2026-09-26T05:17:57+00:00,5_invalid_ranges,Invalid range value,284,B00549,Temperature,999,<missing>,Set to missing,"Outside valid range -20..100; impossible value, not guessed"
2026-09-26T05:17:57+00:00,5_invalid_ranges,Invalid range value,628,B02330,Temperature,-40,<missing>,Set to missing,"Outside valid range -20..100; impossible value, not guessed"
2026-09-26T05:17:57+00:00,5_invalid_ranges,Invalid range value,811,B00879,Temperature,999,<missing>,Set to missing,"Outside valid range -20..100; impossible value, not guessed"
2026-09-26T05:17:57+00:00,5_invalid_ranges,Invalid range value,886,B02596,Temperature,-40,<missing>,Set to missing,"Outside valid range -20..100; impossible value, not guessed"
2026-09-26T05:17:57+00:00,5_invalid_ranges,Invalid range value,1013,B00185,Temperature,-40,<missing>,Set to missing,"Outside valid range -20..100; impossible value, not guessed"
2026-09-26T05:17:57+00:00,5_invalid_ranges,Invalid range value,1168,B02640,Temperature,-40,<missing>,Set to missing,"Outside valid range -20..100; impossible value, not guessed"
2026-09-26T05:17:57+00:00,5_invalid_ranges,Invalid range value,1174,B02752,Temperature,999,<missing>,Set to missing,"Outside valid range -20..100; impossible value, not guessed"
2026-09-26T05:17:57+00:00,5_invalid_ranges,Invalid range value,1461,B01974,Temperature,999,<missing>,Set to missing,"Outside valid range -20..100; impossible value, not guessed"
2026-09-26T05:17:57+00:00,5_invalid_ranges,Invalid range value,1695,B02381,Temperature,999,<missing>,Set to missing,"Outside valid range -20..100; impossible value, not guessed"
2026-09-26T05:17:57+00:00,5_invalid_ranges,Invalid range value,1800,B02247,Temperature,-40,<missing>,Set to missing,"Outside valid range -20..100; impossible value, not guessed"
2026-09-26T05:17:57+00:00,5_invalid_ranges,Invalid range value,1849,B01882,Temperature,-40,<missing>,Set to missing,"Outside valid range -20..100; impossible value, not guessed"
2026-09-26T05:17:57+00:00,5_invalid_ranges,Invalid range value,1894,B02760,Temperature,-40,<missing>,Set to missing,"Outside valid range -20..100; impossible value, not guessed"
2026-09-26T05:17:57+00:00,5_invalid_ranges,Invalid range value,1905,B01973,Temperature,999,<missing>,Set to missing,"Outside valid range -20..100; impossible value, not guessed"
2026-09-26T05:17:57+00:00,5_invalid_ranges,Invalid range value,2164,B01172,Temperature,-40,<missing>,Set to missing,"Outside valid range -20..100; impossible value, not guessed"
2026-09-26T05:17:57+00:00,5_invalid_ranges,Invalid range value,2209,B02283,Temperature,999,<missing>,Set to missing,"Outside valid range -20..100; impossible value, not guessed"
2026-09-26T05:17:57+00:00,5_invalid_ranges,Invalid range value,2359,B00411,Temperature,999,<missing>,Set to missing,"Outside valid range -20..100; impossible value, not guessed"
2026-09-26T05:17:57+00:00,5_invalid_ranges,Invalid range value,2366,B00754,Temperature,999,<missing>,Set to missing,"Outside valid range -20..100; impossible value, not guessed"
2026-09-26T05:17:57+00:00,5_invalid_ranges,Invalid range value,2390,B02254,Temperature,-40,<missing>,Set to missing,"Outside valid range -20..100; impossible value, not guessed"
2026-09-26T05:17:57+00:00,5_invalid_ranges,Invalid range value,2533,B00176,Temperature,-40,<missing>,Set to missing,"Outside valid range -20..100; impossible value, not guessed"
2026-09-26T05:17:57+00:00,5_invalid_ranges,Invalid range value,2670,B01607,Temperature,999,<missing>,Set to missing,"Outside valid range -20..100; impossible value, not guessed"
2026-09-26T05:17:57+00:00,5_invalid_ranges,Invalid range value,2690,B01396,Temperature,999,<missing>,Set to missing,"Outside valid range -20..100; impossible value, not guessed"
2026-09-26T05:17:57+00:00,5_invalid_ranges,Invalid range value,2941,B01715,Temperature,999,<missing>,Set to missing,"Outside valid range -20..100; impossible value, not guessed"
2026-09-26T05:17:57+00:00,5_invalid_ranges,Invalid range value,24,B00394,Humidity,-10,<missing>,Set to missing,"Outside valid range 0..100; impossible value, not guessed"
2026-09-26T05:17:57+00:00,5_invalid_ranges,Invalid range value,315,B02226,Humidity,130,<missing>,Set to missing,"Outside valid range 0..100; impossible value, not guessed"
2026-09-26T05:17:57+00:00,5_invalid_ranges,Invalid range value,507,B01920,Humidity,250,<missing>,Set to missing,"Outside valid range 0..100; impossible value, not guessed"
2026-09-26T05:17:57+00:00,5_invalid_ranges,Invalid range value,547,B02307,Humidity,250,<missing>,Set to missing,"Outside valid range 0..100; impossible value, not guessed"
2026-09-26T05:17:57+00:00,5_invalid_ranges,Invalid range value,634,B01068,Humidity,250,<missing>,Set to missing,"Outside valid range 0..100; impossible value, not guessed"
2026-09-26T05:17:57+00:00,5_invalid_ranges,Invalid range value,778,B00081,Humidity,250,<missing>,Set to missing,"Outside valid range 0..100; impossible value, not guessed"
2026-09-26T05:17:57+00:00,5_invalid_ranges,Invalid range value,782,B00347,Humidity,130,<missing>,Set to missing,"Outside valid range 0..100; impossible value, not guessed"
2026-09-26T05:17:57+00:00,5_invalid_ranges,Invalid range value,1044,B01800,Humidity,250,<missing>,Set to missing,"Outside valid range 0..100; impossible value, not guessed"
2026-09-26T05:17:57+00:00,5_invalid_ranges,Invalid range value,1094,B00026,Humidity,130,<missing>,Set to missing,"Outside valid range 0..100; impossible value, not guessed"
2026-09-26T05:17:57+00:00,5_invalid_ranges,Invalid range value,1177,B00621,Humidity,-10,<missing>,Set to missing,"Outside valid range 0..100; impossible value, not guessed"
2026-09-26T05:17:57+00:00,5_invalid_ranges,Invalid range value,1234,B02751,Humidity,-10,<missing>,Set to missing,"Outside valid range 0..100; impossible value, not guessed"
2026-09-26T05:17:57+00:00,5_invalid_ranges,Invalid range value,1258,B00248,Humidity,250,<missing>,Set to missing,"Outside valid range 0..100; impossible value, not guessed"
2026-09-26T05:17:57+00:00,5_invalid_ranges,Invalid range value,1349,B02820,Humidity,250,<missing>,Set to missing,"Outside valid range 0..100; impossible value, not guessed"
2026-09-26T05:17:57+00:00,5_invalid_ranges,Invalid range value,1382,B00971,Humidity,-10,<missing>,Set to missing,"Outside valid range 0..100; impossible value, not guessed"
2026-09-26T05:17:57+00:00,5_invalid_ranges,Invalid range value,1756,B00665,Humidity,-10,<missing>,Set to missing,"Outside valid range 0..100; impossible value, not guessed"
2026-09-26T05:17:57+00:00,5_invalid_ranges,Invalid range value,1779,B00082,Humidity,130,<missing>,Set to missing,"Outside valid range 0..100; impossible value, not guessed"
2026-09-26T05:17:57+00:00,5_invalid_ranges,Invalid range value,1830,B01565,Humidity,250,<missing>,Set to missing,"Outside valid range 0..100; impossible value, not guessed"
2026-09-26T05:17:57+00:00,5_invalid_ranges,Invalid range value,1841,B02824,Humidity,-10,<missing>,Set to missing,"Outside valid range 0..100; impossible value, not guessed"
2026-09-26T05:17:57+00:00,5_invalid_ranges,Invalid range value,1860,B01654,Humidity,130,<missing>,Set to missing,"Outside valid range 0..100; impossible value, not guessed"
2026-09-26T05:17:57+00:00,5_invalid_ranges,Invalid range value,1986,B00555,Humidity,-10,<missing>,Set to missing,"Outside valid range 0..100; impossible value, not guessed"
2026-09-26T05:17:57+00:00,5_invalid_ranges,Invalid range value,2379,B02612,Humidity,250,<missing>,Set to missing,"Outside valid range 0..100; impossible value, not guessed"
2026-09-26T05:17:57+00:00,5_invalid_ranges,Invalid range value,2454,B02421,Humidity,250,<missing>,Set to missing,"Outside valid range 0..100; impossible value, not guessed"
2026-09-26T05:17:57+00:00,5_invalid_ranges,Invalid range value,2633,B01566,Humidity,-10,<missing>,Set to missing,"Outside valid range 0..100; impossible value, not guessed"
2026-09-26T05:17:57+00:00,5_invalid_ranges,Invalid range value,2798,B00713,Humidity,130,<missing>,Set to missing,"Outside valid range 0..100; impossible value, not guessed"
2026-09-26T05:17:57+00:00,5_invalid_ranges,Invalid range value,2915,B02388,Humidity,130,<missing>,Set to missing,"Outside valid range 0..100; impossible value, not guessed"
2026-09-26T05:17:57+00:00,5_invalid_ranges,Invalid range value,521,B01609,pH,15,<missing>,Set to missing,"Outside valid range 0..14; impossible value, not guessed"
2026-09-26T05:17:57+00:00,5_invalid_ranges,Invalid range value,762,B00973,pH,-1,<missing>,Set to missing,"Outside valid range 0..14; impossible value, not guessed"
2026-09-26T05:17:57+00:00,5_invalid_ranges,Invalid range value,872,B00608,pH,-1,<missing>,Set to missing,"Outside valid range 0..14; impossible value, not guessed"
2026-09-26T05:17:57+00:00,5_invalid_ranges,Invalid range value,949,B01283,pH,-1,<missing>,Set to missing,"Outside valid range 0..14; impossible value, not guessed"
2026-09-26T05:17:57+00:00,5_invalid_ranges,Invalid range value,951,B01490,pH,-1,<missing>,Set to missing,"Outside valid range 0..14; impossible value, not guessed"
2026-09-26T05:17:57+00:00,5_invalid_ranges,Invalid range value,1004,B01738,pH,15,<missing>,Set to missing,"Outside valid range 0..14; impossible value, not guessed"
2026-09-26T05:17:57+00:00,5_invalid_ranges,Invalid range value,1040,B01212,pH,-1,<missing>,Set to missing,"Outside valid range 0..14; impossible value, not guessed"
2026-09-26T05:17:57+00:00,5_invalid_ranges,Invalid range value,1292,B01704,pH,15,<missing>,Set to missing,"Outside valid range 0..14; impossible value, not guessed"
2026-09-26T05:17:57+00:00,5_invalid_ranges,Invalid range value,1438,B02460,pH,-1,<missing>,Set to missing,"Outside valid range 0..14; impossible value, not guessed"
2026-09-26T05:17:57+00:00,5_invalid_ranges,Invalid range value,1462,B02329,pH,-1,<missing>,Set to missing,"Outside valid range 0..14; impossible value, not guessed"
2026-09-26T05:17:57+00:00,5_invalid_ranges,Invalid range value,1512,B02105,pH,15,<missing>,Set to missing,"Outside valid range 0..14; impossible value, not guessed"
2026-09-26T05:17:57+00:00,5_invalid_ranges,Invalid range value,1521,B01862,pH,15,<missing>,Set to missing,"Outside valid range 0..14; impossible value, not guessed"
2026-09-26T05:17:57+00:00,5_invalid_ranges,Invalid range value,1591,B01023,pH,15,<missing>,Set to missing,"Outside valid range 0..14; impossible value, not guessed"
2026-09-26T05:17:57+00:00,5_invalid_ranges,Invalid range value,1803,B02588,pH,15,<missing>,Set to missing,"Outside valid range 0..14; impossible value, not guessed"
2026-09-26T05:17:57+00:00,5_invalid_ranges,Invalid range value,1955,B01697,pH,15,<missing>,Set to missing,"Outside valid range 0..14; impossible value, not guessed"
2026-09-26T05:17:57+00:00,5_invalid_ranges,Invalid range value,1964,B02278,pH,15,<missing>,Set to missing,"Outside valid range 0..14; impossible value, not guessed"
2026-09-26T05:17:57+00:00,5_invalid_ranges,Invalid range value,1968,B01591,pH,15,<missing>,Set to missing,"Outside valid range 0..14; impossible value, not guessed"
2026-09-26T05:17:57+00:00,5_invalid_ranges,Invalid range value,2074,B01783,pH,15,<missing>,Set to missing,"Outside valid range 0..14; impossible value, not guessed"
2026-09-26T05:17:57+00:00,5_invalid_ranges,Invalid range value,2161,B00633,pH,-1,<missing>,Set to missing,"Outside valid range 0..14; impossible value, not guessed"
2026-09-26T05:17:57+00:00,5_invalid_ranges,Invalid range value,2312,B01702,pH,15,<missing>,Set to missing,"Outside valid range 0..14; impossible value, not guessed"
2026-09-26T05:17:57+00:00,5_invalid_ranges,Invalid range value,2377,B00300,pH,15,<missing>,Set to missing,"Outside valid range 0..14; impossible value, not guessed"
2026-09-26T05:17:57+00:00,5_invalid_ranges,Invalid range value,2525,B02593,pH,15,<missing>,Set to missing,"Outside valid range 0..14; impossible value, not guessed"
2026-09-26T05:17:57+00:00,5_invalid_ranges,Invalid range value,2600,B02367,pH,-1,<missing>,Set to missing,"Outside valid range 0..14; impossible value, not guessed"
2026-09-26T05:17:57+00:00,5_invalid_ranges,Invalid range value,2895,B00913,pH,15,<missing>,Set to missing,"Outside valid range 0..14; impossible value, not guessed"
2026-09-26T05:17:57+00:00,5_invalid_ranges,Invalid range value,2947,B02207,pH,-1,<missing>,Set to missing,"Outside valid range 0..14; impossible value, not guessed"
2026-09-26T05:17:57+00:00,5_invalid_ranges,Invalid range value,2972,B01710,pH,-1,<missing>,Set to missing,"Outside valid range 0..14; impossible value, not guessed"
2026-09-26T05:17:57+00:00,5_invalid_ranges,Invalid range value,351,B00015,Dissolution,140,<missing>,Set to missing,"Outside valid range 0..120; impossible value, not guessed"
2026-09-26T05:17:57+00:00,5_invalid_ranges,Invalid range value,461,B01781,Dissolution,140,<missing>,Set to missing,"Outside valid range 0..120; impossible value, not guessed"
2026-09-26T05:17:57+00:00,5_invalid_ranges,Invalid range value,603,B02682,Dissolution,140,<missing>,Set to missing,"Outside valid range 0..120; impossible value, not guessed"
2026-09-26T05:17:57+00:00,5_invalid_ranges,Invalid range value,736,B00230,Dissolution,-5,<missing>,Set to missing,"Outside valid range 0..120; impossible value, not guessed"
2026-09-26T05:17:57+00:00,5_invalid_ranges,Invalid range value,752,B00816,Dissolution,140,<missing>,Set to missing,"Outside valid range 0..120; impossible value, not guessed"
2026-09-26T05:17:57+00:00,5_invalid_ranges,Invalid range value,839,B00476,Dissolution,-5,<missing>,Set to missing,"Outside valid range 0..120; impossible value, not guessed"
2026-09-26T05:17:57+00:00,5_invalid_ranges,Invalid range value,937,B02440,Dissolution,140,<missing>,Set to missing,"Outside valid range 0..120; impossible value, not guessed"
2026-09-26T05:17:57+00:00,5_invalid_ranges,Invalid range value,1334,B00905,Dissolution,140,<missing>,Set to missing,"Outside valid range 0..120; impossible value, not guessed"
2026-09-26T05:17:57+00:00,5_invalid_ranges,Invalid range value,1591,B01023,Dissolution,140,<missing>,Set to missing,"Outside valid range 0..120; impossible value, not guessed"
2026-09-26T05:17:57+00:00,5_invalid_ranges,Invalid range value,1615,B02376,Dissolution,-5,<missing>,Set to missing,"Outside valid range 0..120; impossible value, not guessed"
2026-09-26T05:17:57+00:00,5_invalid_ranges,Invalid range value,1667,B01060,Dissolution,140,<missing>,Set to missing,"Outside valid range 0..120; impossible value, not guessed"
2026-09-26T05:17:57+00:00,5_invalid_ranges,Invalid range value,1781,B01790,Dissolution,-5,<missing>,Set to missing,"Outside valid range 0..120; impossible value, not guessed"
2026-09-26T05:17:57+00:00,5_invalid_ranges,Invalid range value,1838,B01757,Dissolution,140,<missing>,Set to missing,"Outside valid range 0..120; impossible value, not guessed"
2026-09-26T05:17:57+00:00,5_invalid_ranges,Invalid range value,1919,B00571,Dissolution,140,<missing>,Set to missing,"Outside valid range 0..120; impossible value, not guessed"
2026-09-26T05:17:57+00:00,5_invalid_ranges,Invalid range value,1954,B00736,Dissolution,140,<missing>,Set to missing,"Outside valid range 0..120; impossible value, not guessed"
2026-09-26T05:17:57+00:00,5_invalid_ranges,Invalid range value,2158,B01487,Dissolution,140,<missing>,Set to missing,"Outside valid range 0..120; impossible value, not guessed"
2026-09-26T05:17:57+00:00,5_invalid_ranges,Invalid range value,2361,B01005,Dissolution,-5,<missing>,Set to missing,"Outside valid range 0..120; impossible value, not guessed"
2026-09-26T05:17:57+00:00,5_invalid_ranges,Invalid range value,2514,B02417,Dissolution,-5,<missing>,Set to missing,"Outside valid range 0..120; impossible value, not guessed"
2026-09-26T05:17:57+00:00,5_invalid_ranges,Invalid range value,2516,B01895,Dissolution,140,<missing>,Set to missing,"Outside valid range 0..120; impossible value, not guessed"
2026-09-26T05:17:57+00:00,5_invalid_ranges,Invalid range value,2683,B02030,Dissolution,-5,<missing>,Set to missing,"Outside valid range 0..120; impossible value, not guessed"
2026-09-26T05:17:57+00:00,5_invalid_ranges,Invalid range value,2768,B01614,Dissolution,-5,<missing>,Set to missing,"Outside valid range 0..120; impossible value, not guessed"
2026-09-26T05:17:57+00:00,5_invalid_ranges,Invalid range value,2774,B01085,Dissolution,140,<missing>,Set to missing,"Outside valid range 0..120; impossible value, not guessed"
2026-09-26T05:17:57+00:00,5_invalid_ranges,Invalid range value,2947,B02207,Dissolution,-5,<missing>,Set to missing,"Outside valid range 0..120; impossible value, not guessed"
2026-09-26T05:17:57+00:00,5_invalid_ranges,Invalid range value,2979,B00872,Dissolution,-5,<missing>,Set to missing,"Outside valid range 0..120; impossible value, not guessed"
2026-09-26T05:17:57+00:00,5_invalid_ranges,Invalid range value,36,B01722,Assay,-10,<missing>,Set to missing,"Outside valid range 0..120; impossible value, not guessed"
2026-09-26T05:17:57+00:00,5_invalid_ranges,Invalid range value,50,B01106,Assay,130.01,<missing>,Set to missing,"Outside valid range 0..120; impossible value, not guessed"
2026-09-26T05:17:57+00:00,5_invalid_ranges,Invalid range value,82,B00374,Assay,130.69,<missing>,Set to missing,"Outside valid range 0..120; impossible value, not guessed"
2026-09-26T05:17:57+00:00,5_invalid_ranges,Invalid range value,95,B02561,Assay,-10,<missing>,Set to missing,"Outside valid range 0..120; impossible value, not guessed"
2026-09-26T05:17:57+00:00,5_invalid_ranges,Invalid range value,101,B00764,Assay,180,<missing>,Set to missing,"Outside valid range 0..120; impossible value, not guessed"
2026-09-26T05:17:57+00:00,5_invalid_ranges,Invalid range value,163,B00111,Assay,180,<missing>,Set to missing,"Outside valid range 0..120; impossible value, not guessed"
2026-09-26T05:17:57+00:00,5_invalid_ranges,Invalid range value,263,B02634,Assay,127.09,<missing>,Set to missing,"Outside valid range 0..120; impossible value, not guessed"
2026-09-26T05:17:57+00:00,5_invalid_ranges,Invalid range value,265,B00680,Assay,128.96,<missing>,Set to missing,"Outside valid range 0..120; impossible value, not guessed"
2026-09-26T05:17:57+00:00,5_invalid_ranges,Invalid range value,320,B01906,Assay,124.74,<missing>,Set to missing,"Outside valid range 0..120; impossible value, not guessed"
2026-09-26T05:17:57+00:00,5_invalid_ranges,Invalid range value,323,B02414,Assay,135.95,<missing>,Set to missing,"Outside valid range 0..120; impossible value, not guessed"
2026-09-26T05:17:57+00:00,5_invalid_ranges,Invalid range value,334,B01284,Assay,-10,<missing>,Set to missing,"Outside valid range 0..120; impossible value, not guessed"
2026-09-26T05:17:57+00:00,5_invalid_ranges,Invalid range value,350,B02006,Assay,121.34,<missing>,Set to missing,"Outside valid range 0..120; impossible value, not guessed"
2026-09-26T05:17:57+00:00,5_invalid_ranges,Invalid range value,384,B01506,Assay,-10,<missing>,Set to missing,"Outside valid range 0..120; impossible value, not guessed"
2026-09-26T05:17:57+00:00,5_invalid_ranges,Invalid range value,404,B01854,Assay,180,<missing>,Set to missing,"Outside valid range 0..120; impossible value, not guessed"
2026-09-26T05:17:57+00:00,5_invalid_ranges,Invalid range value,419,B00430,Assay,-10,<missing>,Set to missing,"Outside valid range 0..120; impossible value, not guessed"
2026-09-26T05:17:57+00:00,5_invalid_ranges,Invalid range value,432,B00954,Assay,180,<missing>,Set to missing,"Outside valid range 0..120; impossible value, not guessed"
2026-09-26T05:17:57+00:00,5_invalid_ranges,Invalid range value,599,B02670,Assay,127.01,<missing>,Set to missing,"Outside valid range 0..120; impossible value, not guessed"
2026-09-26T05:17:57+00:00,5_invalid_ranges,Invalid range value,677,B02575,Assay,129.26,<missing>,Set to missing,"Outside valid range 0..120; impossible value, not guessed"
2026-09-26T05:17:57+00:00,5_invalid_ranges,Invalid range value,679,B00210,Assay,132.81,<missing>,Set to missing,"Outside valid range 0..120; impossible value, not guessed"
2026-09-26T05:17:57+00:00,5_invalid_ranges,Invalid range value,732,B01871,Assay,180,<missing>,Set to missing,"Outside valid range 0..120; impossible value, not guessed"
2026-09-26T05:17:57+00:00,5_invalid_ranges,Invalid range value,734,B01125,Assay,-10,<missing>,Set to missing,"Outside valid range 0..120; impossible value, not guessed"
2026-09-26T05:17:57+00:00,5_invalid_ranges,Invalid range value,742,B01580,Assay,135.75,<missing>,Set to missing,"Outside valid range 0..120; impossible value, not guessed"
2026-09-26T05:17:57+00:00,5_invalid_ranges,Invalid range value,889,B01899,Assay,120.92,<missing>,Set to missing,"Outside valid range 0..120; impossible value, not guessed"
2026-09-26T05:17:57+00:00,5_invalid_ranges,Invalid range value,953,B01505,Assay,180,<missing>,Set to missing,"Outside valid range 0..120; impossible value, not guessed"
2026-09-26T05:17:57+00:00,5_invalid_ranges,Invalid range value,1030,B00052,Assay,180,<missing>,Set to missing,"Outside valid range 0..120; impossible value, not guessed"
2026-09-26T05:17:57+00:00,5_invalid_ranges,Invalid range value,1032,B01563,Assay,127.87,<missing>,Set to missing,"Outside valid range 0..120; impossible value, not guessed"
2026-09-26T05:17:57+00:00,5_invalid_ranges,Invalid range value,1044,B01800,Assay,-10,<missing>,Set to missing,"Outside valid range 0..120; impossible value, not guessed"
2026-09-26T05:17:57+00:00,5_invalid_ranges,Invalid range value,1056,B00434,Assay,124.55,<missing>,Set to missing,"Outside valid range 0..120; impossible value, not guessed"
2026-09-26T05:17:57+00:00,5_invalid_ranges,Invalid range value,1103,B02655,Assay,130.65,<missing>,Set to missing,"Outside valid range 0..120; impossible value, not guessed"
2026-09-26T05:17:57+00:00,5_invalid_ranges,Invalid range value,1139,B02439,Assay,124.87,<missing>,Set to missing,"Outside valid range 0..120; impossible value, not guessed"
2026-09-26T05:17:57+00:00,5_invalid_ranges,Invalid range value,1145,B00871,Assay,129.19,<missing>,Set to missing,"Outside valid range 0..120; impossible value, not guessed"
2026-09-26T05:17:57+00:00,5_invalid_ranges,Invalid range value,1201,B00259,Assay,180,<missing>,Set to missing,"Outside valid range 0..120; impossible value, not guessed"
2026-09-26T05:17:57+00:00,5_invalid_ranges,Invalid range value,1206,B01821,Assay,134,<missing>,Set to missing,"Outside valid range 0..120; impossible value, not guessed"
2026-09-26T05:17:57+00:00,5_invalid_ranges,Invalid range value,1218,B02741,Assay,120.76,<missing>,Set to missing,"Outside valid range 0..120; impossible value, not guessed"
2026-09-26T05:17:57+00:00,5_invalid_ranges,Invalid range value,1298,B01648,Assay,180,<missing>,Set to missing,"Outside valid range 0..120; impossible value, not guessed"
2026-09-26T05:17:57+00:00,5_invalid_ranges,Invalid range value,1370,B01603,Assay,180,<missing>,Set to missing,"Outside valid range 0..120; impossible value, not guessed"
2026-09-26T05:17:57+00:00,5_invalid_ranges,Invalid range value,1566,B00792,Assay,180,<missing>,Set to missing,"Outside valid range 0..120; impossible value, not guessed"
2026-09-26T05:17:57+00:00,5_invalid_ranges,Invalid range value,1575,B00825,Assay,-10,<missing>,Set to missing,"Outside valid range 0..120; impossible value, not guessed"
2026-09-26T05:17:57+00:00,5_invalid_ranges,Invalid range value,1578,B01512,Assay,132.61,<missing>,Set to missing,"Outside valid range 0..120; impossible value, not guessed"
2026-09-26T05:17:57+00:00,5_invalid_ranges,Invalid range value,1585,B02000,Assay,136.06,<missing>,Set to missing,"Outside valid range 0..120; impossible value, not guessed"
2026-09-26T05:17:57+00:00,5_invalid_ranges,Invalid range value,1652,B00586,Assay,-10,<missing>,Set to missing,"Outside valid range 0..120; impossible value, not guessed"
2026-09-26T05:17:57+00:00,5_invalid_ranges,Invalid range value,1713,B00419,Assay,180,<missing>,Set to missing,"Outside valid range 0..120; impossible value, not guessed"
2026-09-26T05:17:57+00:00,5_invalid_ranges,Invalid range value,1839,B01358,Assay,128.28,<missing>,Set to missing,"Outside valid range 0..120; impossible value, not guessed"
2026-09-26T05:17:57+00:00,5_invalid_ranges,Invalid range value,1842,B02149,Assay,126.49,<missing>,Set to missing,"Outside valid range 0..120; impossible value, not guessed"
2026-09-26T05:17:57+00:00,5_invalid_ranges,Invalid range value,1899,B02426,Assay,128.22,<missing>,Set to missing,"Outside valid range 0..120; impossible value, not guessed"
2026-09-26T05:17:57+00:00,5_invalid_ranges,Invalid range value,1937,B01992,Assay,127.31,<missing>,Set to missing,"Outside valid range 0..120; impossible value, not guessed"
2026-09-26T05:17:57+00:00,5_invalid_ranges,Invalid range value,2036,B00997,Assay,180,<missing>,Set to missing,"Outside valid range 0..120; impossible value, not guessed"
2026-09-26T05:17:57+00:00,5_invalid_ranges,Invalid range value,2059,B00209,Assay,131.21,<missing>,Set to missing,"Outside valid range 0..120; impossible value, not guessed"
2026-09-26T05:17:57+00:00,5_invalid_ranges,Invalid range value,2060,B02373,Assay,132.3,<missing>,Set to missing,"Outside valid range 0..120; impossible value, not guessed"
2026-09-26T05:17:57+00:00,5_invalid_ranges,Invalid range value,2078,B00313,Assay,-10,<missing>,Set to missing,"Outside valid range 0..120; impossible value, not guessed"
2026-09-26T05:17:57+00:00,5_invalid_ranges,Invalid range value,2091,B02732,Assay,-10,<missing>,Set to missing,"Outside valid range 0..120; impossible value, not guessed"
2026-09-26T05:17:57+00:00,5_invalid_ranges,Invalid range value,2188,B01540,Assay,180,<missing>,Set to missing,"Outside valid range 0..120; impossible value, not guessed"
2026-09-26T05:17:57+00:00,5_invalid_ranges,Invalid range value,2239,B02609,Assay,126.9,<missing>,Set to missing,"Outside valid range 0..120; impossible value, not guessed"
2026-09-26T05:17:57+00:00,5_invalid_ranges,Invalid range value,2323,B00342,Assay,-10,<missing>,Set to missing,"Outside valid range 0..120; impossible value, not guessed"
2026-09-26T05:17:57+00:00,5_invalid_ranges,Invalid range value,2345,B01605,Assay,132.36,<missing>,Set to missing,"Outside valid range 0..120; impossible value, not guessed"
2026-09-26T05:17:57+00:00,5_invalid_ranges,Invalid range value,2376,B02688,Assay,122.64,<missing>,Set to missing,"Outside valid range 0..120; impossible value, not guessed"
2026-09-26T05:17:57+00:00,5_invalid_ranges,Invalid range value,2384,B00982,Assay,138.41,<missing>,Set to missing,"Outside valid range 0..120; impossible value, not guessed"
2026-09-26T05:17:57+00:00,5_invalid_ranges,Invalid range value,2464,B00181,Assay,121.77,<missing>,Set to missing,"Outside valid range 0..120; impossible value, not guessed"
2026-09-26T05:17:57+00:00,5_invalid_ranges,Invalid range value,2485,B01340,Assay,127.62,<missing>,Set to missing,"Outside valid range 0..120; impossible value, not guessed"
2026-09-26T05:17:57+00:00,5_invalid_ranges,Invalid range value,2495,B01681,Assay,-10,<missing>,Set to missing,"Outside valid range 0..120; impossible value, not guessed"
2026-09-26T05:17:57+00:00,5_invalid_ranges,Invalid range value,2631,B01189,Assay,137.52,<missing>,Set to missing,"Outside valid range 0..120; impossible value, not guessed"
2026-09-26T05:17:57+00:00,5_invalid_ranges,Invalid range value,2648,B02268,Assay,133.96,<missing>,Set to missing,"Outside valid range 0..120; impossible value, not guessed"
2026-09-26T05:17:57+00:00,5_invalid_ranges,Invalid range value,2652,B01986,Assay,180,<missing>,Set to missing,"Outside valid range 0..120; impossible value, not guessed"
2026-09-26T05:17:57+00:00,5_invalid_ranges,Invalid range value,2680,B00829,Assay,-10,<missing>,Set to missing,"Outside valid range 0..120; impossible value, not guessed"
2026-09-26T05:17:57+00:00,5_invalid_ranges,Invalid range value,2708,B01478,Assay,124.72,<missing>,Set to missing,"Outside valid range 0..120; impossible value, not guessed"
2026-09-26T05:17:57+00:00,5_invalid_ranges,Invalid range value,2739,B01014,Assay,124.95,<missing>,Set to missing,"Outside valid range 0..120; impossible value, not guessed"
2026-09-26T05:17:57+00:00,5_invalid_ranges,Invalid range value,2740,B00130,Assay,-10,<missing>,Set to missing,"Outside valid range 0..120; impossible value, not guessed"
2026-09-26T05:17:57+00:00,5_invalid_ranges,Invalid range value,2830,B01695,Assay,131.68,<missing>,Set to missing,"Outside valid range 0..120; impossible value, not guessed"
2026-09-26T05:17:57+00:00,5_invalid_ranges,Invalid range value,2940,B00642,Assay,180,<missing>,Set to missing,"Outside valid range 0..120; impossible value, not guessed"
2026-09-26T05:17:57+00:00,5_invalid_ranges,Invalid range value,159,B02678,Impurity_Level,-0.5,<missing>,Set to missing,"Outside valid range 0..100; impossible value, not guessed"
2026-09-26T05:17:57+00:00,5_invalid_ranges,Invalid range value,263,B02634,Impurity_Level,-2,<missing>,Set to missing,"Outside valid range 0..100; impossible value, not guessed"
2026-09-26T05:17:57+00:00,5_invalid_ranges,Invalid range value,331,B02890,Impurity_Level,105,<missing>,Set to missing,"Outside valid range 0..100; impossible value, not guessed"
2026-09-26T05:17:57+00:00,5_invalid_ranges,Invalid range value,379,B01592,Impurity_Level,-0.5,<missing>,Set to missing,"Outside valid range 0..100; impossible value, not guessed"
2026-09-26T05:17:57+00:00,5_invalid_ranges,Invalid range value,576,B00641,Impurity_Level,-2,<missing>,Set to missing,"Outside valid range 0..100; impossible value, not guessed"
2026-09-26T05:17:57+00:00,5_invalid_ranges,Invalid range value,577,B02285,Impurity_Level,105,<missing>,Set to missing,"Outside valid range 0..100; impossible value, not guessed"
2026-09-26T05:17:57+00:00,5_invalid_ranges,Invalid range value,692,B01876,Impurity_Level,105,<missing>,Set to missing,"Outside valid range 0..100; impossible value, not guessed"
2026-09-26T05:17:57+00:00,5_invalid_ranges,Invalid range value,799,B01048,Impurity_Level,-0.5,<missing>,Set to missing,"Outside valid range 0..100; impossible value, not guessed"
2026-09-26T05:17:57+00:00,5_invalid_ranges,Invalid range value,871,B02338,Impurity_Level,-0.5,<missing>,Set to missing,"Outside valid range 0..100; impossible value, not guessed"
2026-09-26T05:17:57+00:00,5_invalid_ranges,Invalid range value,962,B00018,Impurity_Level,105,<missing>,Set to missing,"Outside valid range 0..100; impossible value, not guessed"
2026-09-26T05:17:57+00:00,5_invalid_ranges,Invalid range value,970,B00416,Impurity_Level,-0.5,<missing>,Set to missing,"Outside valid range 0..100; impossible value, not guessed"
2026-09-26T05:17:57+00:00,5_invalid_ranges,Invalid range value,977,B00958,Impurity_Level,-2,<missing>,Set to missing,"Outside valid range 0..100; impossible value, not guessed"
2026-09-26T05:17:57+00:00,5_invalid_ranges,Invalid range value,1110,B00686,Impurity_Level,-2,<missing>,Set to missing,"Outside valid range 0..100; impossible value, not guessed"
2026-09-26T05:17:57+00:00,5_invalid_ranges,Invalid range value,1120,B01692,Impurity_Level,105,<missing>,Set to missing,"Outside valid range 0..100; impossible value, not guessed"
2026-09-26T05:17:57+00:00,5_invalid_ranges,Invalid range value,1245,B01645,Impurity_Level,-2,<missing>,Set to missing,"Outside valid range 0..100; impossible value, not guessed"
2026-09-26T05:17:57+00:00,5_invalid_ranges,Invalid range value,1323,B00065,Impurity_Level,-2,<missing>,Set to missing,"Outside valid range 0..100; impossible value, not guessed"
2026-09-26T05:17:57+00:00,5_invalid_ranges,Invalid range value,1377,B01304,Impurity_Level,-0.5,<missing>,Set to missing,"Outside valid range 0..100; impossible value, not guessed"
2026-09-26T05:17:57+00:00,5_invalid_ranges,Invalid range value,1478,B00805,Impurity_Level,-0.5,<missing>,Set to missing,"Outside valid range 0..100; impossible value, not guessed"
2026-09-26T05:17:57+00:00,5_invalid_ranges,Invalid range value,1508,B00371,Impurity_Level,-0.5,<missing>,Set to missing,"Outside valid range 0..100; impossible value, not guessed"
2026-09-26T05:17:57+00:00,5_invalid_ranges,Invalid range value,1543,B02835,Impurity_Level,105,<missing>,Set to missing,"Outside valid range 0..100; impossible value, not guessed"
2026-09-26T05:17:57+00:00,5_invalid_ranges,Invalid range value,1650,B01514,Impurity_Level,-0.5,<missing>,Set to missing,"Outside valid range 0..100; impossible value, not guessed"
2026-09-26T05:17:57+00:00,5_invalid_ranges,Invalid range value,1670,B01231,Impurity_Level,-2,<missing>,Set to missing,"Outside valid range 0..100; impossible value, not guessed"
2026-09-26T05:17:57+00:00,5_invalid_ranges,Invalid range value,1741,B00662,Impurity_Level,105,<missing>,Set to missing,"Outside valid range 0..100; impossible value, not guessed"
2026-09-26T05:17:57+00:00,5_invalid_ranges,Invalid range value,1945,B00351,Impurity_Level,105,<missing>,Set to missing,"Outside valid range 0..100; impossible value, not guessed"
2026-09-26T05:17:57+00:00,5_invalid_ranges,Invalid range value,2192,B01731,Impurity_Level,-2,<missing>,Set to missing,"Outside valid range 0..100; impossible value, not guessed"
2026-09-26T05:17:57+00:00,5_invalid_ranges,Invalid range value,2384,B00982,Impurity_Level,-0.5,<missing>,Set to missing,"Outside valid range 0..100; impossible value, not guessed"
2026-09-26T05:17:57+00:00,5_invalid_ranges,Invalid range value,2935,B01766,Impurity_Level,105,<missing>,Set to missing,"Outside valid range 0..100; impossible value, not guessed"
2026-09-26T05:17:57+00:00,5_invalid_ranges,Invalid range value,152,B00936,Yield_Percentage,115,<missing>,Set to missing,"Outside valid range 0..110; impossible value, not guessed"
2026-09-26T05:17:57+00:00,5_invalid_ranges,Invalid range value,371,B01600,Yield_Percentage,150,<missing>,Set to missing,"Outside valid range 0..110; impossible value, not guessed"
2026-09-26T05:17:57+00:00,5_invalid_ranges,Invalid range value,521,B01609,Yield_Percentage,150,<missing>,Set to missing,"Outside valid range 0..110; impossible value, not guessed"
2026-09-26T05:17:57+00:00,5_invalid_ranges,Invalid range value,883,B01918,Yield_Percentage,115,<missing>,Set to missing,"Outside valid range 0..110; impossible value, not guessed"
2026-09-26T05:17:57+00:00,5_invalid_ranges,Invalid range value,927,B00356,Yield_Percentage,-20,<missing>,Set to missing,"Outside valid range 0..110; impossible value, not guessed"
2026-09-26T05:17:57+00:00,5_invalid_ranges,Invalid range value,1081,B01257,Yield_Percentage,115,<missing>,Set to missing,"Outside valid range 0..110; impossible value, not guessed"
2026-09-26T05:17:57+00:00,5_invalid_ranges,Invalid range value,1126,B01221,Yield_Percentage,-20,<missing>,Set to missing,"Outside valid range 0..110; impossible value, not guessed"
2026-09-26T05:17:57+00:00,5_invalid_ranges,Invalid range value,1177,B00621,Yield_Percentage,-20,<missing>,Set to missing,"Outside valid range 0..110; impossible value, not guessed"
2026-09-26T05:17:57+00:00,5_invalid_ranges,Invalid range value,1219,B02577,Yield_Percentage,150,<missing>,Set to missing,"Outside valid range 0..110; impossible value, not guessed"
2026-09-26T05:17:57+00:00,5_invalid_ranges,Invalid range value,1253,B02431,Yield_Percentage,150,<missing>,Set to missing,"Outside valid range 0..110; impossible value, not guessed"
2026-09-26T05:17:57+00:00,5_invalid_ranges,Invalid range value,1386,B02079,Yield_Percentage,150,<missing>,Set to missing,"Outside valid range 0..110; impossible value, not guessed"
2026-09-26T05:17:57+00:00,5_invalid_ranges,Invalid range value,1418,B02644,Yield_Percentage,115,<missing>,Set to missing,"Outside valid range 0..110; impossible value, not guessed"
2026-09-26T05:17:57+00:00,5_invalid_ranges,Invalid range value,1616,B01674,Yield_Percentage,115,<missing>,Set to missing,"Outside valid range 0..110; impossible value, not guessed"
2026-09-26T05:17:57+00:00,5_invalid_ranges,Invalid range value,1669,B00822,Yield_Percentage,150,<missing>,Set to missing,"Outside valid range 0..110; impossible value, not guessed"
2026-09-26T05:17:57+00:00,5_invalid_ranges,Invalid range value,1931,B00525,Yield_Percentage,115,<missing>,Set to missing,"Outside valid range 0..110; impossible value, not guessed"
2026-09-26T05:17:57+00:00,5_invalid_ranges,Invalid range value,1958,B00457,Yield_Percentage,-20,<missing>,Set to missing,"Outside valid range 0..110; impossible value, not guessed"
2026-09-26T05:17:57+00:00,5_invalid_ranges,Invalid range value,2138,B00438,Yield_Percentage,115,<missing>,Set to missing,"Outside valid range 0..110; impossible value, not guessed"
2026-09-26T05:17:57+00:00,5_invalid_ranges,Invalid range value,2274,B00235,Yield_Percentage,115,<missing>,Set to missing,"Outside valid range 0..110; impossible value, not guessed"
2026-09-26T05:17:57+00:00,5_invalid_ranges,Invalid range value,2390,B02254,Yield_Percentage,-20,<missing>,Set to missing,"Outside valid range 0..110; impossible value, not guessed"
2026-09-26T05:17:57+00:00,5_invalid_ranges,Invalid range value,2391,B00131,Yield_Percentage,-20,<missing>,Set to missing,"Outside valid range 0..110; impossible value, not guessed"
2026-09-26T05:17:57+00:00,5_invalid_ranges,Invalid range value,2415,B00601,Yield_Percentage,-20,<missing>,Set to missing,"Outside valid range 0..110; impossible value, not guessed"
2026-09-26T05:17:57+00:00,5_invalid_ranges,Invalid range value,2477,B01734,Yield_Percentage,115,<missing>,Set to missing,"Outside valid range 0..110; impossible value, not guessed"
2026-09-26T05:17:57+00:00,5_invalid_ranges,Invalid range value,2629,B01846,Yield_Percentage,150,<missing>,Set to missing,"Outside valid range 0..110; impossible value, not guessed"
2026-09-26T05:17:57+00:00,5_invalid_ranges,Invalid range value,2950,B00922,Yield_Percentage,150,<missing>,Set to missing,"Outside valid range 0..110; impossible value, not guessed"
2026-09-26T05:17:57+00:00,5_invalid_ranges,Invalid range value,2977,B02772,Yield_Percentage,-20,<missing>,Set to missing,"Outside valid range 0..110; impossible value, not guessed"
2026-09-26T05:17:57+00:00,5_invalid_ranges,Invalid range value,64,B00361,Deviation_Count,-3,<missing>,Set to missing,"Outside valid range 0..100; impossible value, not guessed"
2026-09-26T05:17:57+00:00,5_invalid_ranges,Invalid range value,152,B00936,Deviation_Count,-1,<missing>,Set to missing,"Outside valid range 0..100; impossible value, not guessed"
2026-09-26T05:17:57+00:00,5_invalid_ranges,Invalid range value,243,B01240,Deviation_Count,-1,<missing>,Set to missing,"Outside valid range 0..100; impossible value, not guessed"
2026-09-26T05:17:57+00:00,5_invalid_ranges,Invalid range value,248,B00128,Deviation_Count,-3,<missing>,Set to missing,"Outside valid range 0..100; impossible value, not guessed"
2026-09-26T05:17:57+00:00,5_invalid_ranges,Invalid range value,342,B02409,Deviation_Count,-3,<missing>,Set to missing,"Outside valid range 0..100; impossible value, not guessed"
2026-09-26T05:17:57+00:00,5_invalid_ranges,Invalid range value,480,B00824,Deviation_Count,-1,<missing>,Set to missing,"Outside valid range 0..100; impossible value, not guessed"
2026-09-26T05:17:57+00:00,5_invalid_ranges,Invalid range value,524,B01432,Deviation_Count,-3,<missing>,Set to missing,"Outside valid range 0..100; impossible value, not guessed"
2026-09-26T05:17:57+00:00,5_invalid_ranges,Invalid range value,644,B02280,Deviation_Count,-1,<missing>,Set to missing,"Outside valid range 0..100; impossible value, not guessed"
2026-09-26T05:17:57+00:00,5_invalid_ranges,Invalid range value,878,B00110,Deviation_Count,-3,<missing>,Set to missing,"Outside valid range 0..100; impossible value, not guessed"
2026-09-26T05:17:57+00:00,5_invalid_ranges,Invalid range value,910,B00042,Deviation_Count,-3,<missing>,Set to missing,"Outside valid range 0..100; impossible value, not guessed"
2026-09-26T05:17:57+00:00,5_invalid_ranges,Invalid range value,1009,B02091,Deviation_Count,-1,<missing>,Set to missing,"Outside valid range 0..100; impossible value, not guessed"
2026-09-26T05:17:57+00:00,5_invalid_ranges,Invalid range value,1299,B01879,Deviation_Count,-1,<missing>,Set to missing,"Outside valid range 0..100; impossible value, not guessed"
2026-09-26T05:17:57+00:00,5_invalid_ranges,Invalid range value,1375,B01188,Deviation_Count,-1,<missing>,Set to missing,"Outside valid range 0..100; impossible value, not guessed"
2026-09-26T05:17:57+00:00,5_invalid_ranges,Invalid range value,1485,B01407,Deviation_Count,-3,<missing>,Set to missing,"Outside valid range 0..100; impossible value, not guessed"
2026-09-26T05:17:57+00:00,5_invalid_ranges,Invalid range value,1564,B02181,Deviation_Count,-1,<missing>,Set to missing,"Outside valid range 0..100; impossible value, not guessed"
2026-09-26T05:17:57+00:00,5_invalid_ranges,Invalid range value,1590,B01128,Deviation_Count,-3,<missing>,Set to missing,"Outside valid range 0..100; impossible value, not guessed"
2026-09-26T05:17:57+00:00,5_invalid_ranges,Invalid range value,1591,B01023,Deviation_Count,-3,<missing>,Set to missing,"Outside valid range 0..100; impossible value, not guessed"
2026-09-26T05:17:57+00:00,5_invalid_ranges,Invalid range value,1605,B00753,Deviation_Count,-3,<missing>,Set to missing,"Outside valid range 0..100; impossible value, not guessed"
2026-09-26T05:17:57+00:00,5_invalid_ranges,Invalid range value,1725,B01633,Deviation_Count,-3,<missing>,Set to missing,"Outside valid range 0..100; impossible value, not guessed"
2026-09-26T05:17:57+00:00,5_invalid_ranges,Invalid range value,1771,B01300,Deviation_Count,-1,<missing>,Set to missing,"Outside valid range 0..100; impossible value, not guessed"
2026-09-26T05:17:57+00:00,5_invalid_ranges,Invalid range value,1790,B00929,Deviation_Count,-1,<missing>,Set to missing,"Outside valid range 0..100; impossible value, not guessed"
2026-09-26T05:17:57+00:00,5_invalid_ranges,Invalid range value,1798,B01121,Deviation_Count,-3,<missing>,Set to missing,"Outside valid range 0..100; impossible value, not guessed"
2026-09-26T05:17:57+00:00,5_invalid_ranges,Invalid range value,1870,B00979,Deviation_Count,-3,<missing>,Set to missing,"Outside valid range 0..100; impossible value, not guessed"
2026-09-26T05:17:57+00:00,5_invalid_ranges,Invalid range value,1962,B02104,Deviation_Count,-1,<missing>,Set to missing,"Outside valid range 0..100; impossible value, not guessed"
2026-09-26T05:17:57+00:00,5_invalid_ranges,Invalid range value,1982,B01719,Deviation_Count,-1,<missing>,Set to missing,"Outside valid range 0..100; impossible value, not guessed"
2026-09-26T05:17:57+00:00,5_invalid_ranges,Invalid range value,2013,B02680,Deviation_Count,-3,<missing>,Set to missing,"Outside valid range 0..100; impossible value, not guessed"
2026-09-26T05:17:57+00:00,5_invalid_ranges,Invalid range value,2033,B02124,Deviation_Count,-1,<missing>,Set to missing,"Outside valid range 0..100; impossible value, not guessed"
2026-09-26T05:17:57+00:00,5_invalid_ranges,Invalid range value,2049,B02002,Deviation_Count,-1,<missing>,Set to missing,"Outside valid range 0..100; impossible value, not guessed"
2026-09-26T05:17:57+00:00,5_invalid_ranges,Invalid range value,2306,B02368,Deviation_Count,-3,<missing>,Set to missing,"Outside valid range 0..100; impossible value, not guessed"
2026-09-26T05:17:57+00:00,5_invalid_ranges,Invalid range value,2326,B01698,Deviation_Count,-1,<missing>,Set to missing,"Outside valid range 0..100; impossible value, not guessed"
2026-09-26T05:17:57+00:00,5_invalid_ranges,Invalid range value,2407,B02397,Deviation_Count,-3,<missing>,Set to missing,"Outside valid range 0..100; impossible value, not guessed"
2026-09-26T05:17:57+00:00,5_invalid_ranges,Invalid range value,2573,B00639,Deviation_Count,-3,<missing>,Set to missing,"Outside valid range 0..100; impossible value, not guessed"
2026-09-26T05:17:57+00:00,5_invalid_ranges,Invalid range value,2626,B00466,Deviation_Count,-1,<missing>,Set to missing,"Outside valid range 0..100; impossible value, not guessed"
2026-09-26T05:17:57+00:00,5_invalid_ranges,Invalid range value,2636,B02360,Deviation_Count,-3,<missing>,Set to missing,"Outside valid range 0..100; impossible value, not guessed"
2026-09-26T05:17:57+00:00,5_invalid_ranges,Invalid range value,2654,B01274,Deviation_Count,-1,<missing>,Set to missing,"Outside valid range 0..100; impossible value, not guessed"
2026-09-26T05:17:57+00:00,5_invalid_ranges,Invalid range value,2791,B00276,Deviation_Count,-3,<missing>,Set to missing,"Outside valid range 0..100; impossible value, not guessed"
2026-09-26T05:17:57+00:00,5_invalid_ranges,Invalid range value,2798,B00713,Deviation_Count,-3,<missing>,Set to missing,"Outside valid range 0..100; impossible value, not guessed"
2026-09-26T05:17:57+00:00,5_invalid_ranges,Invalid range value,22,B00168,Cycle_Time_Hrs,-5,<missing>,Set to missing,"Outside valid range 0.5..168; impossible value, not guessed"
2026-09-26T05:17:57+00:00,5_invalid_ranges,Invalid range value,31,B00594,Cycle_Time_Hrs,0,<missing>,Set to missing,"Outside valid range 0.5..168; impossible value, not guessed"
2026-09-26T05:17:57+00:00,5_invalid_ranges,Invalid range value,74,B02463,Cycle_Time_Hrs,-5,<missing>,Set to missing,"Outside valid range 0.5..168; impossible value, not guessed"
2026-09-26T05:17:57+00:00,5_invalid_ranges,Invalid range value,188,B00599,Cycle_Time_Hrs,0,<missing>,Set to missing,"Outside valid range 0.5..168; impossible value, not guessed"
2026-09-26T05:17:57+00:00,5_invalid_ranges,Invalid range value,319,B01940,Cycle_Time_Hrs,-5,<missing>,Set to missing,"Outside valid range 0.5..168; impossible value, not guessed"
2026-09-26T05:17:57+00:00,5_invalid_ranges,Invalid range value,434,B01547,Cycle_Time_Hrs,-5,<missing>,Set to missing,"Outside valid range 0.5..168; impossible value, not guessed"
2026-09-26T05:17:57+00:00,5_invalid_ranges,Invalid range value,457,B01081,Cycle_Time_Hrs,-5,<missing>,Set to missing,"Outside valid range 0.5..168; impossible value, not guessed"
2026-09-26T05:17:57+00:00,5_invalid_ranges,Invalid range value,615,B02564,Cycle_Time_Hrs,0,<missing>,Set to missing,"Outside valid range 0.5..168; impossible value, not guessed"
2026-09-26T05:17:57+00:00,5_invalid_ranges,Invalid range value,640,B02804,Cycle_Time_Hrs,0,<missing>,Set to missing,"Outside valid range 0.5..168; impossible value, not guessed"
2026-09-26T05:17:57+00:00,5_invalid_ranges,Invalid range value,829,B00469,Cycle_Time_Hrs,-5,<missing>,Set to missing,"Outside valid range 0.5..168; impossible value, not guessed"
2026-09-26T05:17:57+00:00,5_invalid_ranges,Invalid range value,960,B02102,Cycle_Time_Hrs,-5,<missing>,Set to missing,"Outside valid range 0.5..168; impossible value, not guessed"
2026-09-26T05:17:57+00:00,5_invalid_ranges,Invalid range value,1239,B02558,Cycle_Time_Hrs,0,<missing>,Set to missing,"Outside valid range 0.5..168; impossible value, not guessed"
2026-09-26T05:17:57+00:00,5_invalid_ranges,Invalid range value,1471,B02910,Cycle_Time_Hrs,-5,<missing>,Set to missing,"Outside valid range 0.5..168; impossible value, not guessed"
2026-09-26T05:17:57+00:00,5_invalid_ranges,Invalid range value,1737,B02148,Cycle_Time_Hrs,-5,<missing>,Set to missing,"Outside valid range 0.5..168; impossible value, not guessed"
2026-09-26T05:17:57+00:00,5_invalid_ranges,Invalid range value,1902,B02311,Cycle_Time_Hrs,0,<missing>,Set to missing,"Outside valid range 0.5..168; impossible value, not guessed"
2026-09-26T05:17:57+00:00,5_invalid_ranges,Invalid range value,2022,B00631,Cycle_Time_Hrs,-5,<missing>,Set to missing,"Outside valid range 0.5..168; impossible value, not guessed"
2026-09-26T05:17:57+00:00,5_invalid_ranges,Invalid range value,2041,B00463,Cycle_Time_Hrs,-5,<missing>,Set to missing,"Outside valid range 0.5..168; impossible value, not guessed"
2026-09-26T05:17:57+00:00,5_invalid_ranges,Invalid range value,2353,B00740,Cycle_Time_Hrs,-5,<missing>,Set to missing,"Outside valid range 0.5..168; impossible value, not guessed"
2026-09-26T05:17:57+00:00,5_invalid_ranges,Invalid range value,2527,B01652,Cycle_Time_Hrs,-5,<missing>,Set to missing,"Outside valid range 0.5..168; impossible value, not guessed"
2026-09-26T05:17:57+00:00,5_invalid_ranges,Invalid range value,2553,B02697,Cycle_Time_Hrs,0,<missing>,Set to missing,"Outside valid range 0.5..168; impossible value, not guessed"
2026-09-26T05:17:57+00:00,5_invalid_ranges,Invalid range value,2632,B00254,Cycle_Time_Hrs,0,<missing>,Set to missing,"Outside valid range 0.5..168; impossible value, not guessed"
2026-09-26T05:17:57+00:00,5_invalid_ranges,Invalid range value,2811,B02607,Cycle_Time_Hrs,0,<missing>,Set to missing,"Outside valid range 0.5..168; impossible value, not guessed"
2026-09-26T05:17:57+00:00,5_invalid_ranges,Invalid range value,2819,B02223,Cycle_Time_Hrs,0,<missing>,Set to missing,"Outside valid range 0.5..168; impossible value, not guessed"
2026-09-26T05:17:57+00:00,5_invalid_ranges,Invalid range value,2940,B00642,Cycle_Time_Hrs,-5,<missing>,Set to missing,"Outside valid range 0.5..168; impossible value, not guessed"
2026-09-26T05:17:57+00:00,6_outliers,Statistical outlier,75,B00967,Batch_Size_Kg,4261.41,4261.41,"Flagged, value retained","Extreme but possible; may be a genuine process excursion - review, do not delete"
2026-09-26T05:17:57+00:00,6_outliers,Statistical outlier,102,B02692,Batch_Size_Kg,3623.16,3623.16,"Flagged, value retained","Extreme but possible; may be a genuine process excursion - review, do not delete"
2026-09-26T05:17:57+00:00,6_outliers,Statistical outlier,133,B01885,Batch_Size_Kg,2828.92,2828.92,"Flagged, value retained","Extreme but possible; may be a genuine process excursion - review, do not delete"
2026-09-26T05:17:57+00:00,6_outliers,Statistical outlier,171,B00738,Batch_Size_Kg,5842.1,5842.1,"Flagged, value retained","Extreme but possible; may be a genuine process excursion - review, do not delete"
2026-09-26T05:17:57+00:00,6_outliers,Statistical outlier,290,B01856,Batch_Size_Kg,2532.74,2532.74,"Flagged, value retained","Extreme but possible; may be a genuine process excursion - review, do not delete"
2026-09-26T05:17:57+00:00,6_outliers,Statistical outlier,345,B02073,Batch_Size_Kg,2696,2696,"Flagged, value retained","Extreme but possible; may be a genuine process excursion - review, do not delete"
2026-09-26T05:17:57+00:00,6_outliers,Statistical outlier,398,B02578,Batch_Size_Kg,2657.34,2657.34,"Flagged, value retained","Extreme but possible; may be a genuine process excursion - review, do not delete"
2026-09-26T05:17:57+00:00,6_outliers,Statistical outlier,653,B02725,Batch_Size_Kg,3159.78,3159.78,"Flagged, value retained","Extreme but possible; may be a genuine process excursion - review, do not delete"
2026-09-26T05:17:57+00:00,6_outliers,Statistical outlier,788,B00021,Batch_Size_Kg,2713.75,2713.75,"Flagged, value retained","Extreme but possible; may be a genuine process excursion - review, do not delete"
2026-09-26T05:17:57+00:00,6_outliers,Statistical outlier,953,B01505,Batch_Size_Kg,2628.25,2628.25,"Flagged, value retained","Extreme but possible; may be a genuine process excursion - review, do not delete"
2026-09-26T05:17:57+00:00,6_outliers,Statistical outlier,1364,B02357,Batch_Size_Kg,3007.96,3007.96,"Flagged, value retained","Extreme but possible; may be a genuine process excursion - review, do not delete"
2026-09-26T05:17:57+00:00,6_outliers,Statistical outlier,1373,B02109,Batch_Size_Kg,2967.99,2967.99,"Flagged, value retained","Extreme but possible; may be a genuine process excursion - review, do not delete"
2026-09-26T05:17:57+00:00,6_outliers,Statistical outlier,1374,B02666,Batch_Size_Kg,4536.71,4536.71,"Flagged, value retained","Extreme but possible; may be a genuine process excursion - review, do not delete"
2026-09-26T05:17:57+00:00,6_outliers,Statistical outlier,1479,B01887,Batch_Size_Kg,2761.98,2761.98,"Flagged, value retained","Extreme but possible; may be a genuine process excursion - review, do not delete"
2026-09-26T05:17:57+00:00,6_outliers,Statistical outlier,1487,B02662,Batch_Size_Kg,4510.69,4510.69,"Flagged, value retained","Extreme but possible; may be a genuine process excursion - review, do not delete"
2026-09-26T05:17:57+00:00,6_outliers,Statistical outlier,1734,B00486,Batch_Size_Kg,5876.73,5876.73,"Flagged, value retained","Extreme but possible; may be a genuine process excursion - review, do not delete"
2026-09-26T05:17:57+00:00,6_outliers,Statistical outlier,1772,B01182,Batch_Size_Kg,4697.05,4697.05,"Flagged, value retained","Extreme but possible; may be a genuine process excursion - review, do not delete"
2026-09-26T05:17:57+00:00,6_outliers,Statistical outlier,1889,B00178,Batch_Size_Kg,3892.29,3892.29,"Flagged, value retained","Extreme but possible; may be a genuine process excursion - review, do not delete"
2026-09-26T05:17:57+00:00,6_outliers,Statistical outlier,2039,B00603,Batch_Size_Kg,4970.94,4970.94,"Flagged, value retained","Extreme but possible; may be a genuine process excursion - review, do not delete"
2026-09-26T05:17:57+00:00,6_outliers,Statistical outlier,2072,B01511,Batch_Size_Kg,5738.55,5738.55,"Flagged, value retained","Extreme but possible; may be a genuine process excursion - review, do not delete"
2026-09-26T05:17:57+00:00,6_outliers,Statistical outlier,2167,B02405,Batch_Size_Kg,4074.99,4074.99,"Flagged, value retained","Extreme but possible; may be a genuine process excursion - review, do not delete"
2026-09-26T05:17:57+00:00,6_outliers,Statistical outlier,2178,B00162,Batch_Size_Kg,4072.37,4072.37,"Flagged, value retained","Extreme but possible; may be a genuine process excursion - review, do not delete"
2026-09-26T05:17:57+00:00,6_outliers,Statistical outlier,2238,B02309,Batch_Size_Kg,2969.37,2969.37,"Flagged, value retained","Extreme but possible; may be a genuine process excursion - review, do not delete"
2026-09-26T05:17:57+00:00,6_outliers,Statistical outlier,2385,B02191,Batch_Size_Kg,3666.15,3666.15,"Flagged, value retained","Extreme but possible; may be a genuine process excursion - review, do not delete"
2026-09-26T05:17:57+00:00,6_outliers,Statistical outlier,2398,B01690,Batch_Size_Kg,4166.68,4166.68,"Flagged, value retained","Extreme but possible; may be a genuine process excursion - review, do not delete"
2026-09-26T05:17:57+00:00,6_outliers,Statistical outlier,2530,B02482,Batch_Size_Kg,4693.26,4693.26,"Flagged, value retained","Extreme but possible; may be a genuine process excursion - review, do not delete"
2026-09-26T05:17:57+00:00,6_outliers,Statistical outlier,2606,B01290,Batch_Size_Kg,5490.46,5490.46,"Flagged, value retained","Extreme but possible; may be a genuine process excursion - review, do not delete"
2026-09-26T05:17:57+00:00,6_outliers,Statistical outlier,2894,B01801,Batch_Size_Kg,5864.84,5864.84,"Flagged, value retained","Extreme but possible; may be a genuine process excursion - review, do not delete"
2026-09-26T05:17:57+00:00,6_outliers,Statistical outlier,35,B02476,Temperature,63.31,63.31,"Flagged, value retained","Extreme but possible; may be a genuine process excursion - review, do not delete"
2026-09-26T05:17:57+00:00,6_outliers,Statistical outlier,86,B01914,Temperature,55.83,55.83,"Flagged, value retained","Extreme but possible; may be a genuine process excursion - review, do not delete"
2026-09-26T05:17:57+00:00,6_outliers,Statistical outlier,256,B00928,Temperature,58.17,58.17,"Flagged, value retained","Extreme but possible; may be a genuine process excursion - review, do not delete"
2026-09-26T05:17:57+00:00,6_outliers,Statistical outlier,324,B02151,Temperature,49.41,49.41,"Flagged, value retained","Extreme but possible; may be a genuine process excursion - review, do not delete"
2026-09-26T05:17:57+00:00,6_outliers,Statistical outlier,693,B00156,Temperature,64.76,64.76,"Flagged, value retained","Extreme but possible; may be a genuine process excursion - review, do not delete"
2026-09-26T05:17:57+00:00,6_outliers,Statistical outlier,735,B00415,Temperature,53.18,53.18,"Flagged, value retained","Extreme but possible; may be a genuine process excursion - review, do not delete"
2026-09-26T05:17:57+00:00,6_outliers,Statistical outlier,744,B02704,Temperature,55.91,55.91,"Flagged, value retained","Extreme but possible; may be a genuine process excursion - review, do not delete"
2026-09-26T05:17:57+00:00,6_outliers,Statistical outlier,751,B01532,Temperature,61.88,61.88,"Flagged, value retained","Extreme but possible; may be a genuine process excursion - review, do not delete"
2026-09-26T05:17:57+00:00,6_outliers,Statistical outlier,823,B00007,Temperature,49.61,49.61,"Flagged, value retained","Extreme but possible; may be a genuine process excursion - review, do not delete"
2026-09-26T05:17:57+00:00,6_outliers,Statistical outlier,928,B00170,Temperature,51.76,51.76,"Flagged, value retained","Extreme but possible; may be a genuine process excursion - review, do not delete"
2026-09-26T05:17:57+00:00,6_outliers,Statistical outlier,1094,B00026,Temperature,59.57,59.57,"Flagged, value retained","Extreme but possible; may be a genuine process excursion - review, do not delete"
2026-09-26T05:17:57+00:00,6_outliers,Statistical outlier,1147,B00257,Temperature,53.2,53.2,"Flagged, value retained","Extreme but possible; may be a genuine process excursion - review, do not delete"
2026-09-26T05:17:57+00:00,6_outliers,Statistical outlier,1283,B02641,Temperature,51.06,51.06,"Flagged, value retained","Extreme but possible; may be a genuine process excursion - review, do not delete"
2026-09-26T05:17:57+00:00,6_outliers,Statistical outlier,1329,B02205,Temperature,54.05,54.05,"Flagged, value retained","Extreme but possible; may be a genuine process excursion - review, do not delete"
2026-09-26T05:17:57+00:00,6_outliers,Statistical outlier,1497,B01130,Temperature,53.77,53.77,"Flagged, value retained","Extreme but possible; may be a genuine process excursion - review, do not delete"
2026-09-26T05:17:57+00:00,6_outliers,Statistical outlier,1569,B00700,Temperature,63.14,63.14,"Flagged, value retained","Extreme but possible; may be a genuine process excursion - review, do not delete"
2026-09-26T05:17:57+00:00,6_outliers,Statistical outlier,1799,B02361,Temperature,59.11,59.11,"Flagged, value retained","Extreme but possible; may be a genuine process excursion - review, do not delete"
2026-09-26T05:17:57+00:00,6_outliers,Statistical outlier,1883,B01558,Temperature,56.89,56.89,"Flagged, value retained","Extreme but possible; may be a genuine process excursion - review, do not delete"
2026-09-26T05:17:57+00:00,6_outliers,Statistical outlier,1911,B00047,Temperature,60.22,60.22,"Flagged, value retained","Extreme but possible; may be a genuine process excursion - review, do not delete"
2026-09-26T05:17:57+00:00,6_outliers,Statistical outlier,1979,B01251,Temperature,50.62,50.62,"Flagged, value retained","Extreme but possible; may be a genuine process excursion - review, do not delete"
2026-09-26T05:17:57+00:00,6_outliers,Statistical outlier,2068,B02398,Temperature,64.42,64.42,"Flagged, value retained","Extreme but possible; may be a genuine process excursion - review, do not delete"
2026-09-26T05:17:57+00:00,6_outliers,Statistical outlier,2096,B02238,Temperature,51.9,51.9,"Flagged, value retained","Extreme but possible; may be a genuine process excursion - review, do not delete"
2026-09-26T05:17:57+00:00,6_outliers,Statistical outlier,2227,B01617,Temperature,52.72,52.72,"Flagged, value retained","Extreme but possible; may be a genuine process excursion - review, do not delete"
2026-09-26T05:17:57+00:00,6_outliers,Statistical outlier,2241,B00246,Temperature,59.16,59.16,"Flagged, value retained","Extreme but possible; may be a genuine process excursion - review, do not delete"
2026-09-26T05:17:57+00:00,6_outliers,Statistical outlier,2306,B02368,Temperature,52.27,52.27,"Flagged, value retained","Extreme but possible; may be a genuine process excursion - review, do not delete"
2026-09-26T05:17:57+00:00,6_outliers,Statistical outlier,2399,B02602,Temperature,61.45,61.45,"Flagged, value retained","Extreme but possible; may be a genuine process excursion - review, do not delete"
2026-09-26T05:17:57+00:00,6_outliers,Statistical outlier,2434,B01955,Temperature,57.43,57.43,"Flagged, value retained","Extreme but possible; may be a genuine process excursion - review, do not delete"
2026-09-26T05:17:57+00:00,6_outliers,Statistical outlier,2442,B01624,Temperature,48.47,48.47,"Flagged, value retained","Extreme but possible; may be a genuine process excursion - review, do not delete"
2026-09-26T05:17:57+00:00,6_outliers,Statistical outlier,2509,B01966,Temperature,50.28,50.28,"Flagged, value retained","Extreme but possible; may be a genuine process excursion - review, do not delete"
2026-09-26T05:17:57+00:00,6_outliers,Statistical outlier,2566,B00860,Temperature,52.57,52.57,"Flagged, value retained","Extreme but possible; may be a genuine process excursion - review, do not delete"
2026-09-26T05:17:57+00:00,6_outliers,Statistical outlier,2648,B02268,Temperature,48.58,48.58,"Flagged, value retained","Extreme but possible; may be a genuine process excursion - review, do not delete"
2026-09-26T05:17:57+00:00,6_outliers,Statistical outlier,2714,B00528,Temperature,62.56,62.56,"Flagged, value retained","Extreme but possible; may be a genuine process excursion - review, do not delete"
2026-09-26T05:17:57+00:00,6_outliers,Statistical outlier,2738,B02281,Temperature,50.99,50.99,"Flagged, value retained","Extreme but possible; may be a genuine process excursion - review, do not delete"
2026-09-26T05:17:57+00:00,6_outliers,Statistical outlier,2795,B02826,Temperature,54.89,54.89,"Flagged, value retained","Extreme but possible; may be a genuine process excursion - review, do not delete"
2026-09-26T05:17:57+00:00,6_outliers,Statistical outlier,2814,B01718,Temperature,62.58,62.58,"Flagged, value retained","Extreme but possible; may be a genuine process excursion - review, do not delete"
2026-09-26T05:17:57+00:00,6_outliers,Statistical outlier,2868,B02806,Temperature,62.84,62.84,"Flagged, value retained","Extreme but possible; may be a genuine process excursion - review, do not delete"
2026-09-26T05:17:57+00:00,6_outliers,Statistical outlier,2885,B02753,Temperature,55.29,55.29,"Flagged, value retained","Extreme but possible; may be a genuine process excursion - review, do not delete"
2026-09-26T05:17:57+00:00,6_outliers,Statistical outlier,2904,B00976,Temperature,60.58,60.58,"Flagged, value retained","Extreme but possible; may be a genuine process excursion - review, do not delete"
2026-09-26T05:17:57+00:00,6_outliers,Statistical outlier,2966,B02535,Temperature,53.88,53.88,"Flagged, value retained","Extreme but possible; may be a genuine process excursion - review, do not delete"
2026-09-26T05:17:57+00:00,6_outliers,Statistical outlier,15,B01574,Humidity,87.55,87.55,"Flagged, value retained","Extreme but possible; may be a genuine process excursion - review, do not delete"
2026-09-26T05:17:57+00:00,6_outliers,Statistical outlier,89,B02060,Humidity,87.14,87.14,"Flagged, value retained","Extreme but possible; may be a genuine process excursion - review, do not delete"
2026-09-26T05:17:57+00:00,6_outliers,Statistical outlier,287,B00800,Humidity,91.96,91.96,"Flagged, value retained","Extreme but possible; may be a genuine process excursion - review, do not delete"
2026-09-26T05:17:57+00:00,6_outliers,Statistical outlier,348,B00245,Humidity,87.47,87.47,"Flagged, value retained","Extreme but possible; may be a genuine process excursion - review, do not delete"
2026-09-26T05:17:57+00:00,6_outliers,Statistical outlier,378,B01818,Humidity,85.28,85.28,"Flagged, value retained","Extreme but possible; may be a genuine process excursion - review, do not delete"
2026-09-26T05:17:57+00:00,6_outliers,Statistical outlier,388,B00706,Humidity,88.2,88.2,"Flagged, value retained","Extreme but possible; may be a genuine process excursion - review, do not delete"
2026-09-26T05:17:57+00:00,6_outliers,Statistical outlier,468,B01165,Humidity,91.47,91.47,"Flagged, value retained","Extreme but possible; may be a genuine process excursion - review, do not delete"
2026-09-26T05:17:57+00:00,6_outliers,Statistical outlier,560,B01728,Humidity,86.01,86.01,"Flagged, value retained","Extreme but possible; may be a genuine process excursion - review, do not delete"
2026-09-26T05:17:57+00:00,6_outliers,Statistical outlier,676,B00832,Humidity,89.47,89.47,"Flagged, value retained","Extreme but possible; may be a genuine process excursion - review, do not delete"
2026-09-26T05:17:57+00:00,6_outliers,Statistical outlier,808,B00888,Humidity,87.78,87.78,"Flagged, value retained","Extreme but possible; may be a genuine process excursion - review, do not delete"
2026-09-26T05:17:57+00:00,6_outliers,Statistical outlier,1092,B00010,Humidity,90.1,90.1,"Flagged, value retained","Extreme but possible; may be a genuine process excursion - review, do not delete"
2026-09-26T05:17:57+00:00,6_outliers,Statistical outlier,1102,B00512,Humidity,91.02,91.02,"Flagged, value retained","Extreme but possible; may be a genuine process excursion - review, do not delete"
2026-09-26T05:17:57+00:00,6_outliers,Statistical outlier,1504,B02631,Humidity,91.29,91.29,"Flagged, value retained","Extreme but possible; may be a genuine process excursion - review, do not delete"
2026-09-26T05:17:57+00:00,6_outliers,Statistical outlier,1525,B01939,Humidity,88.3,88.3,"Flagged, value retained","Extreme but possible; may be a genuine process excursion - review, do not delete"
2026-09-26T05:17:57+00:00,6_outliers,Statistical outlier,1644,B02001,Humidity,89.11,89.11,"Flagged, value retained","Extreme but possible; may be a genuine process excursion - review, do not delete"
2026-09-26T05:17:57+00:00,6_outliers,Statistical outlier,1662,B01378,Humidity,94.97,94.97,"Flagged, value retained","Extreme but possible; may be a genuine process excursion - review, do not delete"
2026-09-26T05:17:57+00:00,6_outliers,Statistical outlier,1665,B00393,Humidity,86.64,86.64,"Flagged, value retained","Extreme but possible; may be a genuine process excursion - review, do not delete"
2026-09-26T05:17:57+00:00,6_outliers,Statistical outlier,1796,B00072,Humidity,90.3,90.3,"Flagged, value retained","Extreme but possible; may be a genuine process excursion - review, do not delete"
2026-09-26T05:17:57+00:00,6_outliers,Statistical outlier,1825,B00116,Humidity,92.94,92.94,"Flagged, value retained","Extreme but possible; may be a genuine process excursion - review, do not delete"
2026-09-26T05:17:57+00:00,6_outliers,Statistical outlier,1898,B01333,Humidity,91.3,91.3,"Flagged, value retained","Extreme but possible; may be a genuine process excursion - review, do not delete"
2026-09-26T05:17:57+00:00,6_outliers,Statistical outlier,1930,B02323,Humidity,90.51,90.51,"Flagged, value retained","Extreme but possible; may be a genuine process excursion - review, do not delete"
2026-09-26T05:17:57+00:00,6_outliers,Statistical outlier,1954,B00736,Humidity,91.24,91.24,"Flagged, value retained","Extreme but possible; may be a genuine process excursion - review, do not delete"
2026-09-26T05:17:57+00:00,6_outliers,Statistical outlier,2197,B00365,Humidity,88.76,88.76,"Flagged, value retained","Extreme but possible; may be a genuine process excursion - review, do not delete"
2026-09-26T05:17:57+00:00,6_outliers,Statistical outlier,2222,B00120,Humidity,94.42,94.42,"Flagged, value retained","Extreme but possible; may be a genuine process excursion - review, do not delete"
2026-09-26T05:17:57+00:00,6_outliers,Statistical outlier,2509,B01966,Humidity,92.88,92.88,"Flagged, value retained","Extreme but possible; may be a genuine process excursion - review, do not delete"
2026-09-26T05:17:57+00:00,6_outliers,Statistical outlier,2544,B01099,Humidity,92.86,92.86,"Flagged, value retained","Extreme but possible; may be a genuine process excursion - review, do not delete"
2026-09-26T05:17:57+00:00,6_outliers,Statistical outlier,2630,B02669,Humidity,92.93,92.93,"Flagged, value retained","Extreme but possible; may be a genuine process excursion - review, do not delete"
2026-09-26T05:17:57+00:00,6_outliers,Statistical outlier,2636,B02360,Humidity,88.52,88.52,"Flagged, value retained","Extreme but possible; may be a genuine process excursion - review, do not delete"
2026-09-26T05:17:57+00:00,6_outliers,Statistical outlier,2748,B01556,Humidity,85.46,85.46,"Flagged, value retained","Extreme but possible; may be a genuine process excursion - review, do not delete"
2026-09-26T05:17:57+00:00,6_outliers,Statistical outlier,2837,B00602,Humidity,88.92,88.92,"Flagged, value retained","Extreme but possible; may be a genuine process excursion - review, do not delete"
2026-09-26T05:17:57+00:00,6_outliers,Statistical outlier,2867,B01668,Humidity,93.11,93.11,"Flagged, value retained","Extreme but possible; may be a genuine process excursion - review, do not delete"
2026-09-26T05:17:57+00:00,6_outliers,Statistical outlier,2872,B02209,Humidity,86.7,86.7,"Flagged, value retained","Extreme but possible; may be a genuine process excursion - review, do not delete"
2026-09-26T05:17:57+00:00,6_outliers,Statistical outlier,2888,B00345,Humidity,94.12,94.12,"Flagged, value retained","Extreme but possible; may be a genuine process excursion - review, do not delete"
2026-09-26T05:17:57+00:00,6_outliers,Statistical outlier,2939,B02871,Humidity,85.04,85.04,"Flagged, value retained","Extreme but possible; may be a genuine process excursion - review, do not delete"
2026-09-26T05:17:57+00:00,6_outliers,Statistical outlier,2974,B01359,Humidity,94.19,94.19,"Flagged, value retained","Extreme but possible; may be a genuine process excursion - review, do not delete"
2026-09-26T05:17:57+00:00,6_outliers,Statistical outlier,39,B02492,pH,9.88,9.88,"Flagged, value retained","Extreme but possible; may be a genuine process excursion - review, do not delete"
2026-09-26T05:17:57+00:00,6_outliers,Statistical outlier,75,B00967,pH,9.54,9.54,"Flagged, value retained","Extreme but possible; may be a genuine process excursion - review, do not delete"
2026-09-26T05:17:57+00:00,6_outliers,Statistical outlier,131,B02502,pH,9.71,9.71,"Flagged, value retained","Extreme but possible; may be a genuine process excursion - review, do not delete"
2026-09-26T05:17:57+00:00,6_outliers,Statistical outlier,243,B01240,pH,10.76,10.76,"Flagged, value retained","Extreme but possible; may be a genuine process excursion - review, do not delete"
2026-09-26T05:17:57+00:00,6_outliers,Statistical outlier,248,B00128,pH,10.51,10.51,"Flagged, value retained","Extreme but possible; may be a genuine process excursion - review, do not delete"
2026-09-26T05:17:57+00:00,6_outliers,Statistical outlier,276,B02494,pH,0,0,"Flagged, value retained","Extreme but possible; may be a genuine process excursion - review, do not delete"
2026-09-26T05:17:57+00:00,6_outliers,Statistical outlier,388,B00706,pH,9.81,9.81,"Flagged, value retained","Extreme but possible; may be a genuine process excursion - review, do not delete"
2026-09-26T05:17:57+00:00,6_outliers,Statistical outlier,433,B00032,pH,0,0,"Flagged, value retained","Extreme but possible; may be a genuine process excursion - review, do not delete"
2026-09-26T05:17:57+00:00,6_outliers,Statistical outlier,484,B02325,pH,10.03,10.03,"Flagged, value retained","Extreme but possible; may be a genuine process excursion - review, do not delete"
2026-09-26T05:17:57+00:00,6_outliers,Statistical outlier,690,B00310,pH,9.71,9.71,"Flagged, value retained","Extreme but possible; may be a genuine process excursion - review, do not delete"
2026-09-26T05:17:57+00:00,6_outliers,Statistical outlier,906,B00031,pH,0,0,"Flagged, value retained","Extreme but possible; may be a genuine process excursion - review, do not delete"
2026-09-26T05:17:57+00:00,6_outliers,Statistical outlier,1114,B00485,pH,10.86,10.86,"Flagged, value retained","Extreme but possible; may be a genuine process excursion - review, do not delete"
2026-09-26T05:17:57+00:00,6_outliers,Statistical outlier,1186,B00350,pH,9.74,9.74,"Flagged, value retained","Extreme but possible; may be a genuine process excursion - review, do not delete"
2026-09-26T05:17:57+00:00,6_outliers,Statistical outlier,1211,B00154,pH,10.13,10.13,"Flagged, value retained","Extreme but possible; may be a genuine process excursion - review, do not delete"
2026-09-26T05:17:57+00:00,6_outliers,Statistical outlier,1288,B02523,pH,10.24,10.24,"Flagged, value retained","Extreme but possible; may be a genuine process excursion - review, do not delete"
2026-09-26T05:17:57+00:00,6_outliers,Statistical outlier,1384,B02256,pH,10.96,10.96,"Flagged, value retained","Extreme but possible; may be a genuine process excursion - review, do not delete"
2026-09-26T05:17:57+00:00,6_outliers,Statistical outlier,1429,B01791,pH,10.52,10.52,"Flagged, value retained","Extreme but possible; may be a genuine process excursion - review, do not delete"
2026-09-26T05:17:57+00:00,6_outliers,Statistical outlier,1532,B02533,pH,9.77,9.77,"Flagged, value retained","Extreme but possible; may be a genuine process excursion - review, do not delete"
2026-09-26T05:17:57+00:00,6_outliers,Statistical outlier,1560,B00649,pH,10.1,10.1,"Flagged, value retained","Extreme but possible; may be a genuine process excursion - review, do not delete"
2026-09-26T05:17:57+00:00,6_outliers,Statistical outlier,1638,B02232,pH,10.06,10.06,"Flagged, value retained","Extreme but possible; may be a genuine process excursion - review, do not delete"
2026-09-26T05:17:57+00:00,6_outliers,Statistical outlier,1694,B01524,pH,9.92,9.92,"Flagged, value retained","Extreme but possible; may be a genuine process excursion - review, do not delete"
2026-09-26T05:17:57+00:00,6_outliers,Statistical outlier,1758,B01499,pH,9.96,9.96,"Flagged, value retained","Extreme but possible; may be a genuine process excursion - review, do not delete"
2026-09-26T05:17:57+00:00,6_outliers,Statistical outlier,1918,B00104,pH,9.74,9.74,"Flagged, value retained","Extreme but possible; may be a genuine process excursion - review, do not delete"
2026-09-26T05:17:57+00:00,6_outliers,Statistical outlier,1932,B00309,pH,10.72,10.72,"Flagged, value retained","Extreme but possible; may be a genuine process excursion - review, do not delete"
2026-09-26T05:17:57+00:00,6_outliers,Statistical outlier,1987,B00349,pH,10.06,10.06,"Flagged, value retained","Extreme but possible; may be a genuine process excursion - review, do not delete"
2026-09-26T05:17:57+00:00,6_outliers,Statistical outlier,2013,B02680,pH,10.9,10.9,"Flagged, value retained","Extreme but possible; may be a genuine process excursion - review, do not delete"
2026-09-26T05:17:57+00:00,6_outliers,Statistical outlier,2022,B00631,pH,9.55,9.55,"Flagged, value retained","Extreme but possible; may be a genuine process excursion - review, do not delete"
2026-09-26T05:17:57+00:00,6_outliers,Statistical outlier,2054,B02389,pH,9.75,9.75,"Flagged, value retained","Extreme but possible; may be a genuine process excursion - review, do not delete"
2026-09-26T05:17:57+00:00,6_outliers,Statistical outlier,2080,B00217,pH,10.99,10.99,"Flagged, value retained","Extreme but possible; may be a genuine process excursion - review, do not delete"
2026-09-26T05:17:57+00:00,6_outliers,Statistical outlier,2324,B01331,pH,9.94,9.94,"Flagged, value retained","Extreme but possible; may be a genuine process excursion - review, do not delete"
2026-09-26T05:17:57+00:00,6_outliers,Statistical outlier,2367,B02004,pH,10.83,10.83,"Flagged, value retained","Extreme but possible; may be a genuine process excursion - review, do not delete"
2026-09-26T05:17:57+00:00,6_outliers,Statistical outlier,2396,B02392,pH,10.52,10.52,"Flagged, value retained","Extreme but possible; may be a genuine process excursion - review, do not delete"
2026-09-26T05:17:57+00:00,6_outliers,Statistical outlier,2692,B02694,pH,0,0,"Flagged, value retained","Extreme but possible; may be a genuine process excursion - review, do not delete"
2026-09-26T05:17:57+00:00,6_outliers,Statistical outlier,2707,B00522,pH,0,0,"Flagged, value retained","Extreme but possible; may be a genuine process excursion - review, do not delete"
2026-09-26T05:17:57+00:00,6_outliers,Statistical outlier,2738,B02281,pH,9.73,9.73,"Flagged, value retained","Extreme but possible; may be a genuine process excursion - review, do not delete"
2026-09-26T05:17:57+00:00,6_outliers,Statistical outlier,2757,B02625,pH,10.28,10.28,"Flagged, value retained","Extreme but possible; may be a genuine process excursion - review, do not delete"
2026-09-26T05:17:57+00:00,6_outliers,Statistical outlier,2977,B02772,pH,9.51,9.51,"Flagged, value retained","Extreme but possible; may be a genuine process excursion - review, do not delete"
2026-09-26T05:17:57+00:00,6_outliers,Statistical outlier,171,B00738,Dissolution,37.25,37.25,"Flagged, value retained","Extreme but possible; may be a genuine process excursion - review, do not delete"
2026-09-26T05:17:57+00:00,6_outliers,Statistical outlier,219,B01447,Dissolution,32.39,32.39,"Flagged, value retained","Extreme but possible; may be a genuine process excursion - review, do not delete"
2026-09-26T05:17:57+00:00,6_outliers,Statistical outlier,590,B01057,Dissolution,51.33,51.33,"Flagged, value retained","Extreme but possible; may be a genuine process excursion - review, do not delete"
2026-09-26T05:17:57+00:00,6_outliers,Statistical outlier,691,B00955,Dissolution,50.91,50.91,"Flagged, value retained","Extreme but possible; may be a genuine process excursion - review, do not delete"
2026-09-26T05:17:57+00:00,6_outliers,Statistical outlier,699,B02174,Dissolution,36.54,36.54,"Flagged, value retained","Extreme but possible; may be a genuine process excursion - review, do not delete"
2026-09-26T05:17:57+00:00,6_outliers,Statistical outlier,767,B02251,Dissolution,40.89,40.89,"Flagged, value retained","Extreme but possible; may be a genuine process excursion - review, do not delete"
2026-09-26T05:17:57+00:00,6_outliers,Statistical outlier,859,B00645,Dissolution,45.41,45.41,"Flagged, value retained","Extreme but possible; may be a genuine process excursion - review, do not delete"
2026-09-26T05:17:57+00:00,6_outliers,Statistical outlier,898,B00296,Dissolution,49.02,49.02,"Flagged, value retained","Extreme but possible; may be a genuine process excursion - review, do not delete"
2026-09-26T05:17:57+00:00,6_outliers,Statistical outlier,991,B00060,Dissolution,30.56,30.56,"Flagged, value retained","Extreme but possible; may be a genuine process excursion - review, do not delete"
2026-09-26T05:17:57+00:00,6_outliers,Statistical outlier,1064,B00492,Dissolution,30.79,30.79,"Flagged, value retained","Extreme but possible; may be a genuine process excursion - review, do not delete"
2026-09-26T05:17:57+00:00,6_outliers,Statistical outlier,1085,B01788,Dissolution,49.68,49.68,"Flagged, value retained","Extreme but possible; may be a genuine process excursion - review, do not delete"
2026-09-26T05:17:57+00:00,6_outliers,Statistical outlier,1110,B00686,Dissolution,32.85,32.85,"Flagged, value retained","Extreme but possible; may be a genuine process excursion - review, do not delete"
2026-09-26T05:17:57+00:00,6_outliers,Statistical outlier,1400,B02522,Dissolution,39.7,39.7,"Flagged, value retained","Extreme but possible; may be a genuine process excursion - review, do not delete"
2026-09-26T05:17:57+00:00,6_outliers,Statistical outlier,1434,B01961,Dissolution,53.01,53.01,"Flagged, value retained","Extreme but possible; may be a genuine process excursion - review, do not delete"
2026-09-26T05:17:57+00:00,6_outliers,Statistical outlier,1445,B00050,Dissolution,49.47,49.47,"Flagged, value retained","Extreme but possible; may be a genuine process excursion - review, do not delete"
2026-09-26T05:17:57+00:00,6_outliers,Statistical outlier,1488,B00073,Dissolution,46.4,46.4,"Flagged, value retained","Extreme but possible; may be a genuine process excursion - review, do not delete"
2026-09-26T05:17:57+00:00,6_outliers,Statistical outlier,1525,B01939,Dissolution,38.18,38.18,"Flagged, value retained","Extreme but possible; may be a genuine process excursion - review, do not delete"
2026-09-26T05:17:57+00:00,6_outliers,Statistical outlier,1780,B00183,Dissolution,46.33,46.33,"Flagged, value retained","Extreme but possible; may be a genuine process excursion - review, do not delete"
2026-09-26T05:17:57+00:00,6_outliers,Statistical outlier,1823,B02458,Dissolution,43.06,43.06,"Flagged, value retained","Extreme but possible; may be a genuine process excursion - review, do not delete"
2026-09-26T05:17:57+00:00,6_outliers,Statistical outlier,2026,B01952,Dissolution,30.55,30.55,"Flagged, value retained","Extreme but possible; may be a genuine process excursion - review, do not delete"
2026-09-26T05:17:57+00:00,6_outliers,Statistical outlier,2057,B00503,Dissolution,36.12,36.12,"Flagged, value retained","Extreme but possible; may be a genuine process excursion - review, do not delete"
2026-09-26T05:17:57+00:00,6_outliers,Statistical outlier,2137,B00500,Dissolution,30.59,30.59,"Flagged, value retained","Extreme but possible; may be a genuine process excursion - review, do not delete"
2026-09-26T05:17:57+00:00,6_outliers,Statistical outlier,2184,B02120,Dissolution,32.03,32.03,"Flagged, value retained","Extreme but possible; may be a genuine process excursion - review, do not delete"
2026-09-26T05:17:57+00:00,6_outliers,Statistical outlier,2194,B01365,Dissolution,40.01,40.01,"Flagged, value retained","Extreme but possible; may be a genuine process excursion - review, do not delete"
2026-09-26T05:17:57+00:00,6_outliers,Statistical outlier,2275,B00610,Dissolution,44.66,44.66,"Flagged, value retained","Extreme but possible; may be a genuine process excursion - review, do not delete"
2026-09-26T05:17:57+00:00,6_outliers,Statistical outlier,2282,B01226,Dissolution,52.47,52.47,"Flagged, value retained","Extreme but possible; may be a genuine process excursion - review, do not delete"
2026-09-26T05:17:57+00:00,6_outliers,Statistical outlier,2292,B01308,Dissolution,32.06,32.06,"Flagged, value retained","Extreme but possible; may be a genuine process excursion - review, do not delete"
2026-09-26T05:17:57+00:00,6_outliers,Statistical outlier,2322,B00270,Dissolution,31.85,31.85,"Flagged, value retained","Extreme but possible; may be a genuine process excursion - review, do not delete"
2026-09-26T05:17:57+00:00,6_outliers,Statistical outlier,2360,B01315,Dissolution,43.45,43.45,"Flagged, value retained","Extreme but possible; may be a genuine process excursion - review, do not delete"
2026-09-26T05:17:57+00:00,6_outliers,Statistical outlier,2508,B01758,Dissolution,49.12,49.12,"Flagged, value retained","Extreme but possible; may be a genuine process excursion - review, do not delete"
2026-09-26T05:17:57+00:00,6_outliers,Statistical outlier,2517,B02521,Dissolution,35.27,35.27,"Flagged, value retained","Extreme but possible; may be a genuine process excursion - review, do not delete"
2026-09-26T05:17:57+00:00,6_outliers,Statistical outlier,2529,B00739,Dissolution,32.57,32.57,"Flagged, value retained","Extreme but possible; may be a genuine process excursion - review, do not delete"
2026-09-26T05:17:57+00:00,6_outliers,Statistical outlier,2586,B00346,Dissolution,37.85,37.85,"Flagged, value retained","Extreme but possible; may be a genuine process excursion - review, do not delete"
2026-09-26T05:17:57+00:00,6_outliers,Statistical outlier,2673,B01360,Dissolution,47.93,47.93,"Flagged, value retained","Extreme but possible; may be a genuine process excursion - review, do not delete"
2026-09-26T05:17:57+00:00,6_outliers,Statistical outlier,2745,B00234,Dissolution,41.56,41.56,"Flagged, value retained","Extreme but possible; may be a genuine process excursion - review, do not delete"
2026-09-26T05:17:57+00:00,6_outliers,Statistical outlier,2835,B02406,Dissolution,41.15,41.15,"Flagged, value retained","Extreme but possible; may be a genuine process excursion - review, do not delete"
2026-09-26T05:17:57+00:00,6_outliers,Statistical outlier,2879,B00263,Dissolution,50.96,50.96,"Flagged, value retained","Extreme but possible; may be a genuine process excursion - review, do not delete"
2026-09-26T05:17:57+00:00,6_outliers,Statistical outlier,2910,B02530,Dissolution,53.31,53.31,"Flagged, value retained","Extreme but possible; may be a genuine process excursion - review, do not delete"
2026-09-26T05:17:57+00:00,6_outliers,Statistical outlier,79,B00331,Impurity_Level,4.04,4.04,"Flagged, value retained","Extreme but possible; may be a genuine process excursion - review, do not delete"
2026-09-26T05:17:57+00:00,6_outliers,Statistical outlier,219,B01447,Impurity_Level,5.89,5.89,"Flagged, value retained","Extreme but possible; may be a genuine process excursion - review, do not delete"
2026-09-26T05:17:57+00:00,6_outliers,Statistical outlier,233,B01858,Impurity_Level,8.67,8.67,"Flagged, value retained","Extreme but possible; may be a genuine process excursion - review, do not delete"
2026-09-26T05:17:57+00:00,6_outliers,Statistical outlier,324,B02151,Impurity_Level,7.12,7.12,"Flagged, value retained","Extreme but possible; may be a genuine process excursion - review, do not delete"
2026-09-26T05:17:57+00:00,6_outliers,Statistical outlier,334,B01284,Impurity_Level,5.54,5.54,"Flagged, value retained","Extreme but possible; may be a genuine process excursion - review, do not delete"
2026-09-26T05:17:57+00:00,6_outliers,Statistical outlier,376,B02442,Impurity_Level,5.23,5.23,"Flagged, value retained","Extreme but possible; may be a genuine process excursion - review, do not delete"
2026-09-26T05:17:57+00:00,6_outliers,Statistical outlier,525,B00258,Impurity_Level,5.12,5.12,"Flagged, value retained","Extreme but possible; may be a genuine process excursion - review, do not delete"
2026-09-26T05:17:57+00:00,6_outliers,Statistical outlier,569,B01403,Impurity_Level,7.81,7.81,"Flagged, value retained","Extreme but possible; may be a genuine process excursion - review, do not delete"
2026-09-26T05:17:57+00:00,6_outliers,Statistical outlier,570,B02873,Impurity_Level,6.19,6.19,"Flagged, value retained","Extreme but possible; may be a genuine process excursion - review, do not delete"
2026-09-26T05:17:57+00:00,6_outliers,Statistical outlier,583,B02427,Impurity_Level,8.1,8.1,"Flagged, value retained","Extreme but possible; may be a genuine process excursion - review, do not delete"
2026-09-26T05:17:57+00:00,6_outliers,Statistical outlier,614,B02343,Impurity_Level,2.11,2.11,"Flagged, value retained","Extreme but possible; may be a genuine process excursion - review, do not delete"
2026-09-26T05:17:57+00:00,6_outliers,Statistical outlier,670,B02812,Impurity_Level,4.37,4.37,"Flagged, value retained","Extreme but possible; may be a genuine process excursion - review, do not delete"
2026-09-26T05:17:57+00:00,6_outliers,Statistical outlier,671,B00684,Impurity_Level,1.839,1.839,"Flagged, value retained","Extreme but possible; may be a genuine process excursion - review, do not delete"
2026-09-26T05:17:57+00:00,6_outliers,Statistical outlier,764,B02488,Impurity_Level,5.61,5.61,"Flagged, value retained","Extreme but possible; may be a genuine process excursion - review, do not delete"
2026-09-26T05:17:57+00:00,6_outliers,Statistical outlier,786,B00885,Impurity_Level,4.36,4.36,"Flagged, value retained","Extreme but possible; may be a genuine process excursion - review, do not delete"
2026-09-26T05:17:57+00:00,6_outliers,Statistical outlier,878,B00110,Impurity_Level,1.794,1.794,"Flagged, value retained","Extreme but possible; may be a genuine process excursion - review, do not delete"
2026-09-26T05:17:57+00:00,6_outliers,Statistical outlier,899,B00364,Impurity_Level,1.798,1.798,"Flagged, value retained","Extreme but possible; may be a genuine process excursion - review, do not delete"
2026-09-26T05:17:57+00:00,6_outliers,Statistical outlier,1115,B02196,Impurity_Level,1.788,1.788,"Flagged, value retained","Extreme but possible; may be a genuine process excursion - review, do not delete"
2026-09-26T05:17:57+00:00,6_outliers,Statistical outlier,1156,B00656,Impurity_Level,4.8,4.8,"Flagged, value retained","Extreme but possible; may be a genuine process excursion - review, do not delete"
2026-09-26T05:17:57+00:00,6_outliers,Statistical outlier,1320,B01823,Impurity_Level,4.21,4.21,"Flagged, value retained","Extreme but possible; may be a genuine process excursion - review, do not delete"
2026-09-26T05:17:57+00:00,6_outliers,Statistical outlier,1357,B02805,Impurity_Level,8.87,8.87,"Flagged, value retained","Extreme but possible; may be a genuine process excursion - review, do not delete"
2026-09-26T05:17:57+00:00,6_outliers,Statistical outlier,1405,B00676,Impurity_Level,4.65,4.65,"Flagged, value retained","Extreme but possible; may be a genuine process excursion - review, do not delete"
2026-09-26T05:17:57+00:00,6_outliers,Statistical outlier,1412,B00454,Impurity_Level,8.07,8.07,"Flagged, value retained","Extreme but possible; may be a genuine process excursion - review, do not delete"
2026-09-26T05:17:57+00:00,6_outliers,Statistical outlier,1415,B01593,Impurity_Level,6.19,6.19,"Flagged, value retained","Extreme but possible; may be a genuine process excursion - review, do not delete"
2026-09-26T05:17:57+00:00,6_outliers,Statistical outlier,1429,B01791,Impurity_Level,5.18,5.18,"Flagged, value retained","Extreme but possible; may be a genuine process excursion - review, do not delete"
2026-09-26T05:17:57+00:00,6_outliers,Statistical outlier,1517,B01136,Impurity_Level,7.54,7.54,"Flagged, value retained","Extreme but possible; may be a genuine process excursion - review, do not delete"
2026-09-26T05:17:57+00:00,6_outliers,Statistical outlier,1623,B01398,Impurity_Level,8.4,8.4,"Flagged, value retained","Extreme but possible; may be a genuine process excursion - review, do not delete"
2026-09-26T05:17:57+00:00,6_outliers,Statistical outlier,1690,B01968,Impurity_Level,5.72,5.72,"Flagged, value retained","Extreme but possible; may be a genuine process excursion - review, do not delete"
2026-09-26T05:17:57+00:00,6_outliers,Statistical outlier,1726,B00763,Impurity_Level,5.11,5.11,"Flagged, value retained","Extreme but possible; may be a genuine process excursion - review, do not delete"
2026-09-26T05:17:57+00:00,6_outliers,Statistical outlier,1734,B00486,Impurity_Level,8.01,8.01,"Flagged, value retained","Extreme but possible; may be a genuine process excursion - review, do not delete"
2026-09-26T05:17:57+00:00,6_outliers,Statistical outlier,2026,B01952,Impurity_Level,8.75,8.75,"Flagged, value retained","Extreme but possible; may be a genuine process excursion - review, do not delete"
2026-09-26T05:17:57+00:00,6_outliers,Statistical outlier,2092,B01262,Impurity_Level,7.85,7.85,"Flagged, value retained","Extreme but possible; may be a genuine process excursion - review, do not delete"
2026-09-26T05:17:57+00:00,6_outliers,Statistical outlier,2157,B01223,Impurity_Level,1.907,1.907,"Flagged, value retained","Extreme but possible; may be a genuine process excursion - review, do not delete"
2026-09-26T05:17:57+00:00,6_outliers,Statistical outlier,2235,B00153,Impurity_Level,6.31,6.31,"Flagged, value retained","Extreme but possible; may be a genuine process excursion - review, do not delete"
2026-09-26T05:17:57+00:00,6_outliers,Statistical outlier,2282,B01226,Impurity_Level,5.41,5.41,"Flagged, value retained","Extreme but possible; may be a genuine process excursion - review, do not delete"
2026-09-26T05:17:57+00:00,6_outliers,Statistical outlier,2342,B02201,Impurity_Level,5.1,5.1,"Flagged, value retained","Extreme but possible; may be a genuine process excursion - review, do not delete"
2026-09-26T05:17:57+00:00,6_outliers,Statistical outlier,2386,B01348,Impurity_Level,6.18,6.18,"Flagged, value retained","Extreme but possible; may be a genuine process excursion - review, do not delete"
2026-09-26T05:17:57+00:00,6_outliers,Statistical outlier,2494,B02098,Impurity_Level,6.58,6.58,"Flagged, value retained","Extreme but possible; may be a genuine process excursion - review, do not delete"
2026-09-26T05:17:57+00:00,6_outliers,Statistical outlier,2510,B01082,Impurity_Level,5.33,5.33,"Flagged, value retained","Extreme but possible; may be a genuine process excursion - review, do not delete"
2026-09-26T05:17:57+00:00,6_outliers,Statistical outlier,2547,B02799,Impurity_Level,6.96,6.96,"Flagged, value retained","Extreme but possible; may be a genuine process excursion - review, do not delete"
2026-09-26T05:17:57+00:00,6_outliers,Statistical outlier,2551,B01771,Impurity_Level,1.886,1.886,"Flagged, value retained","Extreme but possible; may be a genuine process excursion - review, do not delete"
2026-09-26T05:17:57+00:00,6_outliers,Statistical outlier,2558,B00495,Impurity_Level,8.54,8.54,"Flagged, value retained","Extreme but possible; may be a genuine process excursion - review, do not delete"
2026-09-26T05:17:57+00:00,6_outliers,Statistical outlier,2612,B01427,Impurity_Level,4.74,4.74,"Flagged, value retained","Extreme but possible; may be a genuine process excursion - review, do not delete"
2026-09-26T05:17:57+00:00,6_outliers,Statistical outlier,2639,B02647,Impurity_Level,4.67,4.67,"Flagged, value retained","Extreme but possible; may be a genuine process excursion - review, do not delete"
2026-09-26T05:17:57+00:00,6_outliers,Statistical outlier,2655,B00121,Impurity_Level,5.68,5.68,"Flagged, value retained","Extreme but possible; may be a genuine process excursion - review, do not delete"
2026-09-26T05:17:57+00:00,6_outliers,Statistical outlier,2688,B00793,Impurity_Level,1.898,1.898,"Flagged, value retained","Extreme but possible; may be a genuine process excursion - review, do not delete"
2026-09-26T05:17:57+00:00,6_outliers,Statistical outlier,2748,B01556,Impurity_Level,5.43,5.43,"Flagged, value retained","Extreme but possible; may be a genuine process excursion - review, do not delete"
2026-09-26T05:17:57+00:00,6_outliers,Statistical outlier,2765,B00986,Impurity_Level,7.22,7.22,"Flagged, value retained","Extreme but possible; may be a genuine process excursion - review, do not delete"
2026-09-26T05:17:57+00:00,6_outliers,Statistical outlier,2767,B02719,Impurity_Level,4.77,4.77,"Flagged, value retained","Extreme but possible; may be a genuine process excursion - review, do not delete"
2026-09-26T05:17:57+00:00,6_outliers,Statistical outlier,2813,B00993,Impurity_Level,7.36,7.36,"Flagged, value retained","Extreme but possible; may be a genuine process excursion - review, do not delete"
2026-09-26T05:17:57+00:00,6_outliers,Statistical outlier,2969,B00046,Impurity_Level,4.79,4.79,"Flagged, value retained","Extreme but possible; may be a genuine process excursion - review, do not delete"
2026-09-26T05:17:57+00:00,6_outliers,Statistical outlier,23,B00745,Yield_Percentage,73.77,73.77,"Flagged, value retained","Extreme but possible; may be a genuine process excursion - review, do not delete"
2026-09-26T05:17:57+00:00,6_outliers,Statistical outlier,279,B00009,Yield_Percentage,70.21,70.21,"Flagged, value retained","Extreme but possible; may be a genuine process excursion - review, do not delete"
2026-09-26T05:17:57+00:00,6_outliers,Statistical outlier,321,B00839,Yield_Percentage,63.38,63.38,"Flagged, value retained","Extreme but possible; may be a genuine process excursion - review, do not delete"
2026-09-26T05:17:57+00:00,6_outliers,Statistical outlier,362,B01180,Yield_Percentage,70.29,70.29,"Flagged, value retained","Extreme but possible; may be a genuine process excursion - review, do not delete"
2026-09-26T05:17:57+00:00,6_outliers,Statistical outlier,488,B00410,Yield_Percentage,63.53,63.53,"Flagged, value retained","Extreme but possible; may be a genuine process excursion - review, do not delete"
2026-09-26T05:17:57+00:00,6_outliers,Statistical outlier,493,B00083,Yield_Percentage,66.64,66.64,"Flagged, value retained","Extreme but possible; may be a genuine process excursion - review, do not delete"
2026-09-26T05:17:57+00:00,6_outliers,Statistical outlier,581,B00817,Yield_Percentage,70.68,70.68,"Flagged, value retained","Extreme but possible; may be a genuine process excursion - review, do not delete"
2026-09-26T05:17:57+00:00,6_outliers,Statistical outlier,602,B00970,Yield_Percentage,74.01,74.01,"Flagged, value retained","Extreme but possible; may be a genuine process excursion - review, do not delete"
2026-09-26T05:17:57+00:00,6_outliers,Statistical outlier,650,B00236,Yield_Percentage,66.52,66.52,"Flagged, value retained","Extreme but possible; may be a genuine process excursion - review, do not delete"
2026-09-26T05:17:57+00:00,6_outliers,Statistical outlier,657,B00389,Yield_Percentage,68.56,68.56,"Flagged, value retained","Extreme but possible; may be a genuine process excursion - review, do not delete"
2026-09-26T05:17:57+00:00,6_outliers,Statistical outlier,748,B02236,Yield_Percentage,73.09,73.09,"Flagged, value retained","Extreme but possible; may be a genuine process excursion - review, do not delete"
2026-09-26T05:17:57+00:00,6_outliers,Statistical outlier,828,B01773,Yield_Percentage,66.65,66.65,"Flagged, value retained","Extreme but possible; may be a genuine process excursion - review, do not delete"
2026-09-26T05:17:57+00:00,6_outliers,Statistical outlier,846,B01135,Yield_Percentage,70.83,70.83,"Flagged, value retained","Extreme but possible; may be a genuine process excursion - review, do not delete"
2026-09-26T05:17:57+00:00,6_outliers,Statistical outlier,872,B00608,Yield_Percentage,61.74,61.74,"Flagged, value retained","Extreme but possible; may be a genuine process excursion - review, do not delete"
2026-09-26T05:17:57+00:00,6_outliers,Statistical outlier,936,B00113,Yield_Percentage,62.42,62.42,"Flagged, value retained","Extreme but possible; may be a genuine process excursion - review, do not delete"
2026-09-26T05:17:57+00:00,6_outliers,Statistical outlier,958,B02844,Yield_Percentage,60.4,60.4,"Flagged, value retained","Extreme but possible; may be a genuine process excursion - review, do not delete"
2026-09-26T05:17:57+00:00,6_outliers,Statistical outlier,1040,B01212,Yield_Percentage,74.63,74.63,"Flagged, value retained","Extreme but possible; may be a genuine process excursion - review, do not delete"
2026-09-26T05:17:57+00:00,6_outliers,Statistical outlier,1170,B01930,Yield_Percentage,73.97,73.97,"Flagged, value retained","Extreme but possible; may be a genuine process excursion - review, do not delete"
2026-09-26T05:17:57+00:00,6_outliers,Statistical outlier,1285,B00377,Yield_Percentage,70.39,70.39,"Flagged, value retained","Extreme but possible; may be a genuine process excursion - review, do not delete"
2026-09-26T05:17:57+00:00,6_outliers,Statistical outlier,1554,B02668,Yield_Percentage,71.45,71.45,"Flagged, value retained","Extreme but possible; may be a genuine process excursion - review, do not delete"
2026-09-26T05:17:57+00:00,6_outliers,Statistical outlier,1653,B01836,Yield_Percentage,67.86,67.86,"Flagged, value retained","Extreme but possible; may be a genuine process excursion - review, do not delete"
2026-09-26T05:17:57+00:00,6_outliers,Statistical outlier,1807,B00451,Yield_Percentage,66.15,66.15,"Flagged, value retained","Extreme but possible; may be a genuine process excursion - review, do not delete"
2026-09-26T05:17:57+00:00,6_outliers,Statistical outlier,2039,B00603,Yield_Percentage,61.26,61.26,"Flagged, value retained","Extreme but possible; may be a genuine process excursion - review, do not delete"
2026-09-26T05:17:57+00:00,6_outliers,Statistical outlier,2081,B01886,Yield_Percentage,70.19,70.19,"Flagged, value retained","Extreme but possible; may be a genuine process excursion - review, do not delete"
2026-09-26T05:17:57+00:00,6_outliers,Statistical outlier,2212,B02605,Yield_Percentage,67.95,67.95,"Flagged, value retained","Extreme but possible; may be a genuine process excursion - review, do not delete"
2026-09-26T05:17:57+00:00,6_outliers,Statistical outlier,2217,B02007,Yield_Percentage,73.11,73.11,"Flagged, value retained","Extreme but possible; may be a genuine process excursion - review, do not delete"
2026-09-26T05:17:57+00:00,6_outliers,Statistical outlier,2224,B00733,Yield_Percentage,62.92,62.92,"Flagged, value retained","Extreme but possible; may be a genuine process excursion - review, do not delete"
2026-09-26T05:17:57+00:00,6_outliers,Statistical outlier,2597,B00014,Yield_Percentage,68.86,68.86,"Flagged, value retained","Extreme but possible; may be a genuine process excursion - review, do not delete"
2026-09-26T05:17:57+00:00,6_outliers,Statistical outlier,2599,B02054,Yield_Percentage,70.14,70.14,"Flagged, value retained","Extreme but possible; may be a genuine process excursion - review, do not delete"
2026-09-26T05:17:57+00:00,6_outliers,Statistical outlier,2696,B02342,Yield_Percentage,65.19,65.19,"Flagged, value retained","Extreme but possible; may be a genuine process excursion - review, do not delete"
2026-09-26T05:17:57+00:00,6_outliers,Statistical outlier,2896,B02909,Yield_Percentage,71.51,71.51,"Flagged, value retained","Extreme but possible; may be a genuine process excursion - review, do not delete"
2026-09-26T05:17:57+00:00,6_outliers,Statistical outlier,162,B01665,Deviation_Count,24,24,"Flagged, value retained","Extreme but possible; may be a genuine process excursion - review, do not delete"
2026-09-26T05:17:57+00:00,6_outliers,Statistical outlier,195,B00088,Deviation_Count,17,17,"Flagged, value retained","Extreme but possible; may be a genuine process excursion - review, do not delete"
2026-09-26T05:17:57+00:00,6_outliers,Statistical outlier,260,B01517,Deviation_Count,25,25,"Flagged, value retained","Extreme but possible; may be a genuine process excursion - review, do not delete"
2026-09-26T05:17:57+00:00,6_outliers,Statistical outlier,416,B01789,Deviation_Count,25,25,"Flagged, value retained","Extreme but possible; may be a genuine process excursion - review, do not delete"
2026-09-26T05:17:57+00:00,6_outliers,Statistical outlier,747,B01461,Deviation_Count,25,25,"Flagged, value retained","Extreme but possible; may be a genuine process excursion - review, do not delete"
2026-09-26T05:17:57+00:00,6_outliers,Statistical outlier,787,B00318,Deviation_Count,18,18,"Flagged, value retained","Extreme but possible; may be a genuine process excursion - review, do not delete"
2026-09-26T05:17:57+00:00,6_outliers,Statistical outlier,807,B01040,Deviation_Count,15,15,"Flagged, value retained","Extreme but possible; may be a genuine process excursion - review, do not delete"
2026-09-26T05:17:57+00:00,6_outliers,Statistical outlier,1094,B00026,Deviation_Count,32,32,"Flagged, value retained","Extreme but possible; may be a genuine process excursion - review, do not delete"
2026-09-26T05:17:57+00:00,6_outliers,Statistical outlier,1309,B00323,Deviation_Count,22,22,"Flagged, value retained","Extreme but possible; may be a genuine process excursion - review, do not delete"
2026-09-26T05:17:57+00:00,6_outliers,Statistical outlier,1329,B02205,Deviation_Count,20,20,"Flagged, value retained","Extreme but possible; may be a genuine process excursion - review, do not delete"
2026-09-26T05:17:57+00:00,6_outliers,Statistical outlier,1354,B00057,Deviation_Count,21,21,"Flagged, value retained","Extreme but possible; may be a genuine process excursion - review, do not delete"
2026-09-26T05:17:57+00:00,6_outliers,Statistical outlier,1369,B02103,Deviation_Count,21,21,"Flagged, value retained","Extreme but possible; may be a genuine process excursion - review, do not delete"
2026-09-26T05:17:57+00:00,6_outliers,Statistical outlier,1471,B02910,Deviation_Count,24,24,"Flagged, value retained","Extreme but possible; may be a genuine process excursion - review, do not delete"
2026-09-26T05:17:57+00:00,6_outliers,Statistical outlier,1512,B02105,Deviation_Count,30,30,"Flagged, value retained","Extreme but possible; may be a genuine process excursion - review, do not delete"
2026-09-26T05:17:57+00:00,6_outliers,Statistical outlier,1608,B02350,Deviation_Count,26,26,"Flagged, value retained","Extreme but possible; may be a genuine process excursion - review, do not delete"
2026-09-26T05:17:57+00:00,6_outliers,Statistical outlier,2220,B00001,Deviation_Count,23,23,"Flagged, value retained","Extreme but possible; may be a genuine process excursion - review, do not delete"
2026-09-26T05:17:57+00:00,6_outliers,Statistical outlier,2322,B00270,Deviation_Count,18,18,"Flagged, value retained","Extreme but possible; may be a genuine process excursion - review, do not delete"
2026-09-26T05:17:57+00:00,6_outliers,Statistical outlier,2355,B00556,Deviation_Count,30,30,"Flagged, value retained","Extreme but possible; may be a genuine process excursion - review, do not delete"
2026-09-26T05:17:57+00:00,6_outliers,Statistical outlier,2496,B02128,Deviation_Count,35,35,"Flagged, value retained","Extreme but possible; may be a genuine process excursion - review, do not delete"
2026-09-26T05:17:57+00:00,6_outliers,Statistical outlier,2567,B02557,Deviation_Count,35,35,"Flagged, value retained","Extreme but possible; may be a genuine process excursion - review, do not delete"
2026-09-26T05:17:57+00:00,6_outliers,Statistical outlier,2593,B01101,Deviation_Count,37,37,"Flagged, value retained","Extreme but possible; may be a genuine process excursion - review, do not delete"
2026-09-26T05:17:57+00:00,6_outliers,Statistical outlier,2719,B01451,Deviation_Count,37,37,"Flagged, value retained","Extreme but possible; may be a genuine process excursion - review, do not delete"
2026-09-26T05:17:57+00:00,6_outliers,Statistical outlier,2812,B00999,Deviation_Count,34,34,"Flagged, value retained","Extreme but possible; may be a genuine process excursion - review, do not delete"
2026-09-26T05:17:57+00:00,6_outliers,Statistical outlier,13,B02904,Cycle_Time_Hrs,40.46,40.46,"Flagged, value retained","Extreme but possible; may be a genuine process excursion - review, do not delete"
2026-09-26T05:17:57+00:00,6_outliers,Statistical outlier,82,B00374,Cycle_Time_Hrs,86.74,86.74,"Flagged, value retained","Extreme but possible; may be a genuine process excursion - review, do not delete"
2026-09-26T05:17:57+00:00,6_outliers,Statistical outlier,111,B00398,Cycle_Time_Hrs,47.8,47.8,"Flagged, value retained","Extreme but possible; may be a genuine process excursion - review, do not delete"
2026-09-26T05:17:57+00:00,6_outliers,Statistical outlier,130,B02299,Cycle_Time_Hrs,42.5,42.5,"Flagged, value retained","Extreme but possible; may be a genuine process excursion - review, do not delete"
2026-09-26T05:17:57+00:00,6_outliers,Statistical outlier,213,B01485,Cycle_Time_Hrs,68.91,68.91,"Flagged, value retained","Extreme but possible; may be a genuine process excursion - review, do not delete"
2026-09-26T05:17:57+00:00,6_outliers,Statistical outlier,257,B00335,Cycle_Time_Hrs,86.81,86.81,"Flagged, value retained","Extreme but possible; may be a genuine process excursion - review, do not delete"
2026-09-26T05:17:57+00:00,6_outliers,Statistical outlier,344,B00229,Cycle_Time_Hrs,87.01,87.01,"Flagged, value retained","Extreme but possible; may be a genuine process excursion - review, do not delete"
2026-09-26T05:17:57+00:00,6_outliers,Statistical outlier,471,B00233,Cycle_Time_Hrs,41.04,41.04,"Flagged, value retained","Extreme but possible; may be a genuine process excursion - review, do not delete"
2026-09-26T05:17:57+00:00,6_outliers,Statistical outlier,623,B00864,Cycle_Time_Hrs,87.04,87.04,"Flagged, value retained","Extreme but possible; may be a genuine process excursion - review, do not delete"
2026-09-26T05:17:57+00:00,6_outliers,Statistical outlier,840,B02849,Cycle_Time_Hrs,51.63,51.63,"Flagged, value retained","Extreme but possible; may be a genuine process excursion - review, do not delete"
2026-09-26T05:17:57+00:00,6_outliers,Statistical outlier,862,B00747,Cycle_Time_Hrs,50.42,50.42,"Flagged, value retained","Extreme but possible; may be a genuine process excursion - review, do not delete"
2026-09-26T05:17:57+00:00,6_outliers,Statistical outlier,941,B00622,Cycle_Time_Hrs,40.24,40.24,"Flagged, value retained","Extreme but possible; may be a genuine process excursion - review, do not delete"
2026-09-26T05:17:57+00:00,6_outliers,Statistical outlier,978,B00119,Cycle_Time_Hrs,85.08,85.08,"Flagged, value retained","Extreme but possible; may be a genuine process excursion - review, do not delete"
2026-09-26T05:17:57+00:00,6_outliers,Statistical outlier,999,B01618,Cycle_Time_Hrs,47.37,47.37,"Flagged, value retained","Extreme but possible; may be a genuine process excursion - review, do not delete"
2026-09-26T05:17:57+00:00,6_outliers,Statistical outlier,1146,B01356,Cycle_Time_Hrs,84.38,84.38,"Flagged, value retained","Extreme but possible; may be a genuine process excursion - review, do not delete"
2026-09-26T05:17:57+00:00,6_outliers,Statistical outlier,1386,B02079,Cycle_Time_Hrs,64.73,64.73,"Flagged, value retained","Extreme but possible; may be a genuine process excursion - review, do not delete"
2026-09-26T05:17:57+00:00,6_outliers,Statistical outlier,1480,B00618,Cycle_Time_Hrs,78.51,78.51,"Flagged, value retained","Extreme but possible; may be a genuine process excursion - review, do not delete"
2026-09-26T05:17:57+00:00,6_outliers,Statistical outlier,1579,B00613,Cycle_Time_Hrs,58.69,58.69,"Flagged, value retained","Extreme but possible; may be a genuine process excursion - review, do not delete"
2026-09-26T05:17:57+00:00,6_outliers,Statistical outlier,2066,B00239,Cycle_Time_Hrs,67.49,67.49,"Flagged, value retained","Extreme but possible; may be a genuine process excursion - review, do not delete"
2026-09-26T05:17:57+00:00,6_outliers,Statistical outlier,2071,B02146,Cycle_Time_Hrs,85.92,85.92,"Flagged, value retained","Extreme but possible; may be a genuine process excursion - review, do not delete"
2026-09-26T05:17:57+00:00,6_outliers,Statistical outlier,2076,B01389,Cycle_Time_Hrs,77.09,77.09,"Flagged, value retained","Extreme but possible; may be a genuine process excursion - review, do not delete"
2026-09-26T05:17:57+00:00,6_outliers,Statistical outlier,2098,B01785,Cycle_Time_Hrs,72.39,72.39,"Flagged, value retained","Extreme but possible; may be a genuine process excursion - review, do not delete"
2026-09-26T05:17:57+00:00,6_outliers,Statistical outlier,2105,B00937,Cycle_Time_Hrs,48.85,48.85,"Flagged, value retained","Extreme but possible; may be a genuine process excursion - review, do not delete"
2026-09-26T05:17:57+00:00,6_outliers,Statistical outlier,2246,B00058,Cycle_Time_Hrs,85.85,85.85,"Flagged, value retained","Extreme but possible; may be a genuine process excursion - review, do not delete"
2026-09-26T05:17:57+00:00,6_outliers,Statistical outlier,2437,B00108,Cycle_Time_Hrs,57.99,57.99,"Flagged, value retained","Extreme but possible; may be a genuine process excursion - review, do not delete"
2026-09-26T05:17:57+00:00,6_outliers,Statistical outlier,2457,B00730,Cycle_Time_Hrs,41.24,41.24,"Flagged, value retained","Extreme but possible; may be a genuine process excursion - review, do not delete"
2026-09-26T05:17:57+00:00,6_outliers,Statistical outlier,2528,B00067,Cycle_Time_Hrs,77.18,77.18,"Flagged, value retained","Extreme but possible; may be a genuine process excursion - review, do not delete"
2026-09-26T05:17:57+00:00,6_outliers,Statistical outlier,2539,B00182,Cycle_Time_Hrs,59.04,59.04,"Flagged, value retained","Extreme but possible; may be a genuine process excursion - review, do not delete"
2026-09-26T05:17:57+00:00,6_outliers,Statistical outlier,2579,B00423,Cycle_Time_Hrs,80.95,80.95,"Flagged, value retained","Extreme but possible; may be a genuine process excursion - review, do not delete"
2026-09-26T05:17:57+00:00,6_outliers,Statistical outlier,2633,B01566,Cycle_Time_Hrs,42.43,42.43,"Flagged, value retained","Extreme but possible; may be a genuine process excursion - review, do not delete"
2026-09-26T05:17:57+00:00,6_outliers,Statistical outlier,2740,B00130,Cycle_Time_Hrs,64.11,64.11,"Flagged, value retained","Extreme but possible; may be a genuine process excursion - review, do not delete"
2026-09-26T05:17:57+00:00,6_outliers,Statistical outlier,2752,B00773,Cycle_Time_Hrs,68.81,68.81,"Flagged, value retained","Extreme but possible; may be a genuine process excursion - review, do not delete"
2026-09-26T05:17:57+00:00,6_outliers,Statistical outlier,2776,B01627,Cycle_Time_Hrs,68.53,68.53,"Flagged, value retained","Extreme but possible; may be a genuine process excursion - review, do not delete"
2026-09-26T05:17:57+00:00,6_outliers,Statistical outlier,2832,B02484,Cycle_Time_Hrs,47.11,47.11,"Flagged, value retained","Extreme but possible; may be a genuine process excursion - review, do not delete"
2026-09-26T05:17:57+00:00,6_outliers,Statistical outlier,2954,B00939,Cycle_Time_Hrs,49.28,49.28,"Flagged, value retained","Extreme but possible; may be a genuine process excursion - review, do not delete"
2026-09-26T05:17:57+00:00,7_imputation,Missing process parameter,17,B02132,Temperature,<missing>,22.765,Imputed with product median,Process parameter; product-level median is a low-risk estimate
2026-09-26T05:17:57+00:00,7_imputation,Missing process parameter,21,B00339,Temperature,<missing>,22.49,Imputed with product median,Process parameter; product-level median is a low-risk estimate
2026-09-26T05:17:57+00:00,7_imputation,Missing process parameter,42,B01570,Temperature,<missing>,22.765,Imputed with product median,Process parameter; product-level median is a low-risk estimate
2026-09-26T05:17:57+00:00,7_imputation,Missing process parameter,62,B02044,Temperature,<missing>,22.69,Imputed with product median,Process parameter; product-level median is a low-risk estimate
2026-09-26T05:17:57+00:00,7_imputation,Missing process parameter,105,B02674,Temperature,<missing>,22.88,Imputed with product median,Process parameter; product-level median is a low-risk estimate
2026-09-26T05:17:57+00:00,7_imputation,Missing process parameter,142,B02403,Temperature,<missing>,22.69,Imputed with product median,Process parameter; product-level median is a low-risk estimate
2026-09-26T05:17:57+00:00,7_imputation,Missing process parameter,174,B00344,Temperature,<missing>,22.58,Imputed with product median,Process parameter; product-level median is a low-risk estimate
2026-09-26T05:17:57+00:00,7_imputation,Missing process parameter,182,B00980,Temperature,<missing>,22.58,Imputed with product median,Process parameter; product-level median is a low-risk estimate
2026-09-26T05:17:57+00:00,7_imputation,Missing process parameter,186,B01913,Temperature,<missing>,22.52,Imputed with product median,Process parameter; product-level median is a low-risk estimate
2026-09-26T05:17:57+00:00,7_imputation,Missing process parameter,202,B01995,Temperature,<missing>,22.69,Imputed with product median,Process parameter; product-level median is a low-risk estimate
2026-09-26T05:17:57+00:00,7_imputation,Missing process parameter,255,B00493,Temperature,<missing>,22.69,Imputed with product median,Process parameter; product-level median is a low-risk estimate
2026-09-26T05:17:57+00:00,7_imputation,Missing process parameter,284,B00549,Temperature,<missing>,22.58,Imputed with product median,Process parameter; product-level median is a low-risk estimate
2026-09-26T05:17:57+00:00,7_imputation,Missing process parameter,287,B00800,Temperature,<missing>,22.7,Imputed with product median,Process parameter; product-level median is a low-risk estimate
2026-09-26T05:17:57+00:00,7_imputation,Missing process parameter,323,B02414,Temperature,<missing>,22.77,Imputed with product median,Process parameter; product-level median is a low-risk estimate
2026-09-26T05:17:57+00:00,7_imputation,Missing process parameter,329,B00720,Temperature,<missing>,22.58,Imputed with product median,Process parameter; product-level median is a low-risk estimate
2026-09-26T05:17:57+00:00,7_imputation,Missing process parameter,363,B02795,Temperature,<missing>,22.52,Imputed with product median,Process parameter; product-level median is a low-risk estimate
2026-09-26T05:17:57+00:00,7_imputation,Missing process parameter,370,B01625,Temperature,<missing>,22.58,Imputed with product median,Process parameter; product-level median is a low-risk estimate
2026-09-26T05:17:57+00:00,7_imputation,Missing process parameter,401,B02571,Temperature,<missing>,22.75,Imputed with product median,Process parameter; product-level median is a low-risk estimate
2026-09-26T05:17:57+00:00,7_imputation,Missing process parameter,454,B00920,Temperature,<missing>,22.77,Imputed with product median,Process parameter; product-level median is a low-risk estimate
2026-09-26T05:17:57+00:00,7_imputation,Missing process parameter,476,B00808,Temperature,<missing>,22.75,Imputed with product median,Process parameter; product-level median is a low-risk estimate
2026-09-26T05:17:57+00:00,7_imputation,Missing process parameter,514,B01260,Temperature,<missing>,22.82,Imputed with product median,Process parameter; product-level median is a low-risk estimate
2026-09-26T05:17:57+00:00,7_imputation,Missing process parameter,516,B02374,Temperature,<missing>,22.79,Imputed with product median,Process parameter; product-level median is a low-risk estimate
2026-09-26T05:17:57+00:00,7_imputation,Missing process parameter,628,B02330,Temperature,<missing>,22.88,Imputed with product median,Process parameter; product-level median is a low-risk estimate
2026-09-26T05:17:57+00:00,7_imputation,Missing process parameter,661,B00369,Temperature,<missing>,22.52,Imputed with product median,Process parameter; product-level median is a low-risk estimate
2026-09-26T05:17:57+00:00,7_imputation,Missing process parameter,684,B01541,Temperature,<missing>,22.75,Imputed with product median,Process parameter; product-level median is a low-risk estimate
2026-09-26T05:17:57+00:00,7_imputation,Missing process parameter,711,B00679,Temperature,<missing>,22.58,Imputed with product median,Process parameter; product-level median is a low-risk estimate
2026-09-26T05:17:57+00:00,7_imputation,Missing process parameter,750,B01925,Temperature,<missing>,22.75,Imputed with product median,Process parameter; product-level median is a low-risk estimate
2026-09-26T05:17:57+00:00,7_imputation,Missing process parameter,811,B00879,Temperature,<missing>,22.58,Imputed with product median,Process parameter; product-level median is a low-risk estimate
2026-09-26T05:17:57+00:00,7_imputation,Missing process parameter,850,B01201,Temperature,<missing>,22.82,Imputed with product median,Process parameter; product-level median is a low-risk estimate
2026-09-26T05:17:57+00:00,7_imputation,Missing process parameter,852,B02049,Temperature,<missing>,22.69,Imputed with product median,Process parameter; product-level median is a low-risk estimate
2026-09-26T05:17:57+00:00,7_imputation,Missing process parameter,886,B02596,Temperature,<missing>,22.88,Imputed with product median,Process parameter; product-level median is a low-risk estimate
2026-09-26T05:17:57+00:00,7_imputation,Missing process parameter,916,B00421,Temperature,<missing>,22.75,Imputed with product median,Process parameter; product-level median is a low-risk estimate
2026-09-26T05:17:57+00:00,7_imputation,Missing process parameter,945,B02058,Temperature,<missing>,22.69,Imputed with product median,Process parameter; product-level median is a low-risk estimate
2026-09-26T05:17:57+00:00,7_imputation,Missing process parameter,946,B01366,Temperature,<missing>,22.52,Imputed with product median,Process parameter; product-level median is a low-risk estimate
2026-09-26T05:17:57+00:00,7_imputation,Missing process parameter,968,B01100,Temperature,<missing>,22.7,Imputed with product median,Process parameter; product-level median is a low-risk estimate
2026-09-26T05:17:57+00:00,7_imputation,Missing process parameter,1013,B00185,Temperature,<missing>,22.7,Imputed with product median,Process parameter; product-level median is a low-risk estimate
2026-09-26T05:17:57+00:00,7_imputation,Missing process parameter,1130,B01309,Temperature,<missing>,22.7,Imputed with product median,Process parameter; product-level median is a low-risk estimate
2026-09-26T05:17:57+00:00,7_imputation,Missing process parameter,1168,B02640,Temperature,<missing>,22.82,Imputed with product median,Process parameter; product-level median is a low-risk estimate
2026-09-26T05:17:57+00:00,7_imputation,Missing process parameter,1174,B02752,Temperature,<missing>,22.52,Imputed with product median,Process parameter; product-level median is a low-risk estimate
2026-09-26T05:17:57+00:00,7_imputation,Missing process parameter,1203,B00947,Temperature,<missing>,22.765,Imputed with product median,Process parameter; product-level median is a low-risk estimate
2026-09-26T05:17:57+00:00,7_imputation,Missing process parameter,1242,B00035,Temperature,<missing>,22.82,Imputed with product median,Process parameter; product-level median is a low-risk estimate
2026-09-26T05:17:57+00:00,7_imputation,Missing process parameter,1287,B02217,Temperature,<missing>,22.7,Imputed with product median,Process parameter; product-level median is a low-risk estimate
2026-09-26T05:17:57+00:00,7_imputation,Missing process parameter,1378,B00591,Temperature,<missing>,22.82,Imputed with product median,Process parameter; product-level median is a low-risk estimate
2026-09-26T05:17:57+00:00,7_imputation,Missing process parameter,1386,B02079,Temperature,<missing>,22.49,Imputed with product median,Process parameter; product-level median is a low-risk estimate
2026-09-26T05:17:57+00:00,7_imputation,Missing process parameter,1415,B01593,Temperature,<missing>,22.79,Imputed with product median,Process parameter; product-level median is a low-risk estimate
2026-09-26T05:17:57+00:00,7_imputation,Missing process parameter,1433,B01277,Temperature,<missing>,22.77,Imputed with product median,Process parameter; product-level median is a low-risk estimate
2026-09-26T05:17:57+00:00,7_imputation,Missing process parameter,1461,B01974,Temperature,<missing>,22.79,Imputed with product median,Process parameter; product-level median is a low-risk estimate
2026-09-26T05:17:57+00:00,7_imputation,Missing process parameter,1466,B02413,Temperature,<missing>,22.765,Imputed with product median,Process parameter; product-level median is a low-risk estimate
2026-09-26T05:17:57+00:00,7_imputation,Missing process parameter,1467,B00985,Temperature,<missing>,22.58,Imputed with product median,Process parameter; product-level median is a low-risk estimate
2026-09-26T05:17:57+00:00,7_imputation,Missing process parameter,1470,B02401,Temperature,<missing>,22.52,Imputed with product median,Process parameter; product-level median is a low-risk estimate
2026-09-26T05:17:57+00:00,7_imputation,Missing process parameter,1486,B00637,Temperature,<missing>,22.49,Imputed with product median,Process parameter; product-level median is a low-risk estimate
2026-09-26T05:17:57+00:00,7_imputation,Missing process parameter,1523,B00016,Temperature,<missing>,22.69,Imputed with product median,Process parameter; product-level median is a low-risk estimate
2026-09-26T05:17:57+00:00,7_imputation,Missing process parameter,1525,B01939,Temperature,<missing>,22.765,Imputed with product median,Process parameter; product-level median is a low-risk estimate
2026-09-26T05:17:57+00:00,7_imputation,Missing process parameter,1535,B01630,Temperature,<missing>,22.88,Imputed with product median,Process parameter; product-level median is a low-risk estimate
2026-09-26T05:17:57+00:00,7_imputation,Missing process parameter,1554,B02668,Temperature,<missing>,22.765,Imputed with product median,Process parameter; product-level median is a low-risk estimate
2026-09-26T05:17:57+00:00,7_imputation,Missing process parameter,1562,B00028,Temperature,<missing>,22.82,Imputed with product median,Process parameter; product-level median is a low-risk estimate
2026-09-26T05:17:57+00:00,7_imputation,Missing process parameter,1601,B02738,Temperature,<missing>,22.88,Imputed with product median,Process parameter; product-level median is a low-risk estimate
2026-09-26T05:17:57+00:00,7_imputation,Missing process parameter,1669,B00822,Temperature,<missing>,22.77,Imputed with product median,Process parameter; product-level median is a low-risk estimate
2026-09-26T05:17:57+00:00,7_imputation,Missing process parameter,1695,B02381,Temperature,<missing>,22.88,Imputed with product median,Process parameter; product-level median is a low-risk estimate
2026-09-26T05:17:57+00:00,7_imputation,Missing process parameter,1702,B00559,Temperature,<missing>,22.69,Imputed with product median,Process parameter; product-level median is a low-risk estimate
2026-09-26T05:17:57+00:00,7_imputation,Missing process parameter,1732,B00527,Temperature,<missing>,22.75,Imputed with product median,Process parameter; product-level median is a low-risk estimate
2026-09-26T05:17:57+00:00,7_imputation,Missing process parameter,1752,B02686,Temperature,<missing>,22.7,Imputed with product median,Process parameter; product-level median is a low-risk estimate
2026-09-26T05:17:57+00:00,7_imputation,Missing process parameter,1800,B02247,Temperature,<missing>,22.58,Imputed with product median,Process parameter; product-level median is a low-risk estimate
2026-09-26T05:17:57+00:00,7_imputation,Missing process parameter,1849,B01882,Temperature,<missing>,22.49,Imputed with product median,Process parameter; product-level median is a low-risk estimate
2026-09-26T05:17:57+00:00,7_imputation,Missing process parameter,1880,B02275,Temperature,<missing>,22.75,Imputed with product median,Process parameter; product-level median is a low-risk estimate
2026-09-26T05:17:57+00:00,7_imputation,Missing process parameter,1884,B02810,Temperature,<missing>,22.88,Imputed with product median,Process parameter; product-level median is a low-risk estimate
2026-09-26T05:17:57+00:00,7_imputation,Missing process parameter,1894,B02760,Temperature,<missing>,22.7,Imputed with product median,Process parameter; product-level median is a low-risk estimate
2026-09-26T05:17:57+00:00,7_imputation,Missing process parameter,1898,B01333,Temperature,<missing>,22.7,Imputed with product median,Process parameter; product-level median is a low-risk estimate
2026-09-26T05:17:57+00:00,7_imputation,Missing process parameter,1905,B01973,Temperature,<missing>,22.77,Imputed with product median,Process parameter; product-level median is a low-risk estimate
2026-09-26T05:17:57+00:00,7_imputation,Missing process parameter,1920,B00580,Temperature,<missing>,22.88,Imputed with product median,Process parameter; product-level median is a low-risk estimate
2026-09-26T05:17:57+00:00,7_imputation,Missing process parameter,1949,B00546,Temperature,<missing>,22.52,Imputed with product median,Process parameter; product-level median is a low-risk estimate
2026-09-26T05:17:57+00:00,7_imputation,Missing process parameter,1951,B00391,Temperature,<missing>,22.69,Imputed with product median,Process parameter; product-level median is a low-risk estimate
2026-09-26T05:17:57+00:00,7_imputation,Missing process parameter,1969,B01897,Temperature,<missing>,22.58,Imputed with product median,Process parameter; product-level median is a low-risk estimate
2026-09-26T05:17:57+00:00,7_imputation,Missing process parameter,2008,B02416,Temperature,<missing>,22.7,Imputed with product median,Process parameter; product-level median is a low-risk estimate
2026-09-26T05:17:57+00:00,7_imputation,Missing process parameter,2013,B02680,Temperature,<missing>,22.79,Imputed with product median,Process parameter; product-level median is a low-risk estimate
2026-09-26T05:17:57+00:00,7_imputation,Missing process parameter,2018,B00146,Temperature,<missing>,22.82,Imputed with product median,Process parameter; product-level median is a low-risk estimate
2026-09-26T05:17:57+00:00,7_imputation,Missing process parameter,2037,B00524,Temperature,<missing>,22.82,Imputed with product median,Process parameter; product-level median is a low-risk estimate
2026-09-26T05:17:57+00:00,7_imputation,Missing process parameter,2152,B02746,Temperature,<missing>,22.7,Imputed with product median,Process parameter; product-level median is a low-risk estimate
2026-09-26T05:17:57+00:00,7_imputation,Missing process parameter,2164,B01172,Temperature,<missing>,22.77,Imputed with product median,Process parameter; product-level median is a low-risk estimate
2026-09-26T05:17:57+00:00,7_imputation,Missing process parameter,2191,B02639,Temperature,<missing>,22.88,Imputed with product median,Process parameter; product-level median is a low-risk estimate
2026-09-26T05:17:57+00:00,7_imputation,Missing process parameter,2196,B01109,Temperature,<missing>,22.75,Imputed with product median,Process parameter; product-level median is a low-risk estimate
2026-09-26T05:17:57+00:00,7_imputation,Missing process parameter,2209,B02283,Temperature,<missing>,22.79,Imputed with product median,Process parameter; product-level median is a low-risk estimate
2026-09-26T05:17:57+00:00,7_imputation,Missing process parameter,2217,B02007,Temperature,<missing>,22.7,Imputed with product median,Process parameter; product-level median is a low-risk estimate
2026-09-26T05:17:57+00:00,7_imputation,Missing process parameter,2237,B02744,Temperature,<missing>,22.75,Imputed with product median,Process parameter; product-level median is a low-risk estimate
2026-09-26T05:17:57+00:00,7_imputation,Missing process parameter,2263,B01834,Temperature,<missing>,22.52,Imputed with product median,Process parameter; product-level median is a low-risk estimate
2026-09-26T05:17:57+00:00,7_imputation,Missing process parameter,2265,B02866,Temperature,<missing>,22.52,Imputed with product median,Process parameter; product-level median is a low-risk estimate
2026-09-26T05:17:57+00:00,7_imputation,Missing process parameter,2266,B01765,Temperature,<missing>,22.58,Imputed with product median,Process parameter; product-level median is a low-risk estimate
2026-09-26T05:17:57+00:00,7_imputation,Missing process parameter,2269,B02832,Temperature,<missing>,22.69,Imputed with product median,Process parameter; product-level median is a low-risk estimate
2026-09-26T05:17:57+00:00,7_imputation,Missing process parameter,2359,B00411,Temperature,<missing>,22.88,Imputed with product median,Process parameter; product-level median is a low-risk estimate
2026-09-26T05:17:57+00:00,7_imputation,Missing process parameter,2366,B00754,Temperature,<missing>,22.765,Imputed with product median,Process parameter; product-level median is a low-risk estimate
2026-09-26T05:17:57+00:00,7_imputation,Missing process parameter,2390,B02254,Temperature,<missing>,22.58,Imputed with product median,Process parameter; product-level median is a low-risk estimate
2026-09-26T05:17:57+00:00,7_imputation,Missing process parameter,2402,B02808,Temperature,<missing>,22.79,Imputed with product median,Process parameter; product-level median is a low-risk estimate
2026-09-26T05:17:57+00:00,7_imputation,Missing process parameter,2418,B00256,Temperature,<missing>,22.88,Imputed with product median,Process parameter; product-level median is a low-risk estimate
2026-09-26T05:17:57+00:00,7_imputation,Missing process parameter,2432,B01161,Temperature,<missing>,22.58,Imputed with product median,Process parameter; product-level median is a low-risk estimate
2026-09-26T05:17:57+00:00,7_imputation,Missing process parameter,2484,B01883,Temperature,<missing>,22.88,Imputed with product median,Process parameter; product-level median is a low-risk estimate
2026-09-26T05:17:57+00:00,7_imputation,Missing process parameter,2533,B00176,Temperature,<missing>,22.7,Imputed with product median,Process parameter; product-level median is a low-risk estimate
2026-09-26T05:17:57+00:00,7_imputation,Missing process parameter,2538,B02213,Temperature,<missing>,22.77,Imputed with product median,Process parameter; product-level median is a low-risk estimate
2026-09-26T05:17:57+00:00,7_imputation,Missing process parameter,2540,B02300,Temperature,<missing>,22.82,Imputed with product median,Process parameter; product-level median is a low-risk estimate
2026-09-26T05:17:57+00:00,7_imputation,Missing process parameter,2541,B00171,Temperature,<missing>,22.88,Imputed with product median,Process parameter; product-level median is a low-risk estimate
2026-09-26T05:17:57+00:00,7_imputation,Missing process parameter,2607,B01725,Temperature,<missing>,22.58,Imputed with product median,Process parameter; product-level median is a low-risk estimate
2026-09-26T05:17:57+00:00,7_imputation,Missing process parameter,2653,B02121,Temperature,<missing>,22.69,Imputed with product median,Process parameter; product-level median is a low-risk estimate
2026-09-26T05:17:57+00:00,7_imputation,Missing process parameter,2670,B01607,Temperature,<missing>,22.75,Imputed with product median,Process parameter; product-level median is a low-risk estimate
2026-09-26T05:17:57+00:00,7_imputation,Missing process parameter,2690,B01396,Temperature,<missing>,22.58,Imputed with product median,Process parameter; product-level median is a low-risk estimate
2026-09-26T05:17:57+00:00,7_imputation,Missing process parameter,2767,B02719,Temperature,<missing>,22.58,Imputed with product median,Process parameter; product-level median is a low-risk estimate
2026-09-26T05:17:57+00:00,7_imputation,Missing process parameter,2808,B01305,Temperature,<missing>,22.77,Imputed with product median,Process parameter; product-level median is a low-risk estimate
2026-09-26T05:17:57+00:00,7_imputation,Missing process parameter,2843,B00990,Temperature,<missing>,22.69,Imputed with product median,Process parameter; product-level median is a low-risk estimate
2026-09-26T05:17:57+00:00,7_imputation,Missing process parameter,2848,B00788,Temperature,<missing>,22.77,Imputed with product median,Process parameter; product-level median is a low-risk estimate
2026-09-26T05:17:57+00:00,7_imputation,Missing process parameter,2908,B02740,Temperature,<missing>,22.79,Imputed with product median,Process parameter; product-level median is a low-risk estimate
2026-09-26T05:17:57+00:00,7_imputation,Missing process parameter,2910,B02530,Temperature,<missing>,22.58,Imputed with product median,Process parameter; product-level median is a low-risk estimate
2026-09-26T05:17:57+00:00,7_imputation,Missing process parameter,2941,B01715,Temperature,<missing>,22.77,Imputed with product median,Process parameter; product-level median is a low-risk estimate
2026-09-26T05:17:57+00:00,7_imputation,Missing process parameter,2948,B02773,Temperature,<missing>,22.49,Imputed with product median,Process parameter; product-level median is a low-risk estimate
2026-09-26T05:17:57+00:00,7_imputation,Missing process parameter,2949,B00008,Temperature,<missing>,22.77,Imputed with product median,Process parameter; product-level median is a low-risk estimate
2026-09-26T05:17:57+00:00,7_imputation,Missing process parameter,2954,B00939,Temperature,<missing>,22.7,Imputed with product median,Process parameter; product-level median is a low-risk estimate
2026-09-26T05:17:57+00:00,7_imputation,Missing process parameter,2978,B02653,Temperature,<missing>,22.765,Imputed with product median,Process parameter; product-level median is a low-risk estimate
2026-09-26T05:17:57+00:00,7_imputation,Missing process parameter,24,B00394,Humidity,<missing>,46.1,Imputed with product median,Process parameter; product-level median is a low-risk estimate
2026-09-26T05:17:57+00:00,7_imputation,Missing process parameter,41,B01072,Humidity,<missing>,45.6,Imputed with product median,Process parameter; product-level median is a low-risk estimate
2026-09-26T05:17:57+00:00,7_imputation,Missing process parameter,56,B01997,Humidity,<missing>,46.1,Imputed with product median,Process parameter; product-level median is a low-risk estimate
2026-09-26T05:17:57+00:00,7_imputation,Missing process parameter,58,B00214,Humidity,<missing>,45.95,Imputed with product median,Process parameter; product-level median is a low-risk estimate
2026-09-26T05:17:57+00:00,7_imputation,Missing process parameter,150,B00766,Humidity,<missing>,46.2,Imputed with product median,Process parameter; product-level median is a low-risk estimate
2026-09-26T05:17:57+00:00,7_imputation,Missing process parameter,182,B00980,Humidity,<missing>,46.1,Imputed with product median,Process parameter; product-level median is a low-risk estimate
2026-09-26T05:17:57+00:00,7_imputation,Missing process parameter,194,B00617,Humidity,<missing>,45.6,Imputed with product median,Process parameter; product-level median is a low-risk estimate
2026-09-26T05:17:57+00:00,7_imputation,Missing process parameter,235,B00627,Humidity,<missing>,46.3,Imputed with product median,Process parameter; product-level median is a low-risk estimate
2026-09-26T05:17:57+00:00,7_imputation,Missing process parameter,238,B00540,Humidity,<missing>,45.4,Imputed with product median,Process parameter; product-level median is a low-risk estimate
2026-09-26T05:17:57+00:00,7_imputation,Missing process parameter,253,B00744,Humidity,<missing>,45.6,Imputed with product median,Process parameter; product-level median is a low-risk estimate
2026-09-26T05:17:57+00:00,7_imputation,Missing process parameter,254,B00919,Humidity,<missing>,45.6,Imputed with product median,Process parameter; product-level median is a low-risk estimate
2026-09-26T05:17:57+00:00,7_imputation,Missing process parameter,257,B00335,Humidity,<missing>,45.95,Imputed with product median,Process parameter; product-level median is a low-risk estimate
2026-09-26T05:17:57+00:00,7_imputation,Missing process parameter,263,B02634,Humidity,<missing>,46.6,Imputed with product median,Process parameter; product-level median is a low-risk estimate
2026-09-26T05:17:57+00:00,7_imputation,Missing process parameter,315,B02226,Humidity,<missing>,46.6,Imputed with product median,Process parameter; product-level median is a low-risk estimate
2026-09-26T05:17:57+00:00,7_imputation,Missing process parameter,318,B00709,Humidity,<missing>,45.95,Imputed with product median,Process parameter; product-level median is a low-risk estimate
2026-09-26T05:17:57+00:00,7_imputation,Missing process parameter,324,B02151,Humidity,<missing>,46.3,Imputed with product median,Process parameter; product-level median is a low-risk estimate
2026-09-26T05:17:57+00:00,7_imputation,Missing process parameter,347,B02520,Humidity,<missing>,45.9,Imputed with product median,Process parameter; product-level median is a low-risk estimate
2026-09-26T05:17:57+00:00,7_imputation,Missing process parameter,377,B00802,Humidity,<missing>,46.3,Imputed with product median,Process parameter; product-level median is a low-risk estimate
2026-09-26T05:17:57+00:00,7_imputation,Missing process parameter,397,B00944,Humidity,<missing>,45.95,Imputed with product median,Process parameter; product-level median is a low-risk estimate
2026-09-26T05:17:57+00:00,7_imputation,Missing process parameter,410,B00723,Humidity,<missing>,46.2,Imputed with product median,Process parameter; product-level median is a low-risk estimate
2026-09-26T05:17:57+00:00,7_imputation,Missing process parameter,415,B02685,Humidity,<missing>,46.1,Imputed with product median,Process parameter; product-level median is a low-risk estimate
2026-09-26T05:17:57+00:00,7_imputation,Missing process parameter,420,B01357,Humidity,<missing>,46.3,Imputed with product median,Process parameter; product-level median is a low-risk estimate
2026-09-26T05:17:57+00:00,7_imputation,Missing process parameter,453,B02203,Humidity,<missing>,45.4,Imputed with product median,Process parameter; product-level median is a low-risk estimate
2026-09-26T05:17:57+00:00,7_imputation,Missing process parameter,494,B00567,Humidity,<missing>,45.6,Imputed with product median,Process parameter; product-level median is a low-risk estimate
2026-09-26T05:17:57+00:00,7_imputation,Missing process parameter,503,B01707,Humidity,<missing>,45.9,Imputed with product median,Process parameter; product-level median is a low-risk estimate
2026-09-26T05:17:57+00:00,7_imputation,Missing process parameter,507,B01920,Humidity,<missing>,46.1,Imputed with product median,Process parameter; product-level median is a low-risk estimate
2026-09-26T05:17:57+00:00,7_imputation,Missing process parameter,510,B02742,Humidity,<missing>,45.4,Imputed with product median,Process parameter; product-level median is a low-risk estimate
2026-09-26T05:17:57+00:00,7_imputation,Missing process parameter,540,B01002,Humidity,<missing>,46.2,Imputed with product median,Process parameter; product-level median is a low-risk estimate
2026-09-26T05:17:57+00:00,7_imputation,Missing process parameter,543,B00715,Humidity,<missing>,46.6,Imputed with product median,Process parameter; product-level median is a low-risk estimate
2026-09-26T05:17:57+00:00,7_imputation,Missing process parameter,547,B02307,Humidity,<missing>,46.3,Imputed with product median,Process parameter; product-level median is a low-risk estimate
2026-09-26T05:17:57+00:00,7_imputation,Missing process parameter,575,B00876,Humidity,<missing>,46.1,Imputed with product median,Process parameter; product-level median is a low-risk estimate
2026-09-26T05:17:57+00:00,7_imputation,Missing process parameter,587,B00336,Humidity,<missing>,46.2,Imputed with product median,Process parameter; product-level median is a low-risk estimate
2026-09-26T05:17:57+00:00,7_imputation,Missing process parameter,597,B00019,Humidity,<missing>,46.2,Imputed with product median,Process parameter; product-level median is a low-risk estimate
2026-09-26T05:17:57+00:00,7_imputation,Missing process parameter,603,B02682,Humidity,<missing>,46.75,Imputed with product median,Process parameter; product-level median is a low-risk estimate
2026-09-26T05:17:57+00:00,7_imputation,Missing process parameter,618,B02863,Humidity,<missing>,46.2,Imputed with product median,Process parameter; product-level median is a low-risk estimate
2026-09-26T05:17:57+00:00,7_imputation,Missing process parameter,634,B01068,Humidity,<missing>,46.3,Imputed with product median,Process parameter; product-level median is a low-risk estimate
2026-09-26T05:17:57+00:00,7_imputation,Missing process parameter,667,B00085,Humidity,<missing>,46.3,Imputed with product median,Process parameter; product-level median is a low-risk estimate
2026-09-26T05:17:57+00:00,7_imputation,Missing process parameter,699,B02174,Humidity,<missing>,46.2,Imputed with product median,Process parameter; product-level median is a low-risk estimate
2026-09-26T05:17:57+00:00,7_imputation,Missing process parameter,705,B00650,Humidity,<missing>,46.2,Imputed with product median,Process parameter; product-level median is a low-risk estimate
2026-09-26T05:17:57+00:00,7_imputation,Missing process parameter,740,B02471,Humidity,<missing>,46.2,Imputed with product median,Process parameter; product-level median is a low-risk estimate
2026-09-26T05:17:57+00:00,7_imputation,Missing process parameter,759,B01489,Humidity,<missing>,46.75,Imputed with product median,Process parameter; product-level median is a low-risk estimate
2026-09-26T05:17:57+00:00,7_imputation,Missing process parameter,776,B02803,Humidity,<missing>,45.9,Imputed with product median,Process parameter; product-level median is a low-risk estimate
2026-09-26T05:17:57+00:00,7_imputation,Missing process parameter,778,B00081,Humidity,<missing>,45.9,Imputed with product median,Process parameter; product-level median is a low-risk estimate
2026-09-26T05:17:57+00:00,7_imputation,Missing process parameter,782,B00347,Humidity,<missing>,45.9,Imputed with product median,Process parameter; product-level median is a low-risk estimate
2026-09-26T05:17:57+00:00,7_imputation,Missing process parameter,801,B01287,Humidity,<missing>,45.9,Imputed with product median,Process parameter; product-level median is a low-risk estimate
2026-09-26T05:17:57+00:00,7_imputation,Missing process parameter,819,B02550,Humidity,<missing>,46.75,Imputed with product median,Process parameter; product-level median is a low-risk estimate
2026-09-26T05:17:57+00:00,7_imputation,Missing process parameter,836,B00445,Humidity,<missing>,46.1,Imputed with product median,Process parameter; product-level median is a low-risk estimate
2026-09-26T05:17:57+00:00,7_imputation,Missing process parameter,837,B01900,Humidity,<missing>,46.3,Imputed with product median,Process parameter; product-level median is a low-risk estimate
2026-09-26T05:17:57+00:00,7_imputation,Missing process parameter,895,B00590,Humidity,<missing>,46.2,Imputed with product median,Process parameter; product-level median is a low-risk estimate
2026-09-26T05:17:57+00:00,7_imputation,Missing process parameter,908,B00814,Humidity,<missing>,45.6,Imputed with product median,Process parameter; product-level median is a low-risk estimate
2026-09-26T05:17:57+00:00,7_imputation,Missing process parameter,925,B00115,Humidity,<missing>,46.1,Imputed with product median,Process parameter; product-level median is a low-risk estimate
2026-09-26T05:17:57+00:00,7_imputation,Missing process parameter,935,B01115,Humidity,<missing>,46.75,Imputed with product median,Process parameter; product-level median is a low-risk estimate
2026-09-26T05:17:57+00:00,7_imputation,Missing process parameter,954,B01804,Humidity,<missing>,45.6,Imputed with product median,Process parameter; product-level median is a low-risk estimate
2026-09-26T05:17:57+00:00,7_imputation,Missing process parameter,957,B01583,Humidity,<missing>,46.1,Imputed with product median,Process parameter; product-level median is a low-risk estimate
2026-09-26T05:17:57+00:00,7_imputation,Missing process parameter,974,B02212,Humidity,<missing>,46.2,Imputed with product median,Process parameter; product-level median is a low-risk estimate
2026-09-26T05:17:57+00:00,7_imputation,Missing process parameter,976,B00291,Humidity,<missing>,46.2,Imputed with product median,Process parameter; product-level median is a low-risk estimate
2026-09-26T05:17:57+00:00,7_imputation,Missing process parameter,988,B02165,Humidity,<missing>,45.9,Imputed with product median,Process parameter; product-level median is a low-risk estimate
2026-09-26T05:17:57+00:00,7_imputation,Missing process parameter,995,B02153,Humidity,<missing>,46.2,Imputed with product median,Process parameter; product-level median is a low-risk estimate
2026-09-26T05:17:57+00:00,7_imputation,Missing process parameter,1013,B00185,Humidity,<missing>,45.95,Imputed with product median,Process parameter; product-level median is a low-risk estimate
2026-09-26T05:17:57+00:00,7_imputation,Missing process parameter,1028,B00284,Humidity,<missing>,45.95,Imputed with product median,Process parameter; product-level median is a low-risk estimate
2026-09-26T05:17:57+00:00,7_imputation,Missing process parameter,1032,B01563,Humidity,<missing>,45.6,Imputed with product median,Process parameter; product-level median is a low-risk estimate
2026-09-26T05:17:57+00:00,7_imputation,Missing process parameter,1034,B02466,Humidity,<missing>,46.75,Imputed with product median,Process parameter; product-level median is a low-risk estimate
2026-09-26T05:17:57+00:00,7_imputation,Missing process parameter,1044,B01800,Humidity,<missing>,46.1,Imputed with product median,Process parameter; product-level median is a low-risk estimate
2026-09-26T05:17:57+00:00,7_imputation,Missing process parameter,1061,B01894,Humidity,<missing>,46.2,Imputed with product median,Process parameter; product-level median is a low-risk estimate
2026-09-26T05:17:57+00:00,7_imputation,Missing process parameter,1083,B02387,Humidity,<missing>,45.9,Imputed with product median,Process parameter; product-level median is a low-risk estimate
2026-09-26T05:17:57+00:00,7_imputation,Missing process parameter,1084,B00249,Humidity,<missing>,46.2,Imputed with product median,Process parameter; product-level median is a low-risk estimate
2026-09-26T05:17:57+00:00,7_imputation,Missing process parameter,1094,B00026,Humidity,<missing>,46.3,Imputed with product median,Process parameter; product-level median is a low-risk estimate
2026-09-26T05:17:57+00:00,7_imputation,Missing process parameter,1112,B00191,Humidity,<missing>,46.3,Imputed with product median,Process parameter; product-level median is a low-risk estimate
2026-09-26T05:17:57+00:00,7_imputation,Missing process parameter,1138,B00924,Humidity,<missing>,46.75,Imputed with product median,Process parameter; product-level median is a low-risk estimate
2026-09-26T05:17:57+00:00,7_imputation,Missing process parameter,1144,B00359,Humidity,<missing>,45.4,Imputed with product median,Process parameter; product-level median is a low-risk estimate
2026-09-26T05:17:57+00:00,7_imputation,Missing process parameter,1166,B01651,Humidity,<missing>,46.75,Imputed with product median,Process parameter; product-level median is a low-risk estimate
2026-09-26T05:17:57+00:00,7_imputation,Missing process parameter,1177,B00621,Humidity,<missing>,45.95,Imputed with product median,Process parameter; product-level median is a low-risk estimate
2026-09-26T05:17:57+00:00,7_imputation,Missing process parameter,1192,B00030,Humidity,<missing>,45.95,Imputed with product median,Process parameter; product-level median is a low-risk estimate
2026-09-26T05:17:57+00:00,7_imputation,Missing process parameter,1195,B02792,Humidity,<missing>,46.75,Imputed with product median,Process parameter; product-level median is a low-risk estimate
2026-09-26T05:17:57+00:00,7_imputation,Missing process parameter,1209,B01941,Humidity,<missing>,46.75,Imputed with product median,Process parameter; product-level median is a low-risk estimate
2026-09-26T05:17:57+00:00,7_imputation,Missing process parameter,1219,B02577,Humidity,<missing>,46.6,Imputed with product median,Process parameter; product-level median is a low-risk estimate
2026-09-26T05:17:57+00:00,7_imputation,Missing process parameter,1234,B02751,Humidity,<missing>,45.6,Imputed with product median,Process parameter; product-level median is a low-risk estimate
2026-09-26T05:17:57+00:00,7_imputation,Missing process parameter,1247,B02206,Humidity,<missing>,46.2,Imputed with product median,Process parameter; product-level median is a low-risk estimate
2026-09-26T05:17:57+00:00,7_imputation,Missing process parameter,1258,B00248,Humidity,<missing>,45.95,Imputed with product median,Process parameter; product-level median is a low-risk estimate
2026-09-26T05:17:57+00:00,7_imputation,Missing process parameter,1273,B01764,Humidity,<missing>,46.3,Imputed with product median,Process parameter; product-level median is a low-risk estimate
2026-09-26T05:17:57+00:00,7_imputation,Missing process parameter,1274,B00164,Humidity,<missing>,45.95,Imputed with product median,Process parameter; product-level median is a low-risk estimate
2026-09-26T05:17:57+00:00,7_imputation,Missing process parameter,1298,B01648,Humidity,<missing>,46.6,Imputed with product median,Process parameter; product-level median is a low-risk estimate
2026-09-26T05:17:57+00:00,7_imputation,Missing process parameter,1307,B02317,Humidity,<missing>,45.4,Imputed with product median,Process parameter; product-level median is a low-risk estimate
2026-09-26T05:17:57+00:00,7_imputation,Missing process parameter,1326,B02839,Humidity,<missing>,45.6,Imputed with product median,Process parameter; product-level median is a low-risk estimate
2026-09-26T05:17:57+00:00,7_imputation,Missing process parameter,1332,B00781,Humidity,<missing>,46.2,Imputed with product median,Process parameter; product-level median is a low-risk estimate
2026-09-26T05:17:57+00:00,7_imputation,Missing process parameter,1342,B02271,Humidity,<missing>,46.3,Imputed with product median,Process parameter; product-level median is a low-risk estimate
2026-09-26T05:17:57+00:00,7_imputation,Missing process parameter,1349,B02820,Humidity,<missing>,46.2,Imputed with product median,Process parameter; product-level median is a low-risk estimate
2026-09-26T05:17:57+00:00,7_imputation,Missing process parameter,1353,B00352,Humidity,<missing>,45.4,Imputed with product median,Process parameter; product-level median is a low-risk estimate
2026-09-26T05:17:57+00:00,7_imputation,Missing process parameter,1376,B01210,Humidity,<missing>,45.9,Imputed with product median,Process parameter; product-level median is a low-risk estimate
2026-09-26T05:17:57+00:00,7_imputation,Missing process parameter,1382,B00971,Humidity,<missing>,45.6,Imputed with product median,Process parameter; product-level median is a low-risk estimate
2026-09-26T05:17:57+00:00,7_imputation,Missing process parameter,1385,B00145,Humidity,<missing>,45.9,Imputed with product median,Process parameter; product-level median is a low-risk estimate
2026-09-26T05:17:57+00:00,7_imputation,Missing process parameter,1394,B01167,Humidity,<missing>,45.4,Imputed with product median,Process parameter; product-level median is a low-risk estimate
2026-09-26T05:17:57+00:00,7_imputation,Missing process parameter,1395,B01343,Humidity,<missing>,46.75,Imputed with product median,Process parameter; product-level median is a low-risk estimate
2026-09-26T05:17:57+00:00,7_imputation,Missing process parameter,1431,B01067,Humidity,<missing>,45.9,Imputed with product median,Process parameter; product-level median is a low-risk estimate
2026-09-26T05:17:57+00:00,7_imputation,Missing process parameter,1448,B02538,Humidity,<missing>,45.95,Imputed with product median,Process parameter; product-level median is a low-risk estimate
2026-09-26T05:17:57+00:00,7_imputation,Missing process parameter,1535,B01630,Humidity,<missing>,46.75,Imputed with product median,Process parameter; product-level median is a low-risk estimate
2026-09-26T05:17:57+00:00,7_imputation,Missing process parameter,1543,B02835,Humidity,<missing>,46.3,Imputed with product median,Process parameter; product-level median is a low-risk estimate
2026-09-26T05:17:57+00:00,7_imputation,Missing process parameter,1572,B02774,Humidity,<missing>,46.2,Imputed with product median,Process parameter; product-level median is a low-risk estimate
2026-09-26T05:17:57+00:00,7_imputation,Missing process parameter,1591,B01023,Humidity,<missing>,46.2,Imputed with product median,Process parameter; product-level median is a low-risk estimate
2026-09-26T05:17:57+00:00,7_imputation,Missing process parameter,1600,B01740,Humidity,<missing>,45.6,Imputed with product median,Process parameter; product-level median is a low-risk estimate
2026-09-26T05:17:57+00:00,7_imputation,Missing process parameter,1601,B02738,Humidity,<missing>,46.75,Imputed with product median,Process parameter; product-level median is a low-risk estimate
2026-09-26T05:17:57+00:00,7_imputation,Missing process parameter,1617,B01569,Humidity,<missing>,46.6,Imputed with product median,Process parameter; product-level median is a low-risk estimate
2026-09-26T05:17:57+00:00,7_imputation,Missing process parameter,1634,B02252,Humidity,<missing>,46.1,Imputed with product median,Process parameter; product-level median is a low-risk estimate
2026-09-26T05:17:57+00:00,7_imputation,Missing process parameter,1653,B01836,Humidity,<missing>,46.75,Imputed with product median,Process parameter; product-level median is a low-risk estimate
2026-09-26T05:17:57+00:00,7_imputation,Missing process parameter,1669,B00822,Humidity,<missing>,46.3,Imputed with product median,Process parameter; product-level median is a low-risk estimate
2026-09-26T05:17:57+00:00,7_imputation,Missing process parameter,1678,B00250,Humidity,<missing>,45.4,Imputed with product median,Process parameter; product-level median is a low-risk estimate
2026-09-26T05:17:57+00:00,7_imputation,Missing process parameter,1692,B00141,Humidity,<missing>,45.9,Imputed with product median,Process parameter; product-level median is a low-risk estimate
2026-09-26T05:17:57+00:00,7_imputation,Missing process parameter,1708,B02847,Humidity,<missing>,46.2,Imputed with product median,Process parameter; product-level median is a low-risk estimate
2026-09-26T05:17:57+00:00,7_imputation,Missing process parameter,1756,B00665,Humidity,<missing>,46.1,Imputed with product median,Process parameter; product-level median is a low-risk estimate
2026-09-26T05:17:57+00:00,7_imputation,Missing process parameter,1761,B00348,Humidity,<missing>,45.9,Imputed with product median,Process parameter; product-level median is a low-risk estimate
2026-09-26T05:17:57+00:00,7_imputation,Missing process parameter,1776,B01032,Humidity,<missing>,46.75,Imputed with product median,Process parameter; product-level median is a low-risk estimate
2026-09-26T05:17:57+00:00,7_imputation,Missing process parameter,1779,B00082,Humidity,<missing>,45.95,Imputed with product median,Process parameter; product-level median is a low-risk estimate
2026-09-26T05:17:57+00:00,7_imputation,Missing process parameter,1802,B02534,Humidity,<missing>,46.75,Imputed with product median,Process parameter; product-level median is a low-risk estimate
2026-09-26T05:17:57+00:00,7_imputation,Missing process parameter,1830,B01565,Humidity,<missing>,46.1,Imputed with product median,Process parameter; product-level median is a low-risk estimate
2026-09-26T05:17:57+00:00,7_imputation,Missing process parameter,1833,B02449,Humidity,<missing>,46.2,Imputed with product median,Process parameter; product-level median is a low-risk estimate
2026-09-26T05:17:57+00:00,7_imputation,Missing process parameter,1841,B02824,Humidity,<missing>,45.9,Imputed with product median,Process parameter; product-level median is a low-risk estimate
2026-09-26T05:17:57+00:00,7_imputation,Missing process parameter,1857,B02679,Humidity,<missing>,46.1,Imputed with product median,Process parameter; product-level median is a low-risk estimate
2026-09-26T05:17:57+00:00,7_imputation,Missing process parameter,1860,B01654,Humidity,<missing>,46.1,Imputed with product median,Process parameter; product-level median is a low-risk estimate
2026-09-26T05:17:57+00:00,7_imputation,Missing process parameter,1870,B00979,Humidity,<missing>,46.3,Imputed with product median,Process parameter; product-level median is a low-risk estimate
2026-09-26T05:17:57+00:00,7_imputation,Missing process parameter,1882,B00630,Humidity,<missing>,46.3,Imputed with product median,Process parameter; product-level median is a low-risk estimate
2026-09-26T05:17:57+00:00,7_imputation,Missing process parameter,1897,B00502,Humidity,<missing>,46.3,Imputed with product median,Process parameter; product-level median is a low-risk estimate
2026-09-26T05:17:57+00:00,7_imputation,Missing process parameter,1914,B01362,Humidity,<missing>,45.4,Imputed with product median,Process parameter; product-level median is a low-risk estimate
2026-09-26T05:17:57+00:00,7_imputation,Missing process parameter,1923,B02761,Humidity,<missing>,46.75,Imputed with product median,Process parameter; product-level median is a low-risk estimate
2026-09-26T05:17:57+00:00,7_imputation,Missing process parameter,1935,B02183,Humidity,<missing>,46.3,Imputed with product median,Process parameter; product-level median is a low-risk estimate
2026-09-26T05:17:57+00:00,7_imputation,Missing process parameter,1939,B02867,Humidity,<missing>,46.3,Imputed with product median,Process parameter; product-level median is a low-risk estimate
2026-09-26T05:17:57+00:00,7_imputation,Missing process parameter,1945,B00351,Humidity,<missing>,46.1,Imputed with product median,Process parameter; product-level median is a low-risk estimate
2026-09-26T05:17:57+00:00,7_imputation,Missing process parameter,1968,B01591,Humidity,<missing>,46.2,Imputed with product median,Process parameter; product-level median is a low-risk estimate
2026-09-26T05:17:57+00:00,7_imputation,Missing process parameter,1972,B01830,Humidity,<missing>,45.9,Imputed with product median,Process parameter; product-level median is a low-risk estimate
2026-09-26T05:17:57+00:00,7_imputation,Missing process parameter,1973,B02587,Humidity,<missing>,46.3,Imputed with product median,Process parameter; product-level median is a low-risk estimate
2026-09-26T05:17:57+00:00,7_imputation,Missing process parameter,1986,B00555,Humidity,<missing>,45.9,Imputed with product median,Process parameter; product-level median is a low-risk estimate
2026-09-26T05:17:57+00:00,7_imputation,Missing process parameter,1996,B01628,Humidity,<missing>,46.1,Imputed with product median,Process parameter; product-level median is a low-risk estimate
2026-09-26T05:17:57+00:00,7_imputation,Missing process parameter,2036,B00997,Humidity,<missing>,46.1,Imputed with product median,Process parameter; product-level median is a low-risk estimate
2026-09-26T05:17:57+00:00,7_imputation,Missing process parameter,2056,B02167,Humidity,<missing>,46.3,Imputed with product median,Process parameter; product-level median is a low-risk estimate
2026-09-26T05:17:57+00:00,7_imputation,Missing process parameter,2058,B01424,Humidity,<missing>,46.3,Imputed with product median,Process parameter; product-level median is a low-risk estimate
2026-09-26T05:17:57+00:00,7_imputation,Missing process parameter,2060,B02373,Humidity,<missing>,45.4,Imputed with product median,Process parameter; product-level median is a low-risk estimate
2026-09-26T05:17:57+00:00,7_imputation,Missing process parameter,2066,B00239,Humidity,<missing>,46.3,Imputed with product median,Process parameter; product-level median is a low-risk estimate
2026-09-26T05:17:57+00:00,7_imputation,Missing process parameter,2076,B01389,Humidity,<missing>,46.2,Imputed with product median,Process parameter; product-level median is a low-risk estimate
2026-09-26T05:17:57+00:00,7_imputation,Missing process parameter,2094,B00906,Humidity,<missing>,46.2,Imputed with product median,Process parameter; product-level median is a low-risk estimate
2026-09-26T05:17:57+00:00,7_imputation,Missing process parameter,2126,B02786,Humidity,<missing>,46.75,Imputed with product median,Process parameter; product-level median is a low-risk estimate
2026-09-26T05:17:57+00:00,7_imputation,Missing process parameter,2139,B01573,Humidity,<missing>,46.2,Imputed with product median,Process parameter; product-level median is a low-risk estimate
2026-09-26T05:17:57+00:00,7_imputation,Missing process parameter,2163,B01919,Humidity,<missing>,45.95,Imputed with product median,Process parameter; product-level median is a low-risk estimate
2026-09-26T05:17:57+00:00,7_imputation,Missing process parameter,2164,B01172,Humidity,<missing>,46.3,Imputed with product median,Process parameter; product-level median is a low-risk estimate
2026-09-26T05:17:57+00:00,7_imputation,Missing process parameter,2166,B02512,Humidity,<missing>,46.2,Imputed with product median,Process parameter; product-level median is a low-risk estimate
2026-09-26T05:17:57+00:00,7_imputation,Missing process parameter,2175,B01589,Humidity,<missing>,46.2,Imputed with product median,Process parameter; product-level median is a low-risk estimate
2026-09-26T05:17:57+00:00,7_imputation,Missing process parameter,2189,B01347,Humidity,<missing>,46.2,Imputed with product median,Process parameter; product-level median is a low-risk estimate
2026-09-26T05:17:57+00:00,7_imputation,Missing process parameter,2191,B02639,Humidity,<missing>,46.75,Imputed with product median,Process parameter; product-level median is a low-risk estimate
2026-09-26T05:17:57+00:00,7_imputation,Missing process parameter,2246,B00058,Humidity,<missing>,46.75,Imputed with product median,Process parameter; product-level median is a low-risk estimate
2026-09-26T05:17:57+00:00,7_imputation,Missing process parameter,2290,B00098,Humidity,<missing>,46.3,Imputed with product median,Process parameter; product-level median is a low-risk estimate
2026-09-26T05:17:57+00:00,7_imputation,Missing process parameter,2363,B02845,Humidity,<missing>,45.95,Imputed with product median,Process parameter; product-level median is a low-risk estimate
2026-09-26T05:17:57+00:00,7_imputation,Missing process parameter,2368,B02763,Humidity,<missing>,46.3,Imputed with product median,Process parameter; product-level median is a low-risk estimate
2026-09-26T05:17:57+00:00,7_imputation,Missing process parameter,2379,B02612,Humidity,<missing>,45.9,Imputed with product median,Process parameter; product-level median is a low-risk estimate
2026-09-26T05:17:57+00:00,7_imputation,Missing process parameter,2414,B02582,Humidity,<missing>,45.95,Imputed with product median,Process parameter; product-level median is a low-risk estimate
2026-09-26T05:17:57+00:00,7_imputation,Missing process parameter,2428,B01843,Humidity,<missing>,46.2,Imputed with product median,Process parameter; product-level median is a low-risk estimate
2026-09-26T05:17:57+00:00,7_imputation,Missing process parameter,2432,B01161,Humidity,<missing>,46.1,Imputed with product median,Process parameter; product-level median is a low-risk estimate
2026-09-26T05:17:57+00:00,7_imputation,Missing process parameter,2436,B00386,Humidity,<missing>,46.75,Imputed with product median,Process parameter; product-level median is a low-risk estimate
2026-09-26T05:17:57+00:00,7_imputation,Missing process parameter,2454,B02421,Humidity,<missing>,45.6,Imputed with product median,Process parameter; product-level median is a low-risk estimate
2026-09-26T05:17:57+00:00,7_imputation,Missing process parameter,2489,B02193,Humidity,<missing>,45.6,Imputed with product median,Process parameter; product-level median is a low-risk estimate
2026-09-26T05:17:57+00:00,7_imputation,Missing process parameter,2508,B01758,Humidity,<missing>,46.3,Imputed with product median,Process parameter; product-level median is a low-risk estimate
2026-09-26T05:17:57+00:00,7_imputation,Missing process parameter,2571,B00666,Humidity,<missing>,46.3,Imputed with product median,Process parameter; product-level median is a low-risk estimate
2026-09-26T05:17:57+00:00,7_imputation,Missing process parameter,2633,B01566,Humidity,<missing>,45.95,Imputed with product median,Process parameter; product-level median is a low-risk estimate
2026-09-26T05:17:57+00:00,7_imputation,Missing process parameter,2656,B00518,Humidity,<missing>,45.4,Imputed with product median,Process parameter; product-level median is a low-risk estimate
2026-09-26T05:17:57+00:00,7_imputation,Missing process parameter,2679,B01388,Humidity,<missing>,46.3,Imputed with product median,Process parameter; product-level median is a low-risk estimate
2026-09-26T05:17:57+00:00,7_imputation,Missing process parameter,2680,B00829,Humidity,<missing>,46.2,Imputed with product median,Process parameter; product-level median is a low-risk estimate
2026-09-26T05:17:57+00:00,7_imputation,Missing process parameter,2715,B01024,Humidity,<missing>,46.2,Imputed with product median,Process parameter; product-level median is a low-risk estimate
2026-09-26T05:17:57+00:00,7_imputation,Missing process parameter,2741,B01976,Humidity,<missing>,45.4,Imputed with product median,Process parameter; product-level median is a low-risk estimate
2026-09-26T05:17:57+00:00,7_imputation,Missing process parameter,2751,B01292,Humidity,<missing>,46.2,Imputed with product median,Process parameter; product-level median is a low-risk estimate
2026-09-26T05:17:57+00:00,7_imputation,Missing process parameter,2774,B01085,Humidity,<missing>,45.6,Imputed with product median,Process parameter; product-level median is a low-risk estimate
2026-09-26T05:17:57+00:00,7_imputation,Missing process parameter,2783,B02263,Humidity,<missing>,45.4,Imputed with product median,Process parameter; product-level median is a low-risk estimate
2026-09-26T05:17:57+00:00,7_imputation,Missing process parameter,2784,B01739,Humidity,<missing>,45.4,Imputed with product median,Process parameter; product-level median is a low-risk estimate
2026-09-26T05:17:57+00:00,7_imputation,Missing process parameter,2795,B02826,Humidity,<missing>,46.2,Imputed with product median,Process parameter; product-level median is a low-risk estimate
2026-09-26T05:17:57+00:00,7_imputation,Missing process parameter,2798,B00713,Humidity,<missing>,46.2,Imputed with product median,Process parameter; product-level median is a low-risk estimate
2026-09-26T05:17:57+00:00,7_imputation,Missing process parameter,2860,B00220,Humidity,<missing>,45.9,Imputed with product median,Process parameter; product-level median is a low-risk estimate
2026-09-26T05:17:57+00:00,7_imputation,Missing process parameter,2876,B00484,Humidity,<missing>,46.2,Imputed with product median,Process parameter; product-level median is a low-risk estimate
2026-09-26T05:17:57+00:00,7_imputation,Missing process parameter,2894,B01801,Humidity,<missing>,45.4,Imputed with product median,Process parameter; product-level median is a low-risk estimate
2026-09-26T05:17:57+00:00,7_imputation,Missing process parameter,2913,B00417,Humidity,<missing>,45.9,Imputed with product median,Process parameter; product-level median is a low-risk estimate
2026-09-26T05:17:57+00:00,7_imputation,Missing process parameter,2915,B02388,Humidity,<missing>,45.9,Imputed with product median,Process parameter; product-level median is a low-risk estimate
2026-09-26T05:17:57+00:00,7_imputation,Missing process parameter,2916,B01364,Humidity,<missing>,45.6,Imputed with product median,Process parameter; product-level median is a low-risk estimate
2026-09-26T05:17:57+00:00,7_imputation,Missing process parameter,2933,B02412,Humidity,<missing>,45.4,Imputed with product median,Process parameter; product-level median is a low-risk estimate
2026-09-26T05:17:57+00:00,7_imputation,Missing process parameter,2934,B00799,Humidity,<missing>,46.3,Imputed with product median,Process parameter; product-level median is a low-risk estimate
2026-09-26T05:17:57+00:00,7_imputation,Missing process parameter,19,B01501,pH,<missing>,6.5,Imputed with product median,Process parameter; product-level median is a low-risk estimate
2026-09-26T05:17:57+00:00,7_imputation,Missing process parameter,30,B00553,pH,<missing>,6.53,Imputed with product median,Process parameter; product-level median is a low-risk estimate
2026-09-26T05:17:57+00:00,7_imputation,Missing process parameter,86,B01914,pH,<missing>,6.5649999999999995,Imputed with product median,Process parameter; product-level median is a low-risk estimate
2026-09-26T05:17:57+00:00,7_imputation,Missing process parameter,107,B01382,pH,<missing>,6.555,Imputed with product median,Process parameter; product-level median is a low-risk estimate
2026-09-26T05:17:57+00:00,7_imputation,Missing process parameter,108,B02055,pH,<missing>,6.5649999999999995,Imputed with product median,Process parameter; product-level median is a low-risk estimate
2026-09-26T05:17:57+00:00,7_imputation,Missing process parameter,205,B02483,pH,<missing>,6.54,Imputed with product median,Process parameter; product-level median is a low-risk estimate
2026-09-26T05:17:57+00:00,7_imputation,Missing process parameter,246,B00640,pH,<missing>,6.53,Imputed with product median,Process parameter; product-level median is a low-risk estimate
2026-09-26T05:17:57+00:00,7_imputation,Missing process parameter,251,B00089,pH,<missing>,6.5649999999999995,Imputed with product median,Process parameter; product-level median is a low-risk estimate
2026-09-26T05:17:57+00:00,7_imputation,Missing process parameter,257,B00335,pH,<missing>,6.51,Imputed with product median,Process parameter; product-level median is a low-risk estimate
2026-09-26T05:17:57+00:00,7_imputation,Missing process parameter,306,B01819,pH,<missing>,6.54,Imputed with product median,Process parameter; product-level median is a low-risk estimate
2026-09-26T05:17:57+00:00,7_imputation,Missing process parameter,326,B00867,pH,<missing>,6.53,Imputed with product median,Process parameter; product-level median is a low-risk estimate
2026-09-26T05:17:57+00:00,7_imputation,Missing process parameter,347,B02520,pH,<missing>,6.53,Imputed with product median,Process parameter; product-level median is a low-risk estimate
2026-09-26T05:17:57+00:00,7_imputation,Missing process parameter,383,B00055,pH,<missing>,6.51,Imputed with product median,Process parameter; product-level median is a low-risk estimate
2026-09-26T05:17:57+00:00,7_imputation,Missing process parameter,389,B02175,pH,<missing>,6.555,Imputed with product median,Process parameter; product-level median is a low-risk estimate
2026-09-26T05:17:57+00:00,7_imputation,Missing process parameter,407,B02422,pH,<missing>,6.5649999999999995,Imputed with product median,Process parameter; product-level median is a low-risk estimate
2026-09-26T05:17:57+00:00,7_imputation,Missing process parameter,444,B00930,pH,<missing>,6.5,Imputed with product median,Process parameter; product-level median is a low-risk estimate
2026-09-26T05:17:57+00:00,7_imputation,Missing process parameter,521,B01609,pH,<missing>,6.555,Imputed with product median,Process parameter; product-level median is a low-risk estimate
2026-09-26T05:17:57+00:00,7_imputation,Missing process parameter,526,B00806,pH,<missing>,6.5649999999999995,Imputed with product median,Process parameter; product-level median is a low-risk estimate
2026-09-26T05:17:57+00:00,7_imputation,Missing process parameter,542,B01148,pH,<missing>,6.5649999999999995,Imputed with product median,Process parameter; product-level median is a low-risk estimate
2026-09-26T05:17:57+00:00,7_imputation,Missing process parameter,577,B02285,pH,<missing>,6.55,Imputed with product median,Process parameter; product-level median is a low-risk estimate
2026-09-26T05:17:57+00:00,7_imputation,Missing process parameter,582,B00577,pH,<missing>,6.53,Imputed with product median,Process parameter; product-level median is a low-risk estimate
2026-09-26T05:17:57+00:00,7_imputation,Missing process parameter,613,B02611,pH,<missing>,6.53,Imputed with product median,Process parameter; product-level median is a low-risk estimate
2026-09-26T05:17:57+00:00,7_imputation,Missing process parameter,623,B00864,pH,<missing>,6.5649999999999995,Imputed with product median,Process parameter; product-level median is a low-risk estimate
2026-09-26T05:17:57+00:00,7_imputation,Missing process parameter,682,B01525,pH,<missing>,6.55,Imputed with product median,Process parameter; product-level median is a low-risk estimate
2026-09-26T05:17:57+00:00,7_imputation,Missing process parameter,711,B00679,pH,<missing>,6.5,Imputed with product median,Process parameter; product-level median is a low-risk estimate
2026-09-26T05:17:57+00:00,7_imputation,Missing process parameter,712,B01141,pH,<missing>,6.53,Imputed with product median,Process parameter; product-level median is a low-risk estimate
2026-09-26T05:17:57+00:00,7_imputation,Missing process parameter,755,B02313,pH,<missing>,6.5,Imputed with product median,Process parameter; product-level median is a low-risk estimate
2026-09-26T05:17:57+00:00,7_imputation,Missing process parameter,756,B00106,pH,<missing>,6.5649999999999995,Imputed with product median,Process parameter; product-level median is a low-risk estimate
2026-09-26T05:17:57+00:00,7_imputation,Missing process parameter,762,B00973,pH,<missing>,6.51,Imputed with product median,Process parameter; product-level median is a low-risk estimate
2026-09-26T05:17:57+00:00,7_imputation,Missing process parameter,777,B01945,pH,<missing>,6.5,Imputed with product median,Process parameter; product-level median is a low-risk estimate
2026-09-26T05:17:57+00:00,7_imputation,Missing process parameter,785,B00302,pH,<missing>,6.53,Imputed with product median,Process parameter; product-level median is a low-risk estimate
2026-09-26T05:17:57+00:00,7_imputation,Missing process parameter,786,B00885,pH,<missing>,6.53,Imputed with product median,Process parameter; product-level median is a low-risk estimate
2026-09-26T05:17:57+00:00,7_imputation,Missing process parameter,787,B00318,pH,<missing>,6.5649999999999995,Imputed with product median,Process parameter; product-level median is a low-risk estimate
2026-09-26T05:17:57+00:00,7_imputation,Missing process parameter,794,B02696,pH,<missing>,6.5,Imputed with product median,Process parameter; product-level median is a low-risk estimate
2026-09-26T05:17:57+00:00,7_imputation,Missing process parameter,814,B01559,pH,<missing>,6.53,Imputed with product median,Process parameter; product-level median is a low-risk estimate
2026-09-26T05:17:57+00:00,7_imputation,Missing process parameter,824,B00558,pH,<missing>,6.53,Imputed with product median,Process parameter; product-level median is a low-risk estimate
2026-09-26T05:17:57+00:00,7_imputation,Missing process parameter,853,B01877,pH,<missing>,6.555,Imputed with product median,Process parameter; product-level median is a low-risk estimate
2026-09-26T05:17:57+00:00,7_imputation,Missing process parameter,870,B00006,pH,<missing>,6.53,Imputed with product median,Process parameter; product-level median is a low-risk estimate
2026-09-26T05:17:57+00:00,7_imputation,Missing process parameter,872,B00608,pH,<missing>,6.5,Imputed with product median,Process parameter; product-level median is a low-risk estimate
2026-09-26T05:17:57+00:00,7_imputation,Missing process parameter,873,B00716,pH,<missing>,6.5649999999999995,Imputed with product median,Process parameter; product-level median is a low-risk estimate
2026-09-26T05:17:57+00:00,7_imputation,Missing process parameter,909,B01724,pH,<missing>,6.5649999999999995,Imputed with product median,Process parameter; product-level median is a low-risk estimate
2026-09-26T05:17:57+00:00,7_imputation,Missing process parameter,919,B01059,pH,<missing>,6.51,Imputed with product median,Process parameter; product-level median is a low-risk estimate
2026-09-26T05:17:57+00:00,7_imputation,Missing process parameter,935,B01115,pH,<missing>,6.54,Imputed with product median,Process parameter; product-level median is a low-risk estimate
2026-09-26T05:17:57+00:00,7_imputation,Missing process parameter,945,B02058,pH,<missing>,6.5649999999999995,Imputed with product median,Process parameter; product-level median is a low-risk estimate
2026-09-26T05:17:57+00:00,7_imputation,Missing process parameter,949,B01283,pH,<missing>,6.5,Imputed with product median,Process parameter; product-level median is a low-risk estimate
2026-09-26T05:17:57+00:00,7_imputation,Missing process parameter,951,B01490,pH,<missing>,6.5,Imputed with product median,Process parameter; product-level median is a low-risk estimate
2026-09-26T05:17:57+00:00,7_imputation,Missing process parameter,958,B02844,pH,<missing>,6.51,Imputed with product median,Process parameter; product-level median is a low-risk estimate
2026-09-26T05:17:57+00:00,7_imputation,Missing process parameter,990,B00868,pH,<missing>,6.53,Imputed with product median,Process parameter; product-level median is a low-risk estimate
2026-09-26T05:17:57+00:00,7_imputation,Missing process parameter,1004,B01738,pH,<missing>,6.52,Imputed with product median,Process parameter; product-level median is a low-risk estimate
2026-09-26T05:17:57+00:00,7_imputation,Missing process parameter,1011,B01537,pH,<missing>,6.54,Imputed with product median,Process parameter; product-level median is a low-risk estimate
2026-09-26T05:17:57+00:00,7_imputation,Missing process parameter,1040,B01212,pH,<missing>,6.5649999999999995,Imputed with product median,Process parameter; product-level median is a low-risk estimate
2026-09-26T05:17:57+00:00,7_imputation,Missing process parameter,1067,B01261,pH,<missing>,6.555,Imputed with product median,Process parameter; product-level median is a low-risk estimate
2026-09-26T05:17:57+00:00,7_imputation,Missing process parameter,1076,B00616,pH,<missing>,6.55,Imputed with product median,Process parameter; product-level median is a low-risk estimate
2026-09-26T05:17:57+00:00,7_imputation,Missing process parameter,1084,B00249,pH,<missing>,6.5649999999999995,Imputed with product median,Process parameter; product-level median is a low-risk estimate
2026-09-26T05:17:57+00:00,7_imputation,Missing process parameter,1088,B00517,pH,<missing>,6.53,Imputed with product median,Process parameter; product-level median is a low-risk estimate
2026-09-26T05:17:57+00:00,7_imputation,Missing process parameter,1094,B00026,pH,<missing>,6.55,Imputed with product median,Process parameter; product-level median is a low-risk estimate
2026-09-26T05:17:57+00:00,7_imputation,Missing process parameter,1107,B01190,pH,<missing>,6.52,Imputed with product median,Process parameter; product-level median is a low-risk estimate
2026-09-26T05:17:57+00:00,7_imputation,Missing process parameter,1113,B01076,pH,<missing>,6.54,Imputed with product median,Process parameter; product-level median is a low-risk estimate
2026-09-26T05:17:57+00:00,7_imputation,Missing process parameter,1128,B00274,pH,<missing>,6.53,Imputed with product median,Process parameter; product-level median is a low-risk estimate
2026-09-26T05:17:57+00:00,7_imputation,Missing process parameter,1173,B02882,pH,<missing>,6.555,Imputed with product median,Process parameter; product-level median is a low-risk estimate
2026-09-26T05:17:57+00:00,7_imputation,Missing process parameter,1177,B00621,pH,<missing>,6.51,Imputed with product median,Process parameter; product-level median is a low-risk estimate
2026-09-26T05:17:57+00:00,7_imputation,Missing process parameter,1183,B01077,pH,<missing>,6.5649999999999995,Imputed with product median,Process parameter; product-level median is a low-risk estimate
2026-09-26T05:17:57+00:00,7_imputation,Missing process parameter,1239,B02558,pH,<missing>,6.53,Imputed with product median,Process parameter; product-level median is a low-risk estimate
2026-09-26T05:17:57+00:00,7_imputation,Missing process parameter,1248,B00205,pH,<missing>,6.51,Imputed with product median,Process parameter; product-level median is a low-risk estimate
2026-09-26T05:17:57+00:00,7_imputation,Missing process parameter,1262,B02637,pH,<missing>,6.5,Imputed with product median,Process parameter; product-level median is a low-risk estimate
2026-09-26T05:17:57+00:00,7_imputation,Missing process parameter,1278,B00625,pH,<missing>,6.55,Imputed with product median,Process parameter; product-level median is a low-risk estimate
2026-09-26T05:17:57+00:00,7_imputation,Missing process parameter,1283,B02641,pH,<missing>,6.555,Imputed with product median,Process parameter; product-level median is a low-risk estimate
2026-09-26T05:17:57+00:00,7_imputation,Missing process parameter,1292,B01704,pH,<missing>,6.54,Imputed with product median,Process parameter; product-level median is a low-risk estimate
2026-09-26T05:17:57+00:00,7_imputation,Missing process parameter,1352,B01953,pH,<missing>,6.52,Imputed with product median,Process parameter; product-level median is a low-risk estimate
2026-09-26T05:17:57+00:00,7_imputation,Missing process parameter,1415,B01593,pH,<missing>,6.5,Imputed with product median,Process parameter; product-level median is a low-risk estimate
2026-09-26T05:17:57+00:00,7_imputation,Missing process parameter,1420,B00663,pH,<missing>,6.52,Imputed with product median,Process parameter; product-level median is a low-risk estimate
2026-09-26T05:17:57+00:00,7_imputation,Missing process parameter,1438,B02460,pH,<missing>,6.52,Imputed with product median,Process parameter; product-level median is a low-risk estimate
2026-09-26T05:17:57+00:00,7_imputation,Missing process parameter,1451,B00490,pH,<missing>,6.55,Imputed with product median,Process parameter; product-level median is a low-risk estimate
2026-09-26T05:17:57+00:00,7_imputation,Missing process parameter,1453,B01896,pH,<missing>,6.53,Imputed with product median,Process parameter; product-level median is a low-risk estimate
2026-09-26T05:17:57+00:00,7_imputation,Missing process parameter,1462,B02329,pH,<missing>,6.52,Imputed with product median,Process parameter; product-level median is a low-risk estimate
2026-09-26T05:17:57+00:00,7_imputation,Missing process parameter,1478,B00805,pH,<missing>,6.5649999999999995,Imputed with product median,Process parameter; product-level median is a low-risk estimate
2026-09-26T05:17:57+00:00,7_imputation,Missing process parameter,1482,B02156,pH,<missing>,6.51,Imputed with product median,Process parameter; product-level median is a low-risk estimate
2026-09-26T05:17:57+00:00,7_imputation,Missing process parameter,1501,B01509,pH,<missing>,6.53,Imputed with product median,Process parameter; product-level median is a low-risk estimate
2026-09-26T05:17:57+00:00,7_imputation,Missing process parameter,1512,B02105,pH,<missing>,6.53,Imputed with product median,Process parameter; product-level median is a low-risk estimate
2026-09-26T05:17:57+00:00,7_imputation,Missing process parameter,1513,B00514,pH,<missing>,6.53,Imputed with product median,Process parameter; product-level median is a low-risk estimate
2026-09-26T05:17:57+00:00,7_imputation,Missing process parameter,1521,B01862,pH,<missing>,6.555,Imputed with product median,Process parameter; product-level median is a low-risk estimate
2026-09-26T05:17:57+00:00,7_imputation,Missing process parameter,1543,B02835,pH,<missing>,6.5,Imputed with product median,Process parameter; product-level median is a low-risk estimate
2026-09-26T05:17:57+00:00,7_imputation,Missing process parameter,1548,B01808,pH,<missing>,6.51,Imputed with product median,Process parameter; product-level median is a low-risk estimate
2026-09-26T05:17:57+00:00,7_imputation,Missing process parameter,1561,B00948,pH,<missing>,6.54,Imputed with product median,Process parameter; product-level median is a low-risk estimate
2026-09-26T05:17:57+00:00,7_imputation,Missing process parameter,1590,B01128,pH,<missing>,6.55,Imputed with product median,Process parameter; product-level median is a low-risk estimate
2026-09-26T05:17:57+00:00,7_imputation,Missing process parameter,1591,B01023,pH,<missing>,6.53,Imputed with product median,Process parameter; product-level median is a low-risk estimate
2026-09-26T05:17:57+00:00,7_imputation,Missing process parameter,1634,B02252,pH,<missing>,6.5,Imputed with product median,Process parameter; product-level median is a low-risk estimate
2026-09-26T05:17:57+00:00,7_imputation,Missing process parameter,1656,B01922,pH,<missing>,6.5,Imputed with product median,Process parameter; product-level median is a low-risk estimate
2026-09-26T05:17:57+00:00,7_imputation,Missing process parameter,1697,B00861,pH,<missing>,6.53,Imputed with product median,Process parameter; product-level median is a low-risk estimate
2026-09-26T05:17:57+00:00,7_imputation,Missing process parameter,1707,B01104,pH,<missing>,6.54,Imputed with product median,Process parameter; product-level median is a low-risk estimate
2026-09-26T05:17:57+00:00,7_imputation,Missing process parameter,1756,B00665,pH,<missing>,6.5,Imputed with product median,Process parameter; product-level median is a low-risk estimate
2026-09-26T05:17:57+00:00,7_imputation,Missing process parameter,1803,B02588,pH,<missing>,6.5,Imputed with product median,Process parameter; product-level median is a low-risk estimate
2026-09-26T05:17:57+00:00,7_imputation,Missing process parameter,1809,B01965,pH,<missing>,6.53,Imputed with product median,Process parameter; product-level median is a low-risk estimate
2026-09-26T05:17:57+00:00,7_imputation,Missing process parameter,1822,B02830,pH,<missing>,6.54,Imputed with product median,Process parameter; product-level median is a low-risk estimate
2026-09-26T05:17:57+00:00,7_imputation,Missing process parameter,1826,B01007,pH,<missing>,6.53,Imputed with product median,Process parameter; product-level median is a low-risk estimate
2026-09-26T05:17:57+00:00,7_imputation,Missing process parameter,1904,B02418,pH,<missing>,6.555,Imputed with product median,Process parameter; product-level median is a low-risk estimate
2026-09-26T05:17:57+00:00,7_imputation,Missing process parameter,1931,B00525,pH,<missing>,6.5,Imputed with product median,Process parameter; product-level median is a low-risk estimate
2026-09-26T05:17:57+00:00,7_imputation,Missing process parameter,1955,B01697,pH,<missing>,6.51,Imputed with product median,Process parameter; product-level median is a low-risk estimate
2026-09-26T05:17:57+00:00,7_imputation,Missing process parameter,1964,B02278,pH,<missing>,6.52,Imputed with product median,Process parameter; product-level median is a low-risk estimate
2026-09-26T05:17:57+00:00,7_imputation,Missing process parameter,1968,B01591,pH,<missing>,6.5649999999999995,Imputed with product median,Process parameter; product-level median is a low-risk estimate
2026-09-26T05:17:57+00:00,7_imputation,Missing process parameter,1972,B01830,pH,<missing>,6.53,Imputed with product median,Process parameter; product-level median is a low-risk estimate
2026-09-26T05:17:57+00:00,7_imputation,Missing process parameter,2025,B01851,pH,<missing>,6.52,Imputed with product median,Process parameter; product-level median is a low-risk estimate
2026-09-26T05:17:57+00:00,7_imputation,Missing process parameter,2074,B01783,pH,<missing>,6.52,Imputed with product median,Process parameter; product-level median is a low-risk estimate
2026-09-26T05:17:57+00:00,7_imputation,Missing process parameter,2125,B01187,pH,<missing>,6.54,Imputed with product median,Process parameter; product-level median is a low-risk estimate
2026-09-26T05:17:57+00:00,7_imputation,Missing process parameter,2161,B00633,pH,<missing>,6.51,Imputed with product median,Process parameter; product-level median is a low-risk estimate
2026-09-26T05:17:57+00:00,7_imputation,Missing process parameter,2197,B00365,pH,<missing>,6.54,Imputed with product median,Process parameter; product-level median is a low-risk estimate
2026-09-26T05:17:57+00:00,7_imputation,Missing process parameter,2214,B01477,pH,<missing>,6.51,Imputed with product median,Process parameter; product-level median is a low-risk estimate
2026-09-26T05:17:57+00:00,7_imputation,Missing process parameter,2255,B02192,pH,<missing>,6.51,Imputed with product median,Process parameter; product-level median is a low-risk estimate
2026-09-26T05:17:57+00:00,7_imputation,Missing process parameter,2265,B02866,pH,<missing>,6.52,Imputed with product median,Process parameter; product-level median is a low-risk estimate
2026-09-26T05:17:57+00:00,7_imputation,Missing process parameter,2273,B01179,pH,<missing>,6.555,Imputed with product median,Process parameter; product-level median is a low-risk estimate
2026-09-26T05:17:57+00:00,7_imputation,Missing process parameter,2279,B01272,pH,<missing>,6.54,Imputed with product median,Process parameter; product-level median is a low-risk estimate
2026-09-26T05:17:57+00:00,7_imputation,Missing process parameter,2296,B02114,pH,<missing>,6.53,Imputed with product median,Process parameter; product-level median is a low-risk estimate
2026-09-26T05:17:57+00:00,7_imputation,Missing process parameter,2312,B01702,pH,<missing>,6.54,Imputed with product median,Process parameter; product-level median is a low-risk estimate
2026-09-26T05:17:57+00:00,7_imputation,Missing process parameter,2370,B01441,pH,<missing>,6.5649999999999995,Imputed with product median,Process parameter; product-level median is a low-risk estimate
2026-09-26T05:17:57+00:00,7_imputation,Missing process parameter,2377,B00300,pH,<missing>,6.52,Imputed with product median,Process parameter; product-level median is a low-risk estimate
2026-09-26T05:17:57+00:00,7_imputation,Missing process parameter,2447,B01468,pH,<missing>,6.5,Imputed with product median,Process parameter; product-level median is a low-risk estimate
2026-09-26T05:17:57+00:00,7_imputation,Missing process parameter,2481,B01269,pH,<missing>,6.53,Imputed with product median,Process parameter; product-level median is a low-risk estimate
2026-09-26T05:17:57+00:00,7_imputation,Missing process parameter,2494,B02098,pH,<missing>,6.53,Imputed with product median,Process parameter; product-level median is a low-risk estimate
2026-09-26T05:17:57+00:00,7_imputation,Missing process parameter,2498,B01840,pH,<missing>,6.5,Imputed with product median,Process parameter; product-level median is a low-risk estimate
2026-09-26T05:17:57+00:00,7_imputation,Missing process parameter,2518,B00066,pH,<missing>,6.5,Imputed with product median,Process parameter; product-level median is a low-risk estimate
2026-09-26T05:17:57+00:00,7_imputation,Missing process parameter,2525,B02593,pH,<missing>,6.5,Imputed with product median,Process parameter; product-level median is a low-risk estimate
2026-09-26T05:17:57+00:00,7_imputation,Missing process parameter,2539,B00182,pH,<missing>,6.54,Imputed with product median,Process parameter; product-level median is a low-risk estimate
2026-09-26T05:17:57+00:00,7_imputation,Missing process parameter,2572,B01768,pH,<missing>,6.51,Imputed with product median,Process parameter; product-level median is a low-risk estimate
2026-09-26T05:17:57+00:00,7_imputation,Missing process parameter,2595,B01164,pH,<missing>,6.5,Imputed with product median,Process parameter; product-level median is a low-risk estimate
2026-09-26T05:17:57+00:00,7_imputation,Missing process parameter,2600,B02367,pH,<missing>,6.5,Imputed with product median,Process parameter; product-level median is a low-risk estimate
2026-09-26T05:17:57+00:00,7_imputation,Missing process parameter,2663,B02038,pH,<missing>,6.52,Imputed with product median,Process parameter; product-level median is a low-risk estimate
2026-09-26T05:17:57+00:00,7_imputation,Missing process parameter,2705,B00856,pH,<missing>,6.53,Imputed with product median,Process parameter; product-level median is a low-risk estimate
2026-09-26T05:17:57+00:00,7_imputation,Missing process parameter,2725,B00370,pH,<missing>,6.5649999999999995,Imputed with product median,Process parameter; product-level median is a low-risk estimate
2026-09-26T05:17:57+00:00,7_imputation,Missing process parameter,2790,B01204,pH,<missing>,6.5649999999999995,Imputed with product median,Process parameter; product-level median is a low-risk estimate
2026-09-26T05:17:57+00:00,7_imputation,Missing process parameter,2854,B01967,pH,<missing>,6.535,Imputed with product median,Process parameter; product-level median is a low-risk estimate
2026-09-26T05:17:57+00:00,7_imputation,Missing process parameter,2857,B02250,pH,<missing>,6.51,Imputed with product median,Process parameter; product-level median is a low-risk estimate
2026-09-26T05:17:57+00:00,7_imputation,Missing process parameter,2863,B01659,pH,<missing>,6.53,Imputed with product median,Process parameter; product-level median is a low-risk estimate
2026-09-26T05:17:57+00:00,7_imputation,Missing process parameter,2895,B00913,pH,<missing>,6.5,Imputed with product median,Process parameter; product-level median is a low-risk estimate
2026-09-26T05:17:57+00:00,7_imputation,Missing process parameter,2925,B00721,pH,<missing>,6.54,Imputed with product median,Process parameter; product-level median is a low-risk estimate
2026-09-26T05:17:57+00:00,7_imputation,Missing process parameter,2943,B01831,pH,<missing>,6.5,Imputed with product median,Process parameter; product-level median is a low-risk estimate
2026-09-26T05:17:57+00:00,7_imputation,Missing process parameter,2947,B02207,pH,<missing>,6.54,Imputed with product median,Process parameter; product-level median is a low-risk estimate
2026-09-26T05:17:57+00:00,7_imputation,Missing process parameter,2962,B02880,pH,<missing>,6.53,Imputed with product median,Process parameter; product-level median is a low-risk estimate
2026-09-26T05:17:57+00:00,7_imputation,Missing process parameter,2972,B01710,pH,<missing>,6.555,Imputed with product median,Process parameter; product-level median is a low-risk estimate
2026-09-26T05:17:57+00:00,7_imputation,Missing process parameter,2976,B02070,pH,<missing>,6.51,Imputed with product median,Process parameter; product-level median is a low-risk estimate
2026-09-26T05:17:57+00:00,7_imputation,Missing process parameter,23,B00745,Batch_Size_Kg,<missing>,151.2,Imputed with product median,Process parameter; product-level median is a low-risk estimate
2026-09-26T05:17:57+00:00,7_imputation,Missing process parameter,59,B01413,Batch_Size_Kg,<missing>,494.15,Imputed with product median,Process parameter; product-level median is a low-risk estimate
2026-09-26T05:17:57+00:00,7_imputation,Missing process parameter,103,B02286,Batch_Size_Kg,<missing>,60.75,Imputed with product median,Process parameter; product-level median is a low-risk estimate
2026-09-26T05:17:57+00:00,7_imputation,Missing process parameter,200,B02898,Batch_Size_Kg,<missing>,222,Imputed with product median,Process parameter; product-level median is a low-risk estimate
2026-09-26T05:17:57+00:00,7_imputation,Missing process parameter,206,B02037,Batch_Size_Kg,<missing>,201.1,Imputed with product median,Process parameter; product-level median is a low-risk estimate
2026-09-26T05:17:57+00:00,7_imputation,Missing process parameter,213,B01485,Batch_Size_Kg,<missing>,450.2,Imputed with product median,Process parameter; product-level median is a low-risk estimate
2026-09-26T05:17:57+00:00,7_imputation,Missing process parameter,250,B00327,Batch_Size_Kg,<missing>,494.15,Imputed with product median,Process parameter; product-level median is a low-risk estimate
2026-09-26T05:17:57+00:00,7_imputation,Missing process parameter,256,B00928,Batch_Size_Kg,<missing>,295.7,Imputed with product median,Process parameter; product-level median is a low-risk estimate
2026-09-26T05:17:57+00:00,7_imputation,Missing process parameter,287,B00800,Batch_Size_Kg,<missing>,450.2,Imputed with product median,Process parameter; product-level median is a low-risk estimate
2026-09-26T05:17:57+00:00,7_imputation,Missing process parameter,313,B02298,Batch_Size_Kg,<missing>,450.2,Imputed with product median,Process parameter; product-level median is a low-risk estimate
2026-09-26T05:17:57+00:00,7_imputation,Missing process parameter,333,B02180,Batch_Size_Kg,<missing>,450.2,Imputed with product median,Process parameter; product-level median is a low-risk estimate
2026-09-26T05:17:57+00:00,7_imputation,Missing process parameter,379,B01592,Batch_Size_Kg,<missing>,295.7,Imputed with product median,Process parameter; product-level median is a low-risk estimate
2026-09-26T05:17:57+00:00,7_imputation,Missing process parameter,405,B01143,Batch_Size_Kg,<missing>,224.95,Imputed with product median,Process parameter; product-level median is a low-risk estimate
2026-09-26T05:17:57+00:00,7_imputation,Missing process parameter,466,B01381,Batch_Size_Kg,<missing>,90.8,Imputed with product median,Process parameter; product-level median is a low-risk estimate
2026-09-26T05:17:57+00:00,7_imputation,Missing process parameter,486,B00554,Batch_Size_Kg,<missing>,295.7,Imputed with product median,Process parameter; product-level median is a low-risk estimate
2026-09-26T05:17:57+00:00,7_imputation,Missing process parameter,492,B00983,Batch_Size_Kg,<missing>,201.1,Imputed with product median,Process parameter; product-level median is a low-risk estimate
2026-09-26T05:17:57+00:00,7_imputation,Missing process parameter,514,B01260,Batch_Size_Kg,<missing>,60.75,Imputed with product median,Process parameter; product-level median is a low-risk estimate
2026-09-26T05:17:57+00:00,7_imputation,Missing process parameter,537,B01258,Batch_Size_Kg,<missing>,201.1,Imputed with product median,Process parameter; product-level median is a low-risk estimate
2026-09-26T05:17:57+00:00,7_imputation,Missing process parameter,603,B02682,Batch_Size_Kg,<missing>,249.5,Imputed with product median,Process parameter; product-level median is a low-risk estimate
2026-09-26T05:17:57+00:00,7_imputation,Missing process parameter,606,B00755,Batch_Size_Kg,<missing>,201.1,Imputed with product median,Process parameter; product-level median is a low-risk estimate
2026-09-26T05:17:57+00:00,7_imputation,Missing process parameter,615,B02564,Batch_Size_Kg,<missing>,450.2,Imputed with product median,Process parameter; product-level median is a low-risk estimate
2026-09-26T05:17:57+00:00,7_imputation,Missing process parameter,620,B00530,Batch_Size_Kg,<missing>,90.8,Imputed with product median,Process parameter; product-level median is a low-risk estimate
2026-09-26T05:17:57+00:00,7_imputation,Missing process parameter,624,B01969,Batch_Size_Kg,<missing>,60.75,Imputed with product median,Process parameter; product-level median is a low-risk estimate
2026-09-26T05:17:57+00:00,7_imputation,Missing process parameter,634,B01068,Batch_Size_Kg,<missing>,222,Imputed with product median,Process parameter; product-level median is a low-risk estimate
2026-09-26T05:17:57+00:00,7_imputation,Missing process parameter,640,B02804,Batch_Size_Kg,<missing>,401.85,Imputed with product median,Process parameter; product-level median is a low-risk estimate
2026-09-26T05:17:57+00:00,7_imputation,Missing process parameter,692,B01876,Batch_Size_Kg,<missing>,249.5,Imputed with product median,Process parameter; product-level median is a low-risk estimate
2026-09-26T05:17:57+00:00,7_imputation,Missing process parameter,703,B02351,Batch_Size_Kg,<missing>,201.1,Imputed with product median,Process parameter; product-level median is a low-risk estimate
2026-09-26T05:17:57+00:00,7_imputation,Missing process parameter,706,B01470,Batch_Size_Kg,<missing>,401.85,Imputed with product median,Process parameter; product-level median is a low-risk estimate
2026-09-26T05:17:57+00:00,7_imputation,Missing process parameter,739,B01859,Batch_Size_Kg,<missing>,201.1,Imputed with product median,Process parameter; product-level median is a low-risk estimate
2026-09-26T05:17:57+00:00,7_imputation,Missing process parameter,745,B00813,Batch_Size_Kg,<missing>,222,Imputed with product median,Process parameter; product-level median is a low-risk estimate
2026-09-26T05:17:57+00:00,7_imputation,Missing process parameter,766,B01787,Batch_Size_Kg,<missing>,224.95,Imputed with product median,Process parameter; product-level median is a low-risk estimate
2026-09-26T05:17:57+00:00,7_imputation,Missing process parameter,775,B00155,Batch_Size_Kg,<missing>,450.2,Imputed with product median,Process parameter; product-level median is a low-risk estimate
2026-09-26T05:17:57+00:00,7_imputation,Missing process parameter,781,B00762,Batch_Size_Kg,<missing>,201.1,Imputed with product median,Process parameter; product-level median is a low-risk estimate
2026-09-26T05:17:57+00:00,7_imputation,Missing process parameter,859,B00645,Batch_Size_Kg,<missing>,151.2,Imputed with product median,Process parameter; product-level median is a low-risk estimate
2026-09-26T05:17:57+00:00,7_imputation,Missing process parameter,893,B00566,Batch_Size_Kg,<missing>,494.15,Imputed with product median,Process parameter; product-level median is a low-risk estimate
2026-09-26T05:17:57+00:00,7_imputation,Missing process parameter,900,B00775,Batch_Size_Kg,<missing>,60.75,Imputed with product median,Process parameter; product-level median is a low-risk estimate
2026-09-26T05:17:57+00:00,7_imputation,Missing process parameter,902,B00604,Batch_Size_Kg,<missing>,249.5,Imputed with product median,Process parameter; product-level median is a low-risk estimate
2026-09-26T05:17:57+00:00,7_imputation,Missing process parameter,915,B01893,Batch_Size_Kg,<missing>,60.75,Imputed with product median,Process parameter; product-level median is a low-risk estimate
2026-09-26T05:17:57+00:00,7_imputation,Missing process parameter,931,B02081,Batch_Size_Kg,<missing>,60.75,Imputed with product median,Process parameter; product-level median is a low-risk estimate
2026-09-26T05:17:57+00:00,7_imputation,Missing process parameter,963,B00883,Batch_Size_Kg,<missing>,450.2,Imputed with product median,Process parameter; product-level median is a low-risk estimate
2026-09-26T05:17:57+00:00,7_imputation,Missing process parameter,964,B02265,Batch_Size_Kg,<missing>,249.5,Imputed with product median,Process parameter; product-level median is a low-risk estimate
2026-09-26T05:17:57+00:00,7_imputation,Missing process parameter,977,B00958,Batch_Size_Kg,<missing>,222,Imputed with product median,Process parameter; product-level median is a low-risk estimate
2026-09-26T05:17:57+00:00,7_imputation,Missing process parameter,982,B00606,Batch_Size_Kg,<missing>,201.1,Imputed with product median,Process parameter; product-level median is a low-risk estimate
2026-09-26T05:17:57+00:00,7_imputation,Missing process parameter,987,B00320,Batch_Size_Kg,<missing>,151.2,Imputed with product median,Process parameter; product-level median is a low-risk estimate
2026-09-26T05:17:57+00:00,7_imputation,Missing process parameter,1043,B01245,Batch_Size_Kg,<missing>,60.75,Imputed with product median,Process parameter; product-level median is a low-risk estimate
2026-09-26T05:17:57+00:00,7_imputation,Missing process parameter,1053,B00722,Batch_Size_Kg,<missing>,90.8,Imputed with product median,Process parameter; product-level median is a low-risk estimate
2026-09-26T05:17:57+00:00,7_imputation,Missing process parameter,1062,B01678,Batch_Size_Kg,<missing>,450.2,Imputed with product median,Process parameter; product-level median is a low-risk estimate
2026-09-26T05:17:57+00:00,7_imputation,Missing process parameter,1082,B02729,Batch_Size_Kg,<missing>,201.1,Imputed with product median,Process parameter; product-level median is a low-risk estimate
2026-09-26T05:17:57+00:00,7_imputation,Missing process parameter,1084,B00249,Batch_Size_Kg,<missing>,151.2,Imputed with product median,Process parameter; product-level median is a low-risk estimate
2026-09-26T05:17:57+00:00,7_imputation,Missing process parameter,1086,B01803,Batch_Size_Kg,<missing>,450.2,Imputed with product median,Process parameter; product-level median is a low-risk estimate
2026-09-26T05:17:57+00:00,7_imputation,Missing process parameter,1160,B01385,Batch_Size_Kg,<missing>,295.7,Imputed with product median,Process parameter; product-level median is a low-risk estimate
2026-09-26T05:17:57+00:00,7_imputation,Missing process parameter,1242,B00035,Batch_Size_Kg,<missing>,60.75,Imputed with product median,Process parameter; product-level median is a low-risk estimate
2026-09-26T05:17:57+00:00,7_imputation,Missing process parameter,1248,B00205,Batch_Size_Kg,<missing>,450.2,Imputed with product median,Process parameter; product-level median is a low-risk estimate
2026-09-26T05:17:57+00:00,7_imputation,Missing process parameter,1283,B02641,Batch_Size_Kg,<missing>,494.15,Imputed with product median,Process parameter; product-level median is a low-risk estimate
2026-09-26T05:17:57+00:00,7_imputation,Missing process parameter,1284,B02194,Batch_Size_Kg,<missing>,494.15,Imputed with product median,Process parameter; product-level median is a low-risk estimate
2026-09-26T05:17:57+00:00,7_imputation,Missing process parameter,1340,B02072,Batch_Size_Kg,<missing>,222,Imputed with product median,Process parameter; product-level median is a low-risk estimate
2026-09-26T05:17:57+00:00,7_imputation,Missing process parameter,1342,B02271,Batch_Size_Kg,<missing>,295.7,Imputed with product median,Process parameter; product-level median is a low-risk estimate
2026-09-26T05:17:57+00:00,7_imputation,Missing process parameter,1345,B02270,Batch_Size_Kg,<missing>,90.8,Imputed with product median,Process parameter; product-level median is a low-risk estimate
2026-09-26T05:17:57+00:00,7_imputation,Missing process parameter,1350,B02435,Batch_Size_Kg,<missing>,450.2,Imputed with product median,Process parameter; product-level median is a low-risk estimate
2026-09-26T05:17:57+00:00,7_imputation,Missing process parameter,1380,B02563,Batch_Size_Kg,<missing>,222,Imputed with product median,Process parameter; product-level median is a low-risk estimate
2026-09-26T05:17:57+00:00,7_imputation,Missing process parameter,1417,B02014,Batch_Size_Kg,<missing>,90.8,Imputed with product median,Process parameter; product-level median is a low-risk estimate
2026-09-26T05:17:57+00:00,7_imputation,Missing process parameter,1436,B01038,Batch_Size_Kg,<missing>,401.85,Imputed with product median,Process parameter; product-level median is a low-risk estimate
2026-09-26T05:17:57+00:00,7_imputation,Missing process parameter,1473,B01039,Batch_Size_Kg,<missing>,450.2,Imputed with product median,Process parameter; product-level median is a low-risk estimate
2026-09-26T05:17:57+00:00,7_imputation,Missing process parameter,1506,B00894,Batch_Size_Kg,<missing>,90.8,Imputed with product median,Process parameter; product-level median is a low-risk estimate
2026-09-26T05:17:57+00:00,7_imputation,Missing process parameter,1514,B02302,Batch_Size_Kg,<missing>,249.5,Imputed with product median,Process parameter; product-level median is a low-risk estimate
2026-09-26T05:17:57+00:00,7_imputation,Missing process parameter,1522,B02043,Batch_Size_Kg,<missing>,151.2,Imputed with product median,Process parameter; product-level median is a low-risk estimate
2026-09-26T05:17:57+00:00,7_imputation,Missing process parameter,1531,B01376,Batch_Size_Kg,<missing>,90.8,Imputed with product median,Process parameter; product-level median is a low-risk estimate
2026-09-26T05:17:57+00:00,7_imputation,Missing process parameter,1536,B00521,Batch_Size_Kg,<missing>,295.7,Imputed with product median,Process parameter; product-level median is a low-risk estimate
2026-09-26T05:17:57+00:00,7_imputation,Missing process parameter,1582,B01412,Batch_Size_Kg,<missing>,201.1,Imputed with product median,Process parameter; product-level median is a low-risk estimate
2026-09-26T05:17:57+00:00,7_imputation,Missing process parameter,1628,B01526,Batch_Size_Kg,<missing>,401.85,Imputed with product median,Process parameter; product-level median is a low-risk estimate
2026-09-26T05:17:57+00:00,7_imputation,Missing process parameter,1704,B02378,Batch_Size_Kg,<missing>,249.5,Imputed with product median,Process parameter; product-level median is a low-risk estimate
2026-09-26T05:17:57+00:00,7_imputation,Missing process parameter,1789,B00724,Batch_Size_Kg,<missing>,249.5,Imputed with product median,Process parameter; product-level median is a low-risk estimate
2026-09-26T05:17:57+00:00,7_imputation,Missing process parameter,1791,B02901,Batch_Size_Kg,<missing>,201.1,Imputed with product median,Process parameter; product-level median is a low-risk estimate
2026-09-26T05:17:57+00:00,7_imputation,Missing process parameter,1812,B01320,Batch_Size_Kg,<missing>,224.95,Imputed with product median,Process parameter; product-level median is a low-risk estimate
2026-09-26T05:17:57+00:00,7_imputation,Missing process parameter,1827,B01769,Batch_Size_Kg,<missing>,401.85,Imputed with product median,Process parameter; product-level median is a low-risk estimate
2026-09-26T05:17:57+00:00,7_imputation,Missing process parameter,1829,B00508,Batch_Size_Kg,<missing>,494.15,Imputed with product median,Process parameter; product-level median is a low-risk estimate
2026-09-26T05:17:57+00:00,7_imputation,Missing process parameter,1909,B00295,Batch_Size_Kg,<missing>,201.1,Imputed with product median,Process parameter; product-level median is a low-risk estimate
2026-09-26T05:17:57+00:00,7_imputation,Missing process parameter,1913,B02717,Batch_Size_Kg,<missing>,450.2,Imputed with product median,Process parameter; product-level median is a low-risk estimate
2026-09-26T05:17:57+00:00,7_imputation,Missing process parameter,1924,B02436,Batch_Size_Kg,<missing>,201.1,Imputed with product median,Process parameter; product-level median is a low-risk estimate
2026-09-26T05:17:57+00:00,7_imputation,Missing process parameter,1950,B00904,Batch_Size_Kg,<missing>,60.75,Imputed with product median,Process parameter; product-level median is a low-risk estimate
2026-09-26T05:17:57+00:00,7_imputation,Missing process parameter,1954,B00736,Batch_Size_Kg,<missing>,222,Imputed with product median,Process parameter; product-level median is a low-risk estimate
2026-09-26T05:17:57+00:00,7_imputation,Missing process parameter,1961,B02184,Batch_Size_Kg,<missing>,222,Imputed with product median,Process parameter; product-level median is a low-risk estimate
2026-09-26T05:17:57+00:00,7_imputation,Missing process parameter,1988,B00774,Batch_Size_Kg,<missing>,151.2,Imputed with product median,Process parameter; product-level median is a low-risk estimate
2026-09-26T05:17:57+00:00,7_imputation,Missing process parameter,2092,B01262,Batch_Size_Kg,<missing>,90.8,Imputed with product median,Process parameter; product-level median is a low-risk estimate
2026-09-26T05:17:57+00:00,7_imputation,Missing process parameter,2132,B02010,Batch_Size_Kg,<missing>,222,Imputed with product median,Process parameter; product-level median is a low-risk estimate
2026-09-26T05:17:57+00:00,7_imputation,Missing process parameter,2166,B02512,Batch_Size_Kg,<missing>,60.75,Imputed with product median,Process parameter; product-level median is a low-risk estimate
2026-09-26T05:17:57+00:00,7_imputation,Missing process parameter,2195,B02560,Batch_Size_Kg,<missing>,201.1,Imputed with product median,Process parameter; product-level median is a low-risk estimate
2026-09-26T05:17:57+00:00,7_imputation,Missing process parameter,2197,B00365,Batch_Size_Kg,<missing>,249.5,Imputed with product median,Process parameter; product-level median is a low-risk estimate
2026-09-26T05:17:57+00:00,7_imputation,Missing process parameter,2201,B01323,Batch_Size_Kg,<missing>,201.1,Imputed with product median,Process parameter; product-level median is a low-risk estimate
2026-09-26T05:17:57+00:00,7_imputation,Missing process parameter,2212,B02605,Batch_Size_Kg,<missing>,151.2,Imputed with product median,Process parameter; product-level median is a low-risk estimate
2026-09-26T05:17:57+00:00,7_imputation,Missing process parameter,2227,B01617,Batch_Size_Kg,<missing>,151.2,Imputed with product median,Process parameter; product-level median is a low-risk estimate
2026-09-26T05:17:57+00:00,7_imputation,Missing process parameter,2244,B02295,Batch_Size_Kg,<missing>,151.2,Imputed with product median,Process parameter; product-level median is a low-risk estimate
2026-09-26T05:17:57+00:00,7_imputation,Missing process parameter,2278,B00901,Batch_Size_Kg,<missing>,401.85,Imputed with product median,Process parameter; product-level median is a low-risk estimate
2026-09-26T05:17:57+00:00,7_imputation,Missing process parameter,2300,B02633,Batch_Size_Kg,<missing>,90.8,Imputed with product median,Process parameter; product-level median is a low-risk estimate
2026-09-26T05:17:57+00:00,7_imputation,Missing process parameter,2305,B00472,Batch_Size_Kg,<missing>,60.75,Imputed with product median,Process parameter; product-level median is a low-risk estimate
2026-09-26T05:17:57+00:00,7_imputation,Missing process parameter,2366,B00754,Batch_Size_Kg,<missing>,90.8,Imputed with product median,Process parameter; product-level median is a low-risk estimate
2026-09-26T05:17:57+00:00,7_imputation,Missing process parameter,2374,B00796,Batch_Size_Kg,<missing>,494.15,Imputed with product median,Process parameter; product-level median is a low-risk estimate
2026-09-26T05:17:57+00:00,7_imputation,Missing process parameter,2407,B02397,Batch_Size_Kg,<missing>,90.8,Imputed with product median,Process parameter; product-level median is a low-risk estimate
2026-09-26T05:17:57+00:00,7_imputation,Missing process parameter,2461,B00978,Batch_Size_Kg,<missing>,201.1,Imputed with product median,Process parameter; product-level median is a low-risk estimate
2026-09-26T05:17:57+00:00,7_imputation,Missing process parameter,2462,B00749,Batch_Size_Kg,<missing>,295.7,Imputed with product median,Process parameter; product-level median is a low-risk estimate
2026-09-26T05:17:57+00:00,7_imputation,Missing process parameter,2468,B02084,Batch_Size_Kg,<missing>,222,Imputed with product median,Process parameter; product-level median is a low-risk estimate
2026-09-26T05:17:57+00:00,7_imputation,Missing process parameter,2490,B00384,Batch_Size_Kg,<missing>,494.15,Imputed with product median,Process parameter; product-level median is a low-risk estimate
2026-09-26T05:17:57+00:00,7_imputation,Missing process parameter,2522,B02386,Batch_Size_Kg,<missing>,60.75,Imputed with product median,Process parameter; product-level median is a low-risk estimate
2026-09-26T05:17:57+00:00,7_imputation,Missing process parameter,2556,B01211,Batch_Size_Kg,<missing>,222,Imputed with product median,Process parameter; product-level median is a low-risk estimate
2026-09-26T05:17:57+00:00,7_imputation,Missing process parameter,2596,B00925,Batch_Size_Kg,<missing>,494.15,Imputed with product median,Process parameter; product-level median is a low-risk estimate
2026-09-26T05:17:57+00:00,7_imputation,Missing process parameter,2605,B00424,Batch_Size_Kg,<missing>,201.1,Imputed with product median,Process parameter; product-level median is a low-risk estimate
2026-09-26T05:17:57+00:00,7_imputation,Missing process parameter,2725,B00370,Batch_Size_Kg,<missing>,151.2,Imputed with product median,Process parameter; product-level median is a low-risk estimate
2026-09-26T05:17:57+00:00,7_imputation,Missing process parameter,2742,B01849,Batch_Size_Kg,<missing>,201.1,Imputed with product median,Process parameter; product-level median is a low-risk estimate
2026-09-26T05:17:57+00:00,7_imputation,Missing process parameter,2751,B01292,Batch_Size_Kg,<missing>,60.75,Imputed with product median,Process parameter; product-level median is a low-risk estimate
2026-09-26T05:17:57+00:00,7_imputation,Missing process parameter,2752,B00773,Batch_Size_Kg,<missing>,401.85,Imputed with product median,Process parameter; product-level median is a low-risk estimate
2026-09-26T05:17:57+00:00,7_imputation,Missing process parameter,2798,B00713,Batch_Size_Kg,<missing>,151.2,Imputed with product median,Process parameter; product-level median is a low-risk estimate
2026-09-26T05:17:57+00:00,7_imputation,Missing process parameter,2814,B01718,Batch_Size_Kg,<missing>,295.7,Imputed with product median,Process parameter; product-level median is a low-risk estimate
2026-09-26T05:17:57+00:00,7_imputation,Missing process parameter,2848,B00788,Batch_Size_Kg,<missing>,222,Imputed with product median,Process parameter; product-level median is a low-risk estimate
2026-09-26T05:17:57+00:00,7_imputation,Missing process parameter,2917,B02537,Batch_Size_Kg,<missing>,295.7,Imputed with product median,Process parameter; product-level median is a low-risk estimate
2026-09-26T05:17:57+00:00,7_imputation,Missing process parameter,2974,B01359,Batch_Size_Kg,<missing>,249.5,Imputed with product median,Process parameter; product-level median is a low-risk estimate
2026-09-26T05:17:57+00:00,7_imputation,Missing process parameter,22,B00168,Cycle_Time_Hrs,<missing>,9.4,Imputed with product median,Process parameter; product-level median is a low-risk estimate
2026-09-26T05:17:57+00:00,7_imputation,Missing process parameter,31,B00594,Cycle_Time_Hrs,<missing>,8.4,Imputed with product median,Process parameter; product-level median is a low-risk estimate
2026-09-26T05:17:57+00:00,7_imputation,Missing process parameter,74,B02463,Cycle_Time_Hrs,<missing>,10.2,Imputed with product median,Process parameter; product-level median is a low-risk estimate
2026-09-26T05:17:57+00:00,7_imputation,Missing process parameter,86,B01914,Cycle_Time_Hrs,<missing>,8.7,Imputed with product median,Process parameter; product-level median is a low-risk estimate
2026-09-26T05:17:57+00:00,7_imputation,Missing process parameter,110,B02621,Cycle_Time_Hrs,<missing>,8.4,Imputed with product median,Process parameter; product-level median is a low-risk estimate
2026-09-26T05:17:57+00:00,7_imputation,Missing process parameter,171,B00738,Cycle_Time_Hrs,<missing>,9.4,Imputed with product median,Process parameter; product-level median is a low-risk estimate
2026-09-26T05:17:57+00:00,7_imputation,Missing process parameter,188,B00599,Cycle_Time_Hrs,<missing>,9.1,Imputed with product median,Process parameter; product-level median is a low-risk estimate
2026-09-26T05:17:57+00:00,7_imputation,Missing process parameter,291,B00968,Cycle_Time_Hrs,<missing>,9.4,Imputed with product median,Process parameter; product-level median is a low-risk estimate
2026-09-26T05:17:57+00:00,7_imputation,Missing process parameter,319,B01940,Cycle_Time_Hrs,<missing>,10.3,Imputed with product median,Process parameter; product-level median is a low-risk estimate
2026-09-26T05:17:57+00:00,7_imputation,Missing process parameter,334,B01284,Cycle_Time_Hrs,<missing>,8.4,Imputed with product median,Process parameter; product-level median is a low-risk estimate
2026-09-26T05:17:57+00:00,7_imputation,Missing process parameter,395,B00989,Cycle_Time_Hrs,<missing>,10.3,Imputed with product median,Process parameter; product-level median is a low-risk estimate
2026-09-26T05:17:57+00:00,7_imputation,Missing process parameter,415,B02685,Cycle_Time_Hrs,<missing>,9,Imputed with product median,Process parameter; product-level median is a low-risk estimate
2026-09-26T05:17:57+00:00,7_imputation,Missing process parameter,434,B01547,Cycle_Time_Hrs,<missing>,9.1,Imputed with product median,Process parameter; product-level median is a low-risk estimate
2026-09-26T05:17:57+00:00,7_imputation,Missing process parameter,457,B01081,Cycle_Time_Hrs,<missing>,8.4,Imputed with product median,Process parameter; product-level median is a low-risk estimate
2026-09-26T05:17:57+00:00,7_imputation,Missing process parameter,462,B02539,Cycle_Time_Hrs,<missing>,9,Imputed with product median,Process parameter; product-level median is a low-risk estimate
2026-09-26T05:17:57+00:00,7_imputation,Missing process parameter,474,B01354,Cycle_Time_Hrs,<missing>,8.4,Imputed with product median,Process parameter; product-level median is a low-risk estimate
2026-09-26T05:17:57+00:00,7_imputation,Missing process parameter,486,B00554,Cycle_Time_Hrs,<missing>,9.4,Imputed with product median,Process parameter; product-level median is a low-risk estimate
2026-09-26T05:17:57+00:00,7_imputation,Missing process parameter,556,B00833,Cycle_Time_Hrs,<missing>,10.2,Imputed with product median,Process parameter; product-level median is a low-risk estimate
2026-09-26T05:17:57+00:00,7_imputation,Missing process parameter,583,B02427,Cycle_Time_Hrs,<missing>,9.4,Imputed with product median,Process parameter; product-level median is a low-risk estimate
2026-09-26T05:17:57+00:00,7_imputation,Missing process parameter,615,B02564,Cycle_Time_Hrs,<missing>,10.2,Imputed with product median,Process parameter; product-level median is a low-risk estimate
2026-09-26T05:17:57+00:00,7_imputation,Missing process parameter,625,B02771,Cycle_Time_Hrs,<missing>,9.1,Imputed with product median,Process parameter; product-level median is a low-risk estimate
2026-09-26T05:17:57+00:00,7_imputation,Missing process parameter,628,B02330,Cycle_Time_Hrs,<missing>,9.4,Imputed with product median,Process parameter; product-level median is a low-risk estimate
2026-09-26T05:17:57+00:00,7_imputation,Missing process parameter,640,B02804,Cycle_Time_Hrs,<missing>,9.9,Imputed with product median,Process parameter; product-level median is a low-risk estimate
2026-09-26T05:17:57+00:00,7_imputation,Missing process parameter,788,B00021,Cycle_Time_Hrs,<missing>,9,Imputed with product median,Process parameter; product-level median is a low-risk estimate
2026-09-26T05:17:57+00:00,7_imputation,Missing process parameter,808,B00888,Cycle_Time_Hrs,<missing>,9.4,Imputed with product median,Process parameter; product-level median is a low-risk estimate
2026-09-26T05:17:57+00:00,7_imputation,Missing process parameter,829,B00469,Cycle_Time_Hrs,<missing>,9.4,Imputed with product median,Process parameter; product-level median is a low-risk estimate
2026-09-26T05:17:57+00:00,7_imputation,Missing process parameter,872,B00608,Cycle_Time_Hrs,<missing>,9,Imputed with product median,Process parameter; product-level median is a low-risk estimate
2026-09-26T05:17:57+00:00,7_imputation,Missing process parameter,888,B01880,Cycle_Time_Hrs,<missing>,9.4,Imputed with product median,Process parameter; product-level median is a low-risk estimate
2026-09-26T05:17:57+00:00,7_imputation,Missing process parameter,925,B00115,Cycle_Time_Hrs,<missing>,9,Imputed with product median,Process parameter; product-level median is a low-risk estimate
2026-09-26T05:17:57+00:00,7_imputation,Missing process parameter,927,B00356,Cycle_Time_Hrs,<missing>,8.4,Imputed with product median,Process parameter; product-level median is a low-risk estimate
2026-09-26T05:17:57+00:00,7_imputation,Missing process parameter,951,B01490,Cycle_Time_Hrs,<missing>,9,Imputed with product median,Process parameter; product-level median is a low-risk estimate
2026-09-26T05:17:57+00:00,7_imputation,Missing process parameter,960,B02102,Cycle_Time_Hrs,<missing>,9.1,Imputed with product median,Process parameter; product-level median is a low-risk estimate
2026-09-26T05:17:57+00:00,7_imputation,Missing process parameter,977,B00958,Cycle_Time_Hrs,<missing>,9.1,Imputed with product median,Process parameter; product-level median is a low-risk estimate
2026-09-26T05:17:57+00:00,7_imputation,Missing process parameter,1021,B01634,Cycle_Time_Hrs,<missing>,8.4,Imputed with product median,Process parameter; product-level median is a low-risk estimate
2026-09-26T05:17:57+00:00,7_imputation,Missing process parameter,1025,B02365,Cycle_Time_Hrs,<missing>,8.7,Imputed with product median,Process parameter; product-level median is a low-risk estimate
2026-09-26T05:17:57+00:00,7_imputation,Missing process parameter,1030,B00052,Cycle_Time_Hrs,<missing>,9.4,Imputed with product median,Process parameter; product-level median is a low-risk estimate
2026-09-26T05:17:57+00:00,7_imputation,Missing process parameter,1046,B01518,Cycle_Time_Hrs,<missing>,9.9,Imputed with product median,Process parameter; product-level median is a low-risk estimate
2026-09-26T05:17:57+00:00,7_imputation,Missing process parameter,1050,B01623,Cycle_Time_Hrs,<missing>,8.4,Imputed with product median,Process parameter; product-level median is a low-risk estimate
2026-09-26T05:17:57+00:00,7_imputation,Missing process parameter,1102,B00512,Cycle_Time_Hrs,<missing>,8.7,Imputed with product median,Process parameter; product-level median is a low-risk estimate
2026-09-26T05:17:57+00:00,7_imputation,Missing process parameter,1105,B00193,Cycle_Time_Hrs,<missing>,9.1,Imputed with product median,Process parameter; product-level median is a low-risk estimate
2026-09-26T05:17:57+00:00,7_imputation,Missing process parameter,1140,B01658,Cycle_Time_Hrs,<missing>,9.2,Imputed with product median,Process parameter; product-level median is a low-risk estimate
2026-09-26T05:17:57+00:00,7_imputation,Missing process parameter,1206,B01821,Cycle_Time_Hrs,<missing>,9.4,Imputed with product median,Process parameter; product-level median is a low-risk estimate
2026-09-26T05:17:57+00:00,7_imputation,Missing process parameter,1229,B00756,Cycle_Time_Hrs,<missing>,10.2,Imputed with product median,Process parameter; product-level median is a low-risk estimate
2026-09-26T05:17:57+00:00,7_imputation,Missing process parameter,1239,B02558,Cycle_Time_Hrs,<missing>,8.4,Imputed with product median,Process parameter; product-level median is a low-risk estimate
2026-09-26T05:17:57+00:00,7_imputation,Missing process parameter,1269,B01000,Cycle_Time_Hrs,<missing>,9,Imputed with product median,Process parameter; product-level median is a low-risk estimate
2026-09-26T05:17:57+00:00,7_imputation,Missing process parameter,1288,B02523,Cycle_Time_Hrs,<missing>,10.3,Imputed with product median,Process parameter; product-level median is a low-risk estimate
2026-09-26T05:17:57+00:00,7_imputation,Missing process parameter,1330,B01279,Cycle_Time_Hrs,<missing>,9.9,Imputed with product median,Process parameter; product-level median is a low-risk estimate
2026-09-26T05:17:57+00:00,7_imputation,Missing process parameter,1342,B02271,Cycle_Time_Hrs,<missing>,9.4,Imputed with product median,Process parameter; product-level median is a low-risk estimate
2026-09-26T05:17:57+00:00,7_imputation,Missing process parameter,1397,B02396,Cycle_Time_Hrs,<missing>,9.1,Imputed with product median,Process parameter; product-level median is a low-risk estimate
2026-09-26T05:17:57+00:00,7_imputation,Missing process parameter,1457,B02144,Cycle_Time_Hrs,<missing>,9.1,Imputed with product median,Process parameter; product-level median is a low-risk estimate
2026-09-26T05:17:57+00:00,7_imputation,Missing process parameter,1471,B02910,Cycle_Time_Hrs,<missing>,9.4,Imputed with product median,Process parameter; product-level median is a low-risk estimate
2026-09-26T05:17:57+00:00,7_imputation,Missing process parameter,1497,B01130,Cycle_Time_Hrs,<missing>,9.1,Imputed with product median,Process parameter; product-level median is a low-risk estimate
2026-09-26T05:17:57+00:00,7_imputation,Missing process parameter,1508,B00371,Cycle_Time_Hrs,<missing>,9.4,Imputed with product median,Process parameter; product-level median is a low-risk estimate
2026-09-26T05:17:57+00:00,7_imputation,Missing process parameter,1628,B01526,Cycle_Time_Hrs,<missing>,9.9,Imputed with product median,Process parameter; product-level median is a low-risk estimate
2026-09-26T05:17:57+00:00,7_imputation,Missing process parameter,1699,B00446,Cycle_Time_Hrs,<missing>,9.1,Imputed with product median,Process parameter; product-level median is a low-risk estimate
2026-09-26T05:17:57+00:00,7_imputation,Missing process parameter,1737,B02148,Cycle_Time_Hrs,<missing>,8.4,Imputed with product median,Process parameter; product-level median is a low-risk estimate
2026-09-26T05:17:57+00:00,7_imputation,Missing process parameter,1745,B00412,Cycle_Time_Hrs,<missing>,10.3,Imputed with product median,Process parameter; product-level median is a low-risk estimate
2026-09-26T05:17:57+00:00,7_imputation,Missing process parameter,1768,B00489,Cycle_Time_Hrs,<missing>,8.7,Imputed with product median,Process parameter; product-level median is a low-risk estimate
2026-09-26T05:17:57+00:00,7_imputation,Missing process parameter,1790,B00929,Cycle_Time_Hrs,<missing>,10.2,Imputed with product median,Process parameter; product-level median is a low-risk estimate
2026-09-26T05:17:57+00:00,7_imputation,Missing process parameter,1795,B01401,Cycle_Time_Hrs,<missing>,8.4,Imputed with product median,Process parameter; product-level median is a low-risk estimate
2026-09-26T05:17:57+00:00,7_imputation,Missing process parameter,1886,B00043,Cycle_Time_Hrs,<missing>,8.7,Imputed with product median,Process parameter; product-level median is a low-risk estimate
2026-09-26T05:17:57+00:00,7_imputation,Missing process parameter,1902,B02311,Cycle_Time_Hrs,<missing>,10.3,Imputed with product median,Process parameter; product-level median is a low-risk estimate
2026-09-26T05:17:57+00:00,7_imputation,Missing process parameter,1910,B02470,Cycle_Time_Hrs,<missing>,10.3,Imputed with product median,Process parameter; product-level median is a low-risk estimate
2026-09-26T05:17:57+00:00,7_imputation,Missing process parameter,1912,B01467,Cycle_Time_Hrs,<missing>,9.1,Imputed with product median,Process parameter; product-level median is a low-risk estimate
2026-09-26T05:17:57+00:00,7_imputation,Missing process parameter,1914,B01362,Cycle_Time_Hrs,<missing>,9.9,Imputed with product median,Process parameter; product-level median is a low-risk estimate
2026-09-26T05:17:57+00:00,7_imputation,Missing process parameter,1933,B00737,Cycle_Time_Hrs,<missing>,8.7,Imputed with product median,Process parameter; product-level median is a low-risk estimate
2026-09-26T05:17:57+00:00,7_imputation,Missing process parameter,1939,B02867,Cycle_Time_Hrs,<missing>,9.4,Imputed with product median,Process parameter; product-level median is a low-risk estimate
2026-09-26T05:17:57+00:00,7_imputation,Missing process parameter,1983,B01878,Cycle_Time_Hrs,<missing>,8.4,Imputed with product median,Process parameter; product-level median is a low-risk estimate
2026-09-26T05:17:57+00:00,7_imputation,Missing process parameter,2008,B02416,Cycle_Time_Hrs,<missing>,10.2,Imputed with product median,Process parameter; product-level median is a low-risk estimate
2026-09-26T05:17:57+00:00,7_imputation,Missing process parameter,2022,B00631,Cycle_Time_Hrs,<missing>,8.7,Imputed with product median,Process parameter; product-level median is a low-risk estimate
2026-09-26T05:17:57+00:00,7_imputation,Missing process parameter,2041,B00463,Cycle_Time_Hrs,<missing>,8.7,Imputed with product median,Process parameter; product-level median is a low-risk estimate
2026-09-26T05:17:57+00:00,7_imputation,Missing process parameter,2060,B02373,Cycle_Time_Hrs,<missing>,9.9,Imputed with product median,Process parameter; product-level median is a low-risk estimate
2026-09-26T05:17:57+00:00,7_imputation,Missing process parameter,2081,B01886,Cycle_Time_Hrs,<missing>,9.4,Imputed with product median,Process parameter; product-level median is a low-risk estimate
2026-09-26T05:17:57+00:00,7_imputation,Missing process parameter,2088,B01017,Cycle_Time_Hrs,<missing>,9.2,Imputed with product median,Process parameter; product-level median is a low-risk estimate
2026-09-26T05:17:57+00:00,7_imputation,Missing process parameter,2090,B02479,Cycle_Time_Hrs,<missing>,9.9,Imputed with product median,Process parameter; product-level median is a low-risk estimate
2026-09-26T05:17:57+00:00,7_imputation,Missing process parameter,2096,B02238,Cycle_Time_Hrs,<missing>,10.3,Imputed with product median,Process parameter; product-level median is a low-risk estimate
2026-09-26T05:17:57+00:00,7_imputation,Missing process parameter,2104,B02815,Cycle_Time_Hrs,<missing>,9.4,Imputed with product median,Process parameter; product-level median is a low-risk estimate
2026-09-26T05:17:57+00:00,7_imputation,Missing process parameter,2167,B02405,Cycle_Time_Hrs,<missing>,9.4,Imputed with product median,Process parameter; product-level median is a low-risk estimate
2026-09-26T05:17:57+00:00,7_imputation,Missing process parameter,2241,B00246,Cycle_Time_Hrs,<missing>,9.9,Imputed with product median,Process parameter; product-level median is a low-risk estimate
2026-09-26T05:17:57+00:00,7_imputation,Missing process parameter,2327,B02689,Cycle_Time_Hrs,<missing>,9.1,Imputed with product median,Process parameter; product-level median is a low-risk estimate
2026-09-26T05:17:57+00:00,7_imputation,Missing process parameter,2334,B00126,Cycle_Time_Hrs,<missing>,9,Imputed with product median,Process parameter; product-level median is a low-risk estimate
2026-09-26T05:17:57+00:00,7_imputation,Missing process parameter,2338,B02714,Cycle_Time_Hrs,<missing>,9,Imputed with product median,Process parameter; product-level median is a low-risk estimate
2026-09-26T05:17:57+00:00,7_imputation,Missing process parameter,2351,B01622,Cycle_Time_Hrs,<missing>,9.9,Imputed with product median,Process parameter; product-level median is a low-risk estimate
2026-09-26T05:17:57+00:00,7_imputation,Missing process parameter,2353,B00740,Cycle_Time_Hrs,<missing>,8.4,Imputed with product median,Process parameter; product-level median is a low-risk estimate
2026-09-26T05:17:57+00:00,7_imputation,Missing process parameter,2443,B02838,Cycle_Time_Hrs,<missing>,8.4,Imputed with product median,Process parameter; product-level median is a low-risk estimate
2026-09-26T05:17:57+00:00,7_imputation,Missing process parameter,2455,B00367,Cycle_Time_Hrs,<missing>,10.2,Imputed with product median,Process parameter; product-level median is a low-risk estimate
2026-09-26T05:17:57+00:00,7_imputation,Missing process parameter,2456,B01036,Cycle_Time_Hrs,<missing>,8.7,Imputed with product median,Process parameter; product-level median is a low-risk estimate
2026-09-26T05:17:57+00:00,7_imputation,Missing process parameter,2510,B01082,Cycle_Time_Hrs,<missing>,8.4,Imputed with product median,Process parameter; product-level median is a low-risk estimate
2026-09-26T05:17:57+00:00,7_imputation,Missing process parameter,2527,B01652,Cycle_Time_Hrs,<missing>,9.9,Imputed with product median,Process parameter; product-level median is a low-risk estimate
2026-09-26T05:17:57+00:00,7_imputation,Missing process parameter,2540,B02300,Cycle_Time_Hrs,<missing>,8.4,Imputed with product median,Process parameter; product-level median is a low-risk estimate
2026-09-26T05:17:57+00:00,7_imputation,Missing process parameter,2553,B02697,Cycle_Time_Hrs,<missing>,9.4,Imputed with product median,Process parameter; product-level median is a low-risk estimate
2026-09-26T05:17:57+00:00,7_imputation,Missing process parameter,2571,B00666,Cycle_Time_Hrs,<missing>,9.1,Imputed with product median,Process parameter; product-level median is a low-risk estimate
2026-09-26T05:17:57+00:00,7_imputation,Missing process parameter,2576,B02877,Cycle_Time_Hrs,<missing>,9.1,Imputed with product median,Process parameter; product-level median is a low-risk estimate
2026-09-26T05:17:57+00:00,7_imputation,Missing process parameter,2632,B00254,Cycle_Time_Hrs,<missing>,9.4,Imputed with product median,Process parameter; product-level median is a low-risk estimate
2026-09-26T05:17:57+00:00,7_imputation,Missing process parameter,2680,B00829,Cycle_Time_Hrs,<missing>,8.4,Imputed with product median,Process parameter; product-level median is a low-risk estimate
2026-09-26T05:17:57+00:00,7_imputation,Missing process parameter,2710,B01805,Cycle_Time_Hrs,<missing>,9.4,Imputed with product median,Process parameter; product-level median is a low-risk estimate
2026-09-26T05:17:57+00:00,7_imputation,Missing process parameter,2732,B01271,Cycle_Time_Hrs,<missing>,9.4,Imputed with product median,Process parameter; product-level median is a low-risk estimate
2026-09-26T05:17:57+00:00,7_imputation,Missing process parameter,2736,B00431,Cycle_Time_Hrs,<missing>,9.9,Imputed with product median,Process parameter; product-level median is a low-risk estimate
2026-09-26T05:17:57+00:00,7_imputation,Missing process parameter,2755,B01355,Cycle_Time_Hrs,<missing>,10.3,Imputed with product median,Process parameter; product-level median is a low-risk estimate
2026-09-26T05:17:57+00:00,7_imputation,Missing process parameter,2811,B02607,Cycle_Time_Hrs,<missing>,9,Imputed with product median,Process parameter; product-level median is a low-risk estimate
2026-09-26T05:17:57+00:00,7_imputation,Missing process parameter,2819,B02223,Cycle_Time_Hrs,<missing>,9.9,Imputed with product median,Process parameter; product-level median is a low-risk estimate
2026-09-26T05:17:57+00:00,7_imputation,Missing process parameter,2874,B00786,Cycle_Time_Hrs,<missing>,9,Imputed with product median,Process parameter; product-level median is a low-risk estimate
2026-09-26T05:17:57+00:00,7_imputation,Missing process parameter,2900,B02239,Cycle_Time_Hrs,<missing>,10.2,Imputed with product median,Process parameter; product-level median is a low-risk estimate
2026-09-26T05:17:57+00:00,7_imputation,Missing process parameter,2901,B00882,Cycle_Time_Hrs,<missing>,8.4,Imputed with product median,Process parameter; product-level median is a low-risk estimate
2026-09-26T05:17:57+00:00,7_imputation,Missing process parameter,2906,B00526,Cycle_Time_Hrs,<missing>,9.4,Imputed with product median,Process parameter; product-level median is a low-risk estimate
2026-09-26T05:17:57+00:00,7_imputation,Missing process parameter,2925,B00721,Cycle_Time_Hrs,<missing>,9.4,Imputed with product median,Process parameter; product-level median is a low-risk estimate
2026-09-26T05:17:57+00:00,7_imputation,Missing process parameter,2931,B00494,Cycle_Time_Hrs,<missing>,9.1,Imputed with product median,Process parameter; product-level median is a low-risk estimate
2026-09-26T05:17:57+00:00,7_imputation,Missing process parameter,2940,B00642,Cycle_Time_Hrs,<missing>,8.4,Imputed with product median,Process parameter; product-level median is a low-risk estimate
2026-09-26T05:17:57+00:00,7_imputation,Missing process parameter,2947,B02207,Cycle_Time_Hrs,<missing>,9.4,Imputed with product median,Process parameter; product-level median is a low-risk estimate
2026-09-26T05:17:57+00:00,7_imputation,Missing process parameter,2965,B02574,Cycle_Time_Hrs,<missing>,9.4,Imputed with product median,Process parameter; product-level median is a low-risk estimate
2026-09-26T05:17:57+00:00,7_imputation,Missing process parameter,2992,B02352,Cycle_Time_Hrs,<missing>,9.2,Imputed with product median,Process parameter; product-level median is a low-risk estimate
2026-09-26T05:17:57+00:00,7_imputation,Missing critical quality attribute,,,Dissolution,200 missing,200 missing,Not imputed,Critical quality results must never be fabricated; rows flagged instead
2026-09-26T05:17:57+00:00,7_imputation,Missing critical quality attribute,,,Assay,150 missing,150 missing,Not imputed,Critical quality results must never be fabricated; rows flagged instead
2026-09-26T05:17:57+00:00,7_imputation,Missing critical quality attribute,,,Impurity_Level,155 missing,155 missing,Not imputed,Critical quality results must never be fabricated; rows flagged instead
2026-09-26T05:17:57+00:00,7_imputation,Missing critical quality attribute,,,Yield_Percentage,94 missing,94 missing,Not imputed,Critical quality results must never be fabricated; rows flagged instead
2026-09-26T05:17:57+00:00,7_imputation,Missing critical quality attribute,,,Deviation_Count,120 missing,120 missing,Not imputed,Critical quality results must never be fabricated; rows flagged instead
2026-09-26T05:17:57+00:00,8_categorical_fill,Missing dosage form,35,B02476,Dosage_Form,<missing>,Tablet,Derived from Product_Name,Each product has exactly one dosage form (master data)
2026-09-26T05:17:57+00:00,8_categorical_fill,Missing dosage form,42,B01570,Dosage_Form,<missing>,Injectable,Derived from Product_Name,Each product has exactly one dosage form (master data)
2026-09-26T05:17:57+00:00,8_categorical_fill,Missing dosage form,72,B00959,Dosage_Form,<missing>,Injectable,Derived from Product_Name,Each product has exactly one dosage form (master data)
2026-09-26T05:17:57+00:00,8_categorical_fill,Missing dosage form,96,B01278,Dosage_Form,<missing>,Suspension,Derived from Product_Name,Each product has exactly one dosage form (master data)
2026-09-26T05:17:57+00:00,8_categorical_fill,Missing dosage form,123,B01239,Dosage_Form,<missing>,Tablet,Derived from Product_Name,Each product has exactly one dosage form (master data)
2026-09-26T05:17:57+00:00,8_categorical_fill,Missing dosage form,214,B01327,Dosage_Form,<missing>,Capsule,Derived from Product_Name,Each product has exactly one dosage form (master data)
2026-09-26T05:17:57+00:00,8_categorical_fill,Missing dosage form,247,B01554,Dosage_Form,<missing>,Capsule,Derived from Product_Name,Each product has exactly one dosage form (master data)
2026-09-26T05:17:57+00:00,8_categorical_fill,Missing dosage form,275,B02452,Dosage_Form,<missing>,Injectable,Derived from Product_Name,Each product has exactly one dosage form (master data)
2026-09-26T05:17:57+00:00,8_categorical_fill,Missing dosage form,367,B02163,Dosage_Form,<missing>,Tablet,Derived from Product_Name,Each product has exactly one dosage form (master data)
2026-09-26T05:17:57+00:00,8_categorical_fill,Missing dosage form,424,B02093,Dosage_Form,<missing>,Injectable,Derived from Product_Name,Each product has exactly one dosage form (master data)
2026-09-26T05:17:57+00:00,8_categorical_fill,Missing dosage form,451,B00569,Dosage_Form,<missing>,Capsule,Derived from Product_Name,Each product has exactly one dosage form (master data)
2026-09-26T05:17:57+00:00,8_categorical_fill,Missing dosage form,484,B02325,Dosage_Form,<missing>,Suspension,Derived from Product_Name,Each product has exactly one dosage form (master data)
2026-09-26T05:17:57+00:00,8_categorical_fill,Missing dosage form,629,B00481,Dosage_Form,<missing>,Tablet,Derived from Product_Name,Each product has exactly one dosage form (master data)
2026-09-26T05:17:57+00:00,8_categorical_fill,Missing dosage form,712,B01141,Dosage_Form,<missing>,Injectable,Derived from Product_Name,Each product has exactly one dosage form (master data)
2026-09-26T05:17:57+00:00,8_categorical_fill,Missing dosage form,731,B01003,Dosage_Form,<missing>,Tablet,Derived from Product_Name,Each product has exactly one dosage form (master data)
2026-09-26T05:17:57+00:00,8_categorical_fill,Missing dosage form,746,B02411,Dosage_Form,<missing>,Tablet,Derived from Product_Name,Each product has exactly one dosage form (master data)
2026-09-26T05:17:57+00:00,8_categorical_fill,Missing dosage form,760,B01933,Dosage_Form,<missing>,Injectable,Derived from Product_Name,Each product has exactly one dosage form (master data)
2026-09-26T05:17:57+00:00,8_categorical_fill,Missing dosage form,765,B02635,Dosage_Form,<missing>,Tablet,Derived from Product_Name,Each product has exactly one dosage form (master data)
2026-09-26T05:17:57+00:00,8_categorical_fill,Missing dosage form,775,B00155,Dosage_Form,<missing>,Tablet,Derived from Product_Name,Each product has exactly one dosage form (master data)
2026-09-26T05:17:57+00:00,8_categorical_fill,Missing dosage form,791,B02349,Dosage_Form,<missing>,Tablet,Derived from Product_Name,Each product has exactly one dosage form (master data)
2026-09-26T05:17:57+00:00,8_categorical_fill,Missing dosage form,890,B02747,Dosage_Form,<missing>,Tablet,Derived from Product_Name,Each product has exactly one dosage form (master data)
2026-09-26T05:17:57+00:00,8_categorical_fill,Missing dosage form,904,B02290,Dosage_Form,<missing>,Tablet,Derived from Product_Name,Each product has exactly one dosage form (master data)
2026-09-26T05:17:57+00:00,8_categorical_fill,Missing dosage form,935,B01115,Dosage_Form,<missing>,Capsule,Derived from Product_Name,Each product has exactly one dosage form (master data)
2026-09-26T05:17:57+00:00,8_categorical_fill,Missing dosage form,941,B00622,Dosage_Form,<missing>,Tablet,Derived from Product_Name,Each product has exactly one dosage form (master data)
2026-09-26T05:17:57+00:00,8_categorical_fill,Missing dosage form,958,B02844,Dosage_Form,<missing>,Tablet,Derived from Product_Name,Each product has exactly one dosage form (master data)
2026-09-26T05:17:57+00:00,8_categorical_fill,Missing dosage form,966,B01994,Dosage_Form,<missing>,Capsule,Derived from Product_Name,Each product has exactly one dosage form (master data)
2026-09-26T05:17:57+00:00,8_categorical_fill,Missing dosage form,970,B00416,Dosage_Form,<missing>,Capsule,Derived from Product_Name,Each product has exactly one dosage form (master data)
2026-09-26T05:17:57+00:00,8_categorical_fill,Missing dosage form,1143,B01259,Dosage_Form,<missing>,Tablet,Derived from Product_Name,Each product has exactly one dosage form (master data)
2026-09-26T05:17:57+00:00,8_categorical_fill,Missing dosage form,1152,B02169,Dosage_Form,<missing>,Injectable,Derived from Product_Name,Each product has exactly one dosage form (master data)
2026-09-26T05:17:57+00:00,8_categorical_fill,Missing dosage form,1160,B01385,Dosage_Form,<missing>,Tablet,Derived from Product_Name,Each product has exactly one dosage form (master data)
2026-09-26T05:17:57+00:00,8_categorical_fill,Missing dosage form,1168,B02640,Dosage_Form,<missing>,Injectable,Derived from Product_Name,Each product has exactly one dosage form (master data)
2026-09-26T05:17:57+00:00,8_categorical_fill,Missing dosage form,1182,B02900,Dosage_Form,<missing>,Tablet,Derived from Product_Name,Each product has exactly one dosage form (master data)
2026-09-26T05:17:57+00:00,8_categorical_fill,Missing dosage form,1203,B00947,Dosage_Form,<missing>,Injectable,Derived from Product_Name,Each product has exactly one dosage form (master data)
2026-09-26T05:17:57+00:00,8_categorical_fill,Missing dosage form,1245,B01645,Dosage_Form,<missing>,Capsule,Derived from Product_Name,Each product has exactly one dosage form (master data)
2026-09-26T05:17:57+00:00,8_categorical_fill,Missing dosage form,1277,B02432,Dosage_Form,<missing>,Tablet,Derived from Product_Name,Each product has exactly one dosage form (master data)
2026-09-26T05:17:57+00:00,8_categorical_fill,Missing dosage form,1376,B01210,Dosage_Form,<missing>,Injectable,Derived from Product_Name,Each product has exactly one dosage form (master data)
2026-09-26T05:17:57+00:00,8_categorical_fill,Missing dosage form,1461,B01974,Dosage_Form,<missing>,Tablet,Derived from Product_Name,Each product has exactly one dosage form (master data)
2026-09-26T05:17:57+00:00,8_categorical_fill,Missing dosage form,1472,B02626,Dosage_Form,<missing>,Tablet,Derived from Product_Name,Each product has exactly one dosage form (master data)
2026-09-26T05:17:57+00:00,8_categorical_fill,Missing dosage form,1491,B00760,Dosage_Form,<missing>,Suspension,Derived from Product_Name,Each product has exactly one dosage form (master data)
2026-09-26T05:17:57+00:00,8_categorical_fill,Missing dosage form,1560,B00649,Dosage_Form,<missing>,Injectable,Derived from Product_Name,Each product has exactly one dosage form (master data)
2026-09-26T05:17:57+00:00,8_categorical_fill,Missing dosage form,1636,B01985,Dosage_Form,<missing>,Capsule,Derived from Product_Name,Each product has exactly one dosage form (master data)
2026-09-26T05:17:57+00:00,8_categorical_fill,Missing dosage form,1642,B00198,Dosage_Form,<missing>,Capsule,Derived from Product_Name,Each product has exactly one dosage form (master data)
2026-09-26T05:17:57+00:00,8_categorical_fill,Missing dosage form,1645,B00261,Dosage_Form,<missing>,Suspension,Derived from Product_Name,Each product has exactly one dosage form (master data)
2026-09-26T05:17:57+00:00,8_categorical_fill,Missing dosage form,1759,B00418,Dosage_Form,<missing>,Capsule,Derived from Product_Name,Each product has exactly one dosage form (master data)
2026-09-26T05:17:57+00:00,8_categorical_fill,Missing dosage form,1795,B01401,Dosage_Form,<missing>,Injectable,Derived from Product_Name,Each product has exactly one dosage form (master data)
2026-09-26T05:17:57+00:00,8_categorical_fill,Missing dosage form,1829,B00508,Dosage_Form,<missing>,Tablet,Derived from Product_Name,Each product has exactly one dosage form (master data)
2026-09-26T05:17:57+00:00,8_categorical_fill,Missing dosage form,1851,B00427,Dosage_Form,<missing>,Injectable,Derived from Product_Name,Each product has exactly one dosage form (master data)
2026-09-26T05:17:57+00:00,8_categorical_fill,Missing dosage form,1878,B00161,Dosage_Form,<missing>,Injectable,Derived from Product_Name,Each product has exactly one dosage form (master data)
2026-09-26T05:17:57+00:00,8_categorical_fill,Missing dosage form,1928,B02157,Dosage_Form,<missing>,Tablet,Derived from Product_Name,Each product has exactly one dosage form (master data)
2026-09-26T05:17:57+00:00,8_categorical_fill,Missing dosage form,1987,B00349,Dosage_Form,<missing>,Capsule,Derived from Product_Name,Each product has exactly one dosage form (master data)
2026-09-26T05:17:57+00:00,8_categorical_fill,Missing dosage form,2059,B00209,Dosage_Form,<missing>,Tablet,Derived from Product_Name,Each product has exactly one dosage form (master data)
2026-09-26T05:17:57+00:00,8_categorical_fill,Missing dosage form,2072,B01511,Dosage_Form,<missing>,Tablet,Derived from Product_Name,Each product has exactly one dosage form (master data)
2026-09-26T05:17:57+00:00,8_categorical_fill,Missing dosage form,2074,B01783,Dosage_Form,<missing>,Tablet,Derived from Product_Name,Each product has exactly one dosage form (master data)
2026-09-26T05:17:57+00:00,8_categorical_fill,Missing dosage form,2154,B00123,Dosage_Form,<missing>,Capsule,Derived from Product_Name,Each product has exactly one dosage form (master data)
2026-09-26T05:17:57+00:00,8_categorical_fill,Missing dosage form,2178,B00162,Dosage_Form,<missing>,Capsule,Derived from Product_Name,Each product has exactly one dosage form (master data)
2026-09-26T05:17:57+00:00,8_categorical_fill,Missing dosage form,2199,B01280,Dosage_Form,<missing>,Injectable,Derived from Product_Name,Each product has exactly one dosage form (master data)
2026-09-26T05:17:57+00:00,8_categorical_fill,Missing dosage form,2214,B01477,Dosage_Form,<missing>,Tablet,Derived from Product_Name,Each product has exactly one dosage form (master data)
2026-09-26T05:17:57+00:00,8_categorical_fill,Missing dosage form,2240,B02876,Dosage_Form,<missing>,Tablet,Derived from Product_Name,Each product has exactly one dosage form (master data)
2026-09-26T05:17:57+00:00,8_categorical_fill,Missing dosage form,2262,B00859,Dosage_Form,<missing>,Capsule,Derived from Product_Name,Each product has exactly one dosage form (master data)
2026-09-26T05:17:57+00:00,8_categorical_fill,Missing dosage form,2311,B01199,Dosage_Form,<missing>,Injectable,Derived from Product_Name,Each product has exactly one dosage form (master data)
2026-09-26T05:17:57+00:00,8_categorical_fill,Missing dosage form,2358,B00184,Dosage_Form,<missing>,Capsule,Derived from Product_Name,Each product has exactly one dosage form (master data)
2026-09-26T05:17:57+00:00,8_categorical_fill,Missing dosage form,2370,B01441,Dosage_Form,<missing>,Suspension,Derived from Product_Name,Each product has exactly one dosage form (master data)
2026-09-26T05:17:57+00:00,8_categorical_fill,Missing dosage form,2376,B02688,Dosage_Form,<missing>,Tablet,Derived from Product_Name,Each product has exactly one dosage form (master data)
2026-09-26T05:17:57+00:00,8_categorical_fill,Missing dosage form,2541,B00171,Dosage_Form,<missing>,Capsule,Derived from Product_Name,Each product has exactly one dosage form (master data)
2026-09-26T05:17:57+00:00,8_categorical_fill,Missing dosage form,2610,B01399,Dosage_Form,<missing>,Tablet,Derived from Product_Name,Each product has exactly one dosage form (master data)
2026-09-26T05:17:57+00:00,8_categorical_fill,Missing dosage form,2615,B01191,Dosage_Form,<missing>,Tablet,Derived from Product_Name,Each product has exactly one dosage form (master data)
2026-09-26T05:17:57+00:00,8_categorical_fill,Missing dosage form,2619,B00064,Dosage_Form,<missing>,Injectable,Derived from Product_Name,Each product has exactly one dosage form (master data)
2026-09-26T05:17:57+00:00,8_categorical_fill,Missing dosage form,2666,B00837,Dosage_Form,<missing>,Injectable,Derived from Product_Name,Each product has exactly one dosage form (master data)
2026-09-26T05:17:57+00:00,8_categorical_fill,Missing dosage form,2681,B01170,Dosage_Form,<missing>,Injectable,Derived from Product_Name,Each product has exactly one dosage form (master data)
2026-09-26T05:17:57+00:00,8_categorical_fill,Missing dosage form,2682,B02768,Dosage_Form,<missing>,Injectable,Derived from Product_Name,Each product has exactly one dosage form (master data)
2026-09-26T05:17:57+00:00,8_categorical_fill,Missing dosage form,2709,B01472,Dosage_Form,<missing>,Capsule,Derived from Product_Name,Each product has exactly one dosage form (master data)
2026-09-26T05:17:57+00:00,8_categorical_fill,Missing dosage form,2749,B00846,Dosage_Form,<missing>,Tablet,Derived from Product_Name,Each product has exactly one dosage form (master data)
2026-09-26T05:17:57+00:00,8_categorical_fill,Missing dosage form,2766,B01422,Dosage_Form,<missing>,Injectable,Derived from Product_Name,Each product has exactly one dosage form (master data)
2026-09-26T05:17:57+00:00,8_categorical_fill,Missing dosage form,2768,B01614,Dosage_Form,<missing>,Capsule,Derived from Product_Name,Each product has exactly one dosage form (master data)
2026-09-26T05:17:57+00:00,8_categorical_fill,Missing dosage form,2770,B00520,Dosage_Form,<missing>,Tablet,Derived from Product_Name,Each product has exactly one dosage form (master data)
2026-09-26T05:17:57+00:00,8_categorical_fill,Missing dosage form,2798,B00713,Dosage_Form,<missing>,Suspension,Derived from Product_Name,Each product has exactly one dosage form (master data)
2026-09-26T05:17:57+00:00,8_categorical_fill,Missing dosage form,2816,B02474,Dosage_Form,<missing>,Tablet,Derived from Product_Name,Each product has exactly one dosage form (master data)
2026-09-26T05:17:57+00:00,8_categorical_fill,Missing dosage form,2830,B01695,Dosage_Form,<missing>,Capsule,Derived from Product_Name,Each product has exactly one dosage form (master data)
2026-09-26T05:17:57+00:00,8_categorical_fill,Missing dosage form,2950,B00922,Dosage_Form,<missing>,Tablet,Derived from Product_Name,Each product has exactly one dosage form (master data)
2026-09-26T05:17:57+00:00,8_categorical_fill,Missing dosage form,2958,B00951,Dosage_Form,<missing>,Tablet,Derived from Product_Name,Each product has exactly one dosage form (master data)
2026-09-26T05:17:57+00:00,8_categorical_fill,Missing plant,15,B01574,Plant,<missing>,Plant_C,Derived from Equipment_ID,Equipment IDs embed the plant letter
2026-09-26T05:17:57+00:00,8_categorical_fill,Missing plant,23,B00745,Plant,<missing>,Plant_C,Derived from Equipment_ID,Equipment IDs embed the plant letter
2026-09-26T05:17:57+00:00,8_categorical_fill,Missing plant,69,B00136,Plant,<missing>,Plant_A,Derived from Equipment_ID,Equipment IDs embed the plant letter
2026-09-26T05:17:57+00:00,8_categorical_fill,Missing plant,113,B02061,Plant,<missing>,Plant_C,Derived from Equipment_ID,Equipment IDs embed the plant letter
2026-09-26T05:17:57+00:00,8_categorical_fill,Missing plant,227,B02499,Plant,<missing>,Plant_C,Derived from Equipment_ID,Equipment IDs embed the plant letter
2026-09-26T05:17:57+00:00,8_categorical_fill,Missing plant,291,B00968,Plant,<missing>,Plant_C,Derived from Equipment_ID,Equipment IDs embed the plant letter
2026-09-26T05:17:57+00:00,8_categorical_fill,Missing plant,351,B00015,Plant,<missing>,Plant_A,Derived from Equipment_ID,Equipment IDs embed the plant letter
2026-09-26T05:17:57+00:00,8_categorical_fill,Missing plant,369,B00479,Plant,<missing>,Plant_C,Derived from Equipment_ID,Equipment IDs embed the plant letter
2026-09-26T05:17:57+00:00,8_categorical_fill,Missing plant,432,B00954,Plant,<missing>,Plant_A,Derived from Equipment_ID,Equipment IDs embed the plant letter
2026-09-26T05:17:57+00:00,8_categorical_fill,Missing plant,433,B00032,Plant,<missing>,Plant_D,Derived from Equipment_ID,Equipment IDs embed the plant letter
2026-09-26T05:17:57+00:00,8_categorical_fill,Missing plant,446,B02237,Plant,<missing>,Plant_C,Derived from Equipment_ID,Equipment IDs embed the plant letter
2026-09-26T05:17:57+00:00,8_categorical_fill,Missing plant,481,B00545,Plant,<missing>,Plant_B,Derived from Equipment_ID,Equipment IDs embed the plant letter
2026-09-26T05:17:57+00:00,8_categorical_fill,Missing plant,489,B02267,Plant,<missing>,Plant_B,Derived from Equipment_ID,Equipment IDs embed the plant letter
2026-09-26T05:17:57+00:00,8_categorical_fill,Missing plant,528,B01249,Plant,<missing>,Plant_C,Derived from Equipment_ID,Equipment IDs embed the plant letter
2026-09-26T05:17:57+00:00,8_categorical_fill,Missing plant,552,B00952,Plant,<missing>,Plant_B,Derived from Equipment_ID,Equipment IDs embed the plant letter
2026-09-26T05:17:57+00:00,8_categorical_fill,Missing plant,627,B00689,Plant,<missing>,Plant_C,Derived from Equipment_ID,Equipment IDs embed the plant letter
2026-09-26T05:17:57+00:00,8_categorical_fill,Missing plant,630,B02749,Plant,<missing>,Plant_C,Derived from Equipment_ID,Equipment IDs embed the plant letter
2026-09-26T05:17:57+00:00,8_categorical_fill,Missing plant,633,B01425,Plant,<missing>,Plant_A,Derived from Equipment_ID,Equipment IDs embed the plant letter
2026-09-26T05:17:57+00:00,8_categorical_fill,Missing plant,643,B02310,Plant,<missing>,Plant_A,Derived from Equipment_ID,Equipment IDs embed the plant letter
2026-09-26T05:17:57+00:00,8_categorical_fill,Missing plant,656,B01282,Plant,<missing>,Plant_A,Derived from Equipment_ID,Equipment IDs embed the plant letter
2026-09-26T05:17:57+00:00,8_categorical_fill,Missing plant,681,B02188,Plant,<missing>,Plant_C,Derived from Equipment_ID,Equipment IDs embed the plant letter
2026-09-26T05:17:57+00:00,8_categorical_fill,Missing plant,716,B01510,Plant,<missing>,Plant_A,Derived from Equipment_ID,Equipment IDs embed the plant letter
2026-09-26T05:17:57+00:00,8_categorical_fill,Missing plant,739,B01859,Plant,<missing>,Plant_C,Derived from Equipment_ID,Equipment IDs embed the plant letter
2026-09-26T05:17:57+00:00,8_categorical_fill,Missing plant,795,B02658,Plant,<missing>,Plant_C,Derived from Equipment_ID,Equipment IDs embed the plant letter
2026-09-26T05:17:57+00:00,8_categorical_fill,Missing plant,836,B00445,Plant,<missing>,Plant_A,Derived from Equipment_ID,Equipment IDs embed the plant letter
2026-09-26T05:17:57+00:00,8_categorical_fill,Missing plant,904,B02290,Plant,<missing>,Plant_A,Derived from Equipment_ID,Equipment IDs embed the plant letter
2026-09-26T05:17:57+00:00,8_categorical_fill,Missing plant,918,B02233,Plant,<missing>,Plant_D,Derived from Equipment_ID,Equipment IDs embed the plant letter
2026-09-26T05:17:57+00:00,8_categorical_fill,Missing plant,940,B01519,Plant,<missing>,Plant_D,Derived from Equipment_ID,Equipment IDs embed the plant letter
2026-09-26T05:17:57+00:00,8_categorical_fill,Missing plant,943,B01671,Plant,<missing>,Plant_A,Derived from Equipment_ID,Equipment IDs embed the plant letter
2026-09-26T05:17:57+00:00,8_categorical_fill,Missing plant,946,B01366,Plant,<missing>,Plant_A,Derived from Equipment_ID,Equipment IDs embed the plant letter
2026-09-26T05:17:57+00:00,8_categorical_fill,Missing plant,1004,B01738,Plant,<missing>,Plant_B,Derived from Equipment_ID,Equipment IDs embed the plant letter
2026-09-26T05:17:57+00:00,8_categorical_fill,Missing plant,1021,B01634,Plant,<missing>,Plant_B,Derived from Equipment_ID,Equipment IDs embed the plant letter
2026-09-26T05:17:57+00:00,8_categorical_fill,Missing plant,1037,B00969,Plant,<missing>,Plant_A,Derived from Equipment_ID,Equipment IDs embed the plant letter
2026-09-26T05:17:57+00:00,8_categorical_fill,Missing plant,1058,B01720,Plant,<missing>,Plant_C,Derived from Equipment_ID,Equipment IDs embed the plant letter
2026-09-26T05:17:57+00:00,8_categorical_fill,Missing plant,1059,B02857,Plant,<missing>,Plant_C,Derived from Equipment_ID,Equipment IDs embed the plant letter
2026-09-26T05:17:57+00:00,8_categorical_fill,Missing plant,1061,B01894,Plant,<missing>,Plant_C,Derived from Equipment_ID,Equipment IDs embed the plant letter
2026-09-26T05:17:57+00:00,8_categorical_fill,Missing plant,1107,B01190,Plant,<missing>,Plant_A,Derived from Equipment_ID,Equipment IDs embed the plant letter
2026-09-26T05:17:57+00:00,8_categorical_fill,Missing plant,1183,B01077,Plant,<missing>,Plant_C,Derived from Equipment_ID,Equipment IDs embed the plant letter
2026-09-26T05:17:57+00:00,8_categorical_fill,Missing plant,1265,B00355,Plant,<missing>,Plant_A,Derived from Equipment_ID,Equipment IDs embed the plant letter
2026-09-26T05:17:57+00:00,8_categorical_fill,Missing plant,1315,B02790,Plant,<missing>,Plant_C,Derived from Equipment_ID,Equipment IDs embed the plant letter
2026-09-26T05:17:57+00:00,8_categorical_fill,Missing plant,1449,B01909,Plant,<missing>,Plant_B,Derived from Equipment_ID,Equipment IDs embed the plant letter
2026-09-26T05:17:57+00:00,8_categorical_fill,Missing plant,1472,B02626,Plant,<missing>,Plant_B,Derived from Equipment_ID,Equipment IDs embed the plant letter
2026-09-26T05:17:57+00:00,8_categorical_fill,Missing plant,1511,B00212,Plant,<missing>,Plant_C,Derived from Equipment_ID,Equipment IDs embed the plant letter
2026-09-26T05:17:57+00:00,8_categorical_fill,Missing plant,1518,B00705,Plant,<missing>,Plant_A,Derived from Equipment_ID,Equipment IDs embed the plant letter
2026-09-26T05:17:57+00:00,8_categorical_fill,Missing plant,1591,B01023,Plant,<missing>,Plant_A,Derived from Equipment_ID,Equipment IDs embed the plant letter
2026-09-26T05:17:57+00:00,8_categorical_fill,Missing plant,1722,B02370,Plant,<missing>,Plant_C,Derived from Equipment_ID,Equipment IDs embed the plant letter
2026-09-26T05:17:57+00:00,8_categorical_fill,Missing plant,1808,B00325,Plant,<missing>,Plant_B,Derived from Equipment_ID,Equipment IDs embed the plant letter
2026-09-26T05:17:57+00:00,8_categorical_fill,Missing plant,1809,B01965,Plant,<missing>,Plant_D,Derived from Equipment_ID,Equipment IDs embed the plant letter
2026-09-26T05:17:57+00:00,8_categorical_fill,Missing plant,1815,B02337,Plant,<missing>,Plant_A,Derived from Equipment_ID,Equipment IDs embed the plant letter
2026-09-26T05:17:57+00:00,8_categorical_fill,Missing plant,1843,B01094,Plant,<missing>,Plant_A,Derived from Equipment_ID,Equipment IDs embed the plant letter
2026-09-26T05:17:57+00:00,8_categorical_fill,Missing plant,1847,B00632,Plant,<missing>,Plant_B,Derived from Equipment_ID,Equipment IDs embed the plant letter
2026-09-26T05:17:57+00:00,8_categorical_fill,Missing plant,1848,B01829,Plant,<missing>,Plant_A,Derived from Equipment_ID,Equipment IDs embed the plant letter
2026-09-26T05:17:57+00:00,8_categorical_fill,Missing plant,1852,B02545,Plant,<missing>,Plant_A,Derived from Equipment_ID,Equipment IDs embed the plant letter
2026-09-26T05:17:57+00:00,8_categorical_fill,Missing plant,1905,B01973,Plant,<missing>,Plant_D,Derived from Equipment_ID,Equipment IDs embed the plant letter
2026-09-26T05:17:57+00:00,8_categorical_fill,Missing plant,2054,B02389,Plant,<missing>,Plant_C,Derived from Equipment_ID,Equipment IDs embed the plant letter
2026-09-26T05:17:57+00:00,8_categorical_fill,Missing plant,2059,B00209,Plant,<missing>,Plant_A,Derived from Equipment_ID,Equipment IDs embed the plant letter
2026-09-26T05:17:57+00:00,8_categorical_fill,Missing plant,2135,B00794,Plant,<missing>,Plant_B,Derived from Equipment_ID,Equipment IDs embed the plant letter
2026-09-26T05:17:57+00:00,8_categorical_fill,Missing plant,2165,B00895,Plant,<missing>,Plant_A,Derived from Equipment_ID,Equipment IDs embed the plant letter
2026-09-26T05:17:57+00:00,8_categorical_fill,Missing plant,2169,B00881,Plant,<missing>,Plant_C,Derived from Equipment_ID,Equipment IDs embed the plant letter
2026-09-26T05:17:57+00:00,8_categorical_fill,Missing plant,2173,B02305,Plant,<missing>,Plant_A,Derived from Equipment_ID,Equipment IDs embed the plant letter
2026-09-26T05:17:57+00:00,8_categorical_fill,Missing plant,2197,B00365,Plant,<missing>,Plant_C,Derived from Equipment_ID,Equipment IDs embed the plant letter
2026-09-26T05:17:57+00:00,8_categorical_fill,Missing plant,2227,B01617,Plant,<missing>,Plant_D,Derived from Equipment_ID,Equipment IDs embed the plant letter
2026-09-26T05:17:57+00:00,8_categorical_fill,Missing plant,2260,B01339,Plant,<missing>,Plant_D,Derived from Equipment_ID,Equipment IDs embed the plant letter
2026-09-26T05:17:57+00:00,8_categorical_fill,Missing plant,2309,B01326,Plant,<missing>,Plant_A,Derived from Equipment_ID,Equipment IDs embed the plant letter
2026-09-26T05:17:57+00:00,8_categorical_fill,Missing plant,2311,B01199,Plant,<missing>,Plant_C,Derived from Equipment_ID,Equipment IDs embed the plant letter
2026-09-26T05:17:57+00:00,8_categorical_fill,Missing plant,2312,B01702,Plant,<missing>,Plant_A,Derived from Equipment_ID,Equipment IDs embed the plant letter
2026-09-26T05:17:57+00:00,8_categorical_fill,Missing plant,2369,B01150,Plant,<missing>,Plant_A,Derived from Equipment_ID,Equipment IDs embed the plant letter
2026-09-26T05:17:57+00:00,8_categorical_fill,Missing plant,2390,B02254,Plant,<missing>,Plant_B,Derived from Equipment_ID,Equipment IDs embed the plant letter
2026-09-26T05:17:57+00:00,8_categorical_fill,Missing plant,2403,B00532,Plant,<missing>,Plant_A,Derived from Equipment_ID,Equipment IDs embed the plant letter
2026-09-26T05:17:57+00:00,8_categorical_fill,Missing plant,2415,B00601,Plant,<missing>,Plant_B,Derived from Equipment_ID,Equipment IDs embed the plant letter
2026-09-26T05:17:57+00:00,8_categorical_fill,Missing plant,2421,B02659,Plant,<missing>,Plant_B,Derived from Equipment_ID,Equipment IDs embed the plant letter
2026-09-26T05:17:57+00:00,8_categorical_fill,Missing plant,2457,B00730,Plant,<missing>,Plant_B,Derived from Equipment_ID,Equipment IDs embed the plant letter
2026-09-26T05:17:57+00:00,8_categorical_fill,Missing plant,2514,B02417,Plant,<missing>,Plant_A,Derived from Equipment_ID,Equipment IDs embed the plant letter
2026-09-26T05:17:57+00:00,8_categorical_fill,Missing plant,2518,B00066,Plant,<missing>,Plant_A,Derived from Equipment_ID,Equipment IDs embed the plant letter
2026-09-26T05:17:57+00:00,8_categorical_fill,Missing plant,2556,B01211,Plant,<missing>,Plant_C,Derived from Equipment_ID,Equipment IDs embed the plant letter
2026-09-26T05:17:57+00:00,8_categorical_fill,Missing plant,2561,B01957,Plant,<missing>,Plant_A,Derived from Equipment_ID,Equipment IDs embed the plant letter
2026-09-26T05:17:57+00:00,8_categorical_fill,Missing plant,2565,B01689,Plant,<missing>,Plant_A,Derived from Equipment_ID,Equipment IDs embed the plant letter
2026-09-26T05:17:57+00:00,8_categorical_fill,Missing plant,2584,B01498,Plant,<missing>,Plant_A,Derived from Equipment_ID,Equipment IDs embed the plant letter
2026-09-26T05:17:57+00:00,8_categorical_fill,Missing plant,2614,B02807,Plant,<missing>,Plant_D,Derived from Equipment_ID,Equipment IDs embed the plant letter
2026-09-26T05:17:57+00:00,8_categorical_fill,Missing plant,2648,B02268,Plant,<missing>,Plant_D,Derived from Equipment_ID,Equipment IDs embed the plant letter
2026-09-26T05:17:57+00:00,8_categorical_fill,Missing plant,2744,B02553,Plant,<missing>,Plant_A,Derived from Equipment_ID,Equipment IDs embed the plant letter
2026-09-26T05:17:57+00:00,8_categorical_fill,Missing plant,2807,B00912,Plant,<missing>,Plant_A,Derived from Equipment_ID,Equipment IDs embed the plant letter
2026-09-26T05:17:57+00:00,8_categorical_fill,Missing plant,2842,B01664,Plant,<missing>,Plant_A,Derived from Equipment_ID,Equipment IDs embed the plant letter
2026-09-26T05:17:57+00:00,8_categorical_fill,Missing plant,2913,B00417,Plant,<missing>,Plant_B,Derived from Equipment_ID,Equipment IDs embed the plant letter
2026-09-26T05:17:57+00:00,8_categorical_fill,Missing plant,2946,B02467,Plant,<missing>,Plant_D,Derived from Equipment_ID,Equipment IDs embed the plant letter
2026-09-26T05:17:57+00:00,8_categorical_fill,Missing plant,2958,B00951,Plant,<missing>,Plant_A,Derived from Equipment_ID,Equipment IDs embed the plant letter
2026-09-26T05:17:57+00:00,8_categorical_fill,Missing plant,2979,B00872,Plant,<missing>,Plant_A,Derived from Equipment_ID,Equipment IDs embed the plant letter
2026-09-26T05:17:57+00:00,8_categorical_fill,Missing category,13,B02904,Product_Name,<missing>,Unknown,Filled with 'Unknown',Cannot be derived safely; explicit label keeps the row usable
2026-09-26T05:17:57+00:00,8_categorical_fill,Missing category,95,B02561,Product_Name,<missing>,Unknown,Filled with 'Unknown',Cannot be derived safely; explicit label keeps the row usable
2026-09-26T05:17:57+00:00,8_categorical_fill,Missing category,99,B00965,Product_Name,<missing>,Unknown,Filled with 'Unknown',Cannot be derived safely; explicit label keeps the row usable
2026-09-26T05:17:57+00:00,8_categorical_fill,Missing category,164,B00195,Product_Name,<missing>,Unknown,Filled with 'Unknown',Cannot be derived safely; explicit label keeps the row usable
2026-09-26T05:17:57+00:00,8_categorical_fill,Missing category,220,B00629,Product_Name,<missing>,Unknown,Filled with 'Unknown',Cannot be derived safely; explicit label keeps the row usable
2026-09-26T05:17:57+00:00,8_categorical_fill,Missing category,241,B01296,Product_Name,<missing>,Unknown,Filled with 'Unknown',Cannot be derived safely; explicit label keeps the row usable
2026-09-26T05:17:57+00:00,8_categorical_fill,Missing category,263,B02634,Product_Name,<missing>,Unknown,Filled with 'Unknown',Cannot be derived safely; explicit label keeps the row usable
2026-09-26T05:17:57+00:00,8_categorical_fill,Missing category,273,B01267,Product_Name,<missing>,Unknown,Filled with 'Unknown',Cannot be derived safely; explicit label keeps the row usable
2026-09-26T05:17:57+00:00,8_categorical_fill,Missing category,277,B00428,Product_Name,<missing>,Unknown,Filled with 'Unknown',Cannot be derived safely; explicit label keeps the row usable
2026-09-26T05:17:57+00:00,8_categorical_fill,Missing category,296,B02082,Product_Name,<missing>,Unknown,Filled with 'Unknown',Cannot be derived safely; explicit label keeps the row usable
2026-09-26T05:17:57+00:00,8_categorical_fill,Missing category,315,B02226,Product_Name,<missing>,Unknown,Filled with 'Unknown',Cannot be derived safely; explicit label keeps the row usable
2026-09-26T05:17:57+00:00,8_categorical_fill,Missing category,401,B02571,Product_Name,<missing>,Unknown,Filled with 'Unknown',Cannot be derived safely; explicit label keeps the row usable
2026-09-26T05:17:57+00:00,8_categorical_fill,Missing category,405,B01143,Product_Name,<missing>,Unknown,Filled with 'Unknown',Cannot be derived safely; explicit label keeps the row usable
2026-09-26T05:17:57+00:00,8_categorical_fill,Missing category,476,B00808,Product_Name,<missing>,Unknown,Filled with 'Unknown',Cannot be derived safely; explicit label keeps the row usable
2026-09-26T05:17:57+00:00,8_categorical_fill,Missing category,533,B00667,Product_Name,<missing>,Unknown,Filled with 'Unknown',Cannot be derived safely; explicit label keeps the row usable
2026-09-26T05:17:57+00:00,8_categorical_fill,Missing category,539,B01310,Product_Name,<missing>,Unknown,Filled with 'Unknown',Cannot be derived safely; explicit label keeps the row usable
2026-09-26T05:17:57+00:00,8_categorical_fill,Missing category,541,B01066,Product_Name,<missing>,Unknown,Filled with 'Unknown',Cannot be derived safely; explicit label keeps the row usable
2026-09-26T05:17:57+00:00,8_categorical_fill,Missing category,543,B00715,Product_Name,<missing>,Unknown,Filled with 'Unknown',Cannot be derived safely; explicit label keeps the row usable
2026-09-26T05:17:57+00:00,8_categorical_fill,Missing category,627,B00689,Product_Name,<missing>,Unknown,Filled with 'Unknown',Cannot be derived safely; explicit label keeps the row usable
2026-09-26T05:17:57+00:00,8_categorical_fill,Missing category,684,B01541,Product_Name,<missing>,Unknown,Filled with 'Unknown',Cannot be derived safely; explicit label keeps the row usable
2026-09-26T05:17:57+00:00,8_categorical_fill,Missing category,719,B02551,Product_Name,<missing>,Unknown,Filled with 'Unknown',Cannot be derived safely; explicit label keeps the row usable
2026-09-26T05:17:57+00:00,8_categorical_fill,Missing category,728,B01709,Product_Name,<missing>,Unknown,Filled with 'Unknown',Cannot be derived safely; explicit label keeps the row usable
2026-09-26T05:17:57+00:00,8_categorical_fill,Missing category,735,B00415,Product_Name,<missing>,Unknown,Filled with 'Unknown',Cannot be derived safely; explicit label keeps the row usable
2026-09-26T05:17:57+00:00,8_categorical_fill,Missing category,749,B02630,Product_Name,<missing>,Unknown,Filled with 'Unknown',Cannot be derived safely; explicit label keeps the row usable
2026-09-26T05:17:57+00:00,8_categorical_fill,Missing category,750,B01925,Product_Name,<missing>,Unknown,Filled with 'Unknown',Cannot be derived safely; explicit label keeps the row usable
2026-09-26T05:17:57+00:00,8_categorical_fill,Missing category,766,B01787,Product_Name,<missing>,Unknown,Filled with 'Unknown',Cannot be derived safely; explicit label keeps the row usable
2026-09-26T05:17:57+00:00,8_categorical_fill,Missing category,770,B00433,Product_Name,<missing>,Unknown,Filled with 'Unknown',Cannot be derived safely; explicit label keeps the row usable
2026-09-26T05:17:57+00:00,8_categorical_fill,Missing category,841,B00174,Product_Name,<missing>,Unknown,Filled with 'Unknown',Cannot be derived safely; explicit label keeps the row usable
2026-09-26T05:17:57+00:00,8_categorical_fill,Missing category,871,B02338,Product_Name,<missing>,Unknown,Filled with 'Unknown',Cannot be derived safely; explicit label keeps the row usable
2026-09-26T05:17:57+00:00,8_categorical_fill,Missing category,903,B02623,Product_Name,<missing>,Unknown,Filled with 'Unknown',Cannot be derived safely; explicit label keeps the row usable
2026-09-26T05:17:57+00:00,8_categorical_fill,Missing category,916,B00421,Product_Name,<missing>,Unknown,Filled with 'Unknown',Cannot be derived safely; explicit label keeps the row usable
2026-09-26T05:17:57+00:00,8_categorical_fill,Missing category,967,B00439,Product_Name,<missing>,Unknown,Filled with 'Unknown',Cannot be derived safely; explicit label keeps the row usable
2026-09-26T05:17:57+00:00,8_categorical_fill,Missing category,1048,B00305,Product_Name,<missing>,Unknown,Filled with 'Unknown',Cannot be derived safely; explicit label keeps the row usable
2026-09-26T05:17:57+00:00,8_categorical_fill,Missing category,1069,B02292,Product_Name,<missing>,Unknown,Filled with 'Unknown',Cannot be derived safely; explicit label keeps the row usable
2026-09-26T05:17:57+00:00,8_categorical_fill,Missing category,1127,B01978,Product_Name,<missing>,Unknown,Filled with 'Unknown',Cannot be derived safely; explicit label keeps the row usable
2026-09-26T05:17:57+00:00,8_categorical_fill,Missing category,1140,B01658,Product_Name,<missing>,Unknown,Filled with 'Unknown',Cannot be derived safely; explicit label keeps the row usable
2026-09-26T05:17:57+00:00,8_categorical_fill,Missing category,1186,B00350,Product_Name,<missing>,Unknown,Filled with 'Unknown',Cannot be derived safely; explicit label keeps the row usable
2026-09-26T05:17:57+00:00,8_categorical_fill,Missing category,1219,B02577,Product_Name,<missing>,Unknown,Filled with 'Unknown',Cannot be derived safely; explicit label keeps the row usable
2026-09-26T05:17:57+00:00,8_categorical_fill,Missing category,1231,B01494,Product_Name,<missing>,Unknown,Filled with 'Unknown',Cannot be derived safely; explicit label keeps the row usable
2026-09-26T05:17:57+00:00,8_categorical_fill,Missing category,1243,B00911,Product_Name,<missing>,Unknown,Filled with 'Unknown',Cannot be derived safely; explicit label keeps the row usable
2026-09-26T05:17:57+00:00,8_categorical_fill,Missing category,1294,B00624,Product_Name,<missing>,Unknown,Filled with 'Unknown',Cannot be derived safely; explicit label keeps the row usable
2026-09-26T05:17:57+00:00,8_categorical_fill,Missing category,1298,B01648,Product_Name,<missing>,Unknown,Filled with 'Unknown',Cannot be derived safely; explicit label keeps the row usable
2026-09-26T05:17:57+00:00,8_categorical_fill,Missing category,1306,B02083,Product_Name,<missing>,Unknown,Filled with 'Unknown',Cannot be derived safely; explicit label keeps the row usable
2026-09-26T05:17:57+00:00,8_categorical_fill,Missing category,1321,B02887,Product_Name,<missing>,Unknown,Filled with 'Unknown',Cannot be derived safely; explicit label keeps the row usable
2026-09-26T05:17:57+00:00,8_categorical_fill,Missing category,1325,B02141,Product_Name,<missing>,Unknown,Filled with 'Unknown',Cannot be derived safely; explicit label keeps the row usable
2026-09-26T05:17:57+00:00,8_categorical_fill,Missing category,1344,B00853,Product_Name,<missing>,Unknown,Filled with 'Unknown',Cannot be derived safely; explicit label keeps the row usable
2026-09-26T05:17:57+00:00,8_categorical_fill,Missing category,1355,B00787,Product_Name,<missing>,Unknown,Filled with 'Unknown',Cannot be derived safely; explicit label keeps the row usable
2026-09-26T05:17:57+00:00,8_categorical_fill,Missing category,1424,B00242,Product_Name,<missing>,Unknown,Filled with 'Unknown',Cannot be derived safely; explicit label keeps the row usable
2026-09-26T05:17:57+00:00,8_categorical_fill,Missing category,1604,B01581,Product_Name,<missing>,Unknown,Filled with 'Unknown',Cannot be derived safely; explicit label keeps the row usable
2026-09-26T05:17:57+00:00,8_categorical_fill,Missing category,1617,B01569,Product_Name,<missing>,Unknown,Filled with 'Unknown',Cannot be derived safely; explicit label keeps the row usable
2026-09-26T05:17:57+00:00,8_categorical_fill,Missing category,1657,B01748,Product_Name,<missing>,Unknown,Filled with 'Unknown',Cannot be derived safely; explicit label keeps the row usable
2026-09-26T05:17:57+00:00,8_categorical_fill,Missing category,1732,B00527,Product_Name,<missing>,Unknown,Filled with 'Unknown',Cannot be derived safely; explicit label keeps the row usable
2026-09-26T05:17:57+00:00,8_categorical_fill,Missing category,1746,B02885,Product_Name,<missing>,Unknown,Filled with 'Unknown',Cannot be derived safely; explicit label keeps the row usable
2026-09-26T05:17:57+00:00,8_categorical_fill,Missing category,1812,B01320,Product_Name,<missing>,Unknown,Filled with 'Unknown',Cannot be derived safely; explicit label keeps the row usable
2026-09-26T05:17:57+00:00,8_categorical_fill,Missing category,1831,B02187,Product_Name,<missing>,Unknown,Filled with 'Unknown',Cannot be derived safely; explicit label keeps the row usable
2026-09-26T05:17:57+00:00,8_categorical_fill,Missing category,1861,B00828,Product_Name,<missing>,Unknown,Filled with 'Unknown',Cannot be derived safely; explicit label keeps the row usable
2026-09-26T05:17:57+00:00,8_categorical_fill,Missing category,1880,B02275,Product_Name,<missing>,Unknown,Filled with 'Unknown',Cannot be derived safely; explicit label keeps the row usable
2026-09-26T05:17:57+00:00,8_categorical_fill,Missing category,1907,B01870,Product_Name,<missing>,Unknown,Filled with 'Unknown',Cannot be derived safely; explicit label keeps the row usable
2026-09-26T05:17:57+00:00,8_categorical_fill,Missing category,1919,B00571,Product_Name,<missing>,Unknown,Filled with 'Unknown',Cannot be derived safely; explicit label keeps the row usable
2026-09-26T05:17:57+00:00,8_categorical_fill,Missing category,1929,B02619,Product_Name,<missing>,Unknown,Filled with 'Unknown',Cannot be derived safely; explicit label keeps the row usable
2026-09-26T05:17:57+00:00,8_categorical_fill,Missing category,1930,B02323,Product_Name,<missing>,Unknown,Filled with 'Unknown',Cannot be derived safely; explicit label keeps the row usable
2026-09-26T05:17:57+00:00,8_categorical_fill,Missing category,1978,B01192,Product_Name,<missing>,Unknown,Filled with 'Unknown',Cannot be derived safely; explicit label keeps the row usable
2026-09-26T05:17:57+00:00,8_categorical_fill,Missing category,2057,B00503,Product_Name,<missing>,Unknown,Filled with 'Unknown',Cannot be derived safely; explicit label keeps the row usable
2026-09-26T05:17:57+00:00,8_categorical_fill,Missing category,2087,B02259,Product_Name,<missing>,Unknown,Filled with 'Unknown',Cannot be derived safely; explicit label keeps the row usable
2026-09-26T05:17:57+00:00,8_categorical_fill,Missing category,2088,B01017,Product_Name,<missing>,Unknown,Filled with 'Unknown',Cannot be derived safely; explicit label keeps the row usable
2026-09-26T05:17:57+00:00,8_categorical_fill,Missing category,2093,B02837,Product_Name,<missing>,Unknown,Filled with 'Unknown',Cannot be derived safely; explicit label keeps the row usable
2026-09-26T05:17:57+00:00,8_categorical_fill,Missing category,2116,B02068,Product_Name,<missing>,Unknown,Filled with 'Unknown',Cannot be derived safely; explicit label keeps the row usable
2026-09-26T05:17:57+00:00,8_categorical_fill,Missing category,2158,B01487,Product_Name,<missing>,Unknown,Filled with 'Unknown',Cannot be derived safely; explicit label keeps the row usable
2026-09-26T05:17:57+00:00,8_categorical_fill,Missing category,2196,B01109,Product_Name,<missing>,Unknown,Filled with 'Unknown',Cannot be derived safely; explicit label keeps the row usable
2026-09-26T05:17:57+00:00,8_categorical_fill,Missing category,2198,B00175,Product_Name,<missing>,Unknown,Filled with 'Unknown',Cannot be derived safely; explicit label keeps the row usable
2026-09-26T05:17:57+00:00,8_categorical_fill,Missing category,2237,B02744,Product_Name,<missing>,Unknown,Filled with 'Unknown',Cannot be derived safely; explicit label keeps the row usable
2026-09-26T05:17:57+00:00,8_categorical_fill,Missing category,2307,B02610,Product_Name,<missing>,Unknown,Filled with 'Unknown',Cannot be derived safely; explicit label keeps the row usable
2026-09-26T05:17:57+00:00,8_categorical_fill,Missing category,2315,B02721,Product_Name,<missing>,Unknown,Filled with 'Unknown',Cannot be derived safely; explicit label keeps the row usable
2026-09-26T05:17:57+00:00,8_categorical_fill,Missing category,2318,B01147,Product_Name,<missing>,Unknown,Filled with 'Unknown',Cannot be derived safely; explicit label keeps the row usable
2026-09-26T05:17:57+00:00,8_categorical_fill,Missing category,2323,B00342,Product_Name,<missing>,Unknown,Filled with 'Unknown',Cannot be derived safely; explicit label keeps the row usable
2026-09-26T05:17:57+00:00,8_categorical_fill,Missing category,2346,B01561,Product_Name,<missing>,Unknown,Filled with 'Unknown',Cannot be derived safely; explicit label keeps the row usable
2026-09-26T05:17:57+00:00,8_categorical_fill,Missing category,2360,B01315,Product_Name,<missing>,Unknown,Filled with 'Unknown',Cannot be derived safely; explicit label keeps the row usable
2026-09-26T05:17:57+00:00,8_categorical_fill,Missing category,2386,B01348,Product_Name,<missing>,Unknown,Filled with 'Unknown',Cannot be derived safely; explicit label keeps the row usable
2026-09-26T05:17:57+00:00,8_categorical_fill,Missing category,2444,B00192,Product_Name,<missing>,Unknown,Filled with 'Unknown',Cannot be derived safely; explicit label keeps the row usable
2026-09-26T05:17:57+00:00,8_categorical_fill,Missing category,2479,B02567,Product_Name,<missing>,Unknown,Filled with 'Unknown',Cannot be derived safely; explicit label keeps the row usable
2026-09-26T05:17:57+00:00,8_categorical_fill,Missing category,2483,B00281,Product_Name,<missing>,Unknown,Filled with 'Unknown',Cannot be derived safely; explicit label keeps the row usable
2026-09-26T05:17:57+00:00,8_categorical_fill,Missing category,2495,B01681,Product_Name,<missing>,Unknown,Filled with 'Unknown',Cannot be derived safely; explicit label keeps the row usable
2026-09-26T05:17:57+00:00,8_categorical_fill,Missing category,2515,B02402,Product_Name,<missing>,Unknown,Filled with 'Unknown',Cannot be derived safely; explicit label keeps the row usable
2026-09-26T05:17:57+00:00,8_categorical_fill,Missing category,2534,B02703,Product_Name,<missing>,Unknown,Filled with 'Unknown',Cannot be derived safely; explicit label keeps the row usable
2026-09-26T05:17:57+00:00,8_categorical_fill,Missing category,2568,B01822,Product_Name,<missing>,Unknown,Filled with 'Unknown',Cannot be derived safely; explicit label keeps the row usable
2026-09-26T05:17:57+00:00,8_categorical_fill,Missing category,2587,B00746,Product_Name,<missing>,Unknown,Filled with 'Unknown',Cannot be derived safely; explicit label keeps the row usable
2026-09-26T05:17:57+00:00,8_categorical_fill,Missing category,2631,B01189,Product_Name,<missing>,Unknown,Filled with 'Unknown',Cannot be derived safely; explicit label keeps the row usable
2026-09-26T05:17:57+00:00,8_categorical_fill,Missing category,2670,B01607,Product_Name,<missing>,Unknown,Filled with 'Unknown',Cannot be derived safely; explicit label keeps the row usable
2026-09-26T05:17:57+00:00,8_categorical_fill,Missing category,2762,B02608,Product_Name,<missing>,Unknown,Filled with 'Unknown',Cannot be derived safely; explicit label keeps the row usable
2026-09-26T05:17:57+00:00,8_categorical_fill,Missing category,2854,B01967,Product_Name,<missing>,Unknown,Filled with 'Unknown',Cannot be derived safely; explicit label keeps the row usable
2026-09-26T05:17:57+00:00,8_categorical_fill,Missing category,2872,B02209,Product_Name,<missing>,Unknown,Filled with 'Unknown',Cannot be derived safely; explicit label keeps the row usable
2026-09-26T05:17:57+00:00,8_categorical_fill,Missing category,2887,B00568,Product_Name,<missing>,Unknown,Filled with 'Unknown',Cannot be derived safely; explicit label keeps the row usable
2026-09-26T05:17:57+00:00,8_categorical_fill,Missing category,2893,B01429,Product_Name,<missing>,Unknown,Filled with 'Unknown',Cannot be derived safely; explicit label keeps the row usable
2026-09-26T05:17:57+00:00,8_categorical_fill,Missing category,2898,B01694,Product_Name,<missing>,Unknown,Filled with 'Unknown',Cannot be derived safely; explicit label keeps the row usable
2026-09-26T05:17:57+00:00,8_categorical_fill,Missing category,2992,B02352,Product_Name,<missing>,Unknown,Filled with 'Unknown',Cannot be derived safely; explicit label keeps the row usable
2026-09-26T05:17:57+00:00,8_categorical_fill,Missing category,220,B00629,Dosage_Form,<missing>,Unknown,Filled with 'Unknown',Cannot be derived safely; explicit label keeps the row usable
2026-09-26T05:17:57+00:00,8_categorical_fill,Missing category,749,B02630,Dosage_Form,<missing>,Unknown,Filled with 'Unknown',Cannot be derived safely; explicit label keeps the row usable
2026-09-26T05:17:57+00:00,8_categorical_fill,Missing category,967,B00439,Dosage_Form,<missing>,Unknown,Filled with 'Unknown',Cannot be derived safely; explicit label keeps the row usable
2026-09-26T05:17:57+00:00,8_categorical_fill,Missing category,2483,B00281,Dosage_Form,<missing>,Unknown,Filled with 'Unknown',Cannot be derived safely; explicit label keeps the row usable
2026-09-26T05:17:57+00:00,8_categorical_fill,Missing category,1160,B01385,Plant,<missing>,Unknown,Filled with 'Unknown',Cannot be derived safely; explicit label keeps the row usable
2026-09-26T05:17:57+00:00,8_categorical_fill,Missing category,2193,B01503,Plant,<missing>,Unknown,Filled with 'Unknown',Cannot be derived safely; explicit label keeps the row usable
2026-09-26T05:17:57+00:00,8_categorical_fill,Missing category,0,B01970,Equipment_ID,<missing>,Unknown,Filled with 'Unknown',Cannot be derived safely; explicit label keeps the row usable
2026-09-26T05:17:57+00:00,8_categorical_fill,Missing category,12,B00908,Equipment_ID,<missing>,Unknown,Filled with 'Unknown',Cannot be derived safely; explicit label keeps the row usable
2026-09-26T05:17:57+00:00,8_categorical_fill,Missing category,14,B01383,Equipment_ID,<missing>,Unknown,Filled with 'Unknown',Cannot be derived safely; explicit label keeps the row usable
2026-09-26T05:17:57+00:00,8_categorical_fill,Missing category,39,B02492,Equipment_ID,<missing>,Unknown,Filled with 'Unknown',Cannot be derived safely; explicit label keeps the row usable
2026-09-26T05:17:57+00:00,8_categorical_fill,Missing category,48,B02733,Equipment_ID,<missing>,Unknown,Filled with 'Unknown',Cannot be derived safely; explicit label keeps the row usable
2026-09-26T05:17:57+00:00,8_categorical_fill,Missing category,79,B00331,Equipment_ID,<missing>,Unknown,Filled with 'Unknown',Cannot be derived safely; explicit label keeps the row usable
2026-09-26T05:17:57+00:00,8_categorical_fill,Missing category,93,B01318,Equipment_ID,<missing>,Unknown,Filled with 'Unknown',Cannot be derived safely; explicit label keeps the row usable
2026-09-26T05:17:57+00:00,8_categorical_fill,Missing category,142,B02403,Equipment_ID,<missing>,Unknown,Filled with 'Unknown',Cannot be derived safely; explicit label keeps the row usable
2026-09-26T05:17:57+00:00,8_categorical_fill,Missing category,161,B02119,Equipment_ID,<missing>,Unknown,Filled with 'Unknown',Cannot be derived safely; explicit label keeps the row usable
2026-09-26T05:17:57+00:00,8_categorical_fill,Missing category,192,B01562,Equipment_ID,<missing>,Unknown,Filled with 'Unknown',Cannot be derived safely; explicit label keeps the row usable
2026-09-26T05:17:57+00:00,8_categorical_fill,Missing category,199,B02745,Equipment_ID,<missing>,Unknown,Filled with 'Unknown',Cannot be derived safely; explicit label keeps the row usable
2026-09-26T05:17:57+00:00,8_categorical_fill,Missing category,224,B00218,Equipment_ID,<missing>,Unknown,Filled with 'Unknown',Cannot be derived safely; explicit label keeps the row usable
2026-09-26T05:17:57+00:00,8_categorical_fill,Missing category,248,B00128,Equipment_ID,<missing>,Unknown,Filled with 'Unknown',Cannot be derived safely; explicit label keeps the row usable
2026-09-26T05:17:57+00:00,8_categorical_fill,Missing category,257,B00335,Equipment_ID,<missing>,Unknown,Filled with 'Unknown',Cannot be derived safely; explicit label keeps the row usable
2026-09-26T05:17:57+00:00,8_categorical_fill,Missing category,264,B01070,Equipment_ID,<missing>,Unknown,Filled with 'Unknown',Cannot be derived safely; explicit label keeps the row usable
2026-09-26T05:17:57+00:00,8_categorical_fill,Missing category,293,B01163,Equipment_ID,<missing>,Unknown,Filled with 'Unknown',Cannot be derived safely; explicit label keeps the row usable
2026-09-26T05:17:57+00:00,8_categorical_fill,Missing category,318,B00709,Equipment_ID,<missing>,Unknown,Filled with 'Unknown',Cannot be derived safely; explicit label keeps the row usable
2026-09-26T05:17:57+00:00,8_categorical_fill,Missing category,333,B02180,Equipment_ID,<missing>,Unknown,Filled with 'Unknown',Cannot be derived safely; explicit label keeps the row usable
2026-09-26T05:17:57+00:00,8_categorical_fill,Missing category,400,B00460,Equipment_ID,<missing>,Unknown,Filled with 'Unknown',Cannot be derived safely; explicit label keeps the row usable
2026-09-26T05:17:57+00:00,8_categorical_fill,Missing category,491,B02615,Equipment_ID,<missing>,Unknown,Filled with 'Unknown',Cannot be derived safely; explicit label keeps the row usable
2026-09-26T05:17:57+00:00,8_categorical_fill,Missing category,505,B00953,Equipment_ID,<missing>,Unknown,Filled with 'Unknown',Cannot be derived safely; explicit label keeps the row usable
2026-09-26T05:17:57+00:00,8_categorical_fill,Missing category,567,B00636,Equipment_ID,<missing>,Unknown,Filled with 'Unknown',Cannot be derived safely; explicit label keeps the row usable
2026-09-26T05:17:57+00:00,8_categorical_fill,Missing category,599,B02670,Equipment_ID,<missing>,Unknown,Filled with 'Unknown',Cannot be derived safely; explicit label keeps the row usable
2026-09-26T05:17:57+00:00,8_categorical_fill,Missing category,634,B01068,Equipment_ID,<missing>,Unknown,Filled with 'Unknown',Cannot be derived safely; explicit label keeps the row usable
2026-09-26T05:17:57+00:00,8_categorical_fill,Missing category,641,B02211,Equipment_ID,<missing>,Unknown,Filled with 'Unknown',Cannot be derived safely; explicit label keeps the row usable
2026-09-26T05:17:57+00:00,8_categorical_fill,Missing category,667,B00085,Equipment_ID,<missing>,Unknown,Filled with 'Unknown',Cannot be derived safely; explicit label keeps the row usable
2026-09-26T05:17:57+00:00,8_categorical_fill,Missing category,672,B01557,Equipment_ID,<missing>,Unknown,Filled with 'Unknown',Cannot be derived safely; explicit label keeps the row usable
2026-09-26T05:17:57+00:00,8_categorical_fill,Missing category,722,B01019,Equipment_ID,<missing>,Unknown,Filled with 'Unknown',Cannot be derived safely; explicit label keeps the row usable
2026-09-26T05:17:57+00:00,8_categorical_fill,Missing category,790,B01705,Equipment_ID,<missing>,Unknown,Filled with 'Unknown',Cannot be derived safely; explicit label keeps the row usable
2026-09-26T05:17:57+00:00,8_categorical_fill,Missing category,800,B00160,Equipment_ID,<missing>,Unknown,Filled with 'Unknown',Cannot be derived safely; explicit label keeps the row usable
2026-09-26T05:17:57+00:00,8_categorical_fill,Missing category,888,B01880,Equipment_ID,<missing>,Unknown,Filled with 'Unknown',Cannot be derived safely; explicit label keeps the row usable
2026-09-26T05:17:57+00:00,8_categorical_fill,Missing category,994,B00655,Equipment_ID,<missing>,Unknown,Filled with 'Unknown',Cannot be derived safely; explicit label keeps the row usable
2026-09-26T05:17:57+00:00,8_categorical_fill,Missing category,1013,B00185,Equipment_ID,<missing>,Unknown,Filled with 'Unknown',Cannot be derived safely; explicit label keeps the row usable
2026-09-26T05:17:57+00:00,8_categorical_fill,Missing category,1041,B01889,Equipment_ID,<missing>,Unknown,Filled with 'Unknown',Cannot be derived safely; explicit label keeps the row usable
2026-09-26T05:17:57+00:00,8_categorical_fill,Missing category,1068,B01901,Equipment_ID,<missing>,Unknown,Filled with 'Unknown',Cannot be derived safely; explicit label keeps the row usable
2026-09-26T05:17:57+00:00,8_categorical_fill,Missing category,1072,B01406,Equipment_ID,<missing>,Unknown,Filled with 'Unknown',Cannot be derived safely; explicit label keeps the row usable
2026-09-26T05:17:57+00:00,8_categorical_fill,Missing category,1125,B01626,Equipment_ID,<missing>,Unknown,Filled with 'Unknown',Cannot be derived safely; explicit label keeps the row usable
2026-09-26T05:17:57+00:00,8_categorical_fill,Missing category,1131,B00675,Equipment_ID,<missing>,Unknown,Filled with 'Unknown',Cannot be derived safely; explicit label keeps the row usable
2026-09-26T05:17:57+00:00,8_categorical_fill,Missing category,1147,B00257,Equipment_ID,<missing>,Unknown,Filled with 'Unknown',Cannot be derived safely; explicit label keeps the row usable
2026-09-26T05:17:57+00:00,8_categorical_fill,Missing category,1150,B01533,Equipment_ID,<missing>,Unknown,Filled with 'Unknown',Cannot be derived safely; explicit label keeps the row usable
2026-09-26T05:17:57+00:00,8_categorical_fill,Missing category,1160,B01385,Equipment_ID,<missing>,Unknown,Filled with 'Unknown',Cannot be derived safely; explicit label keeps the row usable
2026-09-26T05:17:57+00:00,8_categorical_fill,Missing category,1253,B02431,Equipment_ID,<missing>,Unknown,Filled with 'Unknown',Cannot be derived safely; explicit label keeps the row usable
2026-09-26T05:17:57+00:00,8_categorical_fill,Missing category,1254,B00129,Equipment_ID,<missing>,Unknown,Filled with 'Unknown',Cannot be derived safely; explicit label keeps the row usable
2026-09-26T05:17:57+00:00,8_categorical_fill,Missing category,1279,B02094,Equipment_ID,<missing>,Unknown,Filled with 'Unknown',Cannot be derived safely; explicit label keeps the row usable
2026-09-26T05:17:57+00:00,8_categorical_fill,Missing category,1302,B01891,Equipment_ID,<missing>,Unknown,Filled with 'Unknown',Cannot be derived safely; explicit label keeps the row usable
2026-09-26T05:17:57+00:00,8_categorical_fill,Missing category,1314,B00054,Equipment_ID,<missing>,Unknown,Filled with 'Unknown',Cannot be derived safely; explicit label keeps the row usable
2026-09-26T05:17:57+00:00,8_categorical_fill,Missing category,1344,B00853,Equipment_ID,<missing>,Unknown,Filled with 'Unknown',Cannot be derived safely; explicit label keeps the row usable
2026-09-26T05:17:57+00:00,8_categorical_fill,Missing category,1359,B02511,Equipment_ID,<missing>,Unknown,Filled with 'Unknown',Cannot be derived safely; explicit label keeps the row usable
2026-09-26T05:17:57+00:00,8_categorical_fill,Missing category,1374,B02666,Equipment_ID,<missing>,Unknown,Filled with 'Unknown',Cannot be derived safely; explicit label keeps the row usable
2026-09-26T05:17:57+00:00,8_categorical_fill,Missing category,1387,B00303,Equipment_ID,<missing>,Unknown,Filled with 'Unknown',Cannot be derived safely; explicit label keeps the row usable
2026-09-26T05:17:57+00:00,8_categorical_fill,Missing category,1455,B01392,Equipment_ID,<missing>,Unknown,Filled with 'Unknown',Cannot be derived safely; explicit label keeps the row usable
2026-09-26T05:17:57+00:00,8_categorical_fill,Missing category,1460,B01137,Equipment_ID,<missing>,Unknown,Filled with 'Unknown',Cannot be derived safely; explicit label keeps the row usable
2026-09-26T05:17:57+00:00,8_categorical_fill,Missing category,1481,B02628,Equipment_ID,<missing>,Unknown,Filled with 'Unknown',Cannot be derived safely; explicit label keeps the row usable
2026-09-26T05:17:57+00:00,8_categorical_fill,Missing category,1486,B00637,Equipment_ID,<missing>,Unknown,Filled with 'Unknown',Cannot be derived safely; explicit label keeps the row usable
2026-09-26T05:17:57+00:00,8_categorical_fill,Missing category,1561,B00948,Equipment_ID,<missing>,Unknown,Filled with 'Unknown',Cannot be derived safely; explicit label keeps the row usable
2026-09-26T05:17:57+00:00,8_categorical_fill,Missing category,1569,B00700,Equipment_ID,<missing>,Unknown,Filled with 'Unknown',Cannot be derived safely; explicit label keeps the row usable
2026-09-26T05:17:57+00:00,8_categorical_fill,Missing category,1597,B01923,Equipment_ID,<missing>,Unknown,Filled with 'Unknown',Cannot be derived safely; explicit label keeps the row usable
2026-09-26T05:17:57+00:00,8_categorical_fill,Missing category,1618,B00798,Equipment_ID,<missing>,Unknown,Filled with 'Unknown',Cannot be derived safely; explicit label keeps the row usable
2026-09-26T05:17:57+00:00,8_categorical_fill,Missing category,1626,B01902,Equipment_ID,<missing>,Unknown,Filled with 'Unknown',Cannot be derived safely; explicit label keeps the row usable
2026-09-26T05:17:57+00:00,8_categorical_fill,Missing category,1638,B02232,Equipment_ID,<missing>,Unknown,Filled with 'Unknown',Cannot be derived safely; explicit label keeps the row usable
2026-09-26T05:17:57+00:00,8_categorical_fill,Missing category,1683,B01568,Equipment_ID,<missing>,Unknown,Filled with 'Unknown',Cannot be derived safely; explicit label keeps the row usable
2026-09-26T05:17:57+00:00,8_categorical_fill,Missing category,1702,B00559,Equipment_ID,<missing>,Unknown,Filled with 'Unknown',Cannot be derived safely; explicit label keeps the row usable
2026-09-26T05:17:57+00:00,8_categorical_fill,Missing category,1770,B01749,Equipment_ID,<missing>,Unknown,Filled with 'Unknown',Cannot be derived safely; explicit label keeps the row usable
2026-09-26T05:17:57+00:00,8_categorical_fill,Missing category,1772,B01182,Equipment_ID,<missing>,Unknown,Filled with 'Unknown',Cannot be derived safely; explicit label keeps the row usable
2026-09-26T05:17:57+00:00,8_categorical_fill,Missing category,1780,B00183,Equipment_ID,<missing>,Unknown,Filled with 'Unknown',Cannot be derived safely; explicit label keeps the row usable
2026-09-26T05:17:57+00:00,8_categorical_fill,Missing category,1853,B01590,Equipment_ID,<missing>,Unknown,Filled with 'Unknown',Cannot be derived safely; explicit label keeps the row usable
2026-09-26T05:17:57+00:00,8_categorical_fill,Missing category,1855,B02127,Equipment_ID,<missing>,Unknown,Filled with 'Unknown',Cannot be derived safely; explicit label keeps the row usable
2026-09-26T05:17:57+00:00,8_categorical_fill,Missing category,1876,B01685,Equipment_ID,<missing>,Unknown,Filled with 'Unknown',Cannot be derived safely; explicit label keeps the row usable
2026-09-26T05:17:57+00:00,8_categorical_fill,Missing category,1901,B01411,Equipment_ID,<missing>,Unknown,Filled with 'Unknown',Cannot be derived safely; explicit label keeps the row usable
2026-09-26T05:17:57+00:00,8_categorical_fill,Missing category,1934,B01410,Equipment_ID,<missing>,Unknown,Filled with 'Unknown',Cannot be derived safely; explicit label keeps the row usable
2026-09-26T05:17:57+00:00,8_categorical_fill,Missing category,1969,B01897,Equipment_ID,<missing>,Unknown,Filled with 'Unknown',Cannot be derived safely; explicit label keeps the row usable
2026-09-26T05:17:57+00:00,8_categorical_fill,Missing category,1998,B01448,Equipment_ID,<missing>,Unknown,Filled with 'Unknown',Cannot be derived safely; explicit label keeps the row usable
2026-09-26T05:17:57+00:00,8_categorical_fill,Missing category,2019,B02513,Equipment_ID,<missing>,Unknown,Filled with 'Unknown',Cannot be derived safely; explicit label keeps the row usable
2026-09-26T05:17:57+00:00,8_categorical_fill,Missing category,2027,B00228,Equipment_ID,<missing>,Unknown,Filled with 'Unknown',Cannot be derived safely; explicit label keeps the row usable
2026-09-26T05:17:57+00:00,8_categorical_fill,Missing category,2039,B00603,Equipment_ID,<missing>,Unknown,Filled with 'Unknown',Cannot be derived safely; explicit label keeps the row usable
2026-09-26T05:17:57+00:00,8_categorical_fill,Missing category,2043,B01700,Equipment_ID,<missing>,Unknown,Filled with 'Unknown',Cannot be derived safely; explicit label keeps the row usable
2026-09-26T05:17:57+00:00,8_categorical_fill,Missing category,2044,B01666,Equipment_ID,<missing>,Unknown,Filled with 'Unknown',Cannot be derived safely; explicit label keeps the row usable
2026-09-26T05:17:57+00:00,8_categorical_fill,Missing category,2102,B01959,Equipment_ID,<missing>,Unknown,Filled with 'Unknown',Cannot be derived safely; explicit label keeps the row usable
2026-09-26T05:17:57+00:00,8_categorical_fill,Missing category,2193,B01503,Equipment_ID,<missing>,Unknown,Filled with 'Unknown',Cannot be derived safely; explicit label keeps the row usable
2026-09-26T05:17:57+00:00,8_categorical_fill,Missing category,2199,B01280,Equipment_ID,<missing>,Unknown,Filled with 'Unknown',Cannot be derived safely; explicit label keeps the row usable
2026-09-26T05:17:57+00:00,8_categorical_fill,Missing category,2212,B02605,Equipment_ID,<missing>,Unknown,Filled with 'Unknown',Cannot be derived safely; explicit label keeps the row usable
2026-09-26T05:17:57+00:00,8_categorical_fill,Missing category,2238,B02309,Equipment_ID,<missing>,Unknown,Filled with 'Unknown',Cannot be derived safely; explicit label keeps the row usable
2026-09-26T05:17:57+00:00,8_categorical_fill,Missing category,2248,B01954,Equipment_ID,<missing>,Unknown,Filled with 'Unknown',Cannot be derived safely; explicit label keeps the row usable
2026-09-26T05:17:57+00:00,8_categorical_fill,Missing category,2300,B02633,Equipment_ID,<missing>,Unknown,Filled with 'Unknown',Cannot be derived safely; explicit label keeps the row usable
2026-09-26T05:17:57+00:00,8_categorical_fill,Missing category,2322,B00270,Equipment_ID,<missing>,Unknown,Filled with 'Unknown',Cannot be derived safely; explicit label keeps the row usable
2026-09-26T05:17:57+00:00,8_categorical_fill,Missing category,2325,B01096,Equipment_ID,<missing>,Unknown,Filled with 'Unknown',Cannot be derived safely; explicit label keeps the row usable
2026-09-26T05:17:57+00:00,8_categorical_fill,Missing category,2334,B00126,Equipment_ID,<missing>,Unknown,Filled with 'Unknown',Cannot be derived safely; explicit label keeps the row usable
2026-09-26T05:17:57+00:00,8_categorical_fill,Missing category,2419,B02445,Equipment_ID,<missing>,Unknown,Filled with 'Unknown',Cannot be derived safely; explicit label keeps the row usable
2026-09-26T05:17:57+00:00,8_categorical_fill,Missing category,2426,B02770,Equipment_ID,<missing>,Unknown,Filled with 'Unknown',Cannot be derived safely; explicit label keeps the row usable
2026-09-26T05:17:57+00:00,8_categorical_fill,Missing category,2465,B00283,Equipment_ID,<missing>,Unknown,Filled with 'Unknown',Cannot be derived safely; explicit label keeps the row usable
2026-09-26T05:17:57+00:00,8_categorical_fill,Missing category,2494,B02098,Equipment_ID,<missing>,Unknown,Filled with 'Unknown',Cannot be derived safely; explicit label keeps the row usable
2026-09-26T05:17:57+00:00,8_categorical_fill,Missing category,2543,B01911,Equipment_ID,<missing>,Unknown,Filled with 'Unknown',Cannot be derived safely; explicit label keeps the row usable
2026-09-26T05:17:57+00:00,8_categorical_fill,Missing category,2550,B00574,Equipment_ID,<missing>,Unknown,Filled with 'Unknown',Cannot be derived safely; explicit label keeps the row usable
2026-09-26T05:17:57+00:00,8_categorical_fill,Missing category,2604,B00620,Equipment_ID,<missing>,Unknown,Filled with 'Unknown',Cannot be derived safely; explicit label keeps the row usable
2026-09-26T05:17:57+00:00,8_categorical_fill,Missing category,2605,B00424,Equipment_ID,<missing>,Unknown,Filled with 'Unknown',Cannot be derived safely; explicit label keeps the row usable
2026-09-26T05:17:57+00:00,8_categorical_fill,Missing category,2628,B01144,Equipment_ID,<missing>,Unknown,Filled with 'Unknown',Cannot be derived safely; explicit label keeps the row usable
2026-09-26T05:17:57+00:00,8_categorical_fill,Missing category,2652,B01986,Equipment_ID,<missing>,Unknown,Filled with 'Unknown',Cannot be derived safely; explicit label keeps the row usable
2026-09-26T05:17:57+00:00,8_categorical_fill,Missing category,2661,B00187,Equipment_ID,<missing>,Unknown,Filled with 'Unknown',Cannot be derived safely; explicit label keeps the row usable
2026-09-26T05:17:57+00:00,8_categorical_fill,Missing category,2687,B01482,Equipment_ID,<missing>,Unknown,Filled with 'Unknown',Cannot be derived safely; explicit label keeps the row usable
2026-09-26T05:17:57+00:00,8_categorical_fill,Missing category,2688,B00793,Equipment_ID,<missing>,Unknown,Filled with 'Unknown',Cannot be derived safely; explicit label keeps the row usable
2026-09-26T05:17:57+00:00,8_categorical_fill,Missing category,2715,B01024,Equipment_ID,<missing>,Unknown,Filled with 'Unknown',Cannot be derived safely; explicit label keeps the row usable
2026-09-26T05:17:57+00:00,8_categorical_fill,Missing category,2733,B02739,Equipment_ID,<missing>,Unknown,Filled with 'Unknown',Cannot be derived safely; explicit label keeps the row usable
2026-09-26T05:17:57+00:00,8_categorical_fill,Missing category,2751,B01292,Equipment_ID,<missing>,Unknown,Filled with 'Unknown',Cannot be derived safely; explicit label keeps the row usable
2026-09-26T05:17:57+00:00,8_categorical_fill,Missing category,2754,B01018,Equipment_ID,<missing>,Unknown,Filled with 'Unknown',Cannot be derived safely; explicit label keeps the row usable
2026-09-26T05:17:57+00:00,8_categorical_fill,Missing category,2777,B02139,Equipment_ID,<missing>,Unknown,Filled with 'Unknown',Cannot be derived safely; explicit label keeps the row usable
2026-09-26T05:17:57+00:00,8_categorical_fill,Missing category,2780,B02886,Equipment_ID,<missing>,Unknown,Filled with 'Unknown',Cannot be derived safely; explicit label keeps the row usable
2026-09-26T05:17:57+00:00,8_categorical_fill,Missing category,2783,B02263,Equipment_ID,<missing>,Unknown,Filled with 'Unknown',Cannot be derived safely; explicit label keeps the row usable
2026-09-26T05:17:57+00:00,8_categorical_fill,Missing category,2870,B01052,Equipment_ID,<missing>,Unknown,Filled with 'Unknown',Cannot be derived safely; explicit label keeps the row usable
2026-09-26T05:17:57+00:00,8_categorical_fill,Missing category,2919,B00695,Equipment_ID,<missing>,Unknown,Filled with 'Unknown',Cannot be derived safely; explicit label keeps the row usable
2026-09-26T05:17:57+00:00,8_categorical_fill,Missing category,6,B02262,Operator_Shift,<missing>,Unknown,Filled with 'Unknown',Cannot be derived safely; explicit label keeps the row usable
2026-09-26T05:17:57+00:00,8_categorical_fill,Missing category,7,B01117,Operator_Shift,<missing>,Unknown,Filled with 'Unknown',Cannot be derived safely; explicit label keeps the row usable
2026-09-26T05:17:57+00:00,8_categorical_fill,Missing category,55,B00293,Operator_Shift,<missing>,Unknown,Filled with 'Unknown',Cannot be derived safely; explicit label keeps the row usable
2026-09-26T05:17:57+00:00,8_categorical_fill,Missing category,115,B01595,Operator_Shift,<missing>,Unknown,Filled with 'Unknown',Cannot be derived safely; explicit label keeps the row usable
2026-09-26T05:17:57+00:00,8_categorical_fill,Missing category,231,B02341,Operator_Shift,<missing>,Unknown,Filled with 'Unknown',Cannot be derived safely; explicit label keeps the row usable
2026-09-26T05:17:57+00:00,8_categorical_fill,Missing category,246,B00640,Operator_Shift,<missing>,Unknown,Filled with 'Unknown',Cannot be derived safely; explicit label keeps the row usable
2026-09-26T05:17:57+00:00,8_categorical_fill,Missing category,306,B01819,Operator_Shift,<missing>,Unknown,Filled with 'Unknown',Cannot be derived safely; explicit label keeps the row usable
2026-09-26T05:17:57+00:00,8_categorical_fill,Missing category,430,B01956,Operator_Shift,<missing>,Unknown,Filled with 'Unknown',Cannot be derived safely; explicit label keeps the row usable
2026-09-26T05:17:57+00:00,8_categorical_fill,Missing category,472,B00316,Operator_Shift,<missing>,Unknown,Filled with 'Unknown',Cannot be derived safely; explicit label keeps the row usable
2026-09-26T05:17:57+00:00,8_categorical_fill,Missing category,494,B00567,Operator_Shift,<missing>,Unknown,Filled with 'Unknown',Cannot be derived safely; explicit label keeps the row usable
2026-09-26T05:17:57+00:00,8_categorical_fill,Missing category,509,B01949,Operator_Shift,<missing>,Unknown,Filled with 'Unknown',Cannot be derived safely; explicit label keeps the row usable
2026-09-26T05:17:57+00:00,8_categorical_fill,Missing category,593,B01185,Operator_Shift,<missing>,Unknown,Filled with 'Unknown',Cannot be derived safely; explicit label keeps the row usable
2026-09-26T05:17:57+00:00,8_categorical_fill,Missing category,603,B02682,Operator_Shift,<missing>,Unknown,Filled with 'Unknown',Cannot be derived safely; explicit label keeps the row usable
2026-09-26T05:17:57+00:00,8_categorical_fill,Missing category,667,B00085,Operator_Shift,<missing>,Unknown,Filled with 'Unknown',Cannot be derived safely; explicit label keeps the row usable
2026-09-26T05:17:57+00:00,8_categorical_fill,Missing category,678,B01194,Operator_Shift,<missing>,Unknown,Filled with 'Unknown',Cannot be derived safely; explicit label keeps the row usable
2026-09-26T05:17:57+00:00,8_categorical_fill,Missing category,685,B00086,Operator_Shift,<missing>,Unknown,Filled with 'Unknown',Cannot be derived safely; explicit label keeps the row usable
2026-09-26T05:17:57+00:00,8_categorical_fill,Missing category,875,B02816,Operator_Shift,<missing>,Unknown,Filled with 'Unknown',Cannot be derived safely; explicit label keeps the row usable
2026-09-26T05:17:57+00:00,8_categorical_fill,Missing category,880,B00934,Operator_Shift,<missing>,Unknown,Filled with 'Unknown',Cannot be derived safely; explicit label keeps the row usable
2026-09-26T05:17:57+00:00,8_categorical_fill,Missing category,915,B01893,Operator_Shift,<missing>,Unknown,Filled with 'Unknown',Cannot be derived safely; explicit label keeps the row usable
2026-09-26T05:17:57+00:00,8_categorical_fill,Missing category,917,B01195,Operator_Shift,<missing>,Unknown,Filled with 'Unknown',Cannot be derived safely; explicit label keeps the row usable
2026-09-26T05:17:57+00:00,8_categorical_fill,Missing category,985,B02480,Operator_Shift,<missing>,Unknown,Filled with 'Unknown',Cannot be derived safely; explicit label keeps the row usable
2026-09-26T05:17:57+00:00,8_categorical_fill,Missing category,994,B00655,Operator_Shift,<missing>,Unknown,Filled with 'Unknown',Cannot be derived safely; explicit label keeps the row usable
2026-09-26T05:17:57+00:00,8_categorical_fill,Missing category,1028,B00284,Operator_Shift,<missing>,Unknown,Filled with 'Unknown',Cannot be derived safely; explicit label keeps the row usable
2026-09-26T05:17:57+00:00,8_categorical_fill,Missing category,1088,B00517,Operator_Shift,<missing>,Unknown,Filled with 'Unknown',Cannot be derived safely; explicit label keeps the row usable
2026-09-26T05:17:57+00:00,8_categorical_fill,Missing category,1101,B01335,Operator_Shift,<missing>,Unknown,Filled with 'Unknown',Cannot be derived safely; explicit label keeps the row usable
2026-09-26T05:17:57+00:00,8_categorical_fill,Missing category,1109,B02778,Operator_Shift,<missing>,Unknown,Filled with 'Unknown',Cannot be derived safely; explicit label keeps the row usable
2026-09-26T05:17:57+00:00,8_categorical_fill,Missing category,1127,B01978,Operator_Shift,<missing>,Unknown,Filled with 'Unknown',Cannot be derived safely; explicit label keeps the row usable
2026-09-26T05:17:57+00:00,8_categorical_fill,Missing category,1137,B01508,Operator_Shift,<missing>,Unknown,Filled with 'Unknown',Cannot be derived safely; explicit label keeps the row usable
2026-09-26T05:17:57+00:00,8_categorical_fill,Missing category,1152,B02169,Operator_Shift,<missing>,Unknown,Filled with 'Unknown',Cannot be derived safely; explicit label keeps the row usable
2026-09-26T05:17:57+00:00,8_categorical_fill,Missing category,1207,B01792,Operator_Shift,<missing>,Unknown,Filled with 'Unknown',Cannot be derived safely; explicit label keeps the row usable
2026-09-26T05:17:57+00:00,8_categorical_fill,Missing category,1245,B01645,Operator_Shift,<missing>,Unknown,Filled with 'Unknown',Cannot be derived safely; explicit label keeps the row usable
2026-09-26T05:17:57+00:00,8_categorical_fill,Missing category,1273,B01764,Operator_Shift,<missing>,Unknown,Filled with 'Unknown',Cannot be derived safely; explicit label keeps the row usable
2026-09-26T05:17:57+00:00,8_categorical_fill,Missing category,1376,B01210,Operator_Shift,<missing>,Unknown,Filled with 'Unknown',Cannot be derived safely; explicit label keeps the row usable
2026-09-26T05:17:57+00:00,8_categorical_fill,Missing category,1418,B02644,Operator_Shift,<missing>,Unknown,Filled with 'Unknown',Cannot be derived safely; explicit label keeps the row usable
2026-09-26T05:17:57+00:00,8_categorical_fill,Missing category,1419,B01431,Operator_Shift,<missing>,Unknown,Filled with 'Unknown',Cannot be derived safely; explicit label keeps the row usable
2026-09-26T05:17:57+00:00,8_categorical_fill,Missing category,1448,B02538,Operator_Shift,<missing>,Unknown,Filled with 'Unknown',Cannot be derived safely; explicit label keeps the row usable
2026-09-26T05:17:57+00:00,8_categorical_fill,Missing category,1454,B02650,Operator_Shift,<missing>,Unknown,Filled with 'Unknown',Cannot be derived safely; explicit label keeps the row usable
2026-09-26T05:17:57+00:00,8_categorical_fill,Missing category,1488,B00073,Operator_Shift,<missing>,Unknown,Filled with 'Unknown',Cannot be derived safely; explicit label keeps the row usable
2026-09-26T05:17:57+00:00,8_categorical_fill,Missing category,1514,B02302,Operator_Shift,<missing>,Unknown,Filled with 'Unknown',Cannot be derived safely; explicit label keeps the row usable
2026-09-26T05:17:57+00:00,8_categorical_fill,Missing category,1524,B01229,Operator_Shift,<missing>,Unknown,Filled with 'Unknown',Cannot be derived safely; explicit label keeps the row usable
2026-09-26T05:17:57+00:00,8_categorical_fill,Missing category,1550,B01298,Operator_Shift,<missing>,Unknown,Filled with 'Unknown',Cannot be derived safely; explicit label keeps the row usable
2026-09-26T05:17:57+00:00,8_categorical_fill,Missing category,1559,B01802,Operator_Shift,<missing>,Unknown,Filled with 'Unknown',Cannot be derived safely; explicit label keeps the row usable
2026-09-26T05:17:57+00:00,8_categorical_fill,Missing category,1563,B01154,Operator_Shift,<missing>,Unknown,Filled with 'Unknown',Cannot be derived safely; explicit label keeps the row usable
2026-09-26T05:17:57+00:00,8_categorical_fill,Missing category,1647,B01022,Operator_Shift,<missing>,Unknown,Filled with 'Unknown',Cannot be derived safely; explicit label keeps the row usable
2026-09-26T05:17:57+00:00,8_categorical_fill,Missing category,1710,B01423,Operator_Shift,<missing>,Unknown,Filled with 'Unknown',Cannot be derived safely; explicit label keeps the row usable
2026-09-26T05:17:57+00:00,8_categorical_fill,Missing category,1717,B00757,Operator_Shift,<missing>,Unknown,Filled with 'Unknown',Cannot be derived safely; explicit label keeps the row usable
2026-09-26T05:17:57+00:00,8_categorical_fill,Missing category,1837,B00308,Operator_Shift,<missing>,Unknown,Filled with 'Unknown',Cannot be derived safely; explicit label keeps the row usable
2026-09-26T05:17:57+00:00,8_categorical_fill,Missing category,1844,B02875,Operator_Shift,<missing>,Unknown,Filled with 'Unknown',Cannot be derived safely; explicit label keeps the row usable
2026-09-26T05:17:57+00:00,8_categorical_fill,Missing category,1845,B01479,Operator_Shift,<missing>,Unknown,Filled with 'Unknown',Cannot be derived safely; explicit label keeps the row usable
2026-09-26T05:17:57+00:00,8_categorical_fill,Missing category,1894,B02760,Operator_Shift,<missing>,Unknown,Filled with 'Unknown',Cannot be derived safely; explicit label keeps the row usable
2026-09-26T05:17:57+00:00,8_categorical_fill,Missing category,1896,B00779,Operator_Shift,<missing>,Unknown,Filled with 'Unknown',Cannot be derived safely; explicit label keeps the row usable
2026-09-26T05:17:57+00:00,8_categorical_fill,Missing category,1920,B00580,Operator_Shift,<missing>,Unknown,Filled with 'Unknown',Cannot be derived safely; explicit label keeps the row usable
2026-09-26T05:17:57+00:00,8_categorical_fill,Missing category,1971,B00240,Operator_Shift,<missing>,Unknown,Filled with 'Unknown',Cannot be derived safely; explicit label keeps the row usable
2026-09-26T05:17:57+00:00,8_categorical_fill,Missing category,1986,B00555,Operator_Shift,<missing>,Unknown,Filled with 'Unknown',Cannot be derived safely; explicit label keeps the row usable
2026-09-26T05:17:57+00:00,8_categorical_fill,Missing category,2059,B00209,Operator_Shift,<missing>,Unknown,Filled with 'Unknown',Cannot be derived safely; explicit label keeps the row usable
2026-09-26T05:17:57+00:00,8_categorical_fill,Missing category,2076,B01389,Operator_Shift,<missing>,Unknown,Filled with 'Unknown',Cannot be derived safely; explicit label keeps the row usable
2026-09-26T05:17:57+00:00,8_categorical_fill,Missing category,2145,B01989,Operator_Shift,<missing>,Unknown,Filled with 'Unknown',Cannot be derived safely; explicit label keeps the row usable
2026-09-26T05:17:57+00:00,8_categorical_fill,Missing category,2180,B02840,Operator_Shift,<missing>,Unknown,Filled with 'Unknown',Cannot be derived safely; explicit label keeps the row usable
2026-09-26T05:17:57+00:00,8_categorical_fill,Missing category,2211,B01653,Operator_Shift,<missing>,Unknown,Filled with 'Unknown',Cannot be derived safely; explicit label keeps the row usable
2026-09-26T05:17:57+00:00,8_categorical_fill,Missing category,2216,B02425,Operator_Shift,<missing>,Unknown,Filled with 'Unknown',Cannot be derived safely; explicit label keeps the row usable
2026-09-26T05:17:57+00:00,8_categorical_fill,Missing category,2249,B01495,Operator_Shift,<missing>,Unknown,Filled with 'Unknown',Cannot be derived safely; explicit label keeps the row usable
2026-09-26T05:17:57+00:00,8_categorical_fill,Missing category,2330,B02029,Operator_Shift,<missing>,Unknown,Filled with 'Unknown',Cannot be derived safely; explicit label keeps the row usable
2026-09-26T05:17:57+00:00,8_categorical_fill,Missing category,2391,B00131,Operator_Shift,<missing>,Unknown,Filled with 'Unknown',Cannot be derived safely; explicit label keeps the row usable
2026-09-26T05:17:57+00:00,8_categorical_fill,Missing category,2541,B00171,Operator_Shift,<missing>,Unknown,Filled with 'Unknown',Cannot be derived safely; explicit label keeps the row usable
2026-09-26T05:17:57+00:00,8_categorical_fill,Missing category,2608,B00272,Operator_Shift,<missing>,Unknown,Filled with 'Unknown',Cannot be derived safely; explicit label keeps the row usable
2026-09-26T05:17:57+00:00,8_categorical_fill,Missing category,2644,B01234,Operator_Shift,<missing>,Unknown,Filled with 'Unknown',Cannot be derived safely; explicit label keeps the row usable
2026-09-26T05:17:57+00:00,8_categorical_fill,Missing category,2797,B00127,Operator_Shift,<missing>,Unknown,Filled with 'Unknown',Cannot be derived safely; explicit label keeps the row usable
2026-09-26T05:17:57+00:00,8_categorical_fill,Missing category,2837,B00602,Operator_Shift,<missing>,Unknown,Filled with 'Unknown',Cannot be derived safely; explicit label keeps the row usable
2026-09-26T05:17:57+00:00,8_categorical_fill,Missing category,2851,B02395,Operator_Shift,<missing>,Unknown,Filled with 'Unknown',Cannot be derived safely; explicit label keeps the row usable
2026-09-26T05:17:57+00:00,8_categorical_fill,Missing category,2870,B01052,Operator_Shift,<missing>,Unknown,Filled with 'Unknown',Cannot be derived safely; explicit label keeps the row usable
2026-09-26T05:17:57+00:00,8_categorical_fill,Missing category,2901,B00882,Operator_Shift,<missing>,Unknown,Filled with 'Unknown',Cannot be derived safely; explicit label keeps the row usable
2026-09-26T05:17:57+00:00,8_categorical_fill,Missing category,2930,B01864,Operator_Shift,<missing>,Unknown,Filled with 'Unknown',Cannot be derived safely; explicit label keeps the row usable
2026-09-26T05:17:57+00:00,8_categorical_fill,Missing category,2933,B02412,Operator_Shift,<missing>,Unknown,Filled with 'Unknown',Cannot be derived safely; explicit label keeps the row usable
2026-09-26T05:17:57+00:00,8_categorical_fill,Missing category,2934,B00799,Operator_Shift,<missing>,Unknown,Filled with 'Unknown',Cannot be derived safely; explicit label keeps the row usable
2026-09-26T05:17:57+00:00,8_categorical_fill,Missing category,2955,B01815,Operator_Shift,<missing>,Unknown,Filled with 'Unknown',Cannot be derived safely; explicit label keeps the row usable
2026-09-26T05:17:57+00:00,8_categorical_fill,Missing category,44,B00523,Quality_Status,<missing>,Unknown,Filled with 'Unknown',Cannot be derived safely; explicit label keeps the row usable
2026-09-26T05:17:57+00:00,8_categorical_fill,Missing category,428,B01047,Quality_Status,<missing>,Unknown,Filled with 'Unknown',Cannot be derived safely; explicit label keeps the row usable
2026-09-26T05:17:57+00:00,8_categorical_fill,Missing category,465,B00004,Quality_Status,<missing>,Unknown,Filled with 'Unknown',Cannot be derived safely; explicit label keeps the row usable
2026-09-26T05:17:57+00:00,8_categorical_fill,Missing category,700,B00536,Quality_Status,<missing>,Unknown,Filled with 'Unknown',Cannot be derived safely; explicit label keeps the row usable
2026-09-26T05:17:57+00:00,8_categorical_fill,Missing category,708,B01129,Quality_Status,<missing>,Unknown,Filled with 'Unknown',Cannot be derived safely; explicit label keeps the row usable
2026-09-26T05:17:57+00:00,8_categorical_fill,Missing category,714,B02282,Quality_Status,<missing>,Unknown,Filled with 'Unknown',Cannot be derived safely; explicit label keeps the row usable
2026-09-26T05:17:57+00:00,8_categorical_fill,Missing category,812,B02248,Quality_Status,<missing>,Unknown,Filled with 'Unknown',Cannot be derived safely; explicit label keeps the row usable
2026-09-26T05:17:57+00:00,8_categorical_fill,Missing category,844,B02122,Quality_Status,<missing>,Unknown,Filled with 'Unknown',Cannot be derived safely; explicit label keeps the row usable
2026-09-26T05:17:57+00:00,8_categorical_fill,Missing category,1123,B02123,Quality_Status,<missing>,Unknown,Filled with 'Unknown',Cannot be derived safely; explicit label keeps the row usable
2026-09-26T05:17:57+00:00,8_categorical_fill,Missing category,1793,B02891,Quality_Status,<missing>,Unknown,Filled with 'Unknown',Cannot be derived safely; explicit label keeps the row usable
2026-09-26T05:17:57+00:00,8_categorical_fill,Missing category,1864,B02358,Quality_Status,<missing>,Unknown,Filled with 'Unknown',Cannot be derived safely; explicit label keeps the row usable
2026-09-26T05:17:57+00:00,8_categorical_fill,Missing category,1960,B02892,Quality_Status,<missing>,Unknown,Filled with 'Unknown',Cannot be derived safely; explicit label keeps the row usable
2026-09-26T05:17:57+00:00,8_categorical_fill,Missing category,2173,B02305,Quality_Status,<missing>,Unknown,Filled with 'Unknown',Cannot be derived safely; explicit label keeps the row usable
2026-09-26T05:17:57+00:00,8_categorical_fill,Missing category,2549,B02086,Quality_Status,<missing>,Unknown,Filled with 'Unknown',Cannot be derived safely; explicit label keeps the row usable
2026-09-26T05:17:57+00:00,8_categorical_fill,Missing category,2558,B00495,Quality_Status,<missing>,Unknown,Filled with 'Unknown',Cannot be derived safely; explicit label keeps the row usable
2026-09-26T05:17:57+00:00,8_categorical_fill,Missing category,2793,B02111,Quality_Status,<missing>,Unknown,Filled with 'Unknown',Cannot be derived safely; explicit label keeps the row usable
2026-09-26T05:17:57+00:00,8_categorical_fill,Missing category,2924,B02410,Quality_Status,<missing>,Unknown,Filled with 'Unknown',Cannot be derived safely; explicit label keeps the row usable
