Batch_ID,Product_Name,Dosage_Form,Manufacturing_Date,Plant,Batch_Size_Kg,Temperature,Humidity,pH,Dissolution,Assay,Impurity_Level,Yield_Percentage,Deviation_Count,Equipment_ID,Operator_Shift,Cycle_Time_Hrs,Quality_Status
B01970,Amoxicillin 250mg,Capsule,2024-09-13,plant_a,284.7,22.25,42.3,6.74,94.9,99.69 %,0.127,97.3,0,,Evening,8.9,Pass
B00573,Metformin 850mg,Tablet,2023-03-22,Plant_B,449.0,22.85,45.9,6.44,94.5,99.82,0.195,93.9,1,EQ-B01,Evening,10.1,Pass
B00869,Ibuprofen400mg,Tablet,07/01/2024,Plant_A,490.9,21.55,45.8,6.54,99.5,99.96,0.122%,96.0,0,EQ-A05,Morning,9.7,Pass
B00996,Omeprazole 20mg,Capsule,2023-04-07,Plant_C,246.8,22.44,49.1,6.74,89.1,98.16,0.313,95.3,,EQ-C10,Evening,8.5,Pass
B02362,Azithromycin Susp,Suspension,2023-03-28,Plant_B,134.2,24.65,47.9,6.75,93.0%,97.09,0.085,93.9,1,EQ-B11,Morning,8.4,Pass
B00658,Omeprazole 20mg,Capsule,2024-09-20,Plant_A,248.0,21.96,31.8,6.71,94.1,100.75,0.275,93.6,0,EQ-A05,NIGHT,8.5,Pass
B02262,Ceftriaxone 1g,Injectable,2025-06-23,Plant_C,97.7,21.48,47.0,6.71,92.0%,100.39,0.488,95.5,4,EQ-C08,N/A,7.9,Fail
B01117,Ceftriaxone 1g,Injectable,2024-03-27,Plant_B,102.1,20.94,43.6,6.33,92.3,101.08,0.199,95.1,,EQ-B10,N/A,9.0,PASS
B02052,Atorvastatin 20mg,Tablet,02-11-2025,Plant_B,314.6,24.05,63.2,6.62,93.2,99.85,0.184,96.2,3,EQ-B03,Morning,8.5,Under Review
B02075,Omeprazole 20mg,Capsule,2023-12-21,Plant_B,224.4,23.08,44.0,6.49,92.6,102.59,0.231,92.8,,EQ-B02,Evening,7.4,Pass
B00124,Ibuprofen 400mg,Tablet,,Plant_D,467.5,24.24,44.6,6.25,87.2,100.1,0.523,93.3 %,1,EQ-D12,Morning,10.6,Passed
B02869,Insulin Glargine,Injectable,2023-07-11,Plant_A,65.1,21.71C,42.2,6.53,91.7,100.25,0.214,98.9,1,EQ-A03,Morning,9.9,Pass
B00908,Amoxicillin 250mg,Capsule,NA,Plant_B,280.9,25.92,45.5,6.79,88.6,97.92,0.337,96.9,1,NA,Night,10.4,Pass
B02904,,Capsule,2025-12-21,PLANT-B,188.4,23.79,50.7,6.12,89.8,98.18,0.277,97.1,2,EQ-B02,Night,40.46,Pass
B01383,Atorvastatin 20mg,Tablet,2025-01-12,Plant_A,279.1,21.31,47.7,6.11,94.1,101.63,0.344,93.9,1,,N,8.4,Pass
B01574,Insulin Glargine,Injectable,2023-09-13,-,61.2,18.12,87.55,7.03,89.3,99.15,0.249,94.6,1,EQ-C11,EVENING,8.3,pass
B01281,AzithromycinSusp,Suspension,2025-05-08,Plant_B,163.5,22.19,44.8,6.86,93.2,99.71,0.901,94.6,3,EQ-B08,Morning,9.0,Under Review
B02132,ceftriaxone 1g,INJECTABLE,2023-06-29,Plant_B,99.4,,44.3,6.68,93.4,NA,1.066,96.5,1,EQ-B01,Morning,8.9,Under Review
B00299,Metformin 850mg,Tablet,2023-06-18,Plant_C,404.6,22.47,44.4,7.03,NA,99.76,0.43,99.1,1,EQ-C03,Morning,9.6,Pass
B01501,Cetirizine 10mg,Tablet,2025-05-10,PLANT-A,202.2,24.99,50.6,N/A,96.1,100.46,0.073,95.2,2,EQ-A04,Morning,7.7,Pass
B01006,Ceftriaxone 1g,Injectable,2025-08-15,Plant_D,93.2,23.76,38.7,6.26,87.8,98.22,0.541,96.4,0,EQ-D05,Morning,7.7,pass
B00339,Metformin 850mg,Tablet,2025-02-24, Plant_C ,535.1,,43.0,6.33,86.9,101.68,0.084,97.9,0,EQ-C12,Morning,10.2,Pass
B00168,Amoxicillin 250mg,Capsule,2023-10-30,Plant_C,230.3,25.33,46.1,6.23,88.9,102.08,0.765,98.6,4,EQ-C10,Evening,-5,Fail
B00745,AZITHROMYCIN SUSP,Suspension,2024-01-12,NA,-100,20.41,44.3,6.18,90.2,99.11,0.751,73.77,1,EQ-C11,Night,9.7,Pass
B00394,Cetirizine 10mg,Tablet,2025-06-11,Plant B,187.9,20.41,-10,6.57,86.7,101.16,1.089,97.2,1,EQ-B08,Morning,8.4,Under Review
B00343,Omeprazole 20mg,Capsule,2025-04-09,Plant_A,234.4,23.3,45.6,6.92,97.8,100.52,0.072,99.0,1,EQ-A05,Morning,11.0,Pass
B02756,Insulin Glargine,injectable,2025-12-09,Plant_C,60.5,23.72,39.2,6.59,95.3,98.0,0.89,94.6,0,EQ-C03,Morning,7.7,Pass
B02842,Azithromycin Susp,Suspension,2024-06-20,Plant_B,179.6,23.58,45.1,6.38,90.2,97.95,0.258,101.5,2,EQ-B11,Evening,10.8,Pass
B01996,Paracetamol 500mg,Tablet,"December 04, 2025",Plant_C,479.8,23.0,44.4,6.22,93.1,101.43,0.611,,3,EQ-C05,MORNING,10.0,UNDER REVIEW
B00694,ceftriaxone 1g,Injectable,2025-03-24,Plant_C,79.3,24.75,44.8,6.48,94.5,96.94,0.191,95.9,1,EQ-C08,Evening,8.7,Pass
B00553,Insulin Glargine,Injectable,2024-09-15,Plant_A,59.4,22.33,54.1,,91.1,100.67,0.542,95.9,0,EQ-A06,Evening,7.9,Pass
B00594,Ceftriaxone 1g,Injectable,2025-11-07,Plant_A,96.4,23.04,41.6,6.58,93.7,100.31,0.415,93.6,1,EQ-A08,Morning,0,Pass
B00899,Paracetamol 500mg,Tablet,2025-05-24,Plant_B,471.9,22.59,52.0,6.42,,99.35,1.021,97.4,1,EQ-B05,Night,10.9h,Under Review
B01795,Ibuprofen 400mg,Tablet,2023-09-14,Plant_B,521.3,22.53,44.3,6.19,95.2,99.5,0.133,93.3,0,EQ-B06,Night,8.9,Pass
B02493,Ceftriaxone 1g,Injectable,2023-09-25,Plant_A,74.8,22.6,42.5,6.57,97.1,99.24,0.129,92.9,0,EQ-A04,Morning,9.2,Pass
B02476,Ibuprofen 400mg,,2024-07-02,Plant_B,389.3,63.31,52.7,6.35,98.2,100.88,0.969,95.9,2,EQ-B08,Evening,10.5,Pass
B01722,Azithromycin Susp,Suspension,2024-04-04,Plant_D,173.7,23.28,45.4,6.58,97.2,-10,0.442,96.9,0,EQ-D06,evening,8.0,Pass
B02872,Ceftriaxone 1g,Injectable,2025-02-26,Plant_A,76.6,21.92,47.2,6.58,,100.79,0.159,96.5,0,EQ-A04,Morning,9.5,Pass
B01552,Insulin Glargine,Injectable,2024-03-06,Plant_B,68.3,24.44,42.0,6.68,90.9,99.72,0.195,97.0,1,EQ-B01,Evening,11.0,Pass
B02492,Metformin 850mg,Tablet,2024-11-07,A,529.8,23.93,46.1,9.88,92.4,103.69,0.789,93.8,3,NA,Morning,9.3,Under Review
B02579,Ceftriaxone1g,Injectable,2024-08-28,Plant_B,72.4,24.64,42.7,6.61,98.0,100.05,0.195,96.3,NA,EQ-B02,Evening,8.9,Pass
B01072,Metformin 850mg,Tablets,2023-05-26,Plant_D,521.5,24.0,N/A,6.8,94.3,100.12,0.203,91.7,0,EQ-D07,Night,10.2,Pass
B01570,Ceftriaxone 1g,,2025-08-24,Plant_A,107.5,-40,38.3,6.3,90.8,100.36,0.681,94.2,4,EQ-A03,Morning,8.6,Fail
B00132,Cetirizine 10mg,Tablet,2024-08-22,Plant A,191.0,21.29,46.1,6.52,89.3,101.64,0.466,97.7,0,EQ-A07,Evening,9.8,pass
B00523,Amoxicillin 250mg,Capsule,2024-11-04,D,270.5,21.34,43.6,6.86,89.0,98.41,1.148,95.5,1,EQ-D11,Evening,10.0,N/A
B01140,Cetirizine 10mg,tablet,,Plant_A,234.0,23.65,40.7,6.17,90.1,100.78,0.497,96.3,2,EQ-A07,Night,9.2,Pass
B01977,CEFTRIAXONE 1G,Injectable,2024-04-04,Plant_B,107.3,21.68,49.7,6.92,,99.02,0.275,93.7,1,EQ-B01,NIGHT,8.6,Pass
B02527,Ibuprofen 400mg,Tablet,2025-03-25,Plant_B,401.3,21.33,43.7,6.42,86.4,99.43,0.179,96.8,0,EQ-B02,Morning,10.8,Pass
B02733,Ceftriaxone 1g,Injectable,2024-07-18,Plant_A,95.5,20.93,49.0,6.24,87.7,98.83,0.312,98.8,1,,Morning,6.7,Pass
B00341,Omeprazole 20mg,Capsule,2025-03-19,Plant_A,195.0,26.22,40.1,6.77,NA,99.27,0.266,95.5,,EQ-A01,Morning,8.7,Pass
B01106,Amoxicillin 250mg,Capsule,2023-06-10,Plant_C,200.9,22.72,54.4,5.94,92.3 %,130.01,0.341,98.1,1,EQ-C02,Evening,7.8,Pass
B02303,Cetirizine 10mg,Tablet,30/07/2024,Plant_A,239.6,26.01,41.6,6.26,96.0,99.4%,0.064,,2,EQ-A10,Evening,9.0,Pass
B02603,azithromycin susp,Suspension,2025-01-14,Plant_D,144.8,23.24,46.8,6.35,88.2,100.17,0.246,99.4,2,EQ-D09,Morning,8.4,Pass
B02056,Atorvastatin 20mg,Tablet,2023-08-29,Plant_D,344.3,22.12,53.9,6.35,91.5,101.3,0.581,99.7,0,EQ-D05,Morning,9.2,Pass
B02643,Metformin 850mg,Tablet,2025-12-13,Plant_C,425.8,23.23C,46.4,6.64,86.6,100.55,0.157,97.1,1,EQ-C07,Morning,9.9,Passed
B00293,Ceftriaxone 1g,Injectable,2024-08-03,Plant_B,104.7,20.49,51.4,6.67,86.8,101.78,0.71,97.6,2,EQ-B06,N/A,8.0,pass
B01997,Cetirizine 10mg,Tablet,2025-02-23,Plant_B,217.6,24.97,,6.69,98.5,99.45,0.429,96.2,2,EQ-B04,Evening,10.0,Pass
B00204,Omeprazole 20mg,Capsule,2023-03-28,Plant_B,260.6,23.08,40.9,6.52,,96.68,0.88,96.0,1,EQ-B11,Evening,8.7,Pass
B00214,Ibuprofen 400mg,Tablet,2024-02-20,Plant_A,497.7,23.62,-,6.69,95.7,98.88,0.296,94.0,0,EQ-A01,Evening,11.5,Pass
B01413,Metformin 850mg,TABLET,2023-06-11,PLANT-B,,20.18,46.7,6.74,91.9,N/A,0.3,95.4,1,EQ-B11,Evening,9.5,Pass
B00306,amoxicillin 250mg,Capsule,2023-06-27,Plant_A,228.9,22.74,41.9,6.49,94.7,97.15,0.769,97.2,1,EQ-A09,Morning,10.2,Pass
B01747,Ceftriaxone 1g,Injectable,2023-06-01,Plant_D,89.4,21.23,54.3,6.63,87.1,100.66,0.172,94.9,2,EQ-D02,Morning,8.9,Pass
B02044,Azithromycin Susp,Suspensions,2025-01-08,Plant_B,155.1,-,43.7,6.31,89.7,98.71,0.746,97.8,0,EQ-B07,Evening ,8.6,Passed
B01938,Cetirizine 10mg,Tablet,2024-02-04,Plant_D,162.4,24.01,45.5,6.67,88.9,102.97,0.11,95.2,1,EQ-D01,Evening,9.2,Pass
B00361,Insulin Glargine,Injectable,2023-11-07,Plant_B,63.9,21.7,38.8,6.99,90.8,97.59,0.73,93.8,-3,EQ-B01,Morning,7.0,Pass
B00189,metformin 850mg,Tablet,2025-09-22,Plant_A,573.5,24.64,48.5,6.08,89.3,100.29,0.192,98.3,2,EQ-A12,Evening,7.4,Pass
B00435,Ibuprofen 400mg,Tablet,2023-10-20,Plant_B,448.4,23.09,40.0,6.53,95.7,99.41,0.014,94.2,0,EQ-B02,Evening,11.3,Pass
B00294,Atorvastatin 20mg,Tablet,2023-08-05,Plant_B,298.3,22.08,55.8,6.5,91.3,101.12,1.103,97.6,1,EQ-B12,Evening,10.9,Review
B02289,Ceftriaxone 1g,Injectable,2023-03-05,Plant_B,76.9,22.73,57.1,6.22,89.8,-,0.378,97.0,,EQ-B08,Evening,10.2,Pass
B00136,Atorvastatin 20mg,Tablet,2025-08-20,NA,296.8,23.76,41.8,6.46,99.1,102.35,0.484,100.6,zero,EQ-A05,Morning,10.0,Pass
B01767,Cetirizine 10mg,Tablets,2025-04-11,plant_c,187.5,23.15,51.4,6.39,89.0,97.79,0.512,95.5,2,EQ-C02,Evening,7.8,Pass
B02707,Azithromycin Susp,Suspension,2023-10-08,Plant_A,140.2,19.13,35.9,6.37,97.2,99.63,0.42,95.6,1,EQ-A08,MORNING,9.9,PASS
B00959,CEFTRIAXONE 1G,,2025-10-07,Plant_B,75.4,23.76,52.5,6.26,94.6,99.32,0.391,96.5,1,EQ-B01,Morning,8.5,PASS
B00266,Cetirizine 10mg,Tablet,2024-09-22,A,234.7,19.56,46.1,6.4,95.8,101.6,0.203,97.8,0,EQ-A08,Morning,9.6,PASS
B02463,Ibuprofen 400mg,Tablet,2023-11-12,Plant_B,478.9kg,26.33,39.7,7.41,93.2,98.34,0.304,97.9,0,EQ-B11,Night,-5,Pass
B00967,OMEPRAZOLE 20MG,Capsule,2023-11-14,Plant_A,4261.41,21.97,53.3,9.54,85.2,102.21,0.032,100.4,,EQ-A04,Evening,9.6,Pass
B02255,Metformin 850mg,Tablet,2025-01-12,Plant_C,542.3,20.14,38.9,7.0,97.7 %,98.39,0.138,96.3,0,EQ-C08,Morning,10.5,Pass
B02597,Cetirizine 10mg,Tablet,2024-07-08,Plant_C,215.4,21.73,52.2,6.0,93.5,99.31,0.639,99.8,2,EQ-C05,Morning,8.6,Pass
B02284,Azithromycin Susp,Suspension,2025-10-30,Plant_C,137.3,23.11,46.5,6.81,97.5,99.0,0.531,96.0,1,EQ-C10,Night,7.6,Pass
B00331,Cetirizine 10mg,Tablet,2024-03-01,plant_c,228.6,21.19,40.8,6.64,88.3,100.35,4.04,91.5,2,null,Evening,10.6,Pass
B01009,azithromycin susp,Suspension,2024-07-31,Plant_B,157.3,22.42,44.9,6.0,77.3,100.27,,95.9,1,EQ-B10,Evening,9.4,Under Review
B00835,Insulin Glargine,Injectable,2024-07-13,Plant_A,63.7,22.21,47.5,6.17,92.1,97.44,0.219,92.9,0,EQ-A08,Evening,8.8,Passed
B00374,Atorvastatin 20mg,Tablet,2024-09-19,Plant_D,326.0,23.07,44.7,6.58,89.2,130.69,0.205,101.2,0,EQ-D07,Morning,86.74,Pass
B00692,Azithromycin Susp,Suspension,2023-12-17,Plant_A,122.1,22.51,48.2,6.98,100.8,98.84,0.179,100.1,0,EQ-A06,Evening,8.4,Pass
B00660,Metformin 850mg,Tablet,2025-09-10,PLANT-A,402.6,23.8,39.7,6.89,90.5,98.87,0.474,97.0,1.0,EQ-A01,Evening,10.1,Pass
B01175,Paracetamol500mg,Tablet,2025-02-05,Plant_A,415.9,21.18,47.3,6.64,95.2,98.4,0.14,95.0,1,EQ-A06,Morning,9.1,Pass
B01914,Azithromycin Susp,Suspension,2023-08-17,Plant_A,178.6,55.83,47.6,,94.4,98.91,0.32,96.8,0,EQ-A05,Evening,,Pass
B01513,Azithromycin Susp,Suspensions,2025-01-27,Plant_A,134.1,23.24,46.2,6.68,98.1,99.03,0.13,94.9,0,EQ-A09,Morning,9.4,Pass
B00674,Paracetamol 500mg,Tablet,2025-03-24,Plant_A,394.2,22.71,45.4,6.74,93.8,99.09,0.345,97.3,1,EQ-A12,Night,9.9,Pass
B02060,Ibuprofen 400mg,Tablet,2025-04-04,Plant_D,391.6,23.33,87.14,7.2,89.7,99.31,0.91,95.4,2,EQ-D02,Morning,11.3,Pass
B02879,InsulinGlargine,Injectable,2024-02-27,Plant_B,50.2,25.82,48.7,6.66,-,99.91,0.415,96.9,1,EQ-B04,Night,7.1,Pass
B02565,Ibuprofen 400mg,TABLET,2025-08-15,Plant_C,448.1,24.58,52.5,6.66,84.8,100.49,0.721,97.9,1,EQ-C05,Night,9.5,Pass
B02811,Cetirizine 10mg,Tablet,2023-07-25,Plant_B,227.4,23.08,55.4,6.48,88.2,101.55,0.532,96.2,1,EQ-B04,Morning,9.8,Passed
B01318,Cetirizine10mg,Tablet,,Plant_D,194.3,21.29,43.6,6.55,NA,99.88,0.099,98.8,0,NA,Morning,9.5,Pass
B00381,Paracetamol 500mg,Tablet,2024-01-22,Plant_A,477.5,22.79,42.6,6.38,101.9,99.94,0.745,100.5,0,EQ-A04,Morning,12.2,Passed
B02561,,Tablet,2025-05-29,plant_b,226.8,24.23,41.1,6.93,94.1,-10,0.197,98.0,0,EQ-B11,Morning,9.7,Pass
B01278,Azithromycin Susp,N/A,2025-08-15,Plant_B,178.8,22.95,38.9,6.5,91.7,99.0,,93.2,1,EQ-B07,evening,8.4,Pass
B00699,Paracetamol 500mg,Tablet,2025-12-17,Plant_C,430.2,21.75,51.3,6.15,90.4,98.45,0.194,98.6,0,EQ-C02,Morning,12.0,Pass
B02715,Cetirizine 10mg,tablet,2024-02-20,Plant_B,182.5,23.16,49.1,6.65,95.2,101.94,0.346,90.7,1,EQ-B05,N,9.4,Pass
B00965,NA,Injectable,2024-08-03,Plant_D,91.8,23.0,48.5,6.74,85.8,101.92,0.356,98.7,0,EQ-D09,Morning,7.8,Pass
B00406,Cetirizine 10mg,Tablet,2023-10-28,PLANT-B,215.6,22.53,44.9,6.8,91.7,98.27,0.198,98.4,1,EQ-B02,Evening,8.9,Pass
B00764,Ceftriaxone 1g,Injectable,2025-05-19, Plant_D ,93.3,21.64,52.6,7.15,,180,0.564,96.1,0,EQ-D03,night,7.9,Pass
B02692,Omeprazole 20mg,Capsule,2025-10-22,Plant_A,3623.16,21.36,49.9,6.76,97.1,98.23,NA,97.1,1,EQ-A03,Night,9.9,Pass
B02286,Insulin Glargine,Injectable,2025-07-28,Plant_A,0,19.61,44.0,6.07,90.8,98.32,0.47,96.6,1,EQ-A08,Evening,9.8,Pass
B01241,Cetirizine 10mg,Tablet,2025-05-09,Plant_A,217.8,21.33,42.0,6.72,98.8,100.93,0.177,96.5,0,EQ-A03,Evening,8.7,Pass
B02674,Amoxicillin 250mg,CAPSULE,2025-03-10,Plant_C,217.3,999,42.7,7.23,89.4,96.76 %,0.599,93.1,2,EQ-C01,Night,10.2,Pass
B01254,Azithromycin Susp,Suspension,2024-11-14,A,155.9,22.74,47.3,6.45,88.3,100.61,0.438,93.2,0,EQ-A06,Evening,10.9,Pass
B01382,Metformin 850mg,Tablet,2025-06-11,Plant_C,459.5,22.33,55.4,N/A,91.6,96.5,0.237,97.8,1,EQ-C05,Morning,11.8,Pass
B02055,Azithromycin Susp,Suspension,2025-10-26,Plant_A,179.4,21.92,43.9,,87.0,98.86,0.58,95.8,1,EQ-A11,Evening,9.7,Pass
B00578,Cetirizine 10mg,Tablet,2024-04-27,Plant_A,234.2,23.54,44.5,6.52,82.8,98.07,NA,95.4,0,EQ-A12,Evening,11.2,Pass
B02621,InsulinGlargine,Injectable,2024-10-02,Plant_B,49.3,22.13,57.4,6.49,95.8,99.44,0.723,97.6,3,EQ-B09,Evening,,Review
B00398,Amoxicillin 250mg,Capsule,2024-05-20,Plant_B,261.0,22.81,41.2,6.77,90.3,96.34,0.337,94.3,zero,EQ-B07,Night,47.8,Pass
B02620,Ceftriaxone 1g,Injectable,18/07/2025,Plant_A,106.8,24.56,44.6,6.75,NA,98.78,0.562,99.4,1,EQ-A01,Morning,9.4,Pass
B02061,INSULIN GLARGINE,Injectable,2025-07-02,NA,70.5,21.92,45.8,6.55,86.7,95.2,0.21,94.0,4,EQ-C03,Morning,10.4,Fail
B01726,Azithromycin Susp,Suspension,18/02/2023, Plant_D ,166.8,20.77,43.1,6.64,90.9,98.78,0.237,97.7,0,EQ-D04,Morning,9.4,Pass
B01595,azithromycin susp,Suspension,2025-12-03,Plant_A,133.1,23.87,41.5,6.52,92.9,100.58,0.196,96.0,2,EQ-A08,,8.3,Pass
B02429,Azithromycin Susp,Suspension,2023-05-08,Plant_B,131.1,19.23,47.5,6.91,93.8,99.19,0.304,95.0,0,EQ-B05,Evening,8.7,Pass
B00916,Ibuprofen 400mg,Tablet,2024-01-02,Plant_B,449.6,19.18,49.0,7.07,84.2,102.44,0.62,96.4,2,EQ-B04,Night,10.8,Pass
B02391,Ibuprofen 400mg,Tablet,2023-12-02,Plant_B,522.1,22.22,42.1,7.24,93.7,99.8,0.942,98.3,2,EQ-B06,MORNING,10.1,PASS
B00292,Metformin 850mg,Tablet,2023-04-26,Plant_C,598.6,26.45,40.6,6.46,91.3,102.07,0.955,94.8,3,EQ-C09,Night,11.7,Under Review
B02594,Paracetamol 500mg,Tablet,2025-10-31,Plant_B,457.6,22.16,42.6,6.14,95.5,101.51,0.36,96.2,0,EQ-B08,Morning,10.4,Pass
B00878,Azithromycin Susp,Suspension,2023-09-16,Plant_C,151.7,21.62,48.3,6.73,93.8,98.46,0.349,94.5,3,EQ-C04,Morning,7.3,Under Review
B01751,Ceftriaxone 1g,Injectable,2024-10-19,Plant_B,107.1,18.43,48.0 %,6.77,96.0,99.96,N/A,94.4,2,EQ-B01,Evening,7.1,Pass
B01239,Metformin 850mg,N/A,2025-09-23,Plant_D,435.9,23.06,42.4,6.61,88.3,100.1,0.836,96.1,0,EQ-D07,Night,10.4,Pass
B02204,Atorvastatin 20mg,Tablet,2025-03-03,Plant_D,300.6,22.53,42.9,6.03,-,100.86,0.597,96.0,0,EQ-D05,Evening,9.1,Pass
B01649,Ceftriaxone 1g,Injectable,2023-09-04,Plant_C,90.8,21.64,60.8,6.96,86.9,101.47,0.176,95.2,1,EQ-C02,Evening,9.6,Under Review
B01560,Insulin Glargine,Injectable,2025-10-22,Plant_A,51.0,21.59,53.3,6.58,88.2,100.31,0.664,94.0,1,EQ-A09,Evening,6.9,Passed
B01737,Cetirizine 10mg,Tablet,2025-01-16,Plant_A,190.7,19.59,42.4,6.73,97.1,101.62,0.446,99.7,1,EQ-A04,Morning,8.4,Pass
B01713,Insulin Glargine,INJECTABLE,2025-10-10,plant_a,71.7,20.08,32.9,6.48,97.7,100.0,1.001,102.2,0,EQ-A02,Morning,9.5,Fail
B02164,Ceftriaxone 1g,Injectable,2025-01-09,Plant_A,88.7,24.2,42.9,6.96,94.6,99.01,0.297,95.8,1,EQ-A07,Evening,8.1,Pass
B02299,Metformin 850mg,TABLET,,Plant_C,498.7,25.36,43.4,6.34,86.5,98.33,0.515,94.0,0,EQ-C08,Night,42.5,pass
B02502,Paracetamol 500mg,TABLET,2025-07-03,Plant_D,479.0,23.52,43.0,9.71,97.6%,98.52,0.112,97.1,1,EQ-D01,Evening,10.9,Pass
B01155,Atorvastatin 20mg,Tablet,2023-07-23,Plant B,267.0,22.36,45.0,6.69,87.9,101.21,0.493,94.3,1,EQ-B12,Evening,10.5,Pass
B01885,Omeprazole 20mg,Capsule,2023-06-29,Plant_B,2828.92,23.85,39.0,6.27,93.4,96.89,,95.8,0,EQ-B01,MORNING,8.0,Pass
B01687,Ibuprofen400mg,Tablet,2023-09-18,Plant_A,444.9,22.25,39.6,6.02,92.9,98.29,1.117,96.7,1,EQ-A04,Evening,9.8h,Under Review
B02170,Ceftriaxone 1g,Injectable,2023-06-26,Plant_C,75.7,23.39,45.5,6.97,91.9,98.42,0.367,94.2,3,EQ-C05,Morning,6.8,Under Review
B00079,Cetirizine 10mg,Tablet,2023-12-19,Plant_C,232.8,26.47,53.7,6.25,90.1,99.58,0.168,94.6,2,EQ-C05,NIGHT,9.3,Passed
B02595,Atorvastatin 20mg,tablet,2025-11-05,Plant_C,257.9,21.49,49.7%,6.93,91.2,99.66,0.242,94.3,5,EQ-C07,Night,8.1,Fail
B02652,Insulin Glargine,Injectable,08-10-2024,Plant_C,52.6,22.7,48.2,6.64,96.3,100.66,0.24,95.1,2,EQ-C07,Morning,8.9,Pass
B00651,Ibuprofen 400mg,Tablet,2023-02-09,Plant_C,443.6,24.04,41.9,5.92,89.1,99.69,0.4,93.9,0,EQ-C08,Morning,9.9,Pass
B02304,Insulin Glargine,Injectable,"May 15, 2025",D,60.7,25.06,40.1,6.06,90.4,100.56,0.107,99.7,0,EQ-D06,Morning,7.2,Pass
B00935,Ibuprofen 400mg,Tablet,2024-10-08,Plant_A,373.7,20.54,43.7,6.41,88.5,100.61,1.481,95.8,0,EQ-A10,Morning,11.1,Fail
B02403,Azithromycin Susp,Suspension,2024-07-15,Plant_B,130.9,N/A,47.5,6.62,95.4,101.18,0.138,94.5,1,-,Evening,8.9,pass
B01118,Cetirizine 10mg,Tablet,2025-01-29,Plant_C,191.2,22.74,35.5,6.74,86.6,100.27,0.574,96.1,3,EQ-C09,Morning,8.5,under review
B02907,Omeprazole 20mg,Capsule,2023-05-01,Plant_B,244.1,20.66,51.7,6.74,89.3,99.56,0.647,95.8,2,EQ-B04,Night,9.0,Pass
B02356,Atorvastatin 20mg,Tablet,2023-06-17,Plant_B,359.8,22.9,41.7,7.19,94.9,101.73,0.139,92.4,0,EQ-B01,Morning,11.6,Pass
B00797,ceftriaxone 1g,Injectable,2024-10-29,Plant_C,90.3,21.89,39.1,6.23,90.4,97.82,0.383,94.7,0,EQ-C05,Night,9.0,Pass
B02580,Cetirizine 10mg,Tablet,2024-03-31,Plant_A,178.2,25.72,52.2,6.47,86.5,99.3,0.02,99.6,1,EQ-A10,Morning,7.8,Passed
B00962,Ibuprofen 400mg,Tablet,2025-09-23,Plant_A,393.4,23.48,48.8,6.2,88.0,102.12,0.119,96.3,0,EQ-A11,Evening,9.8,Pass
B00687,Ibuprofen 400mg,Tablet,2023-07-19,Plant_B,432.3,21.91,43.1,6.61,97.8,99.09,0.37,95.0,1,EQ-B07,Morning,11.6,Pass
B00766,Azithromycin Susp,Suspension,2025-04-30,Plant_B,129.6,23.58,,6.6,95.1,,0.103,95.7,4,EQ-B05,Morning,8.4,Fail
B01026,Paracetamol 500mg,Tablet,2025-07-16,Plant_B,390.1,22.06,39.6,6.58,95.5,97.78,0.24,96.6,0,EQ-B06,Evening,11.3,pass
B00936,Ceftriaxone 1g,Injectable,2025-06-13,Plant_B,98.7,23.05,43.9,6.16,90.3,96.44,0.546,115,-1,EQ-B02,Evening ,7.3,Pass
B02046,Ceftriaxone 1g,Injectable,2023-11-01,Plant_B,84.1,22.76,51.3,6.46,91.0,101.56,NA,94.0,2,EQ-B07,Morning,8.5,Pass
B01171,Omeprazole 20mg,Capsule,null,Plant_B,195.8,22.71,45.4,6.26,92.8,100.01,0.084,94.1,1,EQ-B07,Evening,7.4,Pass
B01055,Paracetamol 500mg,Tablet,2025-08-23,Plant_C,402.7,21.15,35.4,6.58,95.6,99.91 %,0.266,98.1,2,EQ-C11,Morning,10.1,Pass
B01663,Amoxicillin 250mg,Capsule,2025-04-15,Plant_C,257.6,23.29,44.9,6.14,84.4,100.81,0.072,100.5,0,EQ-C05,Morning,9.3,Pass
B01010,Cetirizine 10mg,Tablet,2025-02-13,Plant_A,212.8,21.56,43.3,6.35,91.3,100.96,0.226,98.2,0,EQ-A06,Evening,9.5,Pass
B01684,AzithromycinSusp,Suspension,2024-09-30,C,151.1,21.83,45.8,6.58,93.5,100.11,0.264,93.6,0,EQ-C09,Morning,9.4h,Pass
B02678,Insulin Glargine,Injectable,2023-03-18,Plant_B,56.9,23.24,55.8,6.41,85.8,97.31,-0.5,95.6,-,EQ-B10,Morning,7.0,Pass
B01853,Ibuprofen 400mg,Tablet,2023-06-16,Plant_A,451.7 kg,24.69,41.0,6.19,95.4,101.14,0.986,94.0,2,EQ-A12,Evening,9.8,PASS
B02119,Cetirizine 10mg,Tablet,2023-07-08,B,223.9,23.32,50.4,5.96,90.5,100.97,1.06,93.5,,,Evening,7.4,Under Review
B01665,Cetirizine 10mg,Tablet,2025-11-09,Plant_A,211.7,19.74,31.4,6.1,87.0,101.84,0.619,95.2,24,EQ-A08,Morning,10.2,Pass
B00111,Metformin 850mg,Tablet,2024-10-04,Plant_B,435.8,23.34,39.5,6.44,88.8,180,0.155,95.5,1,EQ-B01,E,8.6,Pass
B00195,-,Injectable,2025-08-14,Plant_C,87.9,23.25,49.7,6.63,90.2,98.94,0.795,96.2,,EQ-C09,Evening,8.8,Under Review
B01602,Azithromycin Susp,Suspension,2024-06-19,Plant_C,170.7,19.25,44.4,6.74,93.3,98.62,0.935,97.8,1,EQ-C01,Evening,9.8,Pass
B01616,Amoxicillin 250mg,CAPSULE,,Plant_A,283.8,22.88,41.2,7.14,93.8,99.79,0.435,94.6,1,EQ-A05,Evening,8.3,Pass
B02173,Ceftriaxone 1g,Injectable,2025-02-08,Plant_C,86.5,23.41,44.7,6.43,null,98.8,0.878,95.7,2,EQ-C01,evening,8.2,Pass
B00910,PARACETAMOL 500MG,Tablet,2023-06-16,Plant_C,367.3,23.39,46.2%,6.49,86.7,100.55,0.164,94.6,0,EQ-C07,Morning,10.7,pass
B00333,Atorvastatin 20mg,Tablet,-,Plant_C,297.4,23.79,50.1,6.62,91.4,99.15,0.108,91.4,4,EQ-C04,Evening,9.8,Fail
B01833,Cetirizine 10mg,Tablet,2025-12-13,Plant_B,224.8,22.44,33.6,6.22,93.9,100.5,0.216,93.8,0,EQ-B03,Morning,8.3,Pass
B00738,Atorvastatin 20mg,Tablet,2025-02-11,Plant_C,5842.1,26.17C,47.6,6.42,37.25,97.39,0.529,96.4,3,EQ-C03,Morning,,Under Review
B02276,Ibuprofen 400mg,TABLET,2024-11-29,Plant_D,381.6,24.38,50.0,6.34,100.5,100.48,0.166,94.0,0,EQ-D01,M,10.0,Pass
B00497,Amoxicillin 250mg,Capsule,2025-10-22,Plant_A,299.7,23.2,49.0,6.61,98.9,100.49,0.531%,92.2,1,EQ-A03,Night,10.1,Pass
B00344,Cetirizine 10mg,Tablet,2024-12-04,Plant_B,214.1,N/A,51.0,6.09,87.6,99.74,0.428,96.9,1,EQ-B04,Morning,10.1,Pass
B00282,Ibuprofen 400mg,Tablet,2025-07-04,Plant_D,483.1,21.9,44.6,6.51,82.7,99.14,0.483,91.3,2,EQ-D01,Night,9.5,Passed
B00862,Ceftriaxone 1g,Injectable,2024-07-12,Plant_A,75.5,21.01,52.2,6.45,98.1,100.74,0.171,94.4,0,EQ-A02,Morning,8.8,Pass
B00579,Insulin Glargine,Injectable,"April 06, 2023",Plant_B,56.2,21.64,45.8,7.11,88.0,100.75,0.397,95.8,3,EQ-B12,Night,9.0,Under Review
B02161,Insulin Glargine,Injectable,2024-12-04,Plant C,55.0,23.01,47.4,7.06,100.9,96.81,1.11,98.6,3,EQ-C02,Night,9.8,Under Review
B01145,Atorvastatin 20mg,Tablet,2025-10-04,Plant_D,264.3,22.35,47.1,6.85,103.1,100.25,0.111,96.9,1,EQ-D03,Evening,8.9,Pass
B00914,Ceftriaxone 1g,Injectables,2024-04-25,Plant_B,75.6,23.25,45.7,6.3,88.7,99.36,0.099,95.3,5,EQ-B06,Morning,8.4,fail
B00241,Amoxicillin 250mg,Capsule,2025-11-14,Plant_B,286.6,25.62,44.7,6.3,85.8,100.07,0.298,-,2,EQ-B08,Morning ,8.6,Pass
B00980,Cetirizine 10mg,Tablet,2024-11-26,Plant_C,209.0,999,null,6.39,93.4,100.69,N/A,98.2,1,EQ-C06,Morning,9.1,Pass
B02743,Cetirizine 10mg,Tablet,2024-11-26,Plant_D,163.1,22.78,40.9,6.93,93.0,99.97%,0.34,96.1,2,EQ-D06,Evening,8.4,Pass
B00780,Insulin Glargine,Injectable,2023-06-09,Plant_C,49.8,21.67,46.9,6.44,92.2,100.44,0.395,,1,EQ-C09,morning,8.3,Pass
B02581,Atorvastatin 20mg,Tablet,2024-05-19,Plant_B,288.4,23.48,34.9,7.06,91.9,101.29,0.639,97.6,2,EQ-B12,Evening,8.6,Pass
B01913,Paracetamol 500mg,Tablet,2024-08-16,Plant_C,445.8,,43.9,6.82,86.8,101.55,0.297,95.0,0,EQ-C12,Evening,10.5,Pass
B01615,Paracetamol 500mg,Tablet,2023-12-07,Plant_B,382.7,22.17,45.0,6.05,91.7,99.32,0.116,97.2,3.0,EQ-B11,Evening,10.1,Under Review
B00599,Omeprazole 20mg,Capsule,2023-01-15,Plant_C,180.5,23.22,46.1,6.62,91.0,96.71,0.554,98.1,-,EQ-C03,Morning,0,Pass
B00987,Omeprazole 20mg,Capsule,2023/10/14,Plant_A,199.3,23.4,53.2,6.6,83.9,96.71,0.532,98.4,2,EQ-A03,Evening,9.0,Pass
B01344,Cetirizine 10mg,Tablet,2025-10-19,Plant_C,224.0,21.47,47.7,6.46,87.9,99.56,0.076,93.3,1,EQ-C01,Morning,10.2,Pass
B01408,Insulin Glargine,Injectable,2025-09-16,A,64.4,24.28,51.4,6.73,95.3,100.93,0.252,96.8,1,EQ-A11,MORNING,7.8,PASS
B01562,Metformin 850mg,Tablet,,Plant_D,550.8,20.99,56.5,6.01,87.2,97.48,0.835,93.2,2,,Night,10.6,Pass
B02042,Insulin Glargine,Injectable,2024-03-30,Plant_C,55.3,21.94,49.2,6.75,91.1,98.31,1.29,96.6,NA,EQ-C01,night,8.3,Under Review
B00617,Metformin 850mg,Tablet,2025-09-13,Plant_B,479.9,20.88,,6.33,92.0,99.91,0.455,100.0,1,EQ-B07,Morning,10.0,Pass
B00088,Atorvastatin 20mg,Tablet,2024/05/17,Plant_B,335.1,21.28,40.0,6.19,87.9,98.61,0.326,97.2,17,EQ-B08,Evening,9.6,Pass
B01484,Amoxicillin 250mg,Capsule,2025-04-17,Plant_A,256.5,24.49,45.4,6.85,,98.9,0.562,100.8,0,EQ-A07,Morning,7.9,Pass
B00582,Insulin Glargine,Injectable,2025-08-26,Plant_D,61.4,22.81,45.5%,6.54,88.1,,0.65,100.7,4,EQ-D06,EVENING,7.7,Fail
B01481,Amoxicillin 250mg,Capsules,,Plant_B,200.9,23.15,59.1,7.08,94.0%,98.27,0.151,95.6,4,EQ-B07,Night,10.2,Failed
B02745,Amoxicillin 250mg,Capsule,2023-05-23,Plant_A,205.4,21.62,31.9,6.6,90.4,100.18 %,0.32,95.4,0,,Morning,8.5,Pass
B02898,Omeprazole 20mg,Capsule,2025-04-02,Plant C,,23.57,44.1,6.28,77.3,99.12,0.193,95.9,1,EQ-C04,Evening,7.8,Under Review
B01016,Insulin Glargine,Injectable,2024-07-07,Plant_B,67.0,23.29,43.9,6.33,87.1,99.77,0.312,96.9,0,EQ-B07,MORNING,9.0,Pass
B01995,AzithromycinSusp,Suspension,2023/12/19,Plant_C,179.2,999,47.8,6.88,85.3,97.63,0.698,93.7,2,EQ-C08,Evening,8.8,Pass
B02168,Insulin Glargine,Injectable,2025-09-08,Plant_B,66.3,24.38,46.0,6.46,93.8,,0.342,96.7,0,EQ-B12,Evening,9.4,Pass
B02495,Ibuprofen 400mg,Tablets,17 Mar 2025,PLANT-A,377.4,23.81,46.9%,6.84,90.2,100.98,0.125,101.3,0,EQ-A06,M,11.1,Pass
B02483,Amoxicillin 250mg,Capsule,2024-11-11,C,231.2,23.49,46.3,,97.4,99.54,0.759,95.4,2,EQ-C01,Morning,10.5,Pass
B02037,Cetirizine 10mg,Tablet,2025-03-27,Plant_A,N/A,22.42,44.8,6.16,88.3 %,98.54,0.234,97.9,0,EQ-A09,Morning,7.8,Pass
B02100,Metformin 850mg,Tablet,2025-08-08,Plant_A,486.7,21.89,45.0,6.4,95.4,98.22,0.569,97.7,1,EQ-A01,E,10.2,Pass
B02379,Ceftriaxone 1g,Injectable,2023-09-03,PLANT-B,87.4,23.11,47.0,6.6,90.2,99.23,0.018,98.4,1,EQ-B06,Morning,7.8,Passed
B01756,Atorvastatin 20mg,TABLET,2024-09-21,Plant_B,316.2,22.07,50.5,6.52,83.6,101.01,0.144,94.8,3,EQ-B08,Morning,9.4,Under Review
B01446,Paracetamol 500mg,TABLET,2024-06-09,Plant_B,429.9,21.7,43.7,6.6,93.6,97.27,0.155,96.4,0,EQ-B08,Evening,9.4,Pass
B02500,Ceftriaxone 1g,Injectable,2023-05-30,Plant_A,98.9,22.88,46.8 %,6.58,,99.47,0.107,99.8,0,EQ-A04,Evening,9.9,pass
B01437,Ibuprofen 400mg,Tablets,2024-01-01,Plant_D,523.1,24.05,47.5,6.96,87.0,98.69,0.948,95.5,0,EQ-D03,Evening,11.2,Pass
B01485,Ibuprofen 400mg,Tablet,2023-07-15,Plant_A,,23.75,44.6,6.57,94.2,101.25,0.186,95.6,1,EQ-A02,Evening,68.91,Pass
B01327,Omeprazole20mg,,2023-02-17,Plant_A,177.2,19.48,42.4,6.37,90.7,96.94,0.171,95.0,2,EQ-A09,Morning,8.3,Pass
B02469,Paracetamol 500mg,Tablet,2024-07-18,Plant_D,346.5,25.36,33.2,6.47,94.7,98.27,0.565,93.4,3,EQ-D07,Night,11.7,Under Review
B00467,Amoxicillin250mg,Capsule,"April 01, 2025",Plant_A,256.5,20.32,53.5,6.58,94.6,97.2,1.392,99.7,0,EQ-A05,Morning,8.7,Fail
B00407,Ibuprofen400mg,Tablet,2024/01/25,Plant_D,449.3,22.69,51.8,6.56,91.6,99.7,1.024,97.2,0,EQ-D07,Morning,10.6,Under Review
B01502,Metformin 850mg,Tablet,2024-06-17,Plant_A,552.5,23.24,52.3,6.4,90.7,102.83,0.237,94.8,1,EQ-A09,Night,10.8,Pass
B01447,Ceftriaxone 1g,Injectable,2023-08-07,Plant_D,75.2,21.72,43.9,6.44,32.39,99.57,5.89,99.2,1,EQ-D09,Morning ,8.3,Pass
B00629,,,2023-12-21,Plant_A,208.5,22.0,46.2,6.37,94.9,100.48,0.661,97.1,2,EQ-A10,Morning,10.7,Pass
B00498,Atorvastatin 20mg,Tablet,2023-07-02,Plant_C,333.0,22.35 C,43.0,6.62,-,101.31,,98.3,2,EQ-C09,Morning,9.9,Pass
B01742,Azithromycin Susp,Suspension,2024-10-01,Plant_B,154.4,20.48,52.9,6.9,90.6,99.37,0.303,94.6,1,EQ-B04,Night,9.5,Pass
B00093,insulin glargine,Injectable,2025-03-08,Plant_C,63.4,20.1,49.3,6.96,94.6,98.99,,93.2,1,EQ-C11,Evening,8.9,Pass
B00218,Paracetamol 500mg,Tablet,2023-03-10,Plant_C,435.7,29.79,60.9,5.73,89.0,98.43,1.09,97.5,-,,Night,11.2,Fail
B00915,Cetirizine 10mg,Tablet,2023-06-14,Plant_B,229.1,21.59,46.4,6.95,87.0,98.1,0.298,97.6,3,EQ-B08,Evening,9.9,Under Review
B02040,Ibuprofen 400mg,Tablet,2025-01-24,Plant_A,503.3,22.1,46.4,6.83,92.9,100.72,0.184,97.0,1,EQ-A06,Morning,9.6,Pass
B02499,paracetamol 500mg,Tablet,"January 31, 2024",N/A,427.9,22.13,44.8,6.34,93.7,99.61,0.616,93.1,2,EQ-C10,Morning,9.7,Pass
B01270,Paracetamol 500mg,Tablet,2024-02-01,Plant_A,396.9,20.78,44.9,6.63,88.7,99.93,0.878,93.6,2,EQ-A10,Morning,9.8,Pass
B01619,Amoxicillin 250mg,Capsule,2025-04-27,Plant_C,235.9,23.37,47.7,6.46,97.7,98.39,0.418,102.9,1,EQ-C01,MORNING,8.2,Under Review
B00783,Amoxicillin 250mg,Capsule,2025-05-26,Plant_A,225.0,19.63,49.7,6.47,92.7,100.87,0.361,93.7,0,EQ-A01,Evening,9.8,Pass
B02341,ibuprofen 400mg,Tablet,2025-04-29,PLANT-C,533.5,23.43,55.4,6.84,92.8,99.85,0.271,96.4,1,EQ-C01,,10.8,PASS
B00696,metformin 850mg,Tablet,2023-04-27,Plant_C,556.3,21.96,42.1,6.91,86.0,100.96,1.37,98.4,1,EQ-C03,Morning,10.3,Fail
B01858,Cetirizine 10mg,Tablet,2024-10-12,Plant_B,237.8,22.44,50.1,6.54,79.8,101.74,8.67,98.3,3,EQ-B08,Evening,8.4,Under Review
B00107,Azithromycin Susp,Suspension,2023-06-04,Plant_C,158.9,23.05,38.8,6.7,89.5,96.51,0.427,94.2,1,EQ-C12,Morning,7.2,Pass
B00627,Atorvastatin 20mg,Tablet,2025-03-21,Plant_A,358.0,21.31,-,6.28,90.6,100.73,0.277,97.8,2,EQ-A05,Night,9.5,Pass
B00315,Metformin850mg,Tablet,2025-03-15,Plant_C,461.5,22.25,56.6,6.31,94.2,99.22,0.447,94.6,1,EQ-C08,Night,11.5,Pass
B00857,METFORMIN 850MG,Tablet,2025-10-10,Plant_A,465.2kg,21.11,41.3,5.9,90.7,101.35,0.62,NA,1,EQ-A04,Evening,9.1,Pass
B00540,Paracetamol 500mg,Tablet,2024-08-26,plant_b,459.6,22.63,null,6.85,87.4,100.04,0.535,93.7,1,EQ-B02,Evening,11.6,Pass
B01230,Metformin 850mg,Tablets,2024-12-23,Plant_A,467.1,20.3,48.2,6.31,87.1,99.59,0.515,95.7,2,EQ-A02,Evening,11.4,Pass
B00375,Insulin Glargine,Injectable,2025-03-22,Plant_B,65.5,20.28,56.1,7.24,94.8,102.43,,94.9,1,EQ-B08,Evening,8.3,Pass
B01296,NA,Tablet,2025-06-10,PLANT-A,170.3,20.88,52.1,6.15,92.5,99.03,0.199,98.8,2,EQ-A01,Morning,8.7,Pass
B02664,Ibuprofen 400mg,Tablet,2023-09-01,Plant_A,437.0,19.79,47.9,6.47,90.5,100.95,0.664,99.3,-,EQ-A05,Evening,10.6,Under Review
B01240,Paracetamol 500mg,Tablet,2024-02-25,Plant_D,405.3,21.57,45.9,10.76,97.9,100.81,0.283,96.7,-1,EQ-D10,Evening,11.0,Pass
B01682,paracetamol 500mg,Tablet,2025-10-24,plant_c,323.7,22.38,46.9,6.01,,101.0,0.139,99.2,NA,EQ-C08,M,8.1,pass
B00513,Insulin Glargine,Injectable,2025-04-19,Plant_C,48.7,25.0,46.0,6.57,90.6,98.71,0.248,94.9,-,EQ-C09,Evening,9.0,Pass
B00640,Ceftriaxone 1g,Injectable,2024-11-06,Plant_D,99.8,23.07,44.1,null,81.9,100.05,0.148,96.0,0,EQ-D10,,7.8,Pass
B01554,Omeprazole 20mg,null,2025-04-03,Plant A,260.1,22.06,50.8,7.16,87.0,98.73,0.456,92.8,3,EQ-A09,Night,8.0,Under Review
B00128,Azithromycin Susp,Suspension,25/05/2023,Plant_B,177.4,22.92,46.5,10.51,95.4,98.95,0.205,99.0,-3,-,Night,7.9,Pass
B02407,Atorvastatin 20mg,Tablet,2023-03-07,Plant_A,343.4,21.49,54.1,6.65,84.1,98.28,0.308,97.5,0,EQ-A03,Evening,9.2,Pass
B00327,Metformin 850mg,TABLET,2023-04-18,Plant_C,-,23.2,48.2,6.42,91.5,101.59,0.224,101.6,,EQ-C10,Morning,10.2,Pass
B00089,Azithromycin Susp,Suspension,N/A,Plant_A,166.5,20.64,37.0,,94.0,101.24,0.215,96.0,3,EQ-A12,Evening,9.9,Under Review
B01079,Ibuprofen 400mg,Tablet,2025-06-03,Plant_A,439.3,21.2,50.5,6.12,,101.37,0.305 %,95.6,3,EQ-A06,Evening,9.9,Under Review
B00744,Metformin 850mg,Tablet,2023-03-11,Plant_A,416.5,21.36,,6.26,87.4,99.53,0.363,95.7,1,EQ-A01,Evening,10.2,Pass
B00919,Metformin 850mg,Tablet,2023-03-19,Plant_A,440.0,21.45,-,7.0,98.1,97.27,0.248,98.1,0,EQ-A09,Morning ,10.0,Pass
B00493,Azithromycin Susp,Suspension,2024-08-16,Plant_D,140.0,NA,43.6,6.47,,100.8,0.237,97.1,1,EQ-D06,Evening,8.6,Pass
B00928,Atorvastatin 20mg,Tablet,"April 11, 2023",Plant_A,,58.17,48.5,6.67,91.4,99.38,0.728,95.2,2,EQ-A11,Night,8.7,Pass
B00335,ibuprofen 400mg,Tablet,2025-07-24,Plant_A,395.1,21.27,,,87.0,103.59,0.467,93.1,0,,Evening,86.81,Pass
B00390,Amoxicillin 250mg,Capsule,2024-10-17,Plant_A,285.1,21.52,40.7,6.92,95.7,99.14,1.034,99.4%,0,EQ-A01,Night,8.6,Under Review
B00196,Paracetamol 500mg,Tablets,2024-08-10,Plant_A,395.2,22.97,44.4,5.68,99.7,99.64,0.274,98.0,0,EQ-A02,Night,9.4,Pass
B01517,Ibuprofen 400mg,Tablet,28 May 2025,Plant_C,368.5,25.12,49.3,6.53,90.0,99.68,0.24,93.4,25,EQ-C06,Morning,10.3,Pass
B01322,Metformin 850mg,Tablet,2023-12-02,Plant_C,404.7,20.8,53.2,7.05,84.8,100.33,0.631,95.9,1,EQ-C04,Morning,10.7,Pass
B00623,Amoxicillin 250mg,Capsule,2023-01-29,Plant_A,234.7,21.83,39.9,6.18,93.4,97.96,0.071,N/A,2,EQ-A03,Morning,6.7,Pass
B02634,,Tablet,2023-02-17,Plant_A,184.5,23.21,,6.39,93.7,127.09,-2.0,97.7,2,EQ-A09,Night,7.4,Fail
B01070,Paracetamol 500mg,Tablet,2023-02-03,D,384.6,23.48,45.0,6.51,88.7,101.0,1.247,96.8,0,null,Evening,8.2,Under Review
B00680,Ceftriaxone 1g,Injectable,,Plant_B,95.3,22.82,45.2,6.53,89.4,128.96,0.545,null,0,EQ-B01,Morning,7.3,Pass
B01162,Ibuprofen 400mg,Tablet,2025-05-18,Plant_A,450.7,22.65,44.7,6.47,94.1,100.04,0.055,98.1,1,EQ-A01,Morning,9.2,Pass
B00392,Amoxicillin 250mg,Capsule,2023-07-14,Plant_A,296.0,20.92,53.4,6.89,90.5,96.08,0.713,94.9,0,EQ-A08,MORNING,7.3,Pass
B02301,Metformin850mg,Tablet,2023-12-04, Plant_A ,475.6,21.04,40.2,6.64,83.7,99.38,0.154,99.6,1,EQ-A10,Evening,10.9,Pass
B02687,METFORMIN 850MG,TABLET,2025-07-04,plant_b,553.8,22.48,48.6,6.39,96.6,96.65,0.613,93.7,3,EQ-B11,Morning,10.2,Under Review
B00290,Ibuprofen400mg,Tablet,2023-04-16,Plant_C,506.9,21.68,48.6,6.15,85.9,100.73,0.374,97.2,0,EQ-C02,Morning,9.2,PASS
B00852,Insulin Glargine,Injectables,2023-06-25,Plant B,49.5,21.67,39.5,6.38,89.4,102.66,0.457,95.1,0,EQ-B08,Morning,7.9,Pass
B02888,Paracetamol 500mg,Tablet,2024-08-05,Plant_B,343.5,21.63,45.3,6.04,88.5,100.44,0.356,96.9,5,EQ-B10,Night ,8.7,Fail
B01267,-,Tablet,2023-01-21,Plant_C,369.5,19.72,37.5,6.84,88.3,100.03,0.404,96.2,0,EQ-C11,Morning ,10.0,pass
B02572,Ceftriaxone 1g,Injectable,2023-11-30,Plant_C,107.6,21.35C,47.2,6.15,97.4,100.52,0.858,97.1,1,EQ-C02,Night,9.0,Passed
B02452,Insulin Glargine,,2023-01-21,Plant_C,48.4,25.33,49.0,6.52,N/A,100.95,0.713,98.6,2,EQ-C05,Evening,8.1,Pass
B02494,Omeprazole 20mg,Capsules,2024-02-05,Plant_D,218.3,20.76,50.8,0,87.3,99.54,0.743,96.6,1,EQ-D11,Morning,8.7,Pass
B00428,,Injectable,2023-06-26,Plant_B,50.6,23.35,43.8,6.71,90.8,98.97,0.53,99.1,3,EQ-B09,Morning,9.0,Under Review
B00397,Paracetamol 500mg,Tablet,"June 12, 2025",Plant_D,361.2,21.44,43.3,6.41,87.8,99.77,0.205,91.4,0,EQ-D07,Evening,10.8,Pass
B00009,Metformin 850mg,Tablet,2024-06-05,Plant_A,557.0,21.13,46.5,6.36,92.5,100.09,0.427,70.21,0,EQ-A02,MORNING,9.9,Pass
B02159,Insulin Glargine,Injectable,-,plant_d,57.1,23.13,47.7,6.38,91.6,100.87,0.352,97.8,2,EQ-D02,Morning,8.8,pass
B01500,Insulin Glargine,Injectables,2023-09-26,Plant B,56.7,25.78,48.8,6.45,90.9,101.26,0.277,96.1,0,EQ-B05,Evening,8.5,Pass
B02853,Amoxicillin 250mg,Capsule,2023-09-02,Plant_A,233.3,19.33,42.7,6.49,89.7,99.98,0.409,95.4,1,EQ-A08,Evening,7.8,Pass
B01084,Cetirizine10mg,Tablet,2024-08-30,Plant A,164.4,21.04,48.9,6.54,95.5,100.8,1.301,98.2,1,EQ-A03,Evening,9.8,Fail
B00549,Cetirizine 10mg,Tablet,2025-01-10,Plant_C,185.1,999,53.6,6.76,95.2,96.99,0.021,93.9,1,EQ-C11,Night,6.9,Pass
B00963,Insulin Glargine,Injectable,2024-10-01,Plant_B,65.7 kg,24.17,45.6,5.95,88.7,99.19,0.195,94.6,0,EQ-B02,Night,8.5,Pass
B02884,Paracetamol 500mg,Tablet,2023-08-02,Plant_B,444.4,20.47,44.1,6.27,80.8,99.8,0.36,100.0,0,EQ-B12,Evening,9.7,Pass
B00800,Ibuprofen 400mg,Tablet,"May 27, 2024",Plant_D,-,N/A,91.96,6.16,91.4,99.09,0.173,89.4,2,EQ-D10,Evening,9.7,Under Review
B02197,Metformin 850mg,Tablet,2025-08-30,PLANT-A,511.6,22.74,59.5%,6.68,91.6,100.7,0.712%,98.5,0,EQ-A02,Morning,9.6,Pass
B00886,Azithromycin Susp,Suspension,2025-06-29,Plant_A,146.3,23.16,35.8,6.88,87.5,99.36,0.383,94.7,-,EQ-A11,Evening,9.8,Pass
B01856,insulin glargine,Injectable,12/10/2023,Plant_D,2532.74,24.21,51.1,6.09,95.0%,100.23,0.271,93.6,0,EQ-D10,Morning,8.0,Pass
B00968,Atorvastatin 20mg,Tablet,2024-01-17,,291.0,24.92,42.4,6.81,95.5,101.74,0.113,97.4,1,EQ-C12,Morning,NA,Pass
B00812,Insulin Glargine,Injectable,2025-12-28, Plant_C ,70.9,22.39,39.8,6.32,89.3,101.08,0.533,91.8,1,EQ-C06,Morning,8.9,Pass
B01163,Insulin Glargine,Injectable,2023-12-11,Plant_D,48.3,24.32,37.0,6.46,N/A,100.14%,0.992,93.0,0,,MORNING,9.1,Pass
B01337,Omeprazole 20mg,Capsule,2023-08-19,Plant_A,210.9,26.65,52.4,6.47,91.5,101.07,0.088,97.8,0,EQ-A03,Morning,8.7,Pass
B01848,Cetirizine 10mg,Tablet,2024-05-05,Plant_A,193.7,22.01,37.5,6.26,97.0,100.45,NA,97.4,0,EQ-A07,MORNING,10.2,Pass
B02082,,Tablet,08-22-2024,Plant_A,413.6,22.4,42.2,6.84,85.9,98.32,0.156,94.9,0,EQ-A05,Evening,10.5,Pass
B01370,Omeprazole 20mg,Capsule,2025-10-28,Plant_D,196.5,24.65,37.9,6.08,88.2,97.3%,0.73,98.9,0,EQ-D06,Morning,8.1,Pass
B02115,Azithromycin Susp,Suspension,2025-11-17,Plant_A,132.9,21.06,51.0,6.77,92.1,98.88,0.23,95.6,0,EQ-A03,Morning,9.6,Pass
B00062,Azithromycin Susp,Suspension,2024-05-10,Plant_A,171.3kg,24.34,47.2,6.69,92.8,99.29,0.212,94.9,,EQ-A05,Morning,9.3,Pass
B02848,Atorvastatin 20mg,Tablet,2023-07-01,Plant_D,266.3,25.26,45.5,6.23,92.5,100.78,0.104,93.1,4,EQ-D02,evening,7.5,Fail
B00842,Omeprazole 20mg,Capsule,2024-10-02,Plant_C,233.6,23.04,54.1,6.76,100.1,98.56,0.349,97.1,3,EQ-C02,Morning,9.8,Under Review
B00803,Cetirizine 10mg,Tablet,2023-10-23,Plant_C,237.0,21.27,51.8,6.09,92.5,101.56,0.775,99.3,6,EQ-C10,Evening,9.5,FAIL
B01075,Ibuprofen 400mg,Tablet,2025-01-23,Plant_C,400.4,21.65,55.6,6.65,88.1,100.7,0.452,93.5,2,EQ-C06,Morning,9.2,Pass
B00244,Omeprazole 20mg,Capsule,2024-03-03,Plant_D,181.0,22.77,42.9,6.57,92.9,98.83,0.552,92.3,1,EQ-D11,Morning,10.1,Passed
B01929,Amoxicillin 250mg,Capsule,2025-04-02,Plant_B,245.6,27.68,44.7,6.25,97.0,97.96,0.177,94.8,0,EQ-B12,Night,9.3,Under Review
B01819,Amoxicillin 250mg,Capsule,"August 09, 2024",Plant_C,255.6,20.92,47.0,,82.9,102.2,0.405,95.8,1,EQ-C11,,11.1,Pass
B00334,Insulin Glargine,Injectable,NA,Plant_D,66.9,20.17,43.4,6.68,89.4,98.63,0.454,95.1,1,EQ-D03,Evening,8.2,Pass
B02314,Paracetamol 500mg,Tablet,2023-01-28,Plant_C,365.7,22.91,46.3,6.58,97.1,97.58,0.667,98.4,1,EQ-C06,Morning,9.6,Pass
B00273,Amoxicillin 250mg,Capsule,2023-11-20,Plant_D,248.9,21.01,58.0,6.58,89.0,101.93,0.851,98.4,1,EQ-D02,Evening ,10.1,Pass
B01545,Metformin 850mg,Tablet,,Plant_A,437.6,21.88,42.1,7.15,86.7,99.08,0.338,92.4,1,EQ-A02,Morning,10.3,Pass
B00271,Metformin850mg,Tablet,2025-06-07,Plant_A,574.7,21.18,45.6,6.48,91.9,98.97,0.529,96.4,0,EQ-A01,Morning,10.1,Pass
B02695,ceftriaxone 1g,Injectable,2023-05-23,Plant_B,74.8,23.14,46.9,6.49,92.7,99.77,1.025,98.5,1.0,EQ-B06,Morning,7.4,Under Review
B02298,Ibuprofen 400mg,Tablet,2025-11-25,Plant_B,,20.97,54.9,6.6,86.8,101.44,0.718,100.5,0,EQ-B11,Morning,13.3,Pass
B01845,Azithromycin Susp,Suspension,2025-05-01,Plant_A,169.1,24.5,44.7,7.22,89.4,101.89,0.069,98.3,1,EQ-A02,Night,9.7,Pass
B02226,,Capsule,2024-09-30,Plant_C,261.4,23.55,130,6.21,88.3,102.12,0.455,96.7,3,EQ-C06,Morning,9.1,Under Review
B00592,Ceftriaxone 1g,Injectable,2024-12-13,Plant_B,82.2,22.39,41.4,6.64,89.4,99.29,0.839,98.4,0,EQ-B10,Night,9.6,Pass
B00875,Omeprazole 20mg,Capsule,2025-03-09,Plant_B,192.1,22.07,47.4,6.89,85.5,98.39,0.42,98.1,0,EQ-B11,Evening,8.2,Pass
B00709,Ibuprofen 400mg,tablet,,Plant_B,453.2,22.16,-,6.3,92.9%,98.73,0.199,93.7,1,NA,Evening,8.8,Pass
B01940,Metformin850mg,Tablet,2025-10-31,Plant_C,420.5,22.92,44.3,6.41,87.4,99.88,0.339,97.1,0,EQ-C06,Evening,-5,Pass
B01906,Metformin 850mg,Tablet,2023-06-28,Plant_A,414.4,18.02,43.5,5.86,92.9,124.74,0.274,98.6,2,EQ-A07,Evening,10.2,Pass
B00839,Paracetamol 500mg,Tablet,06/03/2024,Plant_A,332.1,19.68,44.6,7.09,91.3,100.84,,63.38,0,EQ-A08,Evening,10.1,Pass
B02253,Metformin 850mg,Tablet,2024-11-06,Plant_C,430.2,24.51,56.0,5.94,86.0,99.71,0.03,94.5,0,EQ-C12,Night,11.3,pass
B02414,Omeprazole 20mg,Capsule,2023-07-10,Plant_C,178.3,NA,58.6,6.74,92.6,135.95,0.525,NA,2,EQ-C03,Morning,8.2,Pass
B02151,Atorvastatin 20mg,Tablet,2025-02-13,Plant_A,252.7,49.41,-,6.41,92.1,100.31,7.12,98.4,0,EQ-A02,E,10.2,Pass
B01314,Insulin Glargine,Injectable,2024-09-02,Plant_C,63.8,20.41,52.6,5.95,92.0%,101.19,,93.5,2,EQ-C10,Evening,7.9,Pass
B00867,Insulin Glargine,Injectable,2024-09-21,Plant_A,52.4,22.95,50.2,-,88.2,98.96,0.83,-,1,EQ-A09,Night,9.3,pass
B01529,Paracetamol 500mg,Tablet,2023-08-23,Plant_C,380.1,22.64,45.9,6.51,91.5,100.92,0.581,97.0,,EQ-C10,Night,9.8,under review
B01232,AzithromycinSusp,Suspension,2024-08-09,Plant_A,147.0,24.08,52.8,6.47,83.7,98.02,0.24,97.0,4,EQ-A10,Night,11.2,Fail
B00720,Cetirizine 10mg,Tablet,2023-05-08,plant_b,187.8,,52.1,6.75,87.3,100.24,0.43,98.3,1,EQ-B05,Night,9.1,Pass
B00321,Atorvastatin 20mg,Tablet,2024-04-11,Plant_B,250.7,24.45,51.2,6.38,97.2,99.94,0.518,99.3,0,EQ-B02,Morning,8.6,PASS
B02890,Amoxicillin 250mg,Capsule,2023-02-13,Plant_C,223.9,24.98,44.4,6.66,93.6,,105.0,98.0,1,EQ-C12,Evening,10.4,Pass
B02813,Amoxicillin 250mg,Capsule,2024-02-22,Plant_C,242.8,22.07,45.5,6.41,87.7,97.01,1.165,94.3,0,EQ-C01,Night,9.3,Under Review
B02180,Ibuprofen 400mg,Tablet,2024-08-29,Plant_B,-100,26.14,36.8 %,6.47,87.1,102.34,null,95.6,0,NA,Morning,11.1,Pass
B01284,insulin glargine,Injectable,2025-08-27,Plant_C,51.9,22.48,46.8,6.58,95.9,-10,5.54,94.1,2,EQ-C05,morning,,Pass
B02570,Ceftriaxone 1g,Injectable,2025-08-16,Plant_C,95.1,24.19,55.5,6.97,89.3,99.15,0.293,93.9,1,EQ-C10,Evening,6.4,Pass
B02498,Insulin Glargine,Injectable,2024-03-31,Plant_D,65.2,21.99,46.2,6.24,91.6,95.0,0.091 %,95.1,0,EQ-D05,Morning,9.3,Pass
B01421,Ceftriaxone 1g,Injectable,2025-04-08,Plant_A,89.1,23.35,43.5,6.54,87.7,99.21,-,98.0,2,EQ-A05,Evening,8.3,Pass
B01577,Cetirizine 10mg,Tablet,2024-11-20,Plant_A,200.6,20.23,51.9,6.55,92.3,100.49,0.313,98.7,,EQ-A01,Evening,8.5,Pass
B02249,Amoxicillin 250mg,Capsule,2025-08-27,Plant_C,253.1,21.88,50.8,6.43,94.0,97.72,0.594,95.4,0,EQ-C05,Morning,9.2,Pass
B00278,Azithromycin Susp,Suspension,2024-10-14,Plant_C,152.9,22.38,38.0,6.52,92.4,100.11,0.58,91.6,1,EQ-C06,Evening,8.6,Pass
B01291,Metformin 850mg,Tablet,2024-09-19,Plant_C,434.0,22.41,50.9,6.7,98.4,100.12,0.24%,94.5,1,EQ-C04,Morning,9.4,Pass
B02409,Ibuprofen 400mg,Tablet,2025-06-03,Plant_A,446.2,23.2,38.4,7.02,91.1,103.42,0.863,96.5,-3,EQ-A03,Night,10.5,Pass
B02434,Atorvastatin 20mg,Tablet,2025-10-18,Plant_D,351.8,22.27,36.6,6.7,80.9,102.59,0.855,93.6,1,EQ-D12,Evening,9.3,Pass
B00229,Cetirizine 10mg,TABLET,2024-07-01,Plant_A,160.2,22.66,44.7,6.15,94.7,103.46,0.229,98.8,1,EQ-A05,Morning,87.01,Pass
B02073,Ibuprofen 400mg,Tablet,2023-11-25,Plant_A,2696.0,26.09,41.4,6.74,91.8,103.01,0.237,99.2,1,EQ-A11,Morning,11.4,Pass
B00003,Omeprazole 20mg,Capsule,2023-03-31,Plant_B,209.3,22.17,43.2,6.67,,98.21,0.294,97.0,1,EQ-B01,Evening,8.2,Pass
B02520,Ceftriaxone 1g,Injectable,2025-03-21,Plant_A,91.0,24.38,NA,-,95.3,99.18,0.726,97.4,3,EQ-A10,Night,6.5,Under Review
B00245,omeprazole 20mg,Capsule,2024-12-12,Plant_C,202.2,24.9,87.47,6.42,94.8,98.56,1.001,,0,EQ-C12,Night,7.6,Under Review
B02344,Azithromycin Susp,Suspension,2024-04-20,Plant_B,139.6,21.96,43.0,6.9,95.8,100.17,0.418%,94.9,3,EQ-B03,Evening,8.6,Under Review
B02006,Amoxicillin 250mg,Capsule,2025-03-30,Plant_B,246.3,24.65,48.1,6.68,94.7,121.34,,94.5,0,EQ-B07,Night,8.7,Pass
B00015,Azithromycin Susp,Suspension,2025-03-04,-,154.0,24.37,42.1,6.78,140,99.05,1.165,93.4,0,EQ-A05,Morning,8.7,Under Review
B02390,Insulin Glargine,Injectables,2024/01/31,Plant_D,64.1,23.68,43.4,6.62,95.5,100.63,0.143,95.6 %,1,EQ-D08,Morning,8.4,Pass
B02258,Omeprazole 20mg,Capsule,2025-07-03,Plant_D,263.9,23.06,37.3,7.03,89.4,101.27,0.396,91.6,2,EQ-D12,Morning,10.0,Pass
B01302,Ibuprofen 400mg,Tablet,,Plant_D,495.2,23.34,41.5,6.74,,99.6,0.166,94.2,0,EQ-D07,Morning,11.0,Pass
B01575,Amoxicillin 250mg,Capsule,2023-07-22,Plant_B,286.9,24.81,50.5,6.46,96.4,99.9,0.928,94.3,2,EQ-B10,Night,9.2,Pass
B02172,Azithromycin Susp,Suspension,,Plant D,138.7,23.65,44.2,6.88,90.7,98.93,0.73,101.6,two,EQ-D06,Morning,8.6,Pass
B01225,Ibuprofen 400mg,Tablet,2024-02-02,Plant_A,482.5,22.31,52.1,6.78,91.6,NA,null,,1,EQ-A01,Evening,8.9,Under Review
B00338,Atorvastatin 20mg,Tablet,"June 18, 2023",Plant_A,311.5 kg,21.91,43.9,6.49,92.1,102.05,0.182,92.6,2,EQ-A06,Morning,9.2,Pass
B00237,Omeprazole 20mg,Capsule,2023-09-07,Plant_D,220.5,23.82,40.0,6.45,,98.33,0.614,94.4,2,EQ-D08,Night,9.1,Pass
B02090,Paracetamol 500mg,Tablet,2024-04-14,Plant_A,376.8,24.34,49.7,6.56,90.4,100.67,0.173,97.3,5,EQ-A12,Evening,9.3,Fail
B01551,Metformin 850mg,Tablet,2025-09-15,Plant_C,534.3,21.33,39.6,6.48,99.0,97.99,0.249,92.9,0,EQ-C10,Evening,10.0,Pass
B01180,Paracetamol 500mg,Tablet,2025-03-28,Plant_B,457.4,21.66,53.9,6.15,89.6,100.33,0.286,70.29,3,EQ-B10,Evening,11.2,Under Review
B02795,Paracetamol 500mg,Tablet,2024-10-26,Plant_C,463.8,null,56.7,6.76,95.4,99.05,0.457,97.5,2,EQ-C01,Morning,8.9,Pass
B01156,Cetirizine 10mg,Tablet,2024-09-29,Plant_D,229.3,23.01,48.3,6.55,94.2,99.26,0.602,97.7,3,EQ-D10,Morning,7.0,Under Review
B02874,Metformin 850mg,Tablet,2023-05-24,Plant_C,598.7,23.68,43.1,7.2,88.3,97.71,,95.3,3,EQ-C07,Evening,11.8,Under Review
B01264,Insulin Glargine,Injectable,2024-11-09,Plant A,51.4,21.81,40.0,6.57,97.5,100.9,0.997,99.9,2,EQ-A05,Morning,9.1,Pass
B02163,Ibuprofen 400mg,,04 May 2023,Plant_A,516.6,21.67,40.8,6.55,89.1,102.0,1.01,96.3,0,EQ-A02,Morning,9.0,Under Review
B02529,Paracetamol 500mg,Tablet,2023-06-07,Plant_A,398.0,24.6,44.0,6.88,94.8,99.47,0.266,95.1,0,EQ-A03,Morning,10.6,Pass
B00479,Omeprazole 20mg,CAPSULE,2024-06-07,,197.6,24.77,52.8,6.53,85.9,98.84,0.733,95.3,1,EQ-C02,Morning,8.1,Pass
B01625,Cetirizine10mg,Tablet,2023-08-21,Plant A,197.7,,53.5,7.06,,100.25,0.085,94.3,1,EQ-A03,Evening,9.5,PASS
B01600,Azithromycin Susp,Suspension,2025-12-15,Plant_C,173.3,21.07,47.9,6.26,85.6,100.32,0.702,150,3.0,EQ-C09,Evening,9.8,Under Review
B01078,Amoxicillin 250mg,Capsule,2023-10-02,Plant_C,205.7,21.12,41.2,7.16,90.2,95.45,0.855,96.5,4,EQ-C10,Night,9.3,Fail
B01567,Ceftriaxone 1g,Injectable,2025-09-03,Plant_C,98.6,24.25,51.5,6.09,91.8,96.45,0.373,96.1,2,EQ-C04,Morning,7.6,Pass
B00677,Cetirizine 10mg,Tablet,2024-02-23,Plant_C,199.2,24.43,46.1,6.16,93.4,100.74,0.428,98.1,3,EQ-C11,Morning,9.1,Under Review
B02517,Omeprazole 20mg,Capsule,02/12/2025,Plant_A,196.8,23.99,40.6,6.6,94.3,98.33,0.493,99.1,1,EQ-A10,Evening,10.0,Pass
B02442,PARACETAMOL 500MG,Tablet,2024-07-31,Plant_A,433.4,22.28,43.3,6.57,89.1,99.43,5.23,93.9,1,EQ-A09,Evening,9.1,UNDER REVIEW
B00802,Atorvastatin 20mg,Tablet,02 Aug 2024,Plant_D,316.7,21.08,,6.7,91.9,99.59,0.071,97.7,0,EQ-D11,Morning,8.1,Pass
B01818,Metformin 850mg,Tablet,2023-02-07,Plant_C,478.8,24.59,85.28,7.03,85.7,98.1,0.72,95.6,1,EQ-C08,Night,9.3,Pass
B01592,Atorvastatin20mg,Tablet,2024-04-10,Plant_B,-100,20.28,51.6,5.87,88.6,100.33,-0.5,97.7,0,EQ-B12,Evening,9.0,Pass
B00324,Ceftriaxone 1g,Injectable,04-09-2023,Plant_A,100.3,21.52,42.6,7.08,95.6,98.13,0.262,null,0,EQ-A11,Night,8.6,Pass
B00587,OMEPRAZOLE 20MG,Capsule,2023-05-26,PLANT-C,254.0,27.53,43.5,5.77,90.4,102.05%,1.354,96.4,0,EQ-C11,Evening,7.0,FAIL
B01797,CEFTRIAXONE 1G,Injectable,"July 22, 2023",Plant_B,106.6,22.59,38.6,6.47,89.2,101.12,0.572,97.2,0,EQ-B03,Evening,7.9,Pass
B00055,ibuprofen 400mg,Tablet,2023-05-06,Plant_C,490.8,21.54,48.4,NA,96.5,98.89,null,96.2,2,EQ-C11,Evening,12.9,Passed
B01506,Metformin 850mg,Tablet,2025-03-10,Plant_C,449.9,25.0 C,44.4,6.08,97.6,-10,1.026,94.6,1,EQ-C06,Evening,10.1,Under Review
B02591,Paracetamol 500mg,Tablet,2024-01-20,Plant_A,376.2,25.52,34.5,7.18,97.4,101.02,0.413,97.6,0,EQ-A04,Evening,8.8,Pass
B01798,Amoxicillin 250mg,Capsule,2024-08-14,Plant_A,265.2,25.02C,44.1,6.47,,97.77,0.138,98.4,2,EQ-A10,Morning,10.1,Pass
B02450,Amoxicillin 250mg,CAPSULE,2023-01-07,Plant_B,260.0,25.83,40.9,6.71,85.5,99.68,1.357,98.6,1,EQ-B03,Evening,8.0,Fail
B00706,Cetirizine 10mg,Tablet,2025-09-15,Plant_B,204.4,22.95,88.2,9.81,96.3,102.28,0.412,99.0,0,EQ-B06,Morning,9.0,Pass
B02175,Metformin 850mg,Tablet,2024-06-30,Plant_A,449.1,23.18,42.3,,93.5,99.02,0.15,97.2,0,EQ-A04,Evening,10.0,Pass
B02645,Ibuprofen 400mg,Tablet,2025-06-29,Plant_D,371.3,24.03,47.3,5.98,N/A,101.2,0.061,99.7,,EQ-D04,Evening,8.0,Pass
B01361,PARACETAMOL 500MG,Tablet,2025-06-11,Plant_B,426.7,20.57,39.5,7.06,87.5,101.18,0.622,95.2,3,EQ-B11,Night,10.7,Under Review
B01826,Ceftriaxone 1g,Injectable,"March 28, 2024",Plant_C,105.1,21.93,47.0,6.16,93.0,99.17,0.714,96.1,3,EQ-C08,Night,9.4,Under Review
B01535,Insulin Glargine,Injectables,2024-10-14,Plant_C,55.2,23.83,39.4,6.24,98.3,101.47,0.069,96.4%,0,EQ-C07,morning,10.1,Pass
B01213,Ibuprofen400mg,Tablet,2024-05-13,Plant_A,501.5,23.33,43.8,6.42,86.1,99.26,-,98.2,2,EQ-A02,Evening,10.2,Pass
B00989,Metformin 850mg,Tablet,2025-10-29,Plant_B,569.2,23.04,39.6,6.33,89.7,99.3,0.364,95.6,0,EQ-B10,E,N/A,Pass
B00584,Paracetamol 500mg,Tablet,2023-02-10,Plant_C,411.4,20.57,51.0,5.84,82.7,98.52,0.029,91.2,null,EQ-C12,Evening,11.8,Pass
B00944,Ibuprofen 400mg,Tablet,2024-08-16,Plant_A,456.2,22.53,,6.31,88.1,101.19,0.434,95.8,0,EQ-A08,Morning,12.1,Pass
B02578,Ibuprofen 400mg,Tablet,2023-09-28,Plant_C,2657.34,22.8,47.7,6.91,94.6,100.34,0.318,94.9,1,EQ-C11,Evening,10.6,Pass
B00726,amoxicillin 250mg,Capsule,2025-11-06,C,213.8,22.99,49.0,6.63,,98.25,0.275,98.3,2,EQ-C10,Morning,9.6,Pass
B00460,Amoxicillin 250mg,Capsule,2024-08-06,Plant_A,265.9,18.99,39.0,6.36,91.9,100.53,0.265,96.8,1,-,Morning,9.8,Pass
B02571,,Injectable,"September 09, 2025",Plant_D,60.0,NA,49.5,6.23,90.5,94.88,0.211,98.2,1,EQ-D04,Evening,6.8,Under Review
B02546,Atorvastatin 20mg,Tablet,2024-08-26,Plant_C,282.4,25.45,40.3,6.62,90.8,100.89,0.226,100.0,1,EQ-C01,Evening,8.6,Pass
B01181,Omeprazole 20mg,Capsule,2025-04-01,Plant_B,185.5,23.5,52.8,6.36,null,97.37,0.058,95.8,2,EQ-B07,Morning,8.2,Pass
B01854,Amoxicillin 250mg,Capsule,2025-12-11,Plant_B,246.9,21.64,42.1,6.74,84.7,180,0.488,96.0,1,EQ-B04,Morning,9.2,Pass
B01143,null,Injectable,2023-05-11,Plant_B,-,22.32,42.4,6.22,,98.51,0.133,96.0,3,EQ-B03,Morning,8.2,Under Review
B00557,Azithromycin Susp,Suspension,2024/11/24,Plant_A,172.4,21.82,39.9,6.4,95.0,100.87,0.216,93.7,1,EQ-A05,Morning,11.1,Pass
B02422,Azithromycin Susp,Suspension,2025-07-07,Plant_A,128.8,23.77,51.7,,100.6,97.36,0.249,96.4,3,EQ-A03,Evening,8.6,Under Review
B00531,Cetirizine 10mg,Tablet,2024-05-20,Plant_D,238.8,26.42,37.4,6.3,89.5,101.62,0.09,99.3,1,EQ-D07,Evening,8.9,Pass
B01158,Insulin Glargine,Injectable,2024-06-13, Plant_B ,66.6,24.34,50.3,6.62,86.0,99.37,0.212,92.7,1,EQ-B08,Morning,7.7,Pass
B00723,Insulin Glargine,Injectable,2025-02-04,Plant_C,67.2,23.47,N/A,6.49,90.9,99.26,0.665,96.2,3,EQ-C04,Morning,8.3,Under Review
B02723,Amoxicillin 250mg,Capsule,2024-12-12,Plant_D,236.7,23.34,44.3,6.44,89.2,97.99,0.109,94.8,3,EQ-D01,Morning,9.3,Under Review
B02843,Azithromycin Susp,Suspension,2023-08-28,Plant_B,139.4,20.2,45.9,7.11,94.9,100.11,0.594,96.9,1,EQ-B12,Morning,9.4,Pass
B00125,insulin glargine,Injectable,2025-11-27, Plant_D ,61.1,22.6,48.4,6.51,91.2,96.85,0.296,96.4,null,EQ-D12,Evening,9.5,Pass
B00611,insulin glargine,Injectable,2023-06-04,Plant_D,49.3,20.58,42.9,6.75,100.2,98.12,0.824,97.6,1,EQ-D08,Morning,9.2,Pass
B02685,Cetirizine 10mg,Tablet,2024-02-25,Plant_C,235.8,25.47,-,6.95,N/A,100.37,0.532,95.9,3,EQ-C03,Morning,NA,Under Review
B01789,Ibuprofen 400mg,Tablet,2023/06/25,Plant_A,467.0,21.37,45.5,6.49,89.4,101.24,0.445,97.1,25,EQ-A10,MORNING,9.4,Pass
B00023,Amoxicillin 250mg,Capsule,2024-01-17,Plant_D,278.9,22.96,35.7,6.54,95.4,102.52,0.545,93.8,0,EQ-D07,Morning,11.2,Pass
B01459,Metformin 850mg,Tablet,2025-05-28,Plant_C,448.6,19.86,43.3,6.45,91.3,98.37,0.269,95.9,0,EQ-C09,Morning,9.3,Pass
B00430,Azithromycin Susp,Suspension,2023-01-24,Plant_A,144.5,20.77,41.9,6.2,89.1,-10,0.169,98.0,0,EQ-A07,Morning,7.6,Pass
B01357,Atorvastatin 20mg,TABLET,2023-02-07,Plant_D,323.6,22.57,NA,6.55,-,98.86,0.224,98.8,1,EQ-D06,morning,6.1,Pass
B00707,Paracetamol 500mg,Tablet,2025-11-13,Plant_A,364.7,21.07,41.2,7.03,96.8,97.37,0.437,95.9,1,EQ-A11,Morning,8.9,Pass
B01122,Paracetamol 500mg,Tablet,2024-01-05,Plant_C,431.7,23.57,39.8,6.1,90.9%,98.47,0.921,94.3,N/A,EQ-C03,Night,8.6,Pass
B00319,Ceftriaxone 1g,Injectable,2025-08-22,Plant_D,107.7,25.02,45.7,6.82,90.2,99.45,0.391,96.1,0,EQ-D08,Evening,8.6,Pass
B02093,Insulin Glargine,,2023-02-02,Plant_D,52.4,22.64,44.6,6.85,88.0,102.49,0.07,98.3,1,EQ-D11,evening,7.8,Pass
B00926,Ceftriaxone 1g,Injectable,2024-04-27,Plant_C,101.5,24.3,46.4,6.33,86.2,97.01,0.403,92.5,3,EQ-C09,Morning,8.2,Review
B01090,Amoxicillin 250mg,Capsule,2024-05-14,Plant_B,288.4,21.68,50.9,6.21,null,98.72,0.11,93.1,1,EQ-B12,Night,9.4,Pass
B00966,Cetirizine 10mg,Tablet,2023-01-31,Plant_A,190.6,22.31,50.3,6.39,96.2,98.5,0.12,95.5,1,EQ-A05,Evening,8.4,Pass
B01047,METFORMIN 850MG,Tablet,2023-02-20,Plant_C,423.6,22.89,40.2,6.11,91.1,-,1.103,94.2,0,EQ-C07,Evening,9.5,
B02762,Ibuprofen 400mg,Tablet,08-16-2023,Plant_C,364.8,25.29,41.3,6.68,96.3,99.32,0.335,95.1,0,EQ-C06,Morning,11.1,Pass
B01956,Ibuprofen 400mg,Tablet,2025-03-11,Plant_C,455.5,21.8,48.6,6.48,93.3,97.76,0.164,94.5,0,EQ-C07,,12.3,Pass
B00561,Cetirizine 10mg,Tablet,08-18-2025,Plant_B,192.4,21.74,36.8,6.12,88.7,98.48,0.102,99.9,0,EQ-B11,M,9.1,Pass
B00954,Ibuprofen 400mg,Tablet,2023-10-20,,412.2,21.18,46.7,6.72,,180,0.502,96.1,1,EQ-A12,Morning,9.4,Pass
B00032,METFORMIN 850MG,Tablet,2024-02-08,,420.3,22.08,44.3,0,96.1,100.64,0.097,94.5,1,EQ-D01,Morning,9.1,Pass
B01547,Omeprazole 20mg,Capsule,NA,Plant_B,241.5,22.38,48.7,6.76,94.9,98.56,0.057,95.1,1,EQ-B08,Morning,-5,Pass
B02765,metformin 850mg,Tablet,2024-12-22,Plant_C,539.0,21.36,45.6,6.43,87.8,99.73,0.545,96.5,3,EQ-C04,Morning,11.0,Under Review
B00422,Omeprazole 20mg,Capsule,2025-05-16,Plant_A,206.8,21.73,44.9,6.03,86.0,100.07,1.19,98.0,0,EQ-A03,Morning,9.7,Under Review
B02508,Omeprazole 20mg,Capsule,2025-03-31,Plant_C,242.6,25.12,45.8,6.54,98.9,101.47,0.292,99.6,3,EQ-C05,Morning,9.2,Under Review
B02734,Metformin 850mg,Tablets,2025-12-20,Plant_A,457.9,19.71,36.8,6.59,94.5,100.23,0.531,96.5,1,EQ-A10,Morning,9.3,Pass
B00838,Amoxicillin 250mg,Capsule,2023-09-04,Plant_C,281.1,21.36,38.3,6.37,89.6,99.34,0.281,95.0,2,EQ-C10,Morning,9.0,Pass
B01794,Metformin 850mg,Tablet,2025-01-26,Plant_D,496.1,21.34,45.6,6.3,96.7,97.12,0.453,NA,0,EQ-D11,Morning,11.0,Pass
B01438,Omeprazole 20mg,Capsule,2025-08-04,Plant_C,248.7,21.4,51.9,6.81,92.1,98.07,0.6,91.9,1,EQ-C03,Evening,9.2,Pass
B00473,Ibuprofen 400mg,Tablet,2025-02-07,Plant_C,440.4,24.36,41.4,6.11,87.3,99.36,1.52,98.4,0,EQ-C12,Morning,9.1,Fail
B01762,Ibuprofen 400mg,TABLET,2025-12-03,Plant_B,441.0,22.79,49.6,6.01,93.9,100.14,1.236,97.2,0,EQ-B09,M,9.2,Under Review
B00930,Cetirizine 10mg,Tablet,2024/04/27,Plant_A,191.7,26.11,44.2,N/A,90.7,98.54,0.11,97.8,1,EQ-A08,Evening,10.5,Pass
B01321,Amoxicillin 250mg,Capsule,2023-02-26,Plant_B,200.1,21.05,50.2,6.38,92.3,97.25,0.862,97.4,1,EQ-B11,morning,8.1,Pass
B02237,Metformin 850mg,Tablet,2023-03-20,N/A,502.6,25.36,41.0,6.54,92.3,99.45,1.225,94.7,1,EQ-C05,Morning,10.5,Under Review
B00758,Atorvastatin 20mg,Tablet,2023-02-14,Plant_D,301.3,22.76,46.1,6.3,92.7,100.65,0.124,99.5,1,EQ-D10,Morning,9.3,Pass
B02583,Metformin 850mg,Tablet,08/01/2025,Plant_C,512.2,23.98,50.9,6.82,85.9,98.8,0.26%,92.7,1,EQ-C04,Evening,10.3,Pass
B00511,Ceftriaxone 1g,Injectable,2025-02-05,Plant_A,82.6,24.44,52.2,6.19,88.9,99.4,0.354,97.5,0,EQ-A03,Evening,10.8,Pass
B01074,Cetirizine 10mg,Tablet,2024-10-07,Plant_C,218.5,21.1,43.3,6.82,86.3,100.74,0.233,95.4,2,EQ-C02,Night,7.9,Pass
B00569,Omeprazole 20mg,,2023/10/10,plant_a,233.4,23.7,44.9,6.7,99.0,99.2,0.053,95.2,1,EQ-A02,Morning,10.6,Pass
B01637,Amoxicillin 250mg,Capsule,2025-08-15,Plant_D,279.2,23.74,49.9,6.57,89.4 %,100.0,0.193,96.3,3,EQ-D12,Morning,10.3,Under Review
B02203,Paracetamol 500mg,Tablet,2023-08-31,Plant_B,436.0,22.0,N/A,6.46,89.5%,101.35,0.356,97.4,2,EQ-B02,Evening,9.3,Pass
B00920,Omeprazole 20mg,Capsule,2025-06-21,Plant_B,216.3,null,53.1,6.49,84.0%,99.89,0.051,96.3,0,EQ-B01,Morning,10.3,Passed
B00727,Azithromycin Susp,suspension,2024-08-29,Plant_D,132.3,24.23,38.1,6.91,93.6,98.45,,96.2,0,EQ-D09,Evening,10.1,Pass
B00550,Omeprazole 20mg,Capsule,2023-01-08,Plant_A,257.5,21.06,44.2,6.59,94.7,97.58,0.349,97.2,1,EQ-A06,Morning,10.1,Pass
B01081,Ceftriaxone 1g,Injectable,2024-08-20,Plant_B,83.2,22.36,44.9,6.08,,100.64,0.988,98.4,1,EQ-B11,Morning,-5,Pass
B01660,Metformin 850mg,Tablet,2025-02-05,Plant_B,438.7,22.29,52.4,6.47,94.8,99.34,0.175,97.1,1,EQ-B01,Night,9.4,Pass
B00960,Ibuprofen 400mg,Tablet,2024-04-10,Plant_B,387.4,23.14,46.9,6.57,91.6,100.32,0.294,94.9,1,EQ-B11,morning,9.6,Pass
B01584,Ibuprofen 400mg,Tablet,2023-05-20,Plant_A,539.8,20.75,54.1,7.16,89.3,98.7,0.388,95.4,0,EQ-A11,Morning,10.8,pass
B01781,Paracetamol 500mg,Tablets,2024-03-19,Plant_A,407.9,21.42,46.8,6.28,140,101.69,0.304 %,90.7,1,EQ-A11,Evening,10.3h,pass
B02539,Cetirizine 10mg,Tablet,2025-07-15,Plant_A,164.0,23.37,51.8,6.36,86.7,100.23,0.264,98.5,1,EQ-A08,Morning,NA,Pass
B00858,Paracetamol 500mg,Tablet,2024-12-04,Plant_B,404.5,21.45,40.2,6.24,96.2,99.93,0.006,94.9,0,EQ-B09,Morning,8.7,Passed
B00782,Omeprazole 20mg,Capsule,2024-05-09,Plant_A,214.4,22.02,53.2,6.57,87.0,99.15,0.465,93.3,0,EQ-A06,Night,8.6,Pass
B00004,IBUPROFEN 400MG,Tablets,2024-03-06, Plant_D ,446.5,19.08,43.7,7.07,101.3,103.37,,96.7,0,EQ-D06,Morning,10.1,
B01381,Ceftriaxone 1g,Injectable,2023-06-06,Plant_C,N/A,22.52,49.8,6.28,88.3,97.94,0.607,93.8,1,EQ-C02,Morning,7.0,Pass
B00703,Amoxicillin 250mg,Capsule,-,Plant_A,258.6,23.75,43.2,6.62,97.2,99.24,0.268,99.4,2,EQ-A10,Morning,11.9,Pass
B01165,Cetirizine 10mg,Tablet,2023-11-16,Plant_D,203.5,22.02,91.47,6.87,89.4,100.32,0.512,95.1,0,EQ-D02,Night,7.1,Pass
B01916,Cetirizine 10mg,Tablet,2025-10-09,D,185.7,24.25,33.1,6.72,94.8,102.11,0.24,94.6,0,EQ-D12,Evening,7.8,Pass
B00430,Azithromycin Susp,Suspension,2023-01-24,Plant_A,144.5,20.77,41.9,6.2,89.1,-10,0.169,98.0,0,EQ-A07,Morning,7.6,Pass
B00233,Paracetamol 500mg,Tablet,2023-08-08,Plant_B,433.0,21.66,41.6,7.07,92.7,100.22,0.349,96.2,0,EQ-B03,Morning,41.04,Pass
B00316,Omeprazole 20mg,CAPSULE,2025-02-23,B,181.8,23.41,38.0,6.51,84.5,99.94,0.418,91.8,2,EQ-B03,,7.9,Pass
B02616,Omeprazole 20mg,Capsule,08/08/2024,Plant_B,221.5,21.29,46.3,6.66,89.1,97.59,0.132,93.2,1,EQ-B10,Night,8.4,Pass
B01354,Ceftriaxone 1g,Injectable,2024-11-03,Plant_A,106.5,25.49,35.8,6.41,96.3,98.69,0.246,97.2,0,EQ-A03,Morning,,Pass
B01677,Amoxicillin 250mg,Capsule,2023-07-01,Plant_D,278.2,22.42,48.8,6.43,94.4,98.29,0.268%,98.6,3,EQ-D03,Morning,9.5,Under Review
B00808,-,Capsule,2025-09-25,Plant_B,223.6,N/A,47.3,6.55,94.5,100.9,0.517,93.2,3,EQ-B03,Night,9.4,Under Review
B01400,Metformin 850mg,Tablet,2025-05-04,Plant_C,476.6,22.62,45.2,6.38,88.2,103.9,0.332,95.9,0,EQ-C12,Evening,11.1,Pass
B00330,Cetirizine 10mg,Tablet,2025-10-01,Plant_A,226.8,25.09,50.6,6.47,94.8,100.64,0.06,95.7,0,EQ-A05,Morning,9.3,Pass
B02155,Azithromycin Susp,Suspension,2025-03-10,Plant_A,173.7,22.37,44.3,6.7,91.1,101.2,0.808,96.4,1,EQ-A10,MORNING,7.7,Pass
B00824,OMEPRAZOLE 20MG,Capsule,29 Jun 2024,Plant_D,185.1,22.55,37.8,6.07,87.5,96.74,0.651,89.8,-1,EQ-D07,Night,8.5,Under Review
B00545,Insulin Glargine,Injectable,2023-10-25,,62.4,21.99,42.2,6.65,94.7,98.85,0.6,94.7,1,EQ-B03,Morning,9.2,Pass
B00337,ceftriaxone 1g,Injectable,2025-03-14,Plant_A,84.9,23.4,39.0,6.49,95.1,99.95,0.352,94.8,0,EQ-A04,Morning,8.6,Pass
B01480,Ibuprofen 400mg,Tablet,null,Plant_C,424.5,24.61,46.8,6.43,87.2,100.64,,96.1,0,EQ-C05,Evening ,8.8,Under Review
B02325,Azithromycin Susp,N/A,2024-03-13,Plant_D,139.0,22.66,50.7,10.03,94.7,98.69,0.515,99.0,1,EQ-D07,Evening,8.6,Pass
B01962,Ceftriaxone 1g,Injectables,2023-08-08,Plant_C,90.4,25.69,41.5,6.8,91.0,100.27,0.423,99.8,0,EQ-C06,Night,8.1,Pass
B00554,Atorvastatin 20mg,Tablet,2025-01-05,Plant_A,-100,26.67,53.9,6.14,,102.21,0.284,96.8,1,EQ-A05,Night,,Pass
B01020,Amoxicillin 250mg,Capsule,2024-02-20,Plant_B,213.3,23.79,49.3,6.59,97.2,101.02,0.816,97.5,3,EQ-B05,morning,9.8,Under Review
B00410,Paracetamol 500mg,Tablet,22/09/2025,Plant_C,343.3,20.22,45.3,6.73,,98.22,0.315,63.53,3,EQ-C05,Morning,9.3,Under Review
B02267,Omeprazole 20mg,Capsule,2025-08-05,N/A,206.8,20.98,55.1,6.9,91.0,100.19,0.369,98.4,2,EQ-B05,Morning,7.3,Pass
B01242,Azithromycin Susp,Suspension,2024-12-19,Plant_C,125.6,22.71,43.4,6.56,90.6,101.66,0.183,96.1,0,EQ-C02,Morning,9.5,Pass
B02615,Amoxicillin 250mg,Capsule,2023-12-04,Plant_A,269.7,22.21,47.9,6.73,91.5,98.64,0.725,93.6,0,null,Evening ,8.1,Pass
B00983,cetirizine 10mg,Tablet,2025-07-06,Plant_C,null,22.21,49.4,5.94,90.7%,99.98,1.696,97.1,1,EQ-C01,Evening,7.7,Failed
B00083,Amoxicillin250mg,Capsules,2025-07-02,Plant_C,258.6,24.89C,44.3,6.14,87.8,99.66,0.255,66.64,1,EQ-C12,Evening,10.0,pass
B00567,Metformin850mg,Tablet,2024-11-08,Plant_A,420.3,22.92,N/A,6.16,92.0,99.72,0.893,96.1,0,EQ-A03,null,9.7,Pass
B02657,Paracetamol 500mg,Tablet,2024-01-29,Plant_C,342.4,21.35,49.9,6.5,88.2,98.67,0.375,96.2,1,EQ-C01,Night,8.6,Pass
B01275,Azithromycin Susp,Suspension,2025-02-02,Plant_D,138.2,23.27 C,48.9,6.73,90.3,97.94,0.119,95.1,0,EQ-D02,Evening,7.3,Pass
B01352,Atorvastatin 20mg,Tablet,2024-12-19,Plant_A,267.1,23.9,56.6,6.43,89.5,99.51,0.306,93.3,0,EQ-A11,Night,8.7,Pass
B02216,Atorvastatin 20mg,Tablet,2023-04-29,Plant_B,355.2,24.77,47.4,6.99,92.7,99.02,0.293,97.2,1,EQ-B04,Night,9.4,Pass
B01351,Paracetamol 500mg,tablet,2025-11-27,Plant A,402.5,25.25,53.3,6.91,84.2,100.59,0.453,92.7,1,EQ-A04,Morning,10.2,Pass
B01750,Azithromycin Susp,Suspension,2023-04-12,Plant_D,173.8,23.26,45.5,6.0,90.9,97.7,0.73,97.0,,EQ-D02,Morning,7.6,Pass
B02519,Amoxicillin 250mg,Capsule,2023-01-21,Plant_A,225.0,22.32,51.1,5.85,84.5,97.17,0.593,92.3,2,EQ-A03,Night,9.5,Pass
B01092,Ibuprofen 400mg,Tablet,2024-12-11,Plant_D,524.2,26.9,42.8,6.52,97.2,99.25,0.07,98.7,1,EQ-D02,Morning,13.0h,Pass
B01707,Ceftriaxone 1g,Injectable,2023-08-22,Plant_D,80.3,24.84,null,5.98,93.7,99.02,0.693,97.7,1,EQ-D03,Morning,7.9,Pass
B02228,Ceftriaxone 1g,Injectable,2024-04-15,Plant_B,92.0,25.31,44.0%,5.89,89.2,99.25,0.378,95.9,zero,EQ-B12,Morning,8.3,pass
B00953,Omeprazole 20mg,Capsule,2025-05-22,Plant_A,260.3,23.69,47.0,6.21,91.9,99.02,0.243,97.1,1,NA,Night,9.9,Pass
B00426,Amoxicillin 250mg,capsule,2023-01-22,Plant_B,291.4,22.71,47.1,7.03,95.0,98.82,0.103,96.8,2,EQ-B11,Evening,10.1,Pass
B01920,Cetirizine 10mg,Tablet,2025-09-06,Plant_B,178.5,20.98,250,6.11,96.6,100.18,0.197,93.7,0,EQ-B11,Night,8.7,Pass
B00017,Cetirizine 10mg,Tablet,2025-04-24,Plant_A,215.5,24.06,44.3,6.8,92.5,98.01,0.38,94.3,0,EQ-A11,Morning,11.1,Pass
B01949,Paracetamol 500mg,Tablet,10 Feb 2023,Plant_D,335.5,22.1 C,60.5,6.58,92.8,98.24,0.37,94.6,0,EQ-D04,,10.0,Under Review
B02742,paracetamol 500mg,Tablet,2024-02-20,Plant_A,374.6,21.67,N/A,6.42,93.5,100.17,0.516,94.4,NA,EQ-A09,evening,9.6,Pass
B02817,omeprazole 20mg,Capsule,05 Dec 2023,Plant_B,227.9,21.49,50.5,6.14,90.8,101.9,1.228,98.6,0,EQ-B04,Morning,10.0,Under Review
B01372,Atorvastatin 20mg,Tablet,2023-06-05,Plant_B,332.5,21.3,43.9,6.46,87.3,,0.297,95.1,2,EQ-B04,Evening,9.2,Pass
B02088,Omeprazole 20mg,Capsule,2023-12-02,Plant_D,239.9,21.06 C,54.2,6.58,91.8,97.59,0.107,95.7,0,EQ-D05,Evening,10.3,Pass
B01260,Insulin Glargine,Injectable,2025-11-12,Plant_D,,NA,35.7,6.83,86.1,100.91,NA,95.7,2,EQ-D10,Morning,8.9,Pass
B00735,Metformin 850mg,Tablet,2023-03-01,Plant_D,595.1,21.0,52.2,6.23,90.1,99.07,0.113,98.7,null,EQ-D08,Night,9.7,Pass
B02374,Atorvastatin 20mg,Tablet,19 Dec 2024,Plant_D,313.5,,39.1,6.25,91.9,101.99,0.216,92.1,3,EQ-D04,Evening,11.7,Under Review
B00277,Ibuprofen 400mg,Tablet,2023-06-25,Plant_A,381.3,20.23,43.3,7.02,92.9,100.44,0.178,93.6,2,EQ-A07,Morning,10.6,Pass
B01033,Azithromycin Susp,Suspensions,2023-01-23,Plant_C,164.2,23.03,47.1,6.58,90.8,98.1,1.086,97.6,1,EQ-C10,Morning,8.9,Under Review
B00729,Ibuprofen 400mg,tablet,2024-06-18,Plant_A,465.6,22.47,39.3,6.82,99.0,98.83,0.167,97.4,1,EQ-A11,Morning,9.0,Pass
B00589,Insulin Glargine,Injectable,2024-03-19,Plant_D,66.6,21.95,36.1,6.23,94.3,97.96%,0.681,97.1,5,EQ-D04,Night,8.2,Fail
B01609,Metformin 850mg,Tablet,2024-11-27,Plant_D,462.0,23.22,49.0,15,94.2,101.2,0.346,150,1,EQ-D12,Night,10.5,Pass
B02491,Atorvastatin 20mg,Tablet,2024-06-05,Plant_D,284.6,22.42,52.8%,6.53,93.4,100.78,0.145 %,92.0,0,EQ-D04,Morning,9.9,Pass
B00677,Cetirizine 10mg,Tablet,2024-02-23,Plant_C,199.2,24.43,46.1,6.16,93.4,100.74,0.428,98.1,3,EQ-C11,Morning,9.1,Under Review
B01432,Amoxicillin 250mg,Capsule,2024-09-07,Plant_A,256.1,22.62,58.0,6.65,94.6,98.71,0.271,98.4,-3,EQ-A08,Evening,9.8,Pass
B00258,Amoxicillin 250mg,capsule,2024-07-18,Plant_D,297.7,19.71,40.5,6.52,91.9,98.03,5.12,98.1,0,EQ-D07,Evening ,10.7,Pass
B00806,Azithromycin Susp,Suspension,2025-11-22,Plant_C,141.3,21.0,44.3,-,89.1,98.38,0.485,94.4 %,2,EQ-C05,Evening,8.7,Pass
B00255,Omeprazole 20mg,Capsule,2023-07-04,Plant_A,228.5,22.12,50.1,6.69,91.3,98.58,0.168,98.2,1,EQ-A09,Evening,10.4h,Pass
B01249,Atorvastatin 20mg,Tablet,08-02-2025,,252.6,23.89,49.4,6.25,88.7,98.57,-,97.7%,1,EQ-C10,Evening,8.0,Pass
B02585,Atorvastatin 20mg,Tablet,2025-10-02,Plant_C,252.6,22.77,53.0,6.8,88.6,99.92,0.583,100.1,3,EQ-C12,Night,8.8,Under Review
B02503,Azithromycin Susp,Suspension,2023-02-10,Plant_D,123.3,22.69,49.0,6.63,93.7,101.08,0.043,97.1,1,EQ-D11,Morning,7.6,Pass
B01222,Cetirizine 10mg,Tablet,2024-01-30,Plant_B,239.5,21.01,51.2,6.64,95.8,102.59,-,93.0,0,EQ-B06,Evening,10.1,pass
B00452,Ceftriaxone 1g,Injectable,2024-07-03,Plant_B,75.6,24.8,54.7,6.52,101.5,98.91,1.412,99.1,3,EQ-B09,Morning,8.1,Fail
B00667,,Tablets,2024-03-11,A,205.2,19.55,43.2,6.38,93.0,99.09,0.408,,1,EQ-A04,Night,8.9,Pass
B02601,Insulin Glargine,Injectable,2023-08-13,Plant_C,62.6,23.54,44.2,6.5,,99.92,0.218,94.3,3,EQ-C01,Evening,8.3,Under Review
B01486,Insulin Glargine,Injectable,2025-02-17,Plant_D,61.5,22.19,45.2,6.25,93.0,99.6,0.18,93.8%,2,EQ-D07,Night,7.6,Pass
B02627,CEFTRIAXONE 1G,Injectable,2024-10-11,Plant_A,90.7,22.32,43.7,7.08,88.7,101.23,0.666,94.2,0,EQ-A03,Morning,7.5,pass
B01258,cetirizine 10mg,Tablet,2024-12-27,Plant_A,null,21.43,49.8,6.45,95.9,99.6,0.031,99.2,1,EQ-A03,Evening,7.4,Pass
B02893,Atorvastatin 20mg,Tablet,2023-11-15,Plant_D,299.5,24.65,38.5,6.19,92.6,99.44,0.404,96.7,1,EQ-D11,Night,10.0,Pass
B01310,,Injectable,2025-01-29,Plant_A,60.9,22.0,45.6,6.68,93.1,100.81,0.665,93.9,N/A,EQ-A12,Evening,8.7,Pass
B01002,Azithromycin Susp,Suspension,2024-04-13,Plant_C,142.6,21.84,,6.46,88.2,99.92,0.271,96.7,3,EQ-C11,Morning,6.4,UNDER REVIEW
B01066,-,tablet,2024-01-08,Plant_A,313.0,21.6,46.5,6.44,97.0,102.68,0.047,94.1,1,EQ-A07,Morning,9.5,Pass
B01148,AZITHROMYCIN SUSP,Suspension,2023-08-24,Plant_B,171.7,23.9,54.2,,88.6,99.04,0.229,,2,EQ-B05,Evening,8.6,Pass
B00715,NA,Injectable,2025-10-25,Plant_B,97.6,23.92,,5.92,92.3,100.43,0.321,97.0,0,EQ-B11,Evening,8.6,Pass
B01912,Insulin Glargine,Injectables,2023-09-11,Plant_C,68.0,23.56,37.7,7.28,89.5,98.65,0.974,96.9,2,EQ-C07,Morning,8.7,Pass
B01153,Ibuprofen 400mg,Tablets,2025-01-18,PLANT-A,476.4,22.06,43.4,6.25,94.8,97.44,0.294,97.4,0,EQ-A11,Morning ,10.0,Pass
B01548,Insulin Glargine,Injectable,2024-08-25,Plant_A,59.3,21.27,48.0,6.49,,101.92,0.405,96.9,1,EQ-A05,Evening,7.8,Pass
B02307,Atorvastatin 20mg,Tablet,2024-09-10,Plant_A,302.2,22.66,250,6.3,90.1,102.74,0.335,96.6,1,EQ-A06,Morning,8.1,Pass
B01964,Insulin Glargine,Injectable,2025-04-20,Plant_A,53.4,19.23,42.2,6.51,93.9,98.39,0.228,97.7,0,EQ-A08,Morning,7.5,pass
B01266,Paracetamol 500mg,Tablet,2025-06-27,Plant_B,391.5,22.47,52.3,6.01,98.4,97.52,0.433,98.9,1,EQ-B06,Morning,10.8,Pass
B00890,Metformin 850mg,Tablet,2024-04-24,Plant_C,544.9,22.99,41.6,6.68,87.7,97.53,0.348,94.4,2,EQ-C08,Evening ,11.3,Pass
B01334,Insulin Glargine,Injectable,2024-02-02,Plant_D,49.7kg,25.5,45.8,7.33,95.8,97.79,1.236,100.3,1,EQ-D08,Night,5.7,Under Review
B00952,Atorvastatin 20mg,Tablet,2025-07-28,-,243.3,23.69,43.7,6.67,90.3,99.67,0.085,97.0,2,EQ-B03,Morning,10.1,Pass
B02433,Amoxicillin 250mg,Capsule,2024-08-14,Plant_C,225.0,23.98,55.2,6.73,91.8%,100.15,0.166,N/A,2,EQ-C01,Morning,9.3,Pass
B00896,Omeprazole 20mg,Capsule,2023-03-04,Plant_A,237.7,21.15,44.2,7.07,97.3,98.28,0.188,99.4,0,EQ-A09,Evening,8.6,pass
B01214,Insulin Glargine,Injectable,2023-02-02,Plant_B,61.8,26.73,49.7,6.79,88.5,,0.646%,97.9,2,EQ-B07,Night,9.0,Pass
B00833,Ibuprofen 400mg,Tablet,2023-04-02,Plant_C,370.3,22.4,50.4,5.54,91.2,102.84,0.294,95.9,2,EQ-C10,M,N/A,Pass
B02851,Amoxicillin 250mg,Capsule,2024-04-10,Plant_A,249.5,18.48,46.1,6.84,89.1,,0.064,96.4,0,EQ-A10,Morning,9.8,Pass
B01693,Omeprazole 20mg,Capsule,2025-11-01,Plant_C,213.3,21.68,46.8,6.84,89.6,95.72,1.041,96.9,0,EQ-C08,Evening,8.0,under review
B02769,Ibuprofen 400mg,Tablets,2025-07-12,Plant_A,456.0,23.74,42.4 %,6.58,N/A,98.48,0.676,97.4,0,EQ-A11,Morning,9.8,Pass
B01728,Cetirizine 10mg,Tablet,2025-04-23,Plant_B,174.0,22.69,86.01,6.47,90.2,102.26,0.634,97.8,0,EQ-B05,Evening,8.6 h,Pass
B00547,Ibuprofen 400mg,Tablet,2023-11-07,Plant_B,514.1,21.5,45.9,6.41,,99.46,0.664,96.5,0,EQ-B08,Evening,10.4,Passed
B01980,Azithromycin Susp,Suspension,2024-12-30,Plant_A,160.7,21.32,39.0,6.48,93.3,103.43,0.259,98.5,1,EQ-A10,M,8.1,Pass
B00101,Insulin Glargine,INJECTABLE,2024-08-18,Plant_C,49.5,22.42,42.3,7.11,86.8,98.87,0.514,97.0,0,EQ-C07,Morning,6.5,Pass
B02182,Metformin 850mg,Tablet,2025-12-11,Plant_C,519.2,21.3,40.0,6.06,98.8,100.32,0.662,96.1,0,EQ-C07,Morning,10.0,Pass
B01400,Metformin 850mg,Tablet,2025-05-04,Plant_C,476.6,22.62,45.2,6.38,88.2,103.9,0.332,95.9,0,EQ-C12,Evening,11.1,Pass
B02624,Ceftriaxone 1g,Injectable,2023-06-03,A,77.3,23.31,35.5,6.31,89.0,100.01,0.111,93.7,0,EQ-A01,Morning,8.2,Pass
B00636,Omeprazole 20mg,Capsule,19 Jun 2025,Plant_B,199.1,24.19,47.2,6.4,89.1,99.29,0.31,94.5,0,,Morning,8.8,Pass
B00094,Atorvastatin 20mg,Tablet,2023-02-10,Plant_A,328.5,20.71,57.0,6.45,99.5,97.98,0.811,95.9,0,EQ-A04,Morning,8.9,Passed
B01403,Metformin 850mg,Tablet,2025-06-11, Plant_B ,496.7,21.94,41.6,6.95,91.5,99.31,7.81,97.0,0,EQ-B10,Evening,9.8,Pass
B02873,Insulin Glargine,Injectable,2024-05-28,plant_c,54.3,22.67,48.1,6.33,94.8%,98.5,6.19,94.3,1,EQ-C08,Evening,8.1,Pass
B00172,Paracetamol 500mg,Tablet,2024-06-09,Plant_B,464.2,24.7,42.3,6.7,96.8,100.73,0.666,95.1,0,EQ-B11,Evening,9.8,Passed
B02654,Atorvastatin 20mg,Tablet,2023-02-25,Plant_D,304.0,21.52,47.6,6.42,97.8,101.69,0.218,96.2,1,EQ-D07,Morning,8.4,Pass
B02244,Amoxicillin 250mg,Capsule,2024-08-22,Plant_A,240.0,23.8,47.2,6.24,89.3%,98.12,0.013,99.9,0,EQ-A04,Morning,10.1,PASS
B00033,Paracetamol 500mg,Tablet,2023-08-13,PLANT-B,363.2,23.49,44.7,6.94,90.3,101.67,0.237,92.3,0,EQ-B02,Evening,10.6,Pass
B00876,Cetirizine 10mg,Tablets,2024-04-11,Plant_B,235.5,24.17,,6.74,90.8,101.03,0.213,100.4,3,EQ-B02,Morning,11.5,Under Review
B00641,Omeprazole 20mg,capsule,2025-11-03,Plant_A,254.2,22.16,47.0,6.26,89.4,101.47,-2.0,93.3,0,EQ-A07,Morning,10.7,Pass
B02285,omeprazole 20mg,Capsule,12 Oct 2025,Plant_B,261.8,20.99,46.1,,82.8,102.46,105.0,96.1,0,EQ-B05,morning,7.7,Pass
B00598,Azithromycin Susp,suspension,2024-01-29,Plant_B,123.6,23.0,40.9,6.14,92.3,98.98,0.146,94.9,1,EQ-B02,Evening,7.4,Pass
B02269,Amoxicillin 250mg,Capsule,,Plant_B,254.3,21.66,46.1,6.19,83.8,99.61,0.365,92.3,1,EQ-B02,Evening,9.2,Pass
B01717,Omeprazole 20mg,Capsule,2023-07-27,Plant_C,250.6,20.27,44.5,6.26,87.8,100.56,,95.7,1,EQ-C10,Morning,9.4,Pass
B00817,Paracetamol 500mg,Tablets,2024-07-29,Plant_C,427.9,23.64,44.0,6.12,97.3,101.31,N/A,70.68,0,EQ-C11,Morning,10.3,Pass
B00577,Ceftriaxone 1g,Injectable,2023-02-28,Plant_B,102.4,21.61,47.4,,88.6,,0.385,96.6,1,EQ-B03,M,9.1,Pass
B02427,Amoxicillin 250mg,Capsule,null,Plant_D,290.6,27.56,47.4,5.92,90.6,100.92,8.1 %,92.8,0,EQ-D05,Morning,N/A,Under Review
B00238,Ibuprofen 400mg,Tablet,2025-03-20,Plant_A,417.5,23.86,45.3,6.44,94.6,98.9,0.486,94.9,1,EQ-A05,Night,10.3,Pass
B02215,Amoxicillin 250mg,Capsule,10-20-2023,Plant_B,293.7,22.01,47.7,6.62,93.1,99.19,0.348,96.7,1,EQ-B06,Night,10.7,Pass
B01246,CEFTRIAXONE 1G,Injectable,2023-03-23,Plant_C,76.0,21.74,47.2,6.97,88.9,99.07,0.511,96.1,2,EQ-C01,Morning,8.3,Pass
B00336,Insulin Glargine,Injectable,2025-02-21,Plant_C,62.5,22.09,,6.17,90.7,100.51,0.975,96.5,4,EQ-C12,Night,8.1,Fail
B02544,Atorvastatin 20mg,Tablet,N/A,Plant_A,264.5,21.83,49.0,6.99,,103.8,0.458,97.7,1,EQ-A09,Night,8.4,pass
B01733,Omeprazole 20mg,capsule,2023-11-24,Plant_D,177.4,23.58,46.0,6.67,92.5,97.27,0.077,91.4,2,EQ-D05,Evening,8.3,Pass
B01057,Ibuprofen 400mg,Tablets,2025-02-02,Plant_B,398.6,24.67,32.5,6.61,51.33,101.04,0.52,99.0,0,EQ-B12,Evening,9.9,Pass
B01636,Cetirizine 10mg,Tablet,2023-10-17,Plant_D,177.5,22.91,47.1,5.8,88.9,97.75,0.154,100.2,1,EQ-D09,Evening,8.2,Pass
B02613,Amoxicillin 250mg,Capsule,2023-04-30,Plant_C,232.6,26.64,50.2%,6.73,90.5,99.95,0.27,97.6,N/A,EQ-C01,Morning,6.1,Pass
B01185,Ibuprofen 400mg,Tablet,2025-09-22,Plant_A,418.8,22.0,41.7,6.63,96.3,98.66,0.179,94.3,NA,EQ-A10,,10.1,pass
B00615,Omeprazole 20mg,Capsule,2024-09-17,Plant_B,231.5,23.44,48.5,6.3,89.9,100.32,0.355,94.5,2,EQ-B08,Night,9.3,PASS
B01905,Atorvastatin 20mg,Tablet,2023-06-21,Plant_C,316.3,22.01,36.7,6.0,82.4,99.24,0.185,95.5,0,EQ-C07,Morning,8.6,Pass
B01455,CETIRIZINE 10MG,Tablet,2025-11-07,Plant_B,163.6,19.71,43.2,6.09,100.1,98.28,0.226,98.3,0,EQ-B09,Morning,8.7,Pass
B00019,Insulin Glargine,Injectable,2023-06-10,Plant_B,66.7,22.98,-,6.49,96.9,99.64,N/A,99.2,0,EQ-B08,Evening,7.8,Pass
B02617,Ceftriaxone 1g,Injectable,2023-11-26,Plant_C,98.5,21.49,46.1,6.52,91.6,98.75,1.185,96.0,4,EQ-C03,Night,7.1,Fail
B02670,Ceftriaxone 1g,Injectable,2023-06-27,Plant_D,107.2,20.25,53.9,6.98,99.4,127.01,0.302,96.1,1,,Morning,8.1,Pass
B00232,Insulin Glargine,Injectable,2023-10-13,Plant_B,57.0,21.58,42.2,6.35,86.9,102.11,0.699,93.1,0,EQ-B09,Morning,8.3,Pass
B00923,IBUPROFEN 400MG,Tablet,2024-08-28,Plant_C,389.3,23.14,36.3,6.21,102.0,99.51,0.527,92.5,1,EQ-C10,Evening,10.4,Pass
B00970,Paracetamol 500mg,Tablet,2024-09-11,plant_d,355.2,20.37,46.8,6.47,91.0,100.95,0.358,74.01,3,EQ-D09,Morning,9.2,Under Review
B02682,Amoxicillin 250mg,Capsule,2024-11-25,Plant_B,N/A,22.67,,6.66,140,98.75,0.616,97.0,0,EQ-B06,NA,6.6,Pass
B00510,METFORMIN 850MG,tablet,2023-07-08,Plant_C,592.2,20.32,49.4,7.21,93.7,99.42,0.704,94.9,0,EQ-C03,Evening,10.4,Pass
B00405,Ibuprofen 400mg,Tablet,2024-04-27,Plant_A,364.7,23.45C,42.8,6.26,96.5,100.97,0.455,94.3,0,EQ-A10,Evening,9.0,Pass
B00755,Cetirizine 10mg,Tablet,2024-04-06,Plant_A,-100,25.39,49.3,6.45,99.5,96.46,0.144,94.5,1,EQ-A02,Evening,9.5,pass
B00941,Omeprazole 20mg,Capsule,2025-02-02,Plant_D,200.5,24.65,44.5,6.62,89.2,99.38,0.686,94.4,two,EQ-D09,Evening,9.0,Pass
B01069,Atorvastatin 20mg,Tablet,2025-12-01,Plant_C,247.0,20.6,49.2,6.57,84.1,100.51,0.359,93.8,1,EQ-C02,Morning,8.7,Pass
B01642,Paracetamol 500mg,Tablet,2025-07-30,Plant_A,323.1,23.36,31.8,6.56,98.8,99.74,0.913,99.6,0,EQ-A02,Evening,7.6,PASS
B00644,Ibuprofen 400mg,Tablet,2023-11-25,Plant_A,534.4,22.4,54.0,6.34,88.6,100.83,0.235,96.7,1,EQ-A12,Evening,10.2,Pass
B02053,Atorvastatin 20mg,Tablet,2023-06-11,Plant_C,271.1,24.14,47.5,7.12,89.7,98.03,0.41,95.0,3,EQ-C09,Morning,10.1,Under Review
B00572,Ibuprofen 400mg,Tablet,2025-09-28,Plant_C,426.3,22.69,50.3,6.37,89.4,99.93,0.861,94.1,2,EQ-C11,MORNING,9.3h,Pass
B02611,Ceftriaxone 1g,Injectable,2024-05-13,Plant_C,94.1,23.26,40.7,-,89.4,99.99,0.658,94.8,2,EQ-C04,Morning,8.3,Pass
B02343,Cetirizine 10mg,Tablet,2023-05-20,Plant_C,229.8,21.73,42.5,6.95,87.5,102.24,2.11,96.0,three,EQ-C12,Evening,8.4,fail
B02564,Ibuprofen 400mg,Tablet,2025-01-12,Plant_A,,24.98,53.7,6.8,92.3,100.98,0.642,98.2,null,EQ-A08,MORNING,0,Pass
B01001,Insulin Glargine,Injectable,2025-08-21,Plant_B,55.2,23.8,45.0,6.38,88.7,100.34,0.639,99.8,1,EQ-B11,Night,8.1,Pass
B01469,Azithromycin Susp,Suspension,2023-06-12,Plant_C,157.7,21.07,51.3,6.91,92.8,98.34,0.264,93.0,1,EQ-C03,Evening,9.2,Pass
B02863,Insulin Glargine,Injectable,2024-09-30,Plant_C,69.6,21.54,,6.35,93.7,99.22,0.408,92.8,1,EQ-C04,Morning,9.0,Pass
B02718,Omeprazole 20mg,Capsule,2024-11-29,Plant_D,198.5,25.7,41.6,6.84,102.4,100.27,0.353,97.2,0,EQ-D11,Evening,7.6,Pass
B00530,Ceftriaxone 1g,Injectable,2023-10-21,Plant_C,N/A,23.11,43.3,6.22,88.9,101.7,,94.9,4,EQ-C02,Evening,8.7,Fail
B00807,Cetirizine 10mg,tablet,2023-08-14,Plant_D,228.6,24.82,41.6,5.95,86.9 %,101.26%,0.131,101.0,0,EQ-D08,Evening,9.1,Pass
B02130,Atorvastatin 20mg,Tablet,2025-03-14,Plant_D,299.2,24.54,50.8,6.57,90.3,98.4,,91.3,0,EQ-D03,Night ,10.8,Pass
B00864,Azithromycin Susp,Suspension,2023-07-18,Plant_B,158.2,21.86,45.4,NA,92.7,97.4,0.097,94.9,2,EQ-B12,Morning,87.04,Pass
B01969,Insulin Glargine,injectable,2023-01-11,Plant_B,,21.97,58.5,6.4,91.6,99.11,0.363,96.0,0,EQ-B06,Evening,7.8,Pass
B02771,Omeprazole 20mg,Capsule,2023-12-16,Plant_D,221.7,18.69,45.7,6.22,83.8,97.61,0.522,93.7,1,EQ-D11,Evening,null,pass
B00537,IBUPROFEN 400MG,Tablet,2023-10-05,Plant_C,444.6,22.47,52.7,6.59,92.3,97.19,0.427,94.2,1,EQ-C01,Morning,9.2,Pass
B00689,,Tablet,2025-11-05,N/A,455.0,23.73,45.2,7.0,90.0,99.01,0.055,95.4,one,EQ-C05,Morning,9.9,Pass
B02330,Amoxicillin 250mg,Capsules,NA,Plant_B,208.2,-40,33.0,6.09,88.6,98.86,0.699,92.7,2,EQ-B06,evening,,Pass
B00481,Metformin 850mg,,2025-05-03,Plant_A,589.1,21.06,42.6,6.08,86.8,99.61,0.79,96.1,0,EQ-A09,Morning,10.9,pass
B02749,Ibuprofen 400mg,Tablet,2023-01-15,-,503.7,20.84,50.5,6.46,NA,99.45,0.771,96.0,3,EQ-C11,Evening,10.3,Under Review
B00839,Paracetamol 500mg,Tablet,06/03/2024,Plant_A,332.1,19.7,44.6,7.09,91.3,100.84,,63.38,0,EQ-A08,Evening,10.1,Pass
B00137,Omeprazole 20mg,Capsule,2023-09-20,Plant_A,183.9,21.65,44.1,6.13,89.9,98.01,0.27,97.4,0,EQ-A07,Evening,8.8,Pass
B01425,metformin 850mg,Tablet,2024-12-25,,470.3,21.92,45.6,6.91,89.8,97.53,0.403,94.9,0,EQ-A03,Evening,12.3,Pass
B01068,Omeprazole 20mg,Capsule,2025-11-01,Plant_B,,25.19,250,6.93,88.9,98.93,1.177,92.7,1,N/A,evening,9.5,Fail
B02552,Atorvastatin 20mg,Tablet,10-28-2024,B,312.5,24.91,48.9,6.42,97.8,100.42,0.281,96.0,0,EQ-B02,Morning,10.9,Pass
B01816,Amoxicillin 250mg,Capsule,2024-07-12,PLANT-D,284.3,23.67,52.9,6.76,90.1,101.08,0.771,98.5,1,EQ-D01,Morning,8.7,Pass
B02515,AMOXICILLIN 250MG,Capsule,2025-09-27,Plant_A,282.2,23.07,48.6,7.01,92.1,100.55,0.197,98.3,0,EQ-A04,Morning,9.9,Pass
B00216,Metformin 850mg,Tablet,2025/11/01,Plant_A,539.1,21.33,40.1,6.08,94.4,99.49,0.254,96.9,2,EQ-A08,Evening,10.2,Pass
B00442,Atorvastatin 20mg,Tablets,2025-03-26,Plant_C,321.3,27.38,47.5,6.58,92.7,100.09,0.077,92.4,2,EQ-C06,Morning,8.4,Under Review
B02804,paracetamol 500mg,Tablet,2025-05-02,Plant_D,NA,22.75,37.7,7.06,91.5,98.44,0.486,92.8,0,EQ-D10,Evening,0 h,Pass
B02211,Omeprazole 20mg,Capsule,2024-12-30,Plant_B,234.1,20.98,47.3,6.47,93.5,97.11,0.1,93.1,0,NA,Evening,7.7,Pass
B00669,Ceftriaxone1g,Injectable,2025-05-08,Plant_A,100.2,21.7,49.2,5.94,92.2,98.3,0.132,98.8,1,EQ-A07,Evening,7.6,Pass
B02310,Cetirizine 10mg,Tablet,2024-10-11,null,227.8,23.78,45.2,6.29,88.2,101.4,0.439,95.2,1,EQ-A03,Evening,11.2,Pass
B02280,Omeprazole 20mg,Capsule,2023-04-08,Plant_A,253.8,22.31,31.6,6.23,89.1,99.92,0.862,94.9,-1,EQ-A07,Evening,9.7,Pass
B01572,Atorvastatin 20mg,Tablet,2024-12-09,Plant_A,308.8,22.16,46.0,6.18,84.5,100.23,0.291,99.6,0,EQ-A08,Morning,11.1,Pass
B00080,Omeprazole 20mg,Capsule,2023-12-08,Plant_A,253.5,21.12,41.0,7.02,85.3,100.1,0.441,98.3%,1,EQ-A05,Morning,10.0,Pass
B00809,Atorvastatin 20mg,Tablet,2024-07-23,Plant_A,324.9kg,19.41,50.1,6.69,98.0,101.63,0.41,92.3,1,EQ-A10,Morning,10.6,Pass
B00091,Ibuprofen 400mg,Tablet,2023-08-12,Plant_B,429.2,22.68,47.4,6.06,84.3,100.62,0.768,93.9,4,EQ-B05,MORNING,8.9,Fail
B00432,Azithromycin Susp,Suspension,2025-11-03,Plant_A,171.9,22.03,35.4,6.83,94.5,99.79,1.016,95.4,1,EQ-A08,Morning,8.6,Under Review
B00236,AZITHROMYCIN SUSP,Suspension,2023-08-25,Plant_C,130.0,21.22,41.7,6.82,94.8,,0.304,66.52,1,EQ-C08,Evening,9.3,Pass
B00380,Metformin 850mg,Tablet,,Plant_A,476.3,22.72,44.3,6.26,89.9,97.39,0.402,100.2,1,EQ-A01,Morning,10.8,Pass
B02791,Ceftriaxone 1g,Injectable,2023-04-03,Plant_A,86.6,23.36,46.5,6.37,91.9,99.16,0.395,93.7,0,EQ-A11,Evening,9.4,Pass
B02725,AzithromycinSusp,Suspension,2025-03-26,Plant_D,3159.78,19.81,47.5,6.67,88.9,100.12,0.511,97.5,1,EQ-D09,Morning,9.4,pass
B00103,Insulin Glargine,Injectables,2023-07-02,Plant_B,50.2,23.56,34.6,6.41,96.5,100.66,0.269,95.3,3,EQ-B02,Evening,8.4,Under Review
B00158,Cetirizine 10mg,Tablet,22 Sep 2024,Plant_C,207.9,23.12,37.7,6.43,100.4,100.76,0.93 %,99.5,0,EQ-C12,Evening,9.0,Pass
B01282,Azithromycin Susp,Suspensions,2025-12-10,,150.6,23.53,46.7,6.21,91.6,97.98,0.104,93.1,1,EQ-A01,Evening,7.6,Pass
B00389,INSULIN GLARGINE,Injectable,"October 29, 2023",Plant_D,62.8,24.25,40.8,6.6,90.7,99.22,0.939,68.56,0,EQ-D05,EVENING,7.6,Pass
B02711,Paracetamol500mg,Tablet,2023-09-15,Plant_A,371.4,23.46,50.7,6.6,96.1,100.87,0.939,94.4,0,EQ-A04,evening,9.5,Pass
B00849,Insulin Glargine,Injectables,2023-09-20,Plant_B,50.9,23.09,50.4,6.72,90.1,99.64,0.332,97.7%,2,EQ-B09,NIGHT,8.6,Pass
B00668,Insulin Glargine,Injectable,"December 20, 2023",Plant_A,68.7,22.91,41.7,6.42,95.5,99.17,0.41,94.8,2,EQ-A01,Morning,8.4,Pass
B00369,paracetamol 500mg,Tablet,2024-01-25,Plant_C,409.1,NA,49.2,6.56,97.0,99.18,0.087,98.1,0,EQ-C08,Morning,9.7,Pass
B01727,Ceftriaxone 1g,Injectable,2024-04-24,Plant_A,91.0 kg,21.59,46.6,6.11,97.0,100.26,0.296,93.8,0,EQ-A01,Morning,7.5,Pass
B02870,Metformin 850mg,Tablet,2024-01-19,Plant_A,417.9,25.06,51.8,6.17,,,0.481,94.1,1,EQ-A04,Evening,9.1,Pass
B00253,Amoxicillin 250mg,Capsule,2024-01-26,Plant_B,263.9,24.46,52.7,6.14,96.1,100.23,0.475,96.0,1,EQ-B03,Evening,11.3,Pass
B01216,Amoxicillin250mg,Capsule,2023-12-28,Plant_C,203.5,26.35,48.9,6.57,91.0,97.66,0.294,96.6,1,EQ-C06,Evening,9.2,Pass
B00826,Paracetamol 500mg,Tablet,2025-01-07,Plant_B,323.3,22.06,50.7,6.84,90.2,99.83,0.454,98.1,2,EQ-B04,Evening,10.1,Pass
B00085,Omeprazole 20mg,Capsule,2023-01-28,Plant_B,259.5,21.65,-,6.32,92.3,98.82,0.128,96.6,2,,,9.3,Pass
B02294,Azithromycin Susp,Suspension,2025-07-12, Plant_A ,166.1,23.24,49.4,6.78,92.7,98.76,0.464,95.5,1,EQ-A10,Evening,8.9,Pass
B00544,Amoxicillin 250mg,Capsule,2024-08-06,Plant_C,262.1,23.11,43.5,6.47,96.7,96.21,null,99.2,2,EQ-C08,Evening,8.9,Passed
B02812,Metformin 850mg,Tablet,2023-05-29,Plant_B,409.9,23.2,45.0,6.31,95.2,100.69,4.37,96.1,1,EQ-B12,Morning,10.1h,Pass
B00684,CEFTRIAXONE 1G,Injectable,18 Nov 2023,Plant_C,106.6,22.95,39.2,5.87,83.1,99.63,1.839,96.7,1,EQ-C09,Morning,9.2,Fail
B01557,Insulin Glargine,Injectable,2025-04-05,Plant_D,69.4,24.5,48.2,7.01,92.3,99.66,0.317,100.0,1,NA,Morning,9.1,Pass
B02899,Azithromycin Susp,Suspension,2025-01-10,Plant_A,139.2,24.2,39.8,6.56,95.0,100.5,0.399,100.7,1,EQ-A01,Morning,9.7,Pass
B00759,Amoxicillin 250mg,Capsule,2024-06-06,Plant_B,295.6,22.4,50.7,7.11,95.3,100.24,0.187,97.2,0,EQ-B08,Evening,9.6,Pass
B01027,Paracetamol500mg,Tablet,2025-01-16,Plant_A,439.9,21.87,44.4,6.44,91.4,99.02,0.296,97.8,2,EQ-A08,Morning,11.5,Pass
B00832,Metformin 850mg,Tablet,"February 04, 2023",Plant_D,428.0,19.73,89.47,6.72,85.4,101.79,0.178,97.0,3,EQ-D06,Morning,9.9,Under Review
B02575,Azithromycin Susp,Suspension,2025-11-12,Plant_D,166.5,22.07,44.3,6.28,93.7,129.26,0.476,96.8,0,EQ-D08,Morning,8.0,Pass
B01194,Azithromycin Susp,Suspension,2023-02-17,Plant_C,122.4,22.48,40.0,6.27,89.0,100.16,0.183,92.1,0,EQ-C11,-,9.2,Pass
B00210,Azithromycin Susp,Suspension,2024-01-20,Plant_D,176.0,23.6,55.7,6.88,87.0,132.81%,0.398,95.8,2,EQ-D10,Night,8.1,Pass
B00477,Insulin Glargine,Injectable,2025-01-05,Plant_C,63.0,23.28,52.8,6.24,91.2,98.22,1.469,97.0,1,EQ-C05,Morning,8.4,Fail
B02188,METFORMIN 850MG,Tablet,2024-01-02,N/A,523.4,22.77,52.2,6.98,96.1,100.68,0.555,93.7,0,EQ-C07,NIGHT,8.5,Pass
B01525,Omeprazole20mg,Capsule,2023-02-19,Plant_D,236.9,23.26,45.1,N/A,92.9,99.57,0.099,94.0,0,EQ-D11,Morning,8.6,Pass
B01053,Cetirizine 10mg,Tablet,2024-12-04,Plant_D,212.9,23.19,57.2,6.34,87.8,101.11,0.075,92.8,4,EQ-D03,Night,9.3,Fail
B01541,NA,Tablet,2025-05-01,plant_b,485.4,,46.9,6.52,89.9,97.79,0.163,97.5,1,EQ-B07,Night,10.9,Pass
B00086,Azithromycin Susp,Suspension,2025-11-30,Plant_C,138.8,25.41,50.6,6.44,94.1,97.43,0.819,93.3,1,EQ-C11,-,6.3,Pass
B02186,Metformin 850mg,Tablet,2025-04-09,Plant_A,592.9,24.24,49.4,7.31,89.4,96.44,0.387,,1,EQ-A01,Night,9.3,Pass
B01927,Atorvastatin 20mg,Tablet,2024-09-19,Plant_D,323.7,24.28,51.3,6.12,95.3,97.91,0.243,92.9,1,EQ-D01,Night,11.6,Pass
B00515,Ceftriaxone 1g,Injectable,2023-08-25,B,85.5,23.01,32.6,6.71,92.4,98.72,0.278,99.5,3,EQ-B04,M,7.3,Under Review
B00482,Insulin Glargine,Injectable,2024-07-15,PLANT-B,57.1,23.02,49.5,6.26,85.9,99.36,0.624,94.2,1,EQ-B12,Morning,9.6,Pass
B00310,Amoxicillin 250mg,capsule,15/10/2025,Plant_A,204.4,22.53,50.0,9.71,93.0,96.81,0.204,98.6,1,EQ-A09,Evening,9.3,pass
B00955,azithromycin susp,Suspension,2023-08-02,Plant_D,128.5,23.19,54.9%,6.46,50.91,98.02 %,0.498,95.5,2,EQ-D11,M,8.1,Pass
B01876,Amoxicillin 250mg,Capsule,01 Jan 2025,Plant_D,,21.96,37.9,6.78,95.4,96.59,105.0,95.1,1,EQ-D10,Evening,9.5,Pass
B00156,Omeprazole 20mg,Capsule,2025-11-10,Plant_A,189.5,64.76,45.6,5.91,93.8,102.59,0.218,94.9,0,EQ-A06,Morning,10.1,pass
B02224,Ibuprofen 400mg,Tablet,2025-12-02,Plant_A,496.2,22.98,39.3,6.52,92.0,98.59,0.374,97.0,2,EQ-A04,Night,8.2,Pass
B00597,CETIRIZINE 10MG,tablet,2023-08-24,Plant_A,201.6,22.53,49.0,6.44,93.3,98.53,0.292,95.4,0,EQ-A06,Morning,9.4,Pass
B02013,Amoxicillin 250mg,Capsule,2023-03-12,Plant_A,202.8,24.66,31.8,6.92,88.1,99.65,0.744,100.0,1,EQ-A02,Night,9.0,Pass
B02784,Insulin Glargine,Injectable,2024-05-15,Plant_B,51.0,25.88,48.2,7.15,98.2,98.93,0.438,94.4,2,EQ-B06,Evening,9.5,Pass
B01745,Metformin 850mg,Tablet,2025-12-12,Plant_D,479.5,24.33,58.7,6.8,93.0,99.4,0.211,94.2,4,EQ-D11,Evening,10.5,Fail
B02174,Azithromycin Susp,Suspension,2025-09-14,Plant_C,148.6,22.85,,6.23,36.54,99.86,0.777,92.5,2,EQ-C04,Evening,8.5,Pass
B00536,Amoxicillin 250mg,Capsule,12-11-2024,Plant_A,271.4,19.73,52.3,6.52,89.5,98.67,0.473,99.2,,EQ-A03,Evening,10.2,
B02116,Metformin 850mg,tablet,2023-03-29,Plant_C,581.2,24.91,50.7,6.16,94.6,98.79,0.415,95.6,2,EQ-C11,Evening,10.9,Pass
B00607,Atorvastatin 20mg,Tablet,2025-02-22,Plant_A,290.5,19.65,39.8,6.3,91.5,97.0,0.032,100.1,1,EQ-A05,Morning,10.2,Pass
B02351,Cetirizine 10mg,Tablet,2025-12-17,Plant_A,N/A,24.82,39.2,6.74,91.8,100.25,0.648,95.1,1,EQ-A03,Night,10.7,Pass
B00297,Insulin Glargine,Injectable,2025-02-05,Plant_A,66.3,24.52,45.3,6.11,87.3,99.71,0.163,94.9,1,EQ-A04,Night,7.5,Pass
B00650,Insulin Glargine,Injectable,N/A,Plant_C,52.1,22.82,,5.63,86.8,98.34,0.42,99.0,0,EQ-C02,Morning,8.4,Pass
B01470,Paracetamol 500mg,Tablet,2024-10-06,Plant_A,,23.39,41.8,6.42,84.8,100.25,0.111,93.8,0,EQ-A08,Evening,10.9,Pass
B02478,Amoxicillin 250mg,Capsule,2025-11-18,Plant_B,264.5,23.9,49.9,5.86,92.9,102.69,0.333,98.5,1,EQ-B09,Evening,7.8,Pass
B01129,Cetirizine 10mg,Tablet,2023-12-07,Plant_A,201.5,23.94,45.9,6.39,98.8,101.17,0.157,95.8,1,EQ-A11,Morning,7.7,NA
B01926,Amoxicillin 250mg,CAPSULE,2024-07-23,Plant_A,226.8,19.47,34.1,6.53,86.5,99.09,1.161%,96.3,1,EQ-A09,Evening,9.6,Under Review
B01457,Ceftriaxone 1g,injectable,2024-03-14,Plant_A,92.9,25.43,42.2,5.76,,98.37,0.731,95.5,2,EQ-A11,Night,8.2,Pass
B00679,Cetirizine 10mg,Tablet,2023-10-30,Plant_D,216.2,N/A,38.7,,91.6,99.49,0.08,98.7,1,EQ-D04,Morning,9.3,Pass
B01141,Insulin Glargine,null,2023-01-04,Plant_D,49.1,21.22,41.3,,N/A,99.18,0.292,98.0,0,EQ-D11,Morning,6.9,Pass
B00186,Ibuprofen 400mg,Tablet,2025-05-08,Plant_C,407.5,22.13,55.9,7.11,95.3,97.92,N/A,-,2,EQ-C03,Morning,10.7,Pass
B02282,Atorvastatin 20mg,Tablet,2025-06-26,Plant_A,342.4,23.98,46.5,6.53,90.2,101.0,0.812,95.7,,EQ-A09,Morning,10.6,null
B01643,Ibuprofen 400mg,TABLET,2024-05-02,Plant_B,380.0,20.95,46.1,6.49,99.7,99.12,0.039,95.4,0,EQ-B06,Night,9.2,Pass
B01510,Omeprazole 20mg,Capsule,2024-10-10,N/A,211.3,24.98,39.0,6.84,92.2,98.99,0.185,99.5,1,EQ-A04,Morning,9.7,Pass
B01142,Atorvastatin 20mg,Tablet,2023-10-31,Plant_A,338.5,20.2,47.1,7.02,98.1,98.46,0.096,98.4,1,EQ-A12,Morning ,10.1,Pass
B01999,Metformin 850mg,Tablet,2025-09-08,Plant_A,555.4,21.15,44.2,7.1,87.6,99.6,0.333,97.6,1,EQ-A01,Morning,10.4,pass
B02551,NA,Capsule,2024-01-03,Plant_A,184.1,23.38,51.3,6.38,99.5,97.25,0.225,94.5,2,EQ-A09,Night,10.3,Pass
B01943,Insulin Glargine,Injectable,2024-06-13,A,55.0,23.08,43.2,6.85,93.3,101.83,0.398,94.6,4,EQ-A12,NIGHT,7.7,Fail
B02335,cetirizine 10mg,Tablet,"January 11, 2023",Plant_C,177.7,21.78,48.3,5.9,91.9,99.68,0.486,96.9,0,EQ-C04,Evening,8.5,Pass
B01019,Paracetamol 500mg,Tablet,10-08-2023,Plant_B,454.1,19.71,44.6,6.5,85.0,99.33,0.836,97.7,1,N/A,Morning,9.3,pass
B02287,ceftriaxone 1g,INJECTABLE,2023-07-16,Plant_A,90.6,22.56,47.4,5.67,92.0,100.58,0.533,96.7,1,EQ-A12,Night,8.7,Pass
B00725,Azithromycin Susp,Suspension,2025-05-11, Plant_D ,152.0,21.35,47.6,6.68,93.1,99.59,0.145,96.7,0,EQ-D04,Morning,9.6,Pass
B02227,Insulin Glargine,Injectable,2024-09-11,Plant_A,70.7,24.58,48.6,7.12,88.8,99.61%,0.792,101.5,0,EQ-A05,Evening,8.9,Pass
B02035,Ceftriaxone 1g,Injectable,2023-04-30,Plant_B,94.9,21.9,44.7,6.87,94.1,99.68,0.763,94.9,1,EQ-B04,Night,8.3,Passed
B01982,Omeprazole 20mg,Capsule,2025-11-23,Plant_A,214.3,20.06,52.5,5.28,88.7,101.2,0.291,95.0,0,EQ-A09,Night,9.9,UNDER REVIEW
B01709,,Tablet,2025-12-04,Plant_C,583.6,26.48,34.2,7.48,91.7,97.9,0.431,93.2%,2,EQ-C11,Morning,11.2,Pass
B01865,Insulin Glargine,Injectable,01-06-2025,Plant_A,67.3,22.97,34.7,6.68,96.1,100.9,0.14,95.2,1,EQ-A06,Morning,8.1,Pass
B01914,Azithromycin Susp,Suspension,2023-08-17,Plant_A,178.6,55.56,47.6,,94.4,98.91,0.32,96.8,0,EQ-A05,Evening,,Pass
B01003,Cetirizine10mg,N/A,2024-05-06, Plant_A ,239.5,21.11,42.7 %,6.39,,98.53,0.255,94.4,0,EQ-A03,Evening,9.7,pass
B01871,Paracetamol 500mg,Tablet,N/A,Plant_C,437.0,21.68,51.3,6.44,94.5,180,0.322,,0,EQ-C07,Morning,8.2,PASS
B00262,Amoxicillin 250mg,Capsule,2023-01-15,Plant_A,218.1,23.08,45.0,5.99,88.9,100.25,0.234,97.4,3,EQ-A10,Night,9.2,Under Review
B01125,Insulin Glargine,Injectable,2023-10-08,Plant_D,50.5,21.98 C,39.6,6.19,95.6,-10,0.501,96.2,0,EQ-D12,Evening,8.0,pass
B00415,,Tablet,2023-01-26,Plant_C,328.0,53.18,53.8,6.37,86.7,95.82,0.066,99.3,1,EQ-C01,Evening,11.7 h,Pass
B00230,Amoxicillin 250mg,Capsule,,plant_a,261.8,22.48,40.8,6.54,-5,100.9,0.269,93.7,0,EQ-A12,Morning,8.6,Pass
B02783,Azithromycin Susp,Suspension,2024-04-07,Plant_D,155.1,22.31,39.7,6.64,86.9,99.34,0.231,100.6,0,EQ-D10,Evening,8.0,Pass
B02706,Metformin 850mg,Tablet,2025-09-19,PLANT-B,508.0,20.21,56.2,6.55,91.6,99.26,0.114,94.8,1,EQ-B01,Evening,10.9,Pass
B01859,Cetirizine 10mg,Tablet,2025-09-20,null,-,23.18,44.9,6.63,92.5,99.86,0.463,98.1,1,EQ-C02,Morning ,10.1,Pass
B02471,insulin glargine,Injectable,2023-12-28,Plant_B,65.7,19.31,,6.15,85.1,100.12,0.417,97.6,1,EQ-B10,Morning,9.7,Passed
B02020,Ibuprofen 400mg,tablet,2023-04-26,Plant_B,388.7,23.48,51.0,6.21,88.0,100.43,0.794,96.2,0,EQ-B01,Morning,11.1,Pass
B01580,Omeprazole 20mg,Capsule,2025-10-26,Plant_D,187.6,21.93,53.0,6.2,92.9,135.75,0.115,97.2,0,EQ-D05,Morning,8.1,PASS
B00543,Amoxicillin 250mg,Capsule,2024-06-01,Plant_A,292.2,22.89,41.0,6.6,93.3,100.81,,97.4,1,EQ-A09,Morning,8.2,Pass
B02704,Insulin Glargine,Injectable,2023-11-28,Plant_B,68.3,55.91,46.7,6.93,85.2,98.93,0.532,99.4,1,EQ-B04,M,7.8,Pass
B00813,Omeprazole 20mg,Capsule,2024-12-24,Plant_B,,25.05,46.7,6.43,95.2,101.92,0.174,93.3,N/A,EQ-B11,morning,8.8,Pass
B02411,Cetirizine 10mg,-,2023-04-25,Plant_A,186.2,22.07,41.2,6.39,95.0,95.78,0.374,95.1,1,EQ-A04,morning,7.8,Pass
B01461,Azithromycin Susp,Suspension,23/01/2023,Plant_A,176.9,21.3,48.6,6.28,91.2,98.12,0.21,97.0,25,EQ-A11,Morning ,7.2,Pass
B02236,azithromycin susp,Suspension,2024-05-05,Plant_A,127.9,24.03 C,42.1,6.17,86.3,97.39,0.37,73.09,0,EQ-A04,Morning,8.1,Pass
B02630,null,,2024-11-29,Plant_B,337.1,24.46,50.6,6.64,96.3,102.44,0.134,93.5,0,EQ-B02,Evening,7.6,PASS
B01925,,Tablets,2023-12-19,Plant_D,280.3,NA,46.6,5.98,100.6,96.93,0.827,97.0,1,EQ-D09,Night,7.1,Pass
B01532,Paracetamol 500mg,Tablets,2023-07-06,Plant_A,474.6,61.88,37.1,6.36,86.8,98.71,0.374,95.0,1,EQ-A12,Morning,10.0,Pass
B00816,Insulin Glargine,Injectable,2024-05-10,Plant_C,54.6,21.32,45.5,6.71,140,96.9,0.421,94.2,0,EQ-C02,Evening,7.9,Pass
B00541,Azithromycin Susp,Suspension,"September 17, 2025",Plant_C,123.9,19.64,45.1,6.21,97.8,99.7,1.534,91.5,2,EQ-C07,Evening,9.0,Fail
B00977,Paracetamol 500mg,TABLET,2025-01-12, Plant_C ,440.8,22.14,42.2,6.07,92.5,99.47,0.588,95.5,0,EQ-C01,Morning,10.1,Pass
B02313,CETIRIZINE 10MG,Tablets,2023-08-18,Plant_A,219.1,22.51,50.7,null,91.0,100.11,0.383,98.9,0,EQ-A03,Night,9.7,Pass
B00106,Azithromycin Susp,Suspension,2024-04-14,Plant_D,124.9,23.35,42.0,,93.4,99.04,0.722,99.4,2,EQ-D08,Night,7.7,PASS
B00921,insulin glargine,Injectable,2024-08-04,Plant_A,68.4,24.42,36.0,6.54,86.7,98.54,0.146,96.3,1,EQ-A02,Morning,6.8,Pass
B02684,Insulin Glargine,Injectable,2024-09-17,Plant C,61.3,23.11,45.2,6.56,85.7,98.55,0.956,93.2,3,EQ-C09,Evening,8.5,Under Review
B01489,Amoxicillin 250mg,Capsule,2024-09-24,Plant_A,205.9,21.28,NA,6.54,90.9,99.25,0.172,98.4,one,EQ-A05,Morning,10.2,Pass
B01933,Insulin Glargine,,2023-02-05,Plant_D,71.8,21.05,54.5,6.36,92.4,98.6,0.183,95.7,2,EQ-D03,Evening,8.6,Pass
B02858,Azithromycin Susp,Suspension,2024-01-12,Plant_A,133.0,21.9,46.3,7.06,89.8,99.63,0.241,100.3,1,EQ-A04,Evening,9.4,Pass
B00973,Ibuprofen 400mg,Tablet,2025-03-16,Plant_C,536.0,19.87,47.0,-1,89.3,100.0,0.581,96.3,1,EQ-C09,Evening,10.5,Pass
B00704,Amoxicillin 250mg,Capsule,2025-11-04,Plant_B,245.5,26.29,42.2,6.34,84.6,102.89,0.165,96.8,0,EQ-B07,Morning,8.4,Pass
B02488,Paracetamol 500mg,Tablet,2024-08-26,Plant_A,380.3,24.24,34.7,6.11,96.7,101.77,5.61,93.2,0,EQ-A03,evening,8.9,Pass
B02635,Paracetamol 500mg,null,2024-02-26,Plant A,420.4,21.55,37.0,6.43,92.2,99.61,0.103,96.6,1,EQ-A10,Evening,9.4,Passed
B01787,,Capsule,2025-09-13,Plant_B,,22.89,48.4,6.27,88.6,100.43,0.285,95.9,0,EQ-B05,Evening,9.1,Pass
B02251,CETIRIZINE 10MG,Tablet,2024-04-17,Plant_A,187.0,22.81,43.7,6.61,40.89,99.49,0.189,93.0,0,EQ-A12,Morning,8.8,PASS
B01596,Amoxicillin 250mg,Capsule,2023-09-06,Plant_D,200.3,23.47,48.9,6.81,94.9,100.61,0.067,92.9,0,EQ-D10,Morning,10.2,Pass
B02590,Atorvastatin 20mg,Tablet,2025-05-20,Plant_B,269.7,23.57C,50.8,6.64,84.5,100.19,0.64,94.6,0,EQ-B03,Evening,8.1,Pass
B00433,,Injectables,2024-05-03,Plant_A,64.3,23.0,52.8,6.63,93.9,100.49,0.644,94.8,1,EQ-A06,Evening,9.2,Pass
B00563,IBUPROFEN 400MG,Tablet,2023-01-27,Plant_A,486.6,21.02,44.0,6.7,93.0,100.34,0.354,98.5,0,EQ-A03,Evening,11.0,Pass
B02069,Atorvastatin 20mg,Tablet,2023-04-20,Plant_B,352.8,25.34,40.4,6.53,92.0,NA,0.272,99.1,1,EQ-B12,Night,10.2,Pass
B01152,Cetirizine 10mg,Tablet,2024-08-22,Plant_C,169.8,24.12,48.2,6.9,93.3,97.98,0.667,96.5,2,EQ-C09,Morning,8.7,Pass
B02129,Paracetamol 500mg,Tablet,2024-03-23,Plant_C,428.0,22.29,58.6,5.97,95.6,101.52,0.489,96.0,2,EQ-C08,Morning,10.7,Pass
B00155,Ibuprofen 400mg,,09-20-2024,Plant_B,null,24.66,51.6,6.23,90.0,99.51,0.351,100.3,1,EQ-B04,Morning,9.9,Pass
B02803,Ceftriaxone 1g,INJECTABLE,2023-02-08,Plant_B,74.1,21.61,,6.2,89.5,,0.19,91.7,1,EQ-B07,MORNING,8.6,Pass
B01945,Atorvastatin 20mg,TABLET,2025-05-15, Plant_C ,353.9,23.22,47.2,,85.7,101.24,0.232,97.0,2,EQ-C09,Evening,9.0,Pass
B00081,Ceftriaxone 1g,Injectable,2024-10-01,Plant_B,101.6,21.48,250,6.75,91.7,98.97,0.18,96.5,0,EQ-B07,Evening,6.4,Pass
B00475,Omeprazole 20mg,Capsules,2023-12-05,Plant_B,178.6,20.88,43.2,6.88,88.5,100.08,1.558,96.2,2,EQ-B03,Morning,7.0,Fail
B01946,Amoxicillin 250mg,Capsule,2023/03/22,Plant_A,257.4,22.35,53.1,6.95,87.6,99.74,0.19,95.2,1,EQ-A07,Morning,8.2h,Pass
B00762,Cetirizine 10mg,Tablets,2025-04-14,Plant_A,,21.69,45.2,7.13,94.9,98.94,0.22,99.6,0,EQ-A10,Morning,10.5,Pass
B00347,Ceftriaxone 1g,Injectable,2024-10-15,Plant_C,101.5,19.78,130,6.53,86.5,100.99,0.142,101.5,2,EQ-C01,Morning,9.1,Pass
B00286,Ceftriaxone 1g,injectable,2025-08-19,Plant_A,102.4,23.12,49.4,7.04,92.7,96.41,0.044,95.5,1,EQ-A03,Night,7.6,pass
B01319,Ibuprofen 400mg,Tablet,2023-10-10,Plant_A,533.2,22.64,49.8,6.78,93.7,100.1,0.136,94.3,1,EQ-A06,Evening ,10.8,Pass
B00302,insulin glargine,Injectable,2023-07-24,PLANT-A,70.0,25.05,51.7,NA,91.5,100.46,0.271,96.5,0,EQ-A12,Night,9.8,Pass
B00885,Insulin Glargine,Injectable,2023-09-02,Plant A,49.2,21.92,40.7,,,99.56,4.36,93.4,2,EQ-A07,Night,6.4,Pass
B00318,Azithromycin Susp,Suspension,2023-05-28,Plant_C,144.5,23.87,42.0,NA,94.6 %,97.66,0.459,90.3,18,EQ-C08,Evening,8.3,Pass
B00021,CETIRIZINE 10MG,Tablet,2023-07-14,Plant_B,2713.75,21.98,51.2,6.43,90.8,97.81,1.26,94.8,3,EQ-B01,Night,null,Under Review
B01329,Omeprazole 20mg,Capsule,2023-04-06,Plant_B,240.8,24.59,41.0,6.59,N/A,96.93,0.674,95.5,0,EQ-B05,Night,9.2,Pass
B01705,Ceftriaxone 1g,INJECTABLE,2025-05-03, Plant_A ,82.7,20.82,39.1,6.86,,99.98,0.351,94.9,0,,Morning,8.4,Pass
B02349,Metformin 850mg,NA,2023-12-26,Plant_A,445.6,21.75,46.8,6.66,100.6,97.73,0.147,97.2,1,EQ-A03,Evening,9.6,Pass
B01236,Atorvastatin 20mg,Tablet,"April 24, 2023",Plant_D,241.2,20.55,41.2,5.89,91.3,102.41,0.297,100.5,0,EQ-D08,Evening,8.6,PASS
B00465,Paracetamol 500mg,Tablet,2025-01-09,Plant_D,397.9,20.32,59.1,6.52,93.0,99.61,0.737,94.6,0,EQ-D08,Night,10.7,Pass
B02696,Atorvastatin 20mg,Tablet,2023-08-03, Plant_A ,323.1,21.91,44.8,N/A,91.8,99.64,0.747,97.1,,EQ-A03,Morning,8.9,Pass
B02658,Metformin 850mg,Tablet,2025-12-18,,541.2,23.15,60.7,6.97,91.6,101.27,0.108,94.6,1,EQ-C10,Morning,11.0,Under Review
B02347,Atorvastatin 20mg,Tablet,2023-11-21,Plant_A,249.9,23.89,40.4,5.48,98.5,,0.255,96.6,1,EQ-A01,Night,9.2,Under Review
B01538,Amoxicillin 250mg,Capsule,2024-05-16,Plant_A,229.1,21.04,35.0,6.9,88.3,102.83,0.093,94.2,0,EQ-A08,Morning,9.6,Passed
B00988,Atorvastatin 20mg,Tablet,2025-12-07,Plant_A,250.3,22.05,43.1,6.51,94.7,100.61,0.155,98.9,2,EQ-A11,Evening,8.5,Pass
B01048,Omeprazole 20mg,Capsule,2024-02-20,Plant_D,233.9,22.89,45.5,6.73,NA,100.67,-0.5,96.3,0,EQ-D09,MORNING,10.4,Pass
B00160,Azithromycin Susp,suspension,2024-06-19,Plant_C,122.2,22.05,52.8,6.27,90.3,98.89,0.52,97.9,1,-,Evening,9.6,Pass
B01287,Ceftriaxone 1g,Injectable,null,Plant_C,94.9,21.33,,5.76,98.0,98.84,0.267,95.3,1,EQ-C09,Morning,6.6,Pass
B00211,Metformin 850mg,Tablet,2024-08-19,Plant_D,427.7,19.96,47.2 %,6.39,NA,101.13,0.374,,0,EQ-D01,Morning,9.5,Pass
B02456,Ibuprofen 400mg,Tablet,"June 27, 2023",Plant_B,431.6,24.31,52.1,6.6,87.9,100.14,0.25,95.6,0,EQ-B09,evening,9.0,Pass
B02713,Ceftriaxone 1g,Injectable,2024-01-01,PLANT-B,81.6,22.98,52.4,6.56,89.8,98.32,0.187,97.1,1,EQ-B09,Night,7.9,Pass
B02363,Ceftriaxone 1g,Injectable,2023/12/12,Plant_A,96.4,22.62,48.7,6.49,88.7,98.12,0.508,95.6,0,EQ-A05,Morning,9.4,Pass
B00215,Azithromycin Susp,Suspension,2024-11-21,Plant_D,167.2,19.82,43.0,6.84,96.8,98.97,NA,96.9,0,EQ-D06,M,7.9,Pass
B01040,Insulin Glargine,Injectable,2024-11-26,Plant_D,50.0,21.57,48.9,6.2,89.9,99.3,0.405,96.0,15,EQ-D08,Evening,7.5,Pass
B00888,Amoxicillin 250mg,Capsules,22 Apr 2025,Plant_C,207.1,22.26,87.78,6.74,84.9,98.46,0.63,96.8,2,EQ-C05,Morning,,Pass
B01917,Metformin 850mg,TABLET,2023-12-01, Plant_A ,499.6,23.09,41.9,6.51,90.4,99.16,0.026,93.6,0,EQ-A02,Morning ,10.2,Pass
B00750,Amoxicillin 250mg,Capsule,NA,Plant_A,271.9,22.85,40.7,6.8,90.1,100.68,0.215,96.0,,EQ-A02,Morning,10.3,Pass
B00879,Cetirizine 10mg,Tablet,2023-08-20,A,238.5,999,50.9,6.44,89.7,99.5,0.3,97.1,0,EQ-A07,Morning,9.9,pass
B02248,Amoxicillin 250mg,Capsule,2025-12-12,Plant_B,222.0,24.68,44.4,6.23,95.6,98.63,0.728,94.8,1,EQ-B01,Evening,8.4,
B01688,Ibuprofen 400mg,Tablets,2024-03-11,Plant_D,375.0,23.49,48.4,6.47,92.5,102.29,0.529,98.1,1,EQ-D04,Night,9.2,Pass
B01559,Ceftriaxone 1g,Injectable,2025-04-22,Plant_C,90.0,20.77,39.7,,92.6,103.16,0.295,97.7,1,EQ-C04,Morning,8.1,Pass
B00053,Atorvastatin 20mg,Tablet,2025-04-03,PLANT-B,355.0,23.07,34.3,6.67,,100.13,0.517,94.0,0,EQ-B02,Morning,10.7,Pass
B01907,Metformin 850mg,Tablet,2023-01-25,Plant_A,593.8,24.21,40.3,6.78,100.5,96.74,0.5,98.8,0,EQ-A09,Morning,9.4,pass
B02008,Amoxicillin 250mg,Capsule,2025/10/11, Plant_A ,239.0,27.01,40.5,6.0,88.0,,0.926,95.4,3,EQ-A12,Night,10.4,Under Review
B02859,Azithromycin Susp,Suspension,2024-01-10,Plant_C,126.8,22.27,50.1,6.51,93.9,98.27,0.932,98.4,2,EQ-C06,Morning,9.1,Pass
B02550,Amoxicillin 250mg,Capsule,2024-12-26,Plant_B,230.6,24.97,N/A,6.47,89.8,96.32,0.373,96.6,0,EQ-B01,evening,10.6,Pass
B00975,Amoxicillin 250mg,Capsule,2025-03-31,Plant_C,230.7,23.1,50.5,6.12,94.0,null,0.53,96.0,0,EQ-C06,Morning,9.0,Pass
B00413,Metformin 850mg,Tablet,2023-10-16,A,445.6,21.76,54.8,6.56,87.9,101.07,0.541%,96.8,1,EQ-A07,Morning,12.4,Pass
B02489,Cetirizine 10mg,Tablet,2023-01-30,Plant_C,201.9,23.36,49.9,6.69,96.2,100.25,0.669,94.0,1,EQ-C06,Morning,10.8,Pass
B00007,Paracetamol 500mg,Tablet,2024-08-08,Plant_B,406.0,49.61,39.1,6.42,102.5,99.57,0.391,96.5,0,EQ-B06,Morning,11.6,Pass
B00558,Insulin Glargine,Injectable,2023-08-31,Plant_A,61.5,20.95,40.0,-,92.2,100.31,,95.0,0,EQ-A09,Morning,8.2,Pass
B02878,Ceftriaxone 1g,Injectable,2025-02-23,Plant_A,86.2,19.74,51.8,6.05,92.0,100.05,0.337,94.3,0,EQ-A12,Evening,9.9,Pass
B00659,Paracetamol 500mg,Tablet,2024-04-20,Plant_C,358.4,24.39,38.0,7.03,90.8,100.61,0.36,99.4,4,EQ-C07,Evening ,9.6,Fail
B01050,Amoxicillin 250mg,Capsule,2023-10-25,Plant_A,281.5,23.3,46.9,6.55,87.5,98.24,0.237,98.8,0,EQ-A02,Evening,9.8,Pass
B01773,Atorvastatin 20mg,Tablet,2024-09-15,Plant_A,260.5,21.0,43.7,6.37,92.2,,0.37,66.65,0,EQ-A04,Morning,8.5,Pass
B00469,Amoxicillin 250mg,Capsule,2023-02-03,Plant_B,229.4,23.0,47.1,6.87,95.6,97.87,1.205,97.5,0,EQ-B10,Evening,-5,Under Review
B00447,Atorvastatin20mg,Tablet,2024-08-17,Plant_A,298.5,20.75,44.8,6.41,91.3,98.93,0.348,96.6,1,EQ-A07,Evening,10.1,Pass
B02473,Ibuprofen 400mg,Tablet,2023-11-06,Plant_C,480.3,21.33,52.7,7.11,88.4,95.82,0.423,95.3,3,EQ-C03,Evening,10.7,Under Review
B01813,omeprazole 20mg,Capsule,2025-11-19,Plant_C,190.1,22.84,46.4,6.61,91.7,98.55,0.346,,2,EQ-C12,Morning,8.7,Pass
B00040,Omeprazole 20mg,Capsule,2024-12-09,Plant_B,183.0,23.31,49.9,6.05,89.4,98.24,0.273,95.3,1,EQ-B11,Evening,7.4,Pass
B02375,Omeprazole 20mg,Capsule,,Plant_C,252.3,24.84,46.2,7.07,98.8,98.8,0.54,95.9,1,EQ-C02,M,9.3,Pass
B02518,Cetirizine 10mg,Tablet,"October 18, 2025",Plant_B,199.3,24.14,46.4,6.44,91.5,99.75,0.072,101.6,0,EQ-B04,Morning,8.7,Pass
B00445,Cetirizine 10mg,Tablet,2025-03-02,NA,232.2,21.02,NA,6.3,99.0,100.99,0.119,100.9,3,EQ-A11,Evening,9.4,Under Review
B01900,Atorvastatin 20mg,Tablet,2023-10-21,Plant_B,312.9,21.76,,6.25,86.9,99.75,0.321,94.6,2,EQ-B01,Evening,9.0,Pass
B00222,Ibuprofen 400mg,Tablet,2025-05-15, Plant_C ,450.2,21.59,37.8,5.95,87.4,96.19,0.434,91.1,2,EQ-C08,Evening,11.4,Pass
B00476,Azithromycin Susp,Suspension,2023-03-07,Plant_C,170.6,20.84,48.2,7.01,-5,98.79,1.014,95.7,2,EQ-C04,Night,9.0,Under Review
B02849,Metformin850mg,Tablet,2023-09-11,Plant_B,532.9,20.19,47.5,6.43,86.5,98.57,0.804,93.4,3,EQ-B02,Evening,51.63,Under Review
B00174,,Suspension,2025-04-24,Plant_A,140.7,23.03,55.0,6.66,84.3,99.85,0.201,94.4,2,EQ-A06,Morning,9.7,Pass
B02019,Azithromycin Susp,Suspension,2024-09-26,Plant_B,145.5,22.51,45.8,6.14,93.3,100.37,1.03,96.5,0,EQ-B01,Evening,8.3,Under Review
B00133,Paracetamol 500mg,Tablet,2024-06-28,Plant_B,456.5,23.35,40.5,6.51,91.3,97.94,1.684,99.0,2,EQ-B12,Evening,11.6,fail
B02122,Ceftriaxone 1g,Injectable,2025-01-20,Plant_C,87.1,23.15,47.1,6.63,95.2,98.68,-,97.8%,2,EQ-C03,Morning,9.2,-
B01579,Amoxicillin 250mg,Capsule,2024/04/27,Plant_A,270.3,22.08,39.7,6.67,N/A,101.7,0.795,94.9,0,EQ-A03,Night,8.7,Pass
B01135,Omeprazole 20mg,Capsule,2025/02/23,Plant_B,181.1,21.87,53.6,6.67,85.5,100.25,NA,70.83,3,EQ-B04,Morning,8.0,Under Review
B00516,Amoxicillin 250mg,Capsule,2024-03-04,Plant_A,259.4,21.15,45.4,7.1,87.9,101.68,0.261,97.6,0,EQ-A06,Morning,9.1,Pass
B00190,Atorvastatin 20mg,Tablet,2025-10-11,Plant_A,329.7,23.87,52.8,6.63,90.7,100.55,0.642,95.6,0,EQ-A04,Morning,11.8,Pass
B01061,Azithromycin Susp,Suspension,2025-03-30,Plant_C,134.2,24.32,38.9,6.86,87.9,101.86,0.429,94.6,3,EQ-C09,Evening,7.9,Under Review
B01201,Insulin Glargine,Injectable,2025-11-11,Plant_D,49.8,,56.2,7.04,94.1,95.67,1.001,93.7,1,EQ-D05,Morning,9.3,Under Review
B01041,Azithromycin Susp,Suspension,2023-06-22,Plant_B,142.4,21.1,44.0,6.06,96.5,97.8,0.392,91.4,1,EQ-B10,Evening,8.6,Pass
B02049,Azithromycin Susp,Suspension,2023-04-29,Plant_C,164.6,N/A,56.7,7.07,90.3,103.1,0.709,95.2,6,EQ-C07,N,7.4,Fail
B01877,metformin 850mg,Tablet,2025/07/02,Plant_A,474.7,22.29,52.1,N/A,93.8,100.36,0.317,98.7,0,EQ-A02,Morning,11.4,Pass
B01025,Insulin Glargine,Injectable,2025-10-02,Plant_D,62.5,20.5,41.3,6.39,83.4,99.58,0.269,95.0,1,EQ-D01,Night,7.8,Passed
B00075,Omeprazole 20mg,Capsule,2023-05-16,Plant_A,244.8,23.63,47.2,6.75,98.4,99.68,0.242,97.7,0,EQ-A09,Morning,10.6,Pass
B02464,Cetirizine 10mg,Tablet,2024-09-15,Plant_C,207.4,22.33,60.5,6.55,89.0,98.92,0.635,94.4,0,EQ-C09,Evening,7.0,Under Review
B00752,Amoxicillin 250mg,Capsule,2025-06-17,Plant_C,235.8,23.8,43.4,6.71,92.0,N/A,0.909,97.6,3,EQ-C04,Evening,9.4,Under Review
B01434,Cetirizine 10mg,Tablet,2025-10-31,Plant_A,203.1,20.5,47.9,6.61,91.7,96.47,0.458,94.9,1,EQ-A02,Evening,8.5,Pass
B00645,Azithromycin Susp,Suspensions,2024-07-24,Plant_A,,23.08,35.5,6.98,45.41,101.95,0.233,95.6,0,EQ-A03,Morning,8.0,Pass
B01522,azithromycin susp,Suspension,,Plant_C,178.9,22.85,54.9,6.56,83.9,100.86,0.907,95.5,1,EQ-C06,Morning,9.1,Pass
B01947,Amoxicillin 250mg,capsule,2024-07-01,PLANT-C,248.5,21.08,46.0,6.4,88.1,97.64,0.427,94.9,2,EQ-C09,Night,10.1,Pass
B00747,cetirizine 10mg,Tablet,2025-12-07,Plant_D,203.8kg,23.86,43.6,6.01,89.8,98.58,0.16,94.2,1,EQ-D04,Evening,50.42,Passed
B02394,Metformin 850mg,Tablet,2025-05-28,plant_a,415.4,23.37,40.1,6.51,91.7,98.95,0.189,97.0,0,EQ-A01,Morning,10.9,Pass
B01157,Amoxicillin 250mg,Capsule,2025-09-25,Plant_C,274.8,23.58,45.3,6.6,89.7,101.64,1.033,97.2,3,EQ-C01,Morning,10.7,Under Review
B01454,Metformin 850mg,Tablet,2025-09-10,Plant_D,409.8,23.86,44.8,6.64,88.4%,102.07,0.263,97.7,3,EQ-D05,Morning,10.9,Under Review
B01598,Azithromycin Susp,Suspension,2024-05-07,Plant_C,131.6,20.38,35.0,6.83,93.3,97.76,0.899,95.4,3,EQ-C06,Evening,8.6,Under Review
B01832,Ceftriaxone 1g,Injectable,2025-01-02,Plant C,90.7,22.4,51.0,6.78,92.9,103.04,0.406,99.3,1,EQ-C11,Evening,7.8,Pass
B02852,Atorvastatin 20mg,Tablet,2023-10-30,Plant_B,331.6,24.98,42.8,6.77,93.9,101.54,0.65,92.5,1,EQ-B05,Evening,7.6,Pass
B02336,Cetirizine 10mg,Tablet,N/A,Plant_A,187.6,23.05,42.5,7.11,100.3,99.33,0.539,99.4,0,EQ-A01,Morning,9.7,Pass
B00006,Insulin Glargine,Injectables,2024-12-20,Plant_C,54.6,24.31,45.4,,94.8,98.37,0.279,98.6,0,EQ-C02,Morning,7.5,Pass
B02338,,Injectable,28 Mar 2024,Plant_A,58.4,24.43,48.7,6.54,87.8%,97.88,-0.5,97.1,4,EQ-A04,Night,7.3,Fail
B00608,Cetirizine 10mg,Tablet,2023-01-20,Plant_B,203.9,19.8,47.6,-1,95.1,99.6,0.138,61.74,1,EQ-B05,Morning,,Pass
B00716,Azithromycin Susp,Suspension,2025-08-30,Plant_B,137.0,22.03,38.9,,92.4,100.76,0.654,98.1,3,EQ-B03,Morning,7.5,Under Review
B01680,Cetirizine 10mg,Tablet,2023/05/20,Plant_C,181.4,23.03,34.8,6.61,90.0,99.4,0.455,98.1,1,EQ-C01,Evening,8.0,Pass
B02816,Paracetamol 500mg,Tablet,2025-05-01,Plant_D,431.3,21.6,51.6,6.46,95.8,101.93,0.9,96.2,0,EQ-D12,,9.2,Pass
B00425,Ibuprofen 400mg,Tablet,2025-07-14,Plant_B,444.6,24.79,49.8,6.38,92.7,98.22,0.635,94.9,0,EQ-B12,Evening,10.5,Pass
B01146,Ibuprofen 400mg,TABLET,2023-11-10,Plant_B,424.4,23.52,54.1 %,6.54,91.8,100.63,0.362,98.1,1,EQ-B02,Morning,8.4h,Pass
B00110,Azithromycin Susp,Suspension,2024-04-12,Plant_C,161.7,21.22,43.5,6.89,92.7,99.93,1.794,96.8,-3,EQ-C11,Evening,7.5,Fail
B01903,AzithromycinSusp,Suspension,2025-06-02,B,179.4,24.83,45.9,6.31,87.9,98.8,0.255,93.7,2,EQ-B06,Night,9.5,Pass
B00934,Omeprazole 20mg,Capsule,2024-05-16,Plant_C,249.5,25.56,59.8,7.04,96.7,98.8,0.096,92.1,0,EQ-C10,-,7.6,Pass
B01910,Ceftriaxone 1g,injectable,2024-12-19,Plant A,83.1,20.21,45.4,7.09,93.7,96.9,0.56,94.6,0,EQ-A03,Morning,7.2,Pass
B00582,Insulin Glargine,Injectable,2025-08-26,Plant_D,61.4,22.4,45.5%,6.54,88.1,,0.65,100.7,4,EQ-D06,EVENING,7.7,Fail
B01918,Ibuprofen 400mg,Tablet,2024-10-28,Plant_D,506.9,23.93,51.0,6.63,91.8,99.75,0.101,115,1,EQ-D01,morning,12.0,Pass
B01578,AZITHROMYCIN SUSP,Suspension,2025-04-08,Plant_A,127.4,23.26C,48.5,6.11,88.3,98.57,0.841,96.5,0,EQ-A01,Morning,10.2 h,Pass
B02836,Cetirizine 10mg,Tablet,2023-01-13,Plant_A,194.6,20.36,40.8,6.66,95.7,102.2,N/A,94.7,1,EQ-A06,Morning,10.6,Pass
B02596,Amoxicillin 250mg,Capsule,2025-05-29,Plant_D,234.1,-40,45.0,6.5,95.8,100.65,0.144,97.8,1,EQ-D12,Morning,10.0,PASS
B01380,Cetirizine 10mg,tablet,2023-06-26,Plant_C,188.8,24.08,42.9,6.47,91.7,98.97,0.302,94.6,0,EQ-C05,Evening,7.6,Pass
B01880,Amoxicillin 250mg,Capsule,2023-09-17,Plant_B,276.8,20.83,46.9,6.3,92.9,99.04,0.15,95.4,3,,Morning ,NA,Under Review
B01899,Azithromycin Susp,Suspensions,2023-08-11,Plant_A,171.3,23.03,35.9,6.48,,120.92,0.114,96.1,1,EQ-A04,Evening,7.6,Pass
B02747,Metformin 850mg,,2024-03-31,Plant_C,430.6,22.02,52.9,7.37,91.5,99.0,0.134,95.7,0,EQ-C08,Evening,11.2,Pass
B02293,Metformin 850mg,Tablet,2023-01-17,Plant_D,593.0,24.53,51.7,6.23,85.2,100.18,0.591,96.3,4,EQ-D09,Night,10.4,Fail
B02041,Metformin 850mg,Tablet,2025-05-19,Plant_C,406.7,19.99,47.4,6.62,87.8,100.31,0.614,96.9,1,EQ-C04,Evening,10.8,Pass
B00566,METFORMIN 850MG,Tablet,2023-12-19,Plant_C,N/A,24.35,45.3,6.45,90.5,100.74,0.437,92.9,1,EQ-C04,Evening,9.4,Pass
B00950,Metformin 850mg,Tablet,2025-06-08,Plant_C,481.2,25.13,41.7,6.62,91.1,98.81,,95.2,2,EQ-C04,Morning,9.1,Pass
B00590,Insulin Glargine,Injectable,2025-12-06,Plant_D,50.3,20.39,null,6.36,93.2,99.52,0.205,96.1,0,EQ-D10,Morning,8.3,Pass
B01531,Paracetamol 500mg,Tablet,2024-09-14,Plant_A,453.9,23.82,55.6,6.71,92.4,100.95,1.053,96.1,0,EQ-A05,Evening,8.2,Under Review
B01247,Insulin Glargine,Injectable,2025-04-19,Plant_B,65.0,23.06,47.2,6.63,96.7,95.9,0.072,100.2,1,EQ-B03,Evening,9.0,Pass
B00296,Cetirizine 10mg,Tablet,2023-11-06,Plant_C,201.9,22.46,43.5,6.27,49.02,99.83,0.245,95.8,4,EQ-C04,Evening,7.8,Fail
B00364,Insulin Glargine,Injectable,2025-03-12,Plant_B,53.3,26.71,47.9,6.54,,97.5,1.798,96.5,0,EQ-B06,Evening,9.5,fail
B00775,Insulin Glargine,Injectable,NA,Plant_C,NA,23.06,53.3,6.25,91.8,100.67,0.61,97.4,3,EQ-C06,Night,7.4,Under Review
B01504,Atorvastatin 20mg,Tablet,2024-02-29,Plant_A,273.0,20.97,47.4,6.39,93.1,101.03,0.294 %,97.7,0,EQ-A07,Morning,10.2,Pass
B00604,Amoxicillin 250mg,Capsule,2025-09-16,Plant_A,,21.19,50.7,6.3,90.2,99.88,0.523,98.5,0,EQ-A02,Morning,10.8,Pass
B02623,NA,Capsule,2024-06-12,Plant_B,204.0,23.42,37.9,6.79,89.0,101.5,0.447,96.9,1,EQ-B09,Morning,9.1,Pass
B02290,IBUPROFEN 400MG,,2023-04-13,,483.5,24.38,44.0,6.11,102.4,101.67,0.712,98.3,1,EQ-A08,Evening,9.4,Pass
B01536,Paracetamol 500mg,Tablet,2025-07-09,Plant_C,387.9,24.31,48.1,6.29,82.5,99.44%,0.575,97.9,1,EQ-C12,Night,9.7,Pass
B00031,Ibuprofen 400mg,Tablet,2023-07-24,Plant_A,467.2,22.32,46.9,0,94.9,100.83,0.154,100.3,2,EQ-A06,Morning,9.5,PASS
B00251,Amoxicillin 250mg,Capsule,2025-10-22,D,253.2,20.49,52.7,6.51,94.8,99.53,0.932%,98.1,0,EQ-D12,Morning,10.2,Pass
B00814,Metformin 850mg,TABLET,2025-01-04,Plant_C,504.8,23.94,null,6.6,-,98.06,null,97.0,1,EQ-C06,Evening,10.4,Pass
B01724,Azithromycin Susp,Suspension,2024-08-29,Plant_A,131.9,23.36,37.8,,89.6,100.05,0.456,101.2,0,EQ-A03,MORNING,6.2,Pass
B00042,Azithromycin Susp,SUSPENSION,2025-12-14,Plant_D,178.1,21.5,43.9,6.8,95.0,,0.31,N/A,-3,EQ-D07,Night,7.7,Pass
B00179,Ceftriaxone 1g,INJECTABLE,2024-04-06,Plant_C,87.9,25.28,42.6,6.63,95.0,97.69,0.151,94.7,1,EQ-C06,Evening,9.0,Pass
B02865,Paracetamol 500mg,Tablet,2024-09-11,Plant_B,386.7,21.51,45.8,6.96,92.9,99.87,0.345,96.6,1,EQ-B09,NIGHT,10.4,Pass
B01869,Paracetamol 500mg,Tablet,2023-11-13,Plant_C,331.3,22.3,40.6,5.93,91.2,98.6,0.521,97.5,1,EQ-C07,Morning,8.5,Pass
B02110,Metformin 850mg,Tablet,2024-06-05,Plant_D,544.9,23.54,48.6,6.64,88.4,98.22,,93.4,1,EQ-D06,morning,10.3,Pass
B01893,Insulin Glargine,Injectable,2025-11-05,plant_b,,22.32,47.4,6.37,82.5,98.92,0.506,98.5,2,EQ-B06,,9.5,Pass
B00421,null,Injectable,2023-03-05,Plant_C,84.4,NA,53.1,6.85,88.6,99.71,0.473,101.5,1,EQ-C03,Night,9.1,Pass
B01195,cetirizine 10mg,Tablet,2025-12-30,Plant_C,167.7,20.54,37.2,6.06,94.1,100.37,0.463,97.2%,1,EQ-C03,-,8.2,Pass
B02233,CEFTRIAXONE 1G,Injectable,2023-05-06,,106.7,22.45,45.5,6.86,87.0,100.61,0.434,98.2,1,EQ-D01,Morning,9.3,Pass
B01059,ibuprofen 400mg,Tablet,2023-04-28,PLANT-A,398.9,21.11,59.1,,95.3,101.49,0.082,97.0,1,EQ-A01,Morning,10.6,Pass
B02013,Amoxicillin 250mg,Capsule,2023-03-12,Plant_A,202.8,24.66,31.8,6.92,88.1,99.65,0.744,100.0,1,EQ-A02,Night,9.0,Pass
B00811,Paracetamol 500mg,Tablet,2024-02-23,A,477.8,23.45,41.1,6.3,92.7,100.44,0.401,97.8,1,EQ-A12,Morning,10.9,Pass
B01256,Paracetamol 500mg,Tablet,2025-11-01,Plant_D,473.4,24.74,40.2,6.24,null,99.6,0.108,95.8,0,EQ-D12,Morning,11.0,Pass
B02235,Cetirizine 10mg,Tablet,2024-02-04,Plant_B,202.9,24.15,47.1,6.13,90.1,101.57,0.394,89.2,1,EQ-B07,Morning,10.2,Under Review
B00776,Ceftriaxone 1g,Injectable,2024-12-17,A,94.5,18.97,49.1,6.32,,98.88,0.357,97.9 %,0,EQ-A03,Evening,9.2,Pass
B00115,Cetirizine 10mg,Tablet,2024-04-18,Plant_B,222.3,21.18,,6.53,90.8,99.04,0.857,97.3,2,EQ-B07,Night,NA,Pass
B02066,Cetirizine 10mg,Tablet,2025-01-01,Plant_B,204.7,22.99,48.8,6.15,89.3,99.63,0.988,96.2,3,EQ-B02,Morning,9.3,Under Review
B00356,Ceftriaxone 1g,Injectable,2024-04-03,Plant_A,75.4,22.36,49.5,6.33,92.6,101.73,0.688,-20,0,EQ-A11,Morning,null,Pass
B00170,Paracetamol 500mg,Tablet,2024-12-19,Plant_B,348.0,51.76,42.4,6.75,89.1,98.41,0.589,100.2,0,EQ-B03,Evening,9.0,Pass
B01087,insulin glargine,Injectable,2024-02-04,Plant_B,48.6,22.68,43.8,6.49,94.6,102.58%,0.121,95.1,2,EQ-B11,Evening,7.8,Passed
B02328,AMOXICILLIN 250MG,Capsule,2025-10-24,Plant_D,225.6,21.36,48.4,6.35,100.6,99.62,0.888,97.7,3,EQ-D08,night,9.1,Under Review
B02081,Insulin Glargine,Injectable,"July 10, 2024",Plant_C,,24.7 C,50.2,6.41,88.5,99.74,0.935,95.5,2,EQ-C04,Morning,7.6,Pass
B02671,Azithromycin Susp,Suspension,2023-10-03,Plant_A,167.2,23.38,48.0%,6.24,91.9,99.8,0.46,96.6,1,EQ-A08,Evening,8.8,Pass
B02663,Amoxicillin 250mg,Capsule,2025-11-25,Plant_D,270.3,23.47,41.5,6.3,92.4,98.39,1.474,96.4,0,EQ-D05,Morning,10.3,Fail
B00188,Atorvastatin 20mg,TABLET,2025-09-28,Plant_B,266.3,21.67,56.3,6.65,89.8,99.45,0.39,93.1,0,EQ-B07,Morning,11.2,Pass
B01115,Amoxicillin 250mg,,2024-01-31,Plant_D,221.0,24.39,-,N/A,91.8,101.52,0.313,94.7,1,EQ-D01,Night,9.0,PASS
B00113,Cetirizine 10mg,Tablet,31 Mar 2023,Plant_A,171.8,23.21,48.3,6.8,95.0,99.55,0.364,62.42,0,EQ-A12,Morning,7.6,Passed
B02440,Paracetamol 500mg,Tablet,2024-10-25,Plant_D,446.1,22.44,49.0,5.97,140,99.27,0.166,94.4,2,EQ-D09,Night,10.8,Pass
B00815,Azithromycin Susp,Suspension,2024-09-09,Plant_D,155.9,23.18,45.4,6.53,104.8,98.74,0.416,94.3,1,EQ-D02,Evening,8.7,Pass
B02399,Metformin 850mg,Tablet,2023-06-19,Plant_B,416.9,24.33,47.8%,6.65,91.6,102.06,0.207,95.6,1,EQ-B05,Evening,9.6,Pass
B01519,Ibuprofen 400mg,Tablet,2024-05-15,-,366.8,23.08,43.3,6.44,91.4,98.41,0.238,93.1,1,EQ-D09,Night,9.5,Pass
B00622,Ibuprofen 400mg,,2024-02-18,Plant_D,451.3,22.03,45.3,6.96,null,101.49,0.363,98.2,0,EQ-D06,EVENING,40.24,Pass
B00252,Ibuprofen 400mg,Tablet,2024-08-11,Plant_A,462.5,24.49,57.8,6.47,86.4,99.38,0.222,94.1,0,EQ-A05,Morning,9.0,Pass
B01671,Azithromycin Susp,Suspension,2024-09-02,,175.6,21.53,44.1,6.5,92.0,95.44,0.659,94.3,0,EQ-A08,Night ,8.6,Pass
B01174,Amoxicillin 250mg,Capsule,2023-02-12,Plant_A,250.1,22.02,49.8,7.06,86.3,99.35,0.361,99.7,0,EQ-A05,MORNING,9.8,Pass
B02058,Azithromycin Susp,Suspension,2024-05-23,Plant_D,128.2,-,41.7,NA,83.8,100.54,0.637,97.0,2,EQ-D09,Evening,8.6,Pass
B01366,Paracetamol 500mg,Tablet,2023-10-08,NA,425.7,,49.6,6.7,84.2,101.02,0.241,98.9,0,EQ-A07,Morning,10.7,Passed
B02246,Insulin Glargine,Injectable,2025-04-09,Plant_D,54.7,21.9,53.1,6.37,85.0,100.41,0.103,95.9,0,EQ-D05,Evening,7.6,Pass
B02185,Omeprazole 20mg,Capsule,2023-12-03,PLANT-B,258.0,22.7,40.2,6.45,93.7,101.07,0.398,96.2,2,EQ-B10,Morning,9.3,Pass
B01283,Atorvastatin 20mg,Tablet,2025-02-27,Plant_B,245.3,23.57,37.6,-1,95.2,99.9,0.941,96.4,1,EQ-B08,Morning,10.3,Pass
B02097,Ceftriaxone 1g,Injectable,2025-05-02,Plant_B,96.9,22.47,41.5,6.86,89.2,100.65,0.792,95.1,1,EQ-B03,Evening,8.7,Pass
B01490,Cetirizine 10mg,Tablet,2024-11-16,Plant_A,215.9,20.82,31.1,-1,95.8,102.49,0.175,97.9,1,EQ-A11,Morning,,Pass
B02065,Cetirizine 10mg,Tablet,2024-04-04,Plant_C,171.7,23.28,38.8,6.98,93.3,99.03,1.171,95.7,2,EQ-C07,Morning,8.6,Under Review
B01505,cetirizine 10mg,Tablet,2025-09-09,Plant_D,2628.25,21.24,50.9,5.92,93.1,180,0.629%,101.0,0,EQ-D12,Morning,8.7,Pass
B01804,Metformin 850mg,Tablet,2024-11-16,PLANT-B,543.4,21.03,,6.01,100.5,100.67,0.154,101.4,0,EQ-B07,Morning,10.3,Pass
B01452,Paracetamol500mg,Tablet,2024-09-05,Plant_D,417.5,20.39,40.4,6.84,95.6,102.81,,96.4,2,EQ-D09,M,10.3,Pass
B00388,Insulin Glargine,Injectable,2025-05-06, Plant_A ,61.6,24.26,45.9,7.11,88.2,101.78,0.181,98.7,3,EQ-A03,Morning,8.7,Review
B01583,Cetirizine 10mg,Tablet,2023-02-10,A,205.8,21.32,N/A,7.04,98.6,,0.426,96.6,0,EQ-A09,Evening,8.7,Pass
B02844,Ibuprofen 400mg,-,2023-06-14,Plant_B,522.4,22.28,58.5,,86.4,100.55,0.205,60.4,1,EQ-B11,Morning,12.2,Pass
B01635,Ibuprofen 400mg,Tablet,2023-04-26,Plant_D,373.9,23.98,50.6,7.25,93.1,97.34,0.658,94.7,3,EQ-D09,Night,8.5,Under Review
B02102,Omeprazole 20mg,capsule,2023-08-23,Plant_B,179.7,23.23,47.6,6.81,89.8,99.49,0.69,99.8,1,EQ-B12,Morning,-5,Pass
B02198,insulin glargine,Injectable,2024-03-20,Plant_A,70.1,25.44,45.5,7.21,89.6,99.61,0.323,94.6,1,EQ-A04,Morning,7.0,Pass
B00018,Amoxicillin 250mg,Capsule,"May 26, 2023",Plant A,285.7,21.81,46.7,6.6,91.8,96.15,105.0,96.4,0,EQ-A01,Morning,8.3,Pass
B00883,Ibuprofen 400mg,Tablet,2023-01-29,B,-100,21.25,42.8,6.61,96.8,102.24,0.219,95.1,3,EQ-B07,Morning,10.1,Under Review
B02265,Amoxicillin250mg,Capsule,2023-11-25,Plant_B,null,23.81,56.3,6.74,89.4,98.4,0.515,98.8 %,0,EQ-B07,Evening,11.1,Pass
B01539,Azithromycin Susp,suspension,2024-04-08,Plant_B,167.4,21.1,46.1,6.76,93.4,100.33,0.548,95.8,2,EQ-B05,Evening,9.7,Pass
B01994,Omeprazole 20mg,NA,2023-06-22,Plant_A,190.9,22.75,31.4,6.43,91.6,102.13,,96.9,1,EQ-A08,Evening,7.5,Pass
B00439,null,,2023-01-18,Plant_A,346.0,26.68,46.6,6.12,87.3,100.06,0.245,97.6,0,EQ-A11,Evening,9.4,Pass
B01100,Ibuprofen 400mg,Tablet,2025-12-18,Plant_A,452.7,,45.6,5.99,90.5,101.32,0.321,98.0,1,EQ-A04,Morning,9.9,Pass
B01095,Atorvastatin 20mg,Tablet,2025-10-18,Plant_A,286.3,21.44,42.8,6.26,89.4,97.93,0.253,95.4,0,EQ-A11,Morning,11.5,Pass
B00416,Omeprazole 20mg,,,Plant_A,239.2,24.84,45.3,5.96,89.9,100.98,-0.5,94.8,0,EQ-A02,Morning,9.1,Pass
B02273,Metformin 850mg,Tablet,2023-06-04,Plant_A,575.9,22.02,48.3,6.7,90.1,99.77,0.532,98.1,0,EQ-A11,Evening,12.7,Pass
B02822,Insulin Glargine,Injectables,2023-05-20,Plant_B,68.6,22.71,43.3,7.34,89.2,99.22,0.108,91.8,1,EQ-B10,Morning,7.4,Pass
B01417,Omeprazole 20mg,Capsule,13/03/2024,Plant_B,176.7,23.2,47.8,6.23,91.7,101.52,0.331,96.4,4,EQ-B10,Night ,8.4,Fail
B02212,Azithromycin Susp,SUSPENSION,N/A,Plant_A,175.8,22.89,,6.42,,100.73,0.142,96.2,0,EQ-A01,Morning,9.2,Pass
B01507,Ceftriaxone 1g,Injectable,2024-01-01,Plant_D,101.6,25.21,41.1,6.63,85.3,100.54,0.371,96.7,2,EQ-D07,Morning,7.0,Pass
B00291,INSULIN GLARGINE,Injectable,2023-06-17,Plant_C,55.3,22.52,,6.75,91.7,101.07,0.744,94.9,1,EQ-C01,night,8.8,Pass
B00958,OMEPRAZOLE 20MG,Capsule,2025-07-19,Plant_B,-,24.39,53.1,7.38,,99.39,-2.0,94.6,3,EQ-B04,Night,null,Under Review
B00119,METFORMIN 850MG,Tablet,2024-09-09,Plant_C,559.5,24.22,54.5,6.74,94.1,101.01,0.872,94.2,1,EQ-C03,Morning,85.08,Pass
B01200,Omeprazole20mg,Capsule,2024-08-16,Plant_B,220.8,23.62C,54.9,6.91,89.9,97.86,0.428,92.1,1,EQ-B06,Night,8.3,Pass
B00197,Atorvastatin20mg,Tablet,2023-03-19, Plant_A ,329.8,22.84,44.1,6.21,97.5,98.88,0.551,93.2,1,EQ-A12,Morning,9.7,Pass
B00697,Azithromycin Susp,Suspension,2025-01-12,Plant_A,128.3,21.59,46.9,6.7,94.8,99.16,0.262,99.4,0,EQ-A03,Morning,7.5,Pass
B00606,Cetirizine 10mg,Tablet,2023-01-31,Plant_D,-100,23.91,47.1,6.33,83.0,96.85,0.661,93.5,2,EQ-D05,Evening,7.6,Passed
B00387,paracetamol 500mg,Tablet,2025-10-20,Plant_B,344.8,22.46,52.6,6.37,87.7,101.58,0.599,96.3,0,EQ-B06,Evening,11.7,Pass
B00690,Azithromycin Susp,Suspension,2025-07-14,Plant_A,178.6,20.96,37.1,6.13,89.9,102.51,0.722,98.4,1,EQ-A04,Night,9.7,Pass
B02480,Amoxicillin 250mg,Capsule,2024-03-07,PLANT-B,212.9,23.48,39.0,7.3,89.0,97.88,0.2,93.0,1,EQ-B03,null,9.5,Pass
B02889,Amoxicillin 250mg,Capsule,2025-12-25,Plant_A,228.7,22.42,40.4,5.92,91.5,99.93,0.449,95.9,1,EQ-A10,Evening,8.0,Pass
B00320,azithromycin susp,Suspension,11 Jan 2023,Plant_C,,24.18,51.3,6.93,90.1,100.85,0.808,97.0,1,EQ-C04,Night,6.9,Pass
B02165,Ceftriaxone 1g,Injectable,2025-07-02,Plant_D,96.6,23.82,,6.53,87.7,101.96,0.231,95.5,1,EQ-D11,Morning,8.7,Pass
B00122,Omeprazole 20mg,CAPSULE,2025-09-15,Plant_C,189.2,22.14,49.0,6.98,92.9,102.94,0.449,96.0,2,EQ-C05,Evening,9.6,pass
B00868,InsulinGlargine,Injectable,2024-02-13,Plant_B,56.3,23.51,47.6,,87.6,99.55,0.92,94.5,3,EQ-B09,Morning,6.0,Under Review
B00060,Omeprazole 20mg,Capsule,2024-08-05,Plant_D,248.1,23.24,43.1,6.41,30.56,99.24,0.122,95.7,0,EQ-D07,Evening,9.4,Pass
B01415,Cetirizine 10mg,Tablet,2024-05-11,Plant_A,201.5,24.86,43.3,6.56,88.8,99.93,0.688,97.9,0,EQ-A09,Morning,10.1,Passed
B00360,Azithromycin Susp,Suspension,2025-11-13,Plant_C,145.5,22.47,48.2,6.43,95.5,100.46,0.756,91.6,2,EQ-C01,Morning,7.2,Pass
B00655,Cetirizine 10mg,Tablet,2023-02-08,Plant_A,198.3,21.94,43.8,6.38,87.0,99.63,0.497,97.2,1,,,10.5,Pass
B02153,Insulin Glargine,Injectable,"March 25, 2024",Plant_A,66.4,21.87,-,6.6,96.6,101.86,0.102,94.8,0,EQ-A01,Evening,8.4,Pass
B00329,Amoxicillin 250mg,CAPSULE,2024-04-07,Plant_A,203.3,21.85,44.7,6.72,88.0,99.58,0.396,96.9,1,EQ-A09,Night,9.4,pass
B02067,Azithromycin Susp,suspension,2024-11-27,plant_d,131.0,23.18,46.8,6.61,91.6,101.54,N/A,96.0,1,EQ-D05,Morning,10.2,Pass
B00887,Paracetamol 500mg,Tablet,2025-04-04,Plant_A,321.6,25.52,48.7,7.2,89.5,N/A,0.164 %,95.3,0,EQ-A04,MORNING,7.4,Pass
B01618,Cetirizine 10mg,Tablet,2024-09-24,Plant_C,205.2,22.37,48.5,6.82,91.3,100.11,0.339,94.4,1,EQ-C11,Night,47.37,Pass
B02516,INSULIN GLARGINE,Injectable,04 Aug 2023,Plant_D,59.1,17.09,47.7,6.09,96.2,99.58,0.448,98.3,1,EQ-D06,Morning,8.0,Under Review
B02202,Paracetamol 500mg,Tablet,2024-09-23,plant_a,446.2,20.31,45.8,6.96,88.4,98.73,0.07,97.2,1,EQ-A04,Evening,9.0,Pass
B01235,Omeprazole 20mg,Capsule,09/04/2024,Plant_B,177.4,23.19,45.3,6.25,92.9,101.08,0.087,90.7,0,EQ-B04,Evening,9.4,PASS
B01811,Metformin 850mg,Tablet,2025-07-10,Plant_A,585.1,21.66,53.3,7.02,90.2,100.42,0.749,97.5,2,EQ-A10,Night,11.7,Pass
B01738,Paracetamol 500mg,Tablet,2024-01-06,,351.9,24.05,52.1,15,96.0,100.74,0.452,99.2,2,EQ-B04,Night,10.0,Pass
B00847,Amoxicillin 250mg,Capsule,2023-08-21,Plant_C,214.5,22.48,48.7,6.4,,101.28,0.375,99.0,1,EQ-C09,Morning,9.1,PASS
B00778,Amoxicillin 250mg,Capsule,2025-10-21,PLANT-A,218.6,21.85,45.5,6.39,93.9,100.12,0.061,95.4,1,EQ-A12,Morning,8.9,Pass
B01844,Insulin Glargine,Injectable,2024-11-15,Plant_B,57.6,24.32,50.4,6.76,94.9,99.6,0.22,98.9,1,EQ-B10,Morning,8.8,Pass
B01345,Amoxicillin250mg,Capsule,2023-01-13, Plant_C ,216.9,21.51,48.1,7.01,100.0,97.47,0.237,99.2,0,EQ-C08,Evening,9.8,Pass
B02091,Insulin Glargine,INJECTABLE,2025-11-29,Plant_B,71.0,25.29,46.9,5.65,89.6,101.67,0.298,94.9,-1,EQ-B11,Evening,9.3,Passed
B00020,Ibuprofen 400mg,Tablet,2025-10-18,Plant_B,458.2,20.73,57.5,6.46,95.7,99.33,0.445,98.9,1,EQ-B02,Night,9.3,Pass
B01537,Amoxicillin250mg,Capsule,2025-08-26,Plant_C,247.3,21.72C,46.4,,92.6,97.13,0.481,97.4,0,EQ-C06,Morning,11.2,Pass
B02632,Omeprazole 20mg,Capsule,2024-07-28,Plant_B,216.5,23.04,46.1,6.39,93.5,100.29,0.918,95.0,3,EQ-B11,Evening,9.3,under review
B00185,Ibuprofen 400mg,Tablet,2025-07-04,Plant_C,437.6,-40C,,6.78,87.3,97.53,0.566,96.0,3,,Morning,8.8,Under Review
B00907,Ibuprofen 400mg,Tablet,2025-10-08,Plant_A,462.8,24.9,53.7,6.16,88.0,101.88,0.819,96.2,0,EQ-A08,Night,11.4,Pass
B02834,Cetirizine 10mg,Tablet,"December 24, 2023",plant_d,175.2,23.78,38.6,6.25,90.3,100.8,0.529,95.2,0,EQ-D12,Evening,8.5,Pass
B02903,Insulin Glargine,Injectable,2025-08-16,Plant_A,53.5,27.19,37.0,6.67,92.5,100.14,0.048,96.6,0,EQ-A10,Evening,8.8,Under Review
B01712,Ibuprofen 400mg,Tablet,2024-12-13,Plant_A,428.6,25.65,51.9,6.51,94.6,97.34,0.026,96.4,1,EQ-A03,Evening,9.7,Passed
B01971,Insulin Glargine,Injectable,2024-07-07,Plant_B,66.3,23.26,47.5,7.24,94.0,99.33,NA,94.4,0,EQ-B09,Morning,8.0,Pass
B01063,Amoxicillin 250mg,Capsule,2024-07-25,Plant_A,203.5,23.73,41.3,6.42,90.1,101.46,0.235,93.2,1,EQ-A05,Night,9.3,Pass
B02210,AMOXICILLIN 250MG,Capsule,2024-04-08,Plant_A,291.9,24.69,45.8,6.55,91.3,97.3,0.171,96.4,0,EQ-A08,M,8.6,Pass
B01634,Insulin Glargine,injectable,2023-03-13,,64.3,24.58,34.9,6.56,93.0,98.48,0.397,97.3,1,EQ-B10,Night ,,Pass
B02296,Insulin Glargine,Injectable,2024-12-19,Plant_A,65.2,19.42,39.3,6.9,94.2,100.57,0.126,93.9,0,EQ-A06,Morning,9.2,Pass
B01872,Metformin 850mg,Tablet,2024-04-14,Plant_B,552.1,22.67,52.3,6.47,92.9,99.83,0.262,94.1,2,EQ-B12,Morning,9.8,Pass
B01523,Amoxicillin 250mg,Capsule,2025-04-30,Plant_C,291.0,21.97,40.7,6.52,92.6,101.44,1.016,95.3,4,EQ-C02,Morning,9.6,Fail
B02365,Azithromycin Susp,Suspension,2023-11-24,Plant_C,122.6,20.95,38.1,6.52,92.7,100.93,0.703,96.9,2,EQ-C03,Evening,,Pass
B00488,Cetirizine 10mg,Tablet,2024-02-02,Plant_B,239.4,23.28,49.5,6.69,90.5,101.41,0.35,93.8,0,EQ-B07,Night,9.0,Passed
B00118,Amoxicillin 250mg,Capsule,2024-12-22,Plant_B,259.1,23.55,47.0,6.63,84.9,99.17,0.61,95.1,0,EQ-B09,Evening,9.0,Pass
B00284,Ibuprofen 400mg,Tablet,2023-08-14,Plant_B,413.9,23.07,NA,5.83,88.0,102.93,0.065,95.1,1,EQ-B11,NA,9.7,Pass
B02759,Atorvastatin 20mg,Tablet,2023-08-25,Plant_A,268.0,21.85,47.8,6.47,85.3,,1.034,92.0,0,EQ-A09,Night,11.0,under review
B00052,Amoxicillin 250mg,Capsule,2024-05-15,Plant_C,215.7,20.78,50.1,6.01,91.9,180,0.166,94.9,3,EQ-C02,Evening,,Review
B00956,Omeprazole 20mg,CAPSULE,2025-09-16,Plant_C,176.5,25.94,46.4,6.39,82.7,99.2,NA,96.8,2,EQ-C11,Morning,10.9,Pass
B01563,metformin 850mg,Tablet,2023-02-07,Plant_A,569.2,19.59,,6.25,null,127.87,0.481,97.4,1,EQ-A03,Night,10.9,Pass
B01672,Cetirizine 10mg,Tablet,2023-11-21,Plant_B,172.2,21.87,42.9,6.09,91.5,102.33,0.468,98.6,3,EQ-B12,Night,8.6,UNDER REVIEW
B02466,Amoxicillin 250mg,Capsule,2023-09-21,Plant_A,261.1,20.0,,6.86,86.6,98.98,0.867,93.5,0,EQ-A01,evening,9.9,Pass
B01866,Ibuprofen 400mg,Tablet,2024-01-03,Plant_A,441.9,20.39,48.3,6.89,88.4,97.29,0.673,93.2,2,EQ-A02,Night,9.5,Pass
B01439,Atorvastatin 20mg,Tablet,07-28-2024,Plant_C,347.1,22.45,49.3,6.3,88.1,102.69,0.828,91.6,3,EQ-C06,Evening,10.0,Under Review
B00969,ceftriaxone 1g,Injectable,2024-05-12,,77.5,21.33,46.2,6.26,93.7,101.93,0.726,94.7,2,EQ-A07,Morning,8.4,Pass
B02136,Omeprazole 20mg,Capsule,2025-01-06,Plant_C,199.5,22.63,46.0,5.74,,101.52,0.354,90.3,1,EQ-C09,Night,10.0,Pass
B01474,Metformin 850mg,Tablet,2025-02-27,Plant_B,497.7,22.47,48.4,6.57,85.9,98.87,0.776,92.2,0,EQ-B10,Evening,10.8,PASS
B01212,Azithromycin Susp,Suspension,2023-10-27,Plant D,133.8,25.11,40.5,-1,94.1,98.86,0.314,74.63,0,EQ-D12,Night,8.3,Pass
B01889,Paracetamol 500mg,Tablet,2025-05-16,Plant_A,473.5,20.69,44.3,6.41,97.0,97.7,0.652,96.5,1,,morning,9.2,Pass
B02569,Atorvastatin 20mg,Tablet,2025-09-24,Plant_D,328.2,23.32,37.6,6.48,89.8,101.88,0.151,97.2,2,EQ-D12,Evening,9.5,Pass
B01245,Insulin Glargine,Injectable,2023-07-20,Plant_D,NA,25.3,53.9,6.41,88.9,100.07,0.184,97.6,0,EQ-D11,Evening,7.1,Pass
B01800,Cetirizine 10mg,Tablet,2023-03-24,Plant_A,200.7,23.26,250,6.16,82.2,-10,0.871,96.6,0,EQ-A06,NIGHT,6.4,Pass
B02240,Insulin Glargine,Injectable,2023-03-08,Plant_C,57.7,19.01,57.5,6.86,91.2,101.09,0.347,98.0,2,EQ-C10,Evening,8.7,Pass
B01518,Paracetamol 500mg,Tablet,"December 16, 2023",Plant_A,382.2,25.66,41.0,6.31,94.0,100.01,0.143,98.0,2,EQ-A10,Evening,,Pass
B01244,Ibuprofen 400mg,Tablet,2024-10-02,Plant_B,420.6,22.53,51.2,6.62,91.4,100.41,0.312,102.0,0,EQ-B11,Morning,11.6,Pass
B00305,NA,Tablets,08-15-2024,Plant_D,197.0,22.67,42.6,6.65,89.1,98.51,0.226,96.7,0,EQ-D10,Morning,8.9,pass
B00539,Cetirizine10mg,Tablet,2024-06-07,Plant_A,232.6,20.25,38.0%,5.95,90.2,101.39,0.197,96.7,1,EQ-A09,Night,8.1,Pass
B01623,Ceftriaxone 1g,INJECTABLE,03 Sep 2025,Plant_C,92.2,23.84,45.8,6.38,93.1,98.42,null,93.5,1,EQ-C12,Morning,NA,Pass
B02408,Azithromycin Susp,Suspension,2023-11-04,Plant_C,174.4,25.96,48.0,6.69,87.0,95.24,0.728,94.7,1,EQ-C10,E,6.9,Pass
B02031,Cetirizine 10mg,Tablet,2025-12-11,PLANT-C,174.8,23.63,41.0,6.57,98.4,100.51,0.147,99.5,2,EQ-C01,Evening,9.1,Pass
B00722,Ceftriaxone 1g,Injectable,2023-01-03,Plant_B,-100,22.0,48.4,6.42,93.7,100.45,0.297,98.4,1,EQ-B06,Evening,8.2,pass
B01613,Omeprazole 20mg,Capsule,2025-01-29,Plant_A,177.6,22.59,39.8,6.37,94.6,98.14,0.174,NA,2,EQ-A02,Morning,9.4,Pass
B01107,Metformin 850mg,Tablets,2024-03-17,Plant_C,434.1,24.2,46.4,6.41,90.6,99.54,0.802,95.2,0,EQ-C11,Morning,10.7,Pass
B00434,Amoxicillin 250mg,CAPSULE,2025-12-31,Plant_D,257.8,22.91,46.7,5.96,90.4,124.55,0.125,95.5,1,EQ-D05,Night,7.8,Pass
B00504,Insulin Glargine,Injectable,2025-05-05,Plant_C,69.8,25.32,51.7,6.64,87.4,97.85,0.396,99.2,2,EQ-C10,Morning,8.8,Pass
B01720,Cetirizine 10mg,TABLET,2023-10-11,,182.0,26.07,54.0,6.42,92.2,98.54,0.56,93.1,0,EQ-C09,Morning ,7.8,Pass
B02857,Cetirizine 10mg,tablet,2025-02-05,-,222.1,24.58,58.3,6.84,94.6,101.03,0.481,96.9,0,EQ-C04,Morning,9.1,Pass
B01404,Atorvastatin 20mg,Tablet,2025-07-08,Plant_C,341.4,24.01,40.9,6.94,90.8,101.07,0.688,93.8,1,EQ-C10,Morning,8.3,PASS
B01894,Azithromycin Susp,Suspension,2025-05-08,null,154.7,21.12,,6.28,90.0,102.3,1.244,96.3,2,EQ-C01,Evening,8.6,Under Review
B01678,Ibuprofen 400mg,Tablet,2025-03-08,Plant_A,,23.84,43.1,6.29,95.5,98.95,0.348,96.9,0,EQ-A10,Evening,10.3,Passed
B00269,Omeprazole 20mg,Capsules,2024-07-24,Plant_B,261.6,23.33,43.5,6.21,90.6,97.85,0.215,93.9,0,EQ-B10,M,9.6,Pass
B00492,INSULIN GLARGINE,Injectable,2023-03-06,Plant_A,55.9,24.03,39.5,6.24,30.79,99.75,0.276,97.1,2,EQ-A03,Evening,9.7,Pass
B01744,Paracetamol 500mg,Tablet,2023-10-08,Plant_A,453.6,24.57,45.4 %,6.6,90.4,100.99,0.131,93.5,2,EQ-A05,Morning,10.8,Pass
B01493,Paracetamol 500mg,Tablet,2024-09-27,Plant C,426.1,26.13,42.1,6.79,96.4,98.07,0.151,97.6,,EQ-C04,Evening,11.9,Pass
B01261,Metformin 850mg,Tablet,2024-01-23,Plant_A,458.3,21.18,50.1,N/A,87.4,97.56,0.114,100.0,2,EQ-A08,Evening ,10.4,Pass
B01901,Cetirizine 10mg,Tablet,2024-03-28,Plant_B,173.2,23.24,45.3,6.63,,100.11,0.393,101.5,1,-,Night ,8.5,Pass
B02292,-,Tablet,2023-11-04,A,352.2,22.75,41.7,6.75,82.3,100.82 %,0.384,95.6,0,EQ-A04,Evening,7.9,Pass
B01219,Insulin Glargine,Injectables,2023-04-06,PLANT-B,63.2,22.24,51.8,6.67,89.4,101.07,0.328,95.1,0,EQ-B07,Evening,9.2,Pass
B01134,Azithromycin Susp,Suspension,2023-10-22,Plant_B,175.6,21.65,48.6,6.71,93.4,99.59,0.412,94.0,1,EQ-B07,Morning,8.3h,PASS
B01406,Amoxicillin 250mg,Capsule,2025-11-16,Plant_B,221.0,22.95,53.7,6.28,90.4,100.03,0.459,100.8,0,,Night,10.5,Pass
B00013,azithromycin susp,Suspension,2023-02-24,Plant_A,130.2,20.3,45.8,6.62,95.2,100.77,0.188,98.9,0,EQ-A10,Morning,10.0,Pass
B00084,Insulin Glargine,Injectable,2025-08-10,Plant C,71.1,22.56,39.0,6.23,91.2,96.73,0.641,99.0,1,EQ-C07,E,10.3,pass
B00147,Paracetamol 500mg,Tablet,2024-09-08,Plant_A,460.7,23.27,40.5,6.53,94.6,100.16,0.382,96.8,1,EQ-A04,Evening,11.3,Pass
B00616,Omeprazole 20mg,Capsule,2023-06-25,Plant_D,226.8,20.83,40.8,,87.8,98.45,0.16,95.7,2,EQ-D07,Night,9.1,Pass
B00109,Ibuprofen 400mg,TABLET,11-26-2024,Plant_D,391.4,24.06,43.5,7.48,95.7,97.88,0.125,97.5,1,EQ-D07,MORNING,8.1,Pass
B00785,Ibuprofen 400mg,Tablet,2024-05-31,Plant_B,391.7,22.26,51.4,6.09,92.7,N/A,0.369,92.8,2,EQ-B02,Morning,11.0,Pass
B01265,Metformin 850mg,Tablet,2025-11-10,Plant_B,471.2,21.22,45.0,6.42,91.9,98.09,0.319,98.5,1,EQ-B12,Morning,8.5,Pass
B00061,Ceftriaxone 1g,Injectable,2025-05-28,Plant_A,103.9,21.84,44.2,6.18,90.7,103.46,0.705,96.0,0,EQ-A01,Morning,6.5,Pass
B01257,Metformin 850mg,Tablet,2024-03-06,Plant_A,566.4,23.87,37.9 %,6.79,92.6,101.01,0.51,115,1,EQ-A11,M,11.4,Pass
B02729,Cetirizine 10mg,Tablet,2023-07-18,PLANT-B,null,20.98,44.3,6.27,93.9,99.45,0.169,97.6,2,EQ-B09,Evening,8.2,Pass
B02387,ceftriaxone 1g,Injectable,2025-01-23,Plant_C,78.0 kg,22.79 C,-,6.8,84.9,99.71,0.41,96.3,2,EQ-C11,Morning,7.3,Pass
B00249,AZITHROMYCIN SUSP,Suspension,2023-08-06,Plant_C,NA,23.08,NA,,89.8,100.22,0.515,92.7,N/A,EQ-C10,Evening,9.7,Under Review
B01788,Paracetamol 500mg,Tablet,2023-08-10,PLANT-D,424.6,24.6,41.0,6.55,49.68,99.49,,96.9,0,EQ-D04,Morning,10.8,Pass
B01803,Ibuprofen 400mg,Tablet,2025-01-21,Plant_A,-100,25.76,49.9,5.91,94.1,100.5,0.42,95.6,3,EQ-A09,Evening,9.7,Under Review
B01297,Metformin 850mg,Tablet,,Plant_C,585.1,22.58,55.5,6.81,97.3,97.2,0.237,95.7,1,EQ-C03,Morning,9.9,Pass
B00517,Insulin Glargine,Injectable,2025-01-31,Plant_D,59.3,22.82,41.9,NA,91.1,99.38,0.041,91.3,0,EQ-D12,,10.0,Pass
B02316,Paracetamol 500mg,Tablet,null,Plant_D,448.8,24.62,55.4,6.44,90.0,97.39,0.518,95.9,1,EQ-D05,Evening,11.7,Passed
B00402,Azithromycin Susp,Suspension,2024-07-25,Plant_A,164.1,21.68,48.0,5.83,86.1,101.76,0.092,95.1,1,EQ-A05,Evening,11.0,Pass
B02777,Cetirizine 10mg,Tablet,2024-01-12,Plant_A,199.0,18.07,41.1,6.31,93.5,100.9,0.193,91.7,1,EQ-A12,Evening,10.3,Pass
B00010,Paracetamol 500mg,Tablet,2025-03-21,Plant_C,422.3,23.76,90.1,6.36,88.2,100.16,0.271,92.2,1,EQ-C12,Evening,9.6,PASS
B01379,Cetirizine 10mg,Tablet,2024-06-19,Plant_C,228.9,22.22,52.6,6.65,85.3,99.49,0.464,93.8,6,EQ-C01,Night,8.3,fail
B00026,Omeprazole 20mg,Capsule,2023-05-08,Plant_B,196.9,59.57,130,-,93.6,102.77,0.262,95.5,32,EQ-B12,Morning,9.4,Pass
B02854,Paracetamol 500mg,Tablet,2024-08-25,Plant_D,381.2,26.5,45.5,6.88,90.4,99.02,0.381,95.9,2,EQ-D09,Morning,9.8,Pass
B00149,Insulin Glargine,Injectable,2023-12-17,Plant_C,52.1,22.83,50.9,6.27,91.7,97.03,0.188,95.6,1,EQ-C04,Morning,7.1,Pass
B01120,Ibuprofen 400mg,Tablet,2024-10-23,PLANT-B,366.5,21.87,41.2,6.9,91.7,99.9,0.192,95.1,1,EQ-B10,Night,9.9,Pass
B01631,cetirizine 10mg,TABLET,2023-06-07,Plant_A,225.9kg,23.9,45.0,7.12,89.8,102.6,0.111,101.9,0,EQ-A09,Morning,10.5,Pass
B00041,Amoxicillin 250mg,Capsule,2024-11-18,Plant_C,210.3,22.06,51.6,5.8,90.2,98.9,0.768,97.2,0,EQ-C10,Evening,8.5,Pass
B02331,Paracetamol 500mg,Tablet,23 Feb 2025,Plant_D,386.3,24.73,47.4,6.41,93.9,99.29,0.012,98.8,0,EQ-D02,Morning,8.8,Pass
B01335,Cetirizine 10mg,Tablet,20/03/2023,Plant_B,205.8,25.96,40.6,6.72,88.0,98.87,0.328,95.3,0,EQ-B09,,8.5,Pass
B00512,Azithromycin Susp,Suspension,02/05/2023,Plant_C,149.6,26.3,91.02,6.07,86.8,99.19%,0.2,99.7,2,EQ-C12,Morning,null,Pass
B02655,Insulin Glargine,Injectable,2023-08-09,Plant_B,56.0,26.72,46.5,5.95,91.1,130.65,0.506,95.2,1,EQ-B08,E,9.2,Pass
B01307,Metformin 850mg,Tablet,2023-08-29,Plant_D,579.3,21.07,42.3,6.56,,98.89,0.689,95.4%,2,EQ-D11,Night,11.0,Pass
B00193,Omeprazole 20mg,Capsule,2023-02-18,C,176.6,22.39,53.5,6.86,93.4,98.11,1.123,98.1,2,EQ-C02,Evening,,Under Review
B02195,Omeprazole 20mg,Capsule,2023-10-27,plant_d,202.0,23.08,51.3,6.5,93.2,100.14,0.596,96.2,1,EQ-D09,Morning,7.1,Pass
B01190,Paracetamol 500mg,Tablet,2025-01-30,,462.6,23.97,47.6,,88.2,99.63,0.495,97.3,N/A,EQ-A12,Evening,11.4,Pass
B00428,,Injectable,2023-06-26,Plant_B,50.6,23.35,43.8,6.71,90.8,98.97,0.53,99.1,3,EQ-B09,Morning,9.0,Under Review
B02778,Ceftriaxone 1g,Injectable,2025-10-09,Plant_C,72.1,21.39,59.9,5.99,91.1,98.17,0.184,98.7,0,EQ-C04,,8.4,Pass
B00686,Insulin Glargine,Injectable,2025-01-20,Plant_D,61.5,22.31,41.1,6.65,32.85 %,98.85,-2.0,95.2,0,EQ-D06,Morning,8.7,Pass
B02681,Amoxicillin 250mg,Capsule,2025-11-13,Plant_A,215.5,21.14,53.1,6.17,91.3,99.48,0.559,95.5,2,EQ-A11,Night,9.0,Pass
B00191,Omeprazole 20mg,Capsule,2024-06-28,Plant_B,212.1,22.36,,7.02,92.4,96.74,0.268,97.3,1,EQ-B01,Evening,10.0,Pass
B01076,Amoxicillin 250mg,capsule,2025-02-07,Plant_C,286.9,23.1,43.4,NA,85.2,96.7,0.365,96.3,1,EQ-C05,Morning,10.2,Pass
B00485,Ibuprofen 400mg,Tablet,2024-05-26,A,361.1,24.18,50.5,10.86,89.1,99.19 %,0.231,97.5,2,EQ-A05,Evening,9.0,Pass
B02196,Insulin Glargine,Injectable,2023-08-14,Plant_A,52.4,22.67,50.3,7.02,93.2,100.42,1.788,95.1,2,EQ-A07,Evening,9.5,Fail
B02599,Ceftriaxone 1g,Injectable,2024-04-28,Plant_B,101.9,21.04,48.1,6.19,92.9,96.16,0.374,95.5,2,EQ-B12,Morning,8.3,Pass
B00548,Cetirizine 10mg,Tablet,2023-05-04,Plant_D,163.7,22.62,38.4,6.97,null,101.28,0.122,94.9,0,EQ-D04,Morning,8.9,Pass
B02372,Insulin Glargine,injectable,2025-10-04,Plant_A,50.3,22.31,46.4,6.48,92.3,97.1,0.447,93.2,0,EQ-A05,Morning,8.1,pass
B02818,Insulin Glargine,Injectable,2025-08-06,Plant_C,56.3,22.59,52.8,6.13,88.3,99.06,0.301,97.6,1,EQ-C02,Evening,8.7,Pass
B01692,Insulin Glargine,Injectable,2024-02-17,Plant_C,52.5,22.08,45.2,6.76,87.3,98.53,105.0,96.6,4,EQ-C12,Morning,6.2,Fail
B00519,Ibuprofen 400mg,Tablet,2023-10-10,Plant_B,472.3,22.09,47.9,7.01,91.6,98.81,0.57,97.3,2,EQ-B04,Morning,9.7,Pass
B02380,Omeprazole 20mg,Capsule,2024-12-16,Plant_A,207.8,22.35,39.8,6.62,87.2,101.71,0.817,98.4,3,EQ-A08,Morning,9.4,Under Review
B02123,Cetirizine 10mg,Tablet,,Plant_A,208.5,22.06,49.0,6.81,84.0,101.47,0.079,96.8,1,EQ-A02,Evening,8.2,null
B02264,CETIRIZINE 10MG,Tablet,2023-07-27,Plant_D,174.5,25.69,48.9,6.42,89.9,98.55,,95.9,0,EQ-D09,Morning,8.4,Pass
B01626,Ceftriaxone 1g,Injectable,2023-07-09,Plant_A,96.5,22.17,44.3,6.51,88.5,98.91,0.521,95.8,1,,Morning,9.2,pass
B01221,Omeprazole 20mg,Capsule,2024-12-20,Plant_B,176.4,25.23,49.2,6.66,89.8,102.34,0.474,-20,1,EQ-B10,Night,8.4,Passed
B01978,,Tablet,10-26-2025,plant_d,306.0,19.46,50.1,5.56,86.5,98.03,0.448,92.8,2,EQ-D06,,8.5,Pass
B00274,Ceftriaxone 1g,Injectable,2025-03-19,Plant_A,73.1,23.28,45.4,N/A,92.8,97.45,0.255,96.7,0,EQ-A09,Morning,8.3,Pass
B02831,Ceftriaxone 1g,Injectable,2025-05-08,Plant_A,102.6,22.34,43.4,7.67,90.5,99.92,0.314,93.2,4,EQ-A07,Night,8.8,Fail
B01309,Ibuprofen 400mg,Tablet,2023-08-26,Plant_A,454.1,N/A,37.5,6.75,98.1,99.63,0.624,93.3,2,EQ-A10,Evening,10.1,Pass
B00675,Omeprazole 20mg,Capsule,2023-04-19, Plant_A ,238.4,22.31,51.2,6.8,86.0,99.56,0.192,93.2,0,,Evening,10.4,PASS
B00301,Atorvastatin 20mg,Tablet,2024-06-20,Plant_B,280.4,25.55,47.1,6.15,90.3,98.74,0.25,101.0,0,EQ-B11,Morning,9.9,Pass
B01928,Amoxicillin 250mg,Capsule,2025-01-02,Plant_D,275.9,22.02,44.2,6.81,93.3,99.55,0.577,94.9,0,EQ-D02,Night,10.4,Pass
B01972,Ceftriaxone 1g,Injectable,2024-02-06,Plant_A,86.7,20.12,46.2,6.76,90.4,98.53,0.236,97.5,1,EQ-A05,Morning,10.2,Pass
B02430,Metformin 850mg,Tablet,2025-02-15,Plant_D,453.1,22.69,49.4,6.79,89.0,100.72,0.322,95.1,1,EQ-D03,Evening,9.7,Pass
B01629,Atorvastatin 20mg,tablet,2023-09-14,plant_c,320.9,24.42,54.7,7.18,97.7,101.01,0.149,95.4,3,EQ-C07,Night,10.2,Under Review
B01508,Ibuprofen 400mg,Tablets,2025-11-20,Plant_A,391.9,22.81,47.9,6.71,91.7 %,102.6,0.124,97.2,NA,EQ-A06,,9.3,Pass
B00924,Amoxicillin 250mg,Capsule,2025-03-20,Plant_A,267.3,19.75,,6.53,null,,0.107,94.7,2,EQ-A09,Morning,10.9,Pass
B02439,Insulin Glargine,Injectable,2025-09-10,Plant_B,65.5,21.87,46.2,6.39,91.8,124.87,0.208,99.7,1,EQ-B01,Morning,8.7,Pass
B01658,NA,INJECTABLE,2025-03-06,C,62.4,20.67,44.0,6.69,93.0,98.9,0.574,98.2,1,EQ-C06,Morning,-,Pass
B01521,Insulin Glargine,Injectable,2025-02-10,Plant_C,67.0,21.91,48.0,6.96,86.5,101.41,0.387,98.5,1,EQ-C04,Morning,8.9,Pass
B01466,Amoxicillin 250mg,Capsule,2025-06-12,Plant_D,292.1,22.71,48.9,6.24,95.1,100.98,0.599,93.7,0,EQ-D07,Evening,8.2,PASS
B01259,Cetirizine 10mg,-,07-02-2024,Plant_A,187.2,23.56,41.2,6.43,95.1,101.72,0.115,95.9,1,EQ-A05,Evening,10.4,Pass
B00359,Paracetamol 500mg,Tablet,2025-03-14,Plant_A,404.3,21.65,,6.77,93.3,99.24,0.091,95.1,2,EQ-A05,Evening,10.4,Pass
B00871,Ibuprofen 400mg,Tablet,2023-01-09,Plant_D,455.3,22.7,49.2,5.95,89.3,129.19,0.342,98.1,0,EQ-D03,Evening,10.7,Passed
B01356,Ibuprofen 400mg,Tablet,2025-08-29, Plant_A ,505.7,22.54,42.9,6.13,94.5,98.32,0.129,95.6%,1,EQ-A04,Evening,84.38,Pass
B00257,Omeprazole 20mg,Capsule,2025-03-29,Plant_B,200.7,53.2,57.4,6.51,92.5,99.93,0.219,97.3,2,,N,9.3,Pass
B00105,Azithromycin Susp,Suspension,2024-02-26,Plant_D,143.4,23.24,51.7,6.59,86.9,100.29,0.658,95.9,0,EQ-D01,Morning,8.7,Pass
B00647,Ibuprofen 400mg,Tablet,2024-07-17,Plant_A,539.8,22.51,48.2,6.14,94.6,-,0.183,99.1,0,EQ-A07,Evening,9.6,Pass
B01533,Ceftriaxone 1g,Injectable,2023-01-27,Plant_B,74.4,25.47,44.1,6.42,89.5,97.31,0.247,96.5,0,N/A,Night,8.6,Pass
B02536,Ceftriaxone 1g,Injectable,2023-12-11,Plant_D,76.9,21.8,50.8,6.77,95.1,98.04,0.154,96.7,1,EQ-D09,Morning,7.4,Passed
B02169,Ceftriaxone 1g,,2023-01-27,Plant_C,72.8,23.08,48.5,6.76,93.1,98.86,0.91,94.9,1,EQ-C03,,8.7,Pass
B00420,Cetirizine 10mg,Tablet,2023-11-18,D,169.0,20.17,49.6,6.67,87.7,101.41,0.699,98.1,2,EQ-D06,Night,8.4,Pass
B01827,Amoxicillin 250mg,Capsule,28 Jun 2024,PLANT-A,239.4,23.44,57.4,6.91,92.1,99.5,0.594,93.8,1,EQ-A03,Morning,9.8,Pass
B02221,Ceftriaxone 1g,Injectable,2024-01-07,Plant_D,85.8,21.34,51.4,6.31,94.8,100.71,0.67,95.1,0,EQ-D06,Morning,8.4,Pass
B00656,Cetirizine 10mg,TABLET,2024-07-15,Plant_B,201.2,27.47,52.0,6.44,87.6,98.69,4.8,95.7,2,EQ-B03,Night,6.5,Under Review
B00552,Atorvastatin 20mg,Tablet,2025-08-27,Plant_B,359.0,23.17,39.5,6.27,,100.03,,94.4,0,EQ-B08,Evening,10.6,Pass
B00693,ceftriaxone 1g,Injectable,2023-12-21,Plant_D,92.5,21.2,38.3,5.87,93.2,98.03,0.143,95.4,0,EQ-D06,evening,8.7,Pass
B02531,Ceftriaxone 1g,INJECTABLE,2023-03-19,Plant_A,92.2,23.66,44.5,6.36,93.9,99.08,0.395,96.4,0,EQ-A11,Morning,6.8,Pass
B01385,Atorvastatin 20mg,null,,,0,25.05,49.3,6.51,94.9,101.07,0.691,95.2,1,NA,Night,9.2,pass
B01113,Amoxicillin 250mg,Capsule,05/05/2024,Plant_A,218.5,20.68,56.2,6.55,97.8,100.52,0.557,94.2,1,EQ-A12,Evening,9.8,Pass
B00961,Amoxicillin 250mg,Capsule,2023-02-20,Plant_A,244.8,22.8,43.6,6.73,95.8,NA,0.442,94.8,1,EQ-A10,Morning,11.2,Pass
B02525,Paracetamol 500mg,Tablet,2023-09-30,C,395.9,22.86,55.7,6.19,91.5,99.94,0.299,90.0,3,EQ-C07,evening,9.8,Under Review
B02794,Cetirizine 10mg,Tablet,2024-01-19,Plant_A,161.3,21.95,42.6,6.21,98.2,100.35,0.224,95.2,0,EQ-A05,Morning,8.2,Pass
B01289,Amoxicillin 250mg,Capsule,2023-12-09,C,226.5,25.25,49.7,5.65,95.9,99.12,0.905,99.1,2,EQ-C05,Morning,9.0,Pass
B01651,Amoxicillin 250mg,Capsule,2025-05-13,Plant_C,268.2,21.63,,6.78,83.2,100.98,0.464,93.6,1,EQ-C05,Morning,8.2,Pass
B01935,Amoxicillin 250mg,Capsule,2023-07-14,Plant_A,222.3,24.03,41.1,5.91,97.0,101.18,0.062,96.3,0,EQ-A07,Night,8.0,Pass
B02640,Insulin Glargine,,2023-03-26,Plant_A,67.5,-40,46.2,6.42,95.7,97.71,0.899,97.7,0,EQ-A03,Night ,8.4,Pass
B00403,atorvastatin 20mg,Tablet,2023-02-13,Plant_A,290.4,21.25,46.7,6.44,95.5,101.39,0.192,99.2,1,EQ-A05,Evening,9.8,Pass
B01930,Ceftriaxone1g,Injectable,2024-02-13,Plant_A,89.2,21.32,37.0,6.41,94.5,100.42,0.329,73.97,0,EQ-A05,Morning,8.3,Pass
B02234,Amoxicillin 250mg,Capsule,2024-04-21,Plant_C,268.9,22.55,40.0,6.46,87.0,97.15,0.183,97.7,1,EQ-C09,Morning,9.4,Pass
B02781,Atorvastatin 20mg,tablet,2024-06-21,Plant_A,272.6,21.25,43.5,6.07,92.3,98.61,0.779,97.9,1,EQ-A05,Evening,7.3,Pass
B02882,Metformin 850mg,Tablet,2023-01-30,Plant_A,504.5,21.0,32.6,N/A,95.8,100.07,0.32,93.2,2,EQ-A08,Night,12.0,Pass
B02752,Paracetamol 500mg,Tablet,2023-12-20,A,419.9,999,40.5,6.4,87.3,99.42,0.217,93.8%,1,EQ-A08,Morning,9.4,PASS
B02690,Ceftriaxone 1g,Injectable,2025-03-07,Plant_B,105.9,22.72,48.4,6.24,95.8,100.37,0.201,97.8,1,EQ-B03,M,7.4,Pass
B01068,Omeprazole 20mg,Capsule,2025-11-01,Plant_B,,24.51,250,6.93,88.9,98.93,1.177,92.7,1,N/A,evening,9.5,Fail
B00621,Ibuprofen 400mg,Tablet,2025-11-22, Plant_B ,499.8,23.91,-10,,90.8,99.74,0.639,-20,0,EQ-B06,Morning,8.9,Pass
B01460,Cetirizine 10mg,Tablets,2025-04-30,Plant_B,177.5,23.7,44.0,5.62,90.3,98.67,0.332,95.9,1,EQ-B08,Morning,10.8,Pass
B00769,Amoxicillin 250mg,Capsule,2024-04-24,Plant_A,297.7,23.54,45.0,6.5,88.7,101.22,0.516,94.1,0,EQ-A08,E,10.0,Pass
B00322,Amoxicillin 250mg,Capsule,2024-04-20,PLANT-C,258.1,25.82,46.1,6.15,83.2,99.52,0.416,92.4,2,EQ-C06,Morning,10.6,Pass
B02731,Ceftriaxone 1g,Injectable,2023-05-23,Plant_C,89.7,21.53,51.9,6.54,100.6,98.9,0.366,97.4,2,EQ-C02,Morning,9.6,Pass
B02900,Metformin 850mg,,2024-07-09,Plant_D,534.2,22.26,44.1,7.02,93.7,101.05,0.622,94.9,0,EQ-D09,Evening,12.5,Pass
B01077,Azithromycin Susp,Suspension,2024-10-24,,161.4,23.51,35.9,-,90.9,101.41,0.362,95.3,0,EQ-C07,Night,9.9,Pass
B01397,OMEPRAZOLE 20MG,Capsule,2025-02-21,plant_b,177.0,23.4,44.0,6.81,98.9,101.62,0.893,96.2,1,EQ-B09,Night,8.5,Pass
B01571,Paracetamol 500mg,Tablet,2023-04-18,Plant_A,359.2,22.46,44.9%,5.89,92.6,98.34,0.193,100.1,0,EQ-A02,Evening,10.9,Pass
B00350,NA,Capsule,2024-06-20,Plant_C,233.6,22.3,49.4,9.74,95.7,96.57,1.321,94.3,2,EQ-C07,E,7.4,Fail
B02242,Omeprazole 20mg,Capsule,2024-08-14, Plant_A ,254.0,22.17,44.7,7.07,88.7,101.09,0.853,94.9,2,EQ-A04,night,9.5,Pass
B01958,Cetirizine 10mg,Tablet,2025-07-02,B,229.9,21.49,52.5,7.0,94.8,101.19,0.446,92.1,4,EQ-B03,N,8.9,Fail
B02023,Omeprazole 20mg,Capsule,2023-06-08,Plant_D,235.9,22.66,34.7,6.83,83.0,100.76,0.376,92.5,1,EQ-D01,Morning,9.9,pass
B01527,atorvastatin 20mg,TABLET,2025-10-27,Plant_A,346.6,22.3,40.5,6.73,93.9,100.28,1.461,99.9,0,EQ-A09,E,8.8,Fail
B02775,Cetirizine 10mg,Tablet,2025/10/09,Plant_A,230.9,22.76,40.4,6.6,92.1,98.32,0.575,95.9,0,EQ-A01,Morning,8.8,Pass
B00030,Ibuprofen 400mg,Tablet,2023-07-25,Plant_C,394.7,24.58,N/A,6.92,89.5,97.79,0.72,100.5,2,EQ-C02,Morning,10.5,Passed
B02782,Ceftriaxone 1g,injectable,12-20-2024,plant_b,107.9,19.57,32.6,6.38,88.4,100.53,0.754,98.2,1,EQ-B09,Morning,9.3,Passed
B01988,Metformin 850mg,Tablet,03-12-2025,Plant_A,553.3,22.21,42.9,6.61,95.8,100.08,0.173,92.4,1,EQ-A02,Evening,10.1,pass
B02792,Amoxicillin 250mg,Capsule,2023-03-15,Plant_D,205.5,23.36,,6.39,86.6,97.21,0.557,96.1,0,EQ-D01,NIGHT,10.0h,Pass
B02147,Amoxicillin 250mg,Capsule,2023-07-25,Plant_A,223.3,23.87,45.3,6.54,90.0,102.61,0.627,98.2,0,EQ-A10,Morning,7.8,Pass
B02117,Ceftriaxone 1g,Injectable,2025-02-09,Plant_A,97.4,23.12,51.8,6.77,97.4,97.43,0.118,97.9 %,3,EQ-A06,EVENING,8.9,Review
B02758,Omeprazole 20mg,Capsule,2023-05-12,Plant_B,252.6,22.14,36.2,6.61,84.5,99.02,0.066,96.0,2,EQ-B08,Night,8.3,Pass
B00471,Azithromycin Susp,SUSPENSION,2023-05-22,Plant_A,129.8,21.49,43.7,6.95,93.1,96.86,0.413%,93.3,1,EQ-A12,Night,8.3,Pass
B01299,Cetirizine10mg,Tablets,2023-03-26,Plant_A,230.3,21.21,43.2,6.32,93.6,100.57,0.188,98.8,1,EQ-A05,Morning,10.1,Pass
B00259,Amoxicillin 250mg,Capsule,2023-08-31,Plant_D,203.2,21.83,49.7,6.38,93.7,180,0.407,95.4,2,EQ-D04,Night,10.0,Pass
B01586,Atorvastatin 20mg,Tablet,2024-03-28,Plant_B,341.8,22.36,52.4,6.31,84.9,101.09,0.843,90.4,0,EQ-B08,Morning,10.3,Pass
B00947,Ceftriaxone 1g,,2023-01-06,C,93.3,null,55.9,5.73,92.4,101.99,0.159,99.5,1,EQ-C04,Morning,6.9,Pass
B00478,Paracetamol 500mg,Tablet,2025-02-04,Plant_C,386.6,21.67,48.0,6.72,90.9,101.59,0.157,100.3,4,EQ-C12,Morning,10.1,fail
B00068,Atorvastatin 20mg,Tablet,2023-05-19,Plant_D,312.0,24.17,44.9,6.85,97.3,100.8,0.184,98.5,0,EQ-D05,Night,8.9,Pass
B01821,Atorvastatin 20mg,Tablet,2023-05-05,Plant_C,351.0,22.94,47.9,6.97,94.1,134.0,0.125,94.1,3,EQ-C08,Evening,,Under Review
B01792,Insulin Glargine,Injectable,2025-11-23,Plant A,66.0,22.93,52.7,6.25,93.8,98.97,0.632,99.1,2,EQ-A12,,8.2,Pass
B00097,Metformin 850mg,Tablet,2025-11-26,Plant_B,544.3,20.89,60.2,6.54,93.1,101.47,null,99.7,1,EQ-B03,M,10.4,UNDER REVIEW
B01941,Amoxicillin 250mg,capsule,2024-01-29,Plant_D,219.6,20.72,null,6.11,90.4,98.51,0.051,95.7,0,EQ-D04,Morning,8.8,Pass
B01746,Ceftriaxone 1g,Injectable,2023-08-15,Plant_C,74.4,19.5,50.8,6.4,92.8,99.27,0.404,97.2,0,EQ-C06,Morning ,8.9,Pass
B00154,Metformin 850mg,Tablet,2023-06-22,Plant_B,404.9,24.48,45.7,10.13,93.3,97.72,0.047,,0,EQ-B04,Evening,10.0,Pass
B01638,Omeprazole 20mg,Capsule,2025-12-21,Plant_D,214.3,21.27,45.2,6.42,98.9,100.25,1.083%,94.5,0,EQ-D07,Evening,8.6,Under Review
B01391,Atorvastatin 20mg,Tablet,2024-02-26,Plant_B,248.9,22.19,39.4,6.36,84.7,98.81,0.634,96.9,0,EQ-B09,Evening,7.6,Pass
B02881,Paracetamol 500mg,Tablet,2025-01-31, Plant_A ,332.7,21.52,50.6,6.17,89.3,99.64,0.257,94.4,4,EQ-A05,Night,8.8,Fail
B01683,Paracetamol 500mg,Tablet,2023-09-04,Plant_A,340.8,21.56,38.9,7.14,,100.41,0.382,95.1,0,EQ-A04,Morning ,10.7,Pass
B00395,Azithromycin Susp,Suspension,2024-02-03,Plant_C,171.6,22.93,49.7,6.9,95.4,99.5,0.802,91.7,2,EQ-C01,Night,9.2,Pass
B02767,Atorvastatin 20mg,Tablet,2023-02-11,Plant_A,241.9,21.62,46.3,5.89,94.9,99.4,0.401,93.4,NA,EQ-A12,Evening,10.0,Pass
B02741,Amoxicillin 250mg,Capsule,2025-11-28,Plant_B,239.9,24.48,53.4,6.46,91.3,120.76,0.477,96.3,0,EQ-B05,Morning,9.0,Pass
B02577,,Tablet,2023-07-09,Plant_B,452.0,22.99,null,6.94,90.5,100.01,0.362,150,0,EQ-B07,Evening,10.3,Pass
B01475,Ceftriaxone 1g,Injectable,2023-04-05,Plant_C,97.3,23.11,41.6,6.43,92.9,100.92,0.4,94.2,3,EQ-C10,Morning,8.2,under review
B01944,Paracetamol 500mg,Tablet,2023-06-19,C,441.1,19.85,44.1,6.63,88.1,100.1,0.152,95.8,0,EQ-C06,Morning,9.1,Pass
B01867,Amoxicillin 250mg,Capsule,2025/07/13,Plant_B,222.8,25.25,44.5,6.35,95.2,97.28,0.498,98.7,0,EQ-B08,Evening,8.4,Pass
B01062,Omeprazole 20mg,Capsule,2025-01-21,Plant_A,186.6,20.84,46.3%,6.55,NA,99.86,0.128,92.8,0,EQ-A08,Night,9.6,Pass
B01377,Ceftriaxone 1g,Injectable,2025-09-07,Plant_B,83.8,22.19,47.7,6.6,91.9,101.84,1.117,96.9,1,EQ-B11,E,9.4,Under Review
B01131,Ibuprofen 400mg,Tablet,2025-10-09,Plant_B,387.6,24.39,41.1,6.76,88.5,100.15,0.078,99.7%,3,EQ-B03,Morning,8.9,Under Review
B00022,Atorvastatin 20mg,Tablet,2025-09-28,Plant_B,289.7,21.25,35.7,6.71,88.0,97.31,0.224,91.4,1,EQ-B02,Morning,8.3,Pass
B00821,Paracetamol 500mg,Tablet,2025-01-31,Plant_A,467.1,21.48,50.4,7.06,91.6,97.15,null,98.0,2,EQ-A07,Night,10.5,PASS
B02321,Paracetamol 500mg,Tablet,2024-12-14,Plant_B,341.3,19.96,44.4,6.16,92.3,99.17,0.717,100.2,2,EQ-B09,Morning,10.8,Pass
B00756,Ibuprofen 400mg,Tablets,2024-08-01,Plant_D,405.4,22.93,61.5,6.23,89.2,98.2,0.285,95.4,1,EQ-D07,Evening,N/A,Review
B00818,Amoxicillin 250mg,capsule,2025-07-21,Plant_C,269.9,20.81,48.0,6.63,97.7,97.16,0.146,100.7,0,EQ-C08,Morning,10.0,pass
B01494,-,Tablet,2023-10-16,Plant_D,324.9,21.65,28.7,6.19,83.6,98.96,0.53,95.2,0,EQ-D05,Evening,11.6,Under Review
B02089,Atorvastatin 20mg,Tablet,2025-04-21,Plant_A,271.8,24.85,41.8,6.3,N/A,97.15,0.201,97.8,0,EQ-A03,Morning,8.8,Pass
B00213,Azithromycin Susp,Suspension,2024-11-06,Plant_A,124.1,23.77,53.8,6.56,93.2,98.98,0.144,94.5,0,EQ-A06,Morning,7.7,Passed
B02751,Metformin 850mg,Tablet,2023-11-26,Plant_C,524.8,23.65,-10,6.5,92.9,102.67,0.154,98.2,0,EQ-C03,Night,10.4,Pass
B00850,Omeprazole 20mg,Capsule,2024-09-25,Plant_B,182.5,24.36,51.5,7.01,97.1,96.86,0.393,98.2,0,EQ-B04,morning,8.8,Pass
B01942,METFORMIN 850MG,Tablet,2023-07-03,Plant_A,559.1,22.48,38.3,6.85,87.9,100.34,0.577,93.0,2,EQ-A09,Evening,10.4,Pass
B02559,Paracetamol 500mg,Tablet,2023-09-01,Plant_A,389.5,23.39,36.6,6.8,94.2,100.69,0.223,98.0,2,EQ-A01,Evening,9.3,Pass
B01008,Cetirizine 10mg,Tablet,2023-08-09,Plant_A,174.4,22.13,51.6,6.49,,101.14,0.208,95.2,1,EQ-A08,Morning,8.9,Pass
B02558,Insulin Glargine,Injectable,2025-02-17,Plant_D,70.4,20.71,37.2,null,91.4,98.45,0.179,97.3,2,EQ-D06,Morning,0,Pass
B01043,Ibuprofen 400mg,Tablet,2023-03-03,Plant_A,489.9,20.69,44.7,6.23,93.9,101.82,0.389,97.9,0,EQ-A07,Morning,9.6,pass
B00231,Ibuprofen 400mg,Tablet,-,Plant_A,403.9,21.0,43.0,6.56,93.0,100.95,0.593,97.7,0,EQ-A07,N,10.4,Pass
B00035,Insulin Glargine,Injectable,2023-05-23,Plant_B,,N/A,45.3,6.56,85.5,100.36,0.285,95.8,2,EQ-B04,Evening,6.3,pass
B00911,-,Suspension,2025-05-08,Plant_C,163.4,23.04,46.9,7.02,87.9,98.5,0.585,94.3,3,EQ-C12,Evening,7.5,Under Review
B01825,Azithromycin Susp,Suspension,2025-01-02,Plant_A,166.2,19.93,48.1,6.05,96.0,100.7,0.44,97.7,0,EQ-A02,Evening,7.7,Pass
B01645,Amoxicillin 250mg,,2025-07-02,Plant_A,272.6,22.86,41.2,6.63,87.7,99.98,-2.0,93.0,3,EQ-A05,-,9.8,Under Review
B02800,Atorvastatin 20mg,Tablet,2023-05-20,Plant_C,312.3,23.91,53.6,6.48,89.5,97.03,0.531,95.6,1,EQ-C05,Night,11.3,Pass
B02206,Azithromycin Susp,Suspension,05 Jul 2025,Plant_A,127.4,23.16,NA,6.13,104.6,102.29,0.639,96.9,2,EQ-A10,E,9.9,Pass
B00205,Ibuprofen 400mg,Tablet,2025-11-17,Plant_A,,23.51,49.9,,90.2,98.78,0.618,98.7,0,EQ-A12,EVENING,9.6,Pass
B01632,Insulin Glargine,Injectable,2024-01-07,Plant_A,61.0,21.7,45.0,6.62,83.4,-,0.169,95.2,1,EQ-A12,Evening,7.0,Pass
B02496,Metformin 850mg,Tablet,26 Nov 2025,Plant_B,449.7,20.04,52.9,6.65,-,99.52,0.322,93.5,1,EQ-B10,Morning,9.6,Pass
B00657,Azithromycin Susp,Suspension,2024-04-02,Plant_B,173.2,21.0,41.9,6.21,91.4,100.71,1.02,92.7,0,EQ-B05,Night,9.2,Under Review
B01056,Ceftriaxone 1g,Injectable,2024-01-24,Plant_B,95.0,23.18,43.7,6.7,93.5,100.98,0.349,96.1,one,EQ-B05,MORNING,8.1,Pass
B02431,Amoxicillin 250mg,Capsule,2024-01-09,Plant_A,218.9,23.41,40.5,6.75,95.0,102.97,0.503,150,1,,Evening,9.5,Pass
B00129,Cetirizine 10mg,Tablet,2025-01-01,Plant_A,180.3,22.62,56.3,6.46,88.5,101.12,0.405,95.2,0,-,Morning,7.8,pass
B00034,cetirizine 10mg,Tablet,2023/10/20,Plant_D,213.2,22.48,54.3,6.44,87.6,97.67,0.919,96.7,0,EQ-D12,Morning,9.1,Pass
B00884,Amoxicillin250mg,Capsule,2024-08-14,Plant_B,223.4,22.54,42.6,6.8,92.3,101.33,0.923,94.0,0,EQ-B09,Morning,9.4,Pass
B01132,Omeprazole 20mg,Capsule,2025-08-18,Plant_A,220.1,23.73,40.7,5.87,88.8,97.5,0.531,98.2,3,EQ-A09,Night,9.7,Under Review
B00248,Ibuprofen 400mg,tablet,2025-12-31,Plant_B,525.4,22.86,250,6.36,84.8,101.87,0.516,98.4,3,EQ-B01,EVENING,12.3,Under Review
B01338,Metformin 850mg,Tablet,2024-07-16,Plant_C,592.0,21.76,49.0,6.56,95.3,96.8,0.202,92.9,2,EQ-C10,Morning,10.5,Pass
B02764,Paracetamol 500mg,Tablet,2023-07-24,Plant_D,347.2,22.92,43.6,6.67,94.5,99.8,0.111,99.0,2,EQ-D04,Night ,12.0,Pass
B00891,Paracetamol 500mg,Tablet,2024-04-11,Plant_A,346.9,22.84,50.3,6.65,92.8,97.15,0.214,93.8,,EQ-A11,Night,8.3,Pass
B02637,Atorvastatin 20mg,Tablet,2024-01-27,Plant_C,260.6,23.86,46.6,null,95.8,100.27,0.182,95.5,3,EQ-C01,Night,9.1,Under Review
B00099,Omeprazole 20mg,Capsule,2025-06-14,Plant_B,191.7,22.21,45.7,5.64,92.9,101.13,0.981,95.8,2,EQ-B03,N,8.6,Pass
B01065,Azithromycin Susp,Suspension,2025-01-27,Plant_A,131.5,22.99 C,40.5,6.68,91.1,97.09,-,99.7,0,EQ-A10,Evening,6.9,Pass
B00355,Ceftriaxone 1g,Injectable,2023-10-21,,72.9,22.0,39.7,6.82,-,101.39,0.678,99.7,1,EQ-A12,Morning,8.5,Pass
B01763,Paracetamol 500mg,Tablet,2023-10-03,Plant_A,472.0,24.25,44.9,6.75,87.4,98.25,0.403,99.9,1,EQ-A07,Morning,8.7,Pass
B00565,Insulin Glargine,Injectable,2024-08-22,Plant_B,51.8,21.91,42.2,6.67,89.5,98.76,0.243,96.2,0,EQ-B02,Morning,8.9,Pass
B00734,Azithromycin Susp,Suspensions,2025-09-29,Plant_A,129.4,23.69,46.7,6.21,92.3,,0.246,97.4,three,EQ-A12,night,9.0,Under Review
B01000,Cetirizine 10mg,Tablet,2025-01-19,plant_c,235.2,21.66,44.4,5.86,97.0,99.41,0.931,96.4,2,EQ-C02,Night,,Passed
B02050,OMEPRAZOLE 20MG,Capsule,2024-01-13,Plant_C,218.7,20.85,49.7,6.55,90.0,99.47,0.445,96.5,1,EQ-C09,Evening,8.2,Pass
B00505,Metformin 850mg,Tablet,2025-01-26,Plant_C,423.2,20.49,59.0,6.86,NA,98.97,0.513,96.8,1,EQ-C01,Evening,9.8,Pass
B01428,Ceftriaxone 1g,Injectables,2024-12-31,Plant_B,100.5,27.49,36.0,6.05,91.1,99.57,0.807,96.9,1,EQ-B08,Morning,8.1,Under Review
B01764,Omeprazole 20mg,Capsule,2025-08-13,Plant_A,214.6,22.0,null,6.62,95.2,100.27,0.261,97.0,1,EQ-A05,,8.3,Pass
B00164,Ibuprofen 400mg,Tablet,2025-02-15,Plant_D,404.1,25.61,N/A,6.86,94.4,99.33,0.257,97.5,1,EQ-D05,Morning,10.4,Pass
B02171,Paracetamol 500mg,Tablet,2025-05-31,Plant_B,345.9,20.03,36.0,6.51,88.9,100.08,0.86,99.4,3,EQ-B04,Morning,8.7,Under Review
B02154,Cetirizine10mg,Tablet,2025-08-25,Plant_A,228.9,18.72,51.3,6.07,90.7,101.64,0.684,97.0,one,EQ-A04,Morning,9.9,Pass
B02432,Cetirizine 10mg,-,08-15-2023,Plant_D,217.6,22.58,47.9,6.77,90.4,97.81,0.284,99.2,0,EQ-D11,Evening,10.9,Pass
B00625,Omeprazole 20mg,Capsule,2024-10-19,Plant_A,236.4,22.29,54.6,null,82.4,96.4,0.624,95.9,0,EQ-A07,Morning,9.9,Pass
B02094,Amoxicillin 250mg,Capsule,2024-08-19,Plant_A,243.0,23.73,43.5,6.69,94.0,99.61,0.324,94.6,0,null,Evening,8.7,Pass
B00628,Atorvastatin 20mg,Tablet,2024-11-08,Plant_C,317.8,20.71,52.0,6.69,94.3,95.81,0.669,95.8,0,EQ-C12,Evening,10.4,Pass
B02369,Amoxicillin 250mg,Capsule,2025-02-09, Plant_A ,215.7,21.61,46.9,6.24,91.1,,0.186,99.1,,EQ-A10,Evening,10.1,Pass
B00748,Atorvastatin 20mg,Tablet,2023-12-14,Plant_D,330.6,23.16,46.9,7.15,87.9,98.25,0.187,95.0,2,EQ-D11,evening,9.6,Pass
B02641,Metformin 850mg,TABLET,2023-12-15,Plant_A,,51.06,43.9,,90.1,98.08,0.211,95.2,1,EQ-A10,E,9.4,Pass
B02194,Metformin 850mg,Tablet,2024-08-24,Plant_A,,24.5,55.8,6.48,91.3,98.93,0.285,97.0,,EQ-A07,Night,10.3,Pass
B00377,Azithromycin Susp,Suspensions,2024-10-10,Plant_D,132.1,22.91,33.7,6.39,96.6,100.29,0.268,70.39,1,EQ-D11,Morning,8.2,Pass
B01325,Insulin Glargine,Injectable,2025-04-27,Plant_A,68.1,21.59,43.2,6.15,89.3,100.81,0.348,NA,1,EQ-A04,Night,9.3,Pass
B02217,Ibuprofen 400mg,Tablet,09 Jul 2025,Plant_C,532.9,N/A,48.0,6.83,91.6,100.87,1.553,94.3,3,EQ-C11,Evening,10.7,Fail
B02523,Metformin 850mg,Tablet,2025-06-09,Plant_A,448.0,24.53,38.0,10.24,88.1,102.12,0.092,97.7,1,EQ-A12,Morning,,Pass
B01772,Atorvastatin 20mg,Tablet,2024-03-05,Plant_C,246.3,22.69,47.5,7.26,83.2,99.64,,94.9,3,EQ-C12,Night,9.0,Under Review
B00972,Ibuprofen 400mg,Tablet,2024-01-21,Plant_A,380.8kg,20.33,46.0,6.6,93.0,98.26,0.08,100.7,2,EQ-A08,Evening,8.8,Pass
B00714,Azithromycin Susp,Suspension,2025-02-08,Plant_A,137.9,22.13,47.3,6.62,90.6,98.81,0.732,100.1,1,EQ-A10,Morning,7.9,Pass
B01704,Amoxicillin 250mg,Capsule,2024-04-04,Plant_D,249.4,24.84,43.6,15,90.4,98.22,0.066,97.6,0,EQ-D02,Morning,8.6,Pass
B00443,Amoxicillin 250mg,capsule,2025-10-13,Plant_A,202.5,22.91,44.0,7.18,96.9,99.77,0.423,98.9,1,EQ-A06,Evening,8.2,Pass
B00624,,Tablet,2023-06-09,Plant_A,490.8,23.25,43.6,6.18,91.8,98.7,0.802,96.8,0,EQ-A05,Night,9.7,Pass
B01863,Insulin Glargine,Injectable,2025-02-24,Plant_A,62.8,23.38,55.4,6.69,91.7,100.05,0.101,95.3,2,EQ-A06,Morning,8.2,Pass
B00984,Omeprazole20mg,Capsule,2025-03-08,Plant_B,246.3,23.05,45.1,6.08,89.8,101.4,0.206,95.2,1,EQ-B02,Evening,10.7,Pass
B00900,Omeprazole 20mg,Capsule,2025-07-27,Plant_B,234.2,24.79,52.2,6.5,87.7,98.35,0.206,96.7,1,EQ-B01,Morning,9.0,Pass
B01648,,Capsule,05-10-2024,Plant_D,198.4,22.71,-,7.08,87.6,180,0.411,95.3,0,EQ-D08,Morning,9.9,pass
B01879,Azithromycin Susp,Suspension,2023-09-12,plant_a,176.9,24.05,45.8,6.63,91.7,101.23,0.415,97.9,-1,EQ-A06,Evening,9.8,Pass
B02497,insulin glargine,Injectable,2024-06-22,Plant_D,55.0,23.35,47.0,6.44,86.7,100.38,0.423,97.7,3,EQ-D05,Night,9.6,Under Review
B00575,Paracetamol 500mg,Tablet,2023-05-17,Plant_B,322.1,25.12,44.3,5.95,89.4,99.44,0.741,NA,1,EQ-B05,Morning,9.9,Pass
B01891,Amoxicillin 250mg,Capsule,2025-11-05,Plant_C,248.6kg,22.28,48.8,6.92,93.8,100.48,0.23,97.0,0,,Night,9.8,pass
B01576,Atorvastatin 20mg,Tablets,2024-08-19,Plant_C,312.6,23.48,46.1,6.15,93.0,101.83,0.863,94.9,1,EQ-C10,Evening,8.0,Pass
B00045,Paracetamol 500mg,Tablet,2023-02-06,Plant_C,428.1,19.71,42.5,6.41,90.2,98.98,0.335,97.6,4,EQ-C10,Morning,9.8,FAIL
B02828,Ceftriaxone 1g,Injectable,2023-02-04, Plant_C ,106.6,23.73,47.6,6.4,86.4,98.18,0.652,97.0,4,EQ-C02,Evening,9.4,Fail
B02083,,Tablet,2024-01-30,Plant B,276.2,20.38,58.7,6.71,92.2,100.19,0.352,94.0,two,EQ-B07,Evening,9.9,Pass
B02317,Paracetamol 500mg,Tablet,2024-05-04,Plant_D,461.8,24.46,,6.55,92.3 %,100.25,0.195,91.1,2,EQ-D05,Night,11.4,Pass
B02908,Ceftriaxone 1g,Injectable,2023-05-18,Plant_C,97.6,21.58,48.2,7.49,83.9,100.14,0.251,96.5,3,EQ-C06,morning,8.2,Under Review
B00323,Omeprazole 20mg,capsule,2025-12-27,Plant_B,256.9,21.58,50.2,6.61,93.2,98.91,0.267,95.0,22,EQ-B05,Evening,9.8,Pass
B02472,Paracetamol 500mg,Tablet,2023-11-12,Plant_B,339.2,20.55,48.1,6.28,94.1,99.88,1.369,96.5,1,EQ-B04,Morning,9.7,Failed
B00012,Ceftriaxone 1g,Injectable,2025-02-26,Plant_B,95.8,23.47,52.6,6.2,83.2,97.81,0.395,99.3,1,EQ-B03,E,8.5,Pass
B01841,Ibuprofen 400mg,Tablet,2023-06-14,Plant_D,462.4,24.08,48.3,6.52,92.2,99.48,0.404,92.6,0,EQ-D10,Evening,10.7,PASS
B00474,Ibuprofen 400mg,Tablet,2024-08-20,Plant_A,423.4,21.81,38.1,6.69,100.1,,0.211,95.0%,1,EQ-A06,Morning,10.4,Pass
B00054,Ibuprofen 400mg,Tablet,2024-12-24, Plant_A ,405.4,23.28,41.6,6.19,97.2,99.23,0.054,96.7,0,,MORNING,10.9,PASS
B02790,Insulin Glargine,Injectable,2025-09-01,-,61.7,24.63,49.3,6.02,87.9,100.05,1.109,94.7,0,EQ-C10,Night,8.0,Under Review
B01463,Paracetamol 500mg,Tablet,03-27-2024,Plant_D,368.8,21.5,53.9,6.3,97.9,99.71,0.48,99.8,0,EQ-D12,Morning,8.4,Pass
B02465,Ibuprofen 400mg,Tablet,2024-10-20,Plant_B,476.6,25.14,46.3,6.17,83.4,100.97,0.202,98.8,2,EQ-B04,Evening,10.4,Pass
B01647,Atorvastatin 20mg,Tablet,2024-01-19,Plant_A,307.9,22.73,43.1,6.33,87.9,100.12,0.271,98.2,1,EQ-A06,Evening ,10.0,pass
B00784,Amoxicillin 250mg,Capsule,2025-04-25,Plant_B,280.7,24.99,53.1,6.55,-,101.01,0.061,95.8,0,EQ-B11,Night,9.4,Pass
B01823,Atorvastatin 20mg,Tablet,2025-11-29,PLANT-B,351.4,21.54,45.9,6.19,92.4,99.84,4.21,97.5,0,EQ-B04,Morning,8.7,Pass
B02887,null,Injectable,2023-04-10,Plant_A,84.1,25.19,48.7,6.1,95.1,102.64,0.435,98.7,1,EQ-A04,Evening,8.1,Pass
B02340,Paracetamol 500mg,Tablet,2025-08-04,Plant_B,381.9,21.61,53.6,6.7,,99.37,0.355,97.4,3,EQ-B08,Evening,9.1,Under Review
B00065,Ibuprofen 400mg,Tablet,2025-06-08,Plant_A,460.7,23.31,38.9,6.48,93.2,100.91,-2.0,96.2,1,EQ-A08,Morning,9.6,Pass
B02699,Amoxicillin 250mg,Capsule,2025-01-22,Plant_B,207.4,25.97,56.7,6.63,95.8,100.24,0.2,95.8,0,EQ-B03,Morning,7.7,Pass
B02141,-,Suspension,,Plant_D,147.3,21.77,47.0,6.43,99.1,98.84,0.799 %,97.3,2,EQ-D07,morning,6.8,PASS
B02839,Metformin 850mg,Tablet,2023-04-26,Plant_B,488.4,23.24,NA,7.01,92.2,null,0.367,95.5,1,EQ-B11,Night,11.6,Pass
B02328,AMOXICILLIN 250MG,Capsule,2025-10-24,Plant_D,225.6,21.67,48.4,6.35,100.6,99.62,0.888,97.7,3,EQ-D08,night,9.1,Under Review
B02855,Azithromycin Susp,Suspension,2024-06-29,Plant_C,171.9,22.23,35.6,6.48,88.1,100.06,0.903,96.7,2,EQ-C06,M,9.3,Pass
B02205,Ibuprofen 400mg,Tablet,2023-07-30,Plant_A,430.0,54.05,45.6,6.42,96.1,100.68,0.317,92.9,20,EQ-A01,Night,11.4,Pass
B01279,Paracetamol 500mg,Tablet,2025-10-05,Plant_A,349.0,22.42,39.3,6.21,96.7,101.28,0.292,97.0,0,EQ-A11,Morning,,Pass
B00534,Metformin 850mg,Tablet,2024-02-25,Plant_D,570.0,23.82,43.7,6.83,NA,100.54,0.198,95.7%,0,EQ-D06,Night,9.9,Pass
B00781,Insulin Glargine,injectable,2024-10-26,Plant_D,62.2,22.7,,6.89,89.6,99.96,0.817,96.3,1,EQ-D11,Night,9.3,Pass
B02003,Atorvastatin 20mg,Tablet,2025-07-18,Plant_D,325.1,24.57,37.4,6.74,93.3,102.53,0.131,96.5,2,EQ-D12,Morning,6.1,Pass
B00905,Ibuprofen 400mg,Tablet,2024-02-13,Plant_A,476.1,21.66,52.7%,6.78,140,99.56,0.036,96.5,0,EQ-A07,Evening,10.0,Pass
B00994,ibuprofen 400mg,Tablet,2023-04-12,Plant_B,426.8,23.55,52.0,6.38,91.8,100.85,0.39,,1,EQ-B03,Morning,10.1,Pass
B00464,Ibuprofen 400mg,Tablet,2025-11-23,Plant_B,406.5,22.58,49.0,6.35,93.4,99.91,0.21,95.6,2,EQ-B08,EVENING,10.8,Pass
B00366,Cetirizine 10mg,Tablet,2025-06-03,Plant_D,208.0,24.34,43.0,7.11,88.1%,100.75,0.443,95.8,2,EQ-D10,Morning,9.1,Pass
B00408,Amoxicillin 250mg,Capsule,2024-04-10,Plant_D,262.5,24.64,53.2,6.44,92.9,101.56,0.413,92.5,2,EQ-D10,Morning,9.4,Pass
B01240,Paracetamol 500mg,Tablet,2024-02-25,Plant_D,405.3,21.57,45.9,10.76,97.9,100.81,0.283,96.7,-1,EQ-D10,Evening,11.0,Pass
B02072,Omeprazole 20mg,Capsule,09-07-2025,Plant_A,,24.44,40.8,6.21,91.1,98.87,0.144,92.9,0,EQ-A05,evening,9.5,Pass
B01656,Metformin 850mg,Tablet,2025-03-31,Plant_A,461.6,24.64,45.8,6.31,91.3,99.26,0.338,98.6,0,EQ-A05,Night,12.2,Passed
B02271,Atorvastatin 20mg,Tablet,2025-11-09,Plant_C,,22.57,,6.17,85.6,100.87,0.4,93.8,2,EQ-C12,Morning,,Pass
B02036,InsulinGlargine,Injectable,2024-05-18,Plant_B,55.1,23.25,44.6,6.96,84.2,98.6,0.404,95.7,2,EQ-B09,M,8.5,Passed
B00853,N/A,Injectable,2023-02-16,Plant_B,80.1,22.45,53.2,6.34,93.9,97.46,0.327,98.6,0,-,Morning,7.2,Pass
B02270,Ceftriaxone 1g,INJECTABLE,2025-01-16,Plant_C,-,23.25,49.0,6.78,88.5,98.92,0.959,95.5,1,EQ-C08,evening,9.7,Pass
B01699,atorvastatin 20mg,Tablet,2025-10-25, Plant_A ,291.1,21.74,47.0,6.45,96.1,99.98,0.369,101.1,0,EQ-A03,Morning,7.6,pass
B02143,Ceftriaxone 1g,Injectable,2023-12-01,Plant_D,101.5,20.6,44.4,7.25,90.7,96.56,0.381,,1,EQ-D07,Morning,8.6,Pass
B00248,Ibuprofen 400mg,tablet,2025-12-31,Plant_B,525.4,22.86,250,6.36,84.8,101.87,0.516,98.4,3,EQ-B01,EVENING,12.3,Under Review
B02820,Azithromycin Susp,Suspension,2023-09-27,Plant_A,159.2,24.51,250,6.12,90.5,98.8,,95.8,1,EQ-A10,Morning,9.9,Pass
B02435,IBUPROFEN 400MG,Tablet,2025-09-10,Plant_A,,21.39,47.7,6.7,90.7,98.14,0.186,95.8,0,EQ-A01,Morning,10.4,Pass
B00076,Ibuprofen 400mg,Tablet,2024-03-17,Plant_A,459.0,21.34,50.5,6.41,93.0,101.96,0.445,98.0,2,EQ-A10,Morning,9.5,Pass
B01953,Paracetamol 500mg,Tablet,2023-05-23,Plant_A,450.3,22.41,43.9,,94.7,99.46,0.337,97.0,0,EQ-A09,Evening,12.0,pass
B00352,Paracetamol500mg,Tablet,2023-09-20,Plant_A,377.7kg,20.92,null,6.1,92.1,100.48,0.967,97.4,0,EQ-A06,Morning,10.9,Pass
B00057,Cetirizine 10mg,Tablet,2025-10-13,Plant_A,209.3,21.68,46.1,6.75,92.7,95.77,0.097,,21,EQ-A06,Morning,9.3,Pass
B00787,-,TABLET,2024-04-07,Plant_A,461.5,20.69,42.7,6.75,91.1,97.35,0.361,95.1,1,EQ-A06,Morning,11.9,Pass
B01458,Ibuprofen 400mg,Tablet,2023-01-29,Plant_B,422.7,23.63,43.1,7.18,91.5,101.68,0.395,92.8,2,EQ-B11,Evening,10.7,Pass
B02805,Amoxicillin 250mg,Capsule,2023-09-08,Plant_A,210.6,21.72,49.8,6.26,91.4,98.9,8.87,97.0,0,EQ-A03,Morning,8.3,pass
B02140,Ibuprofen 400mg,Tablet,2025-06-30,Plant_A,535.2,21.85,40.9,6.86,93.3%,98.84,null,96.3,1,EQ-A09,Evening,9.5,Pass
B02511,Amoxicillin 250mg,capsule,2024-10-17,PLANT-A,279.3,22.12,46.9,6.71,92.3,99.84,,96.2,3,,Evening,7.7,under review
B01436,Amoxicillin 250mg,Capsule,2023-04-13,Plant_A,295.3,24.62,52.0,6.88,100.1,100.94,0.09,97.7,N/A,EQ-A10,Morning,10.2,Pass
B02118,Cetirizine 10mg,Tablet,2024-10-02,Plant_A,164.4,22.55,42.2,6.53,90.3,99.11,0.231,101.2,2,EQ-A07,Night,9.1,Pass
B01621,Metformin 850mg,Tablet,2024-08-13,Plant_D,452.8,22.83,41.5,6.42,92.1,102.73,0.654,101.1,0,EQ-D01,Morning,8.7,Pass
B00995,Cetirizine 10mg,Tablet,2025-05-15,Plant_B,208.5,20.89,33.8,6.33,91.2,100.73,0.663,99.3,2,EQ-B03,Night,8.1,Pass
B02357,Ibuprofen 400mg,Tablet,2023-10-22,Plant_A,3007.96,24.22,37.0,6.17,91.9,,0.293,94.4,0,EQ-A04,Morning,10.4,Pass
B00049,Omeprazole 20mg,Capsule,2024-03-13,Plant_B,252.2,23.54,53.3,6.57,88.8,98.73,N/A,94.5,1,EQ-B02,Morning,8.6,Pass
B01426,Insulin Glargine,Injectable,2025-11-04,Plant_A,56.2,20.47,45.0,6.97,87.6,100.13,0.629,99.0,2,EQ-A04,Night,8.4,Pass
B02220,Amoxicillin 250mg,Capsule,2023-07-08,Plant_C,221.0,23.01,54.5,6.66,92.3,100.8,0.531,99.7,2,EQ-C03,Evening,9.6,Pass
B02116,Metformin 850mg,tablet,2023-03-29,Plant_C,581.2,24.91,50.7,6.16,94.6,98.79,0.415,95.6,2,EQ-C11,Evening,10.9,Pass
B02103,Amoxicillin 250mg,Capsule,2025-07-25,Plant_D,231.3,24.74,49.4,6.66,86.4,99.33,0.647,92.5,21,EQ-D05,Evening,9.9,Pass
B01603,Insulin Glargine,Injectable,2025-04-04,Plant_A,61.3,20.03,45.0,6.81,90.8,180,0.336,98.8,0,EQ-A08,Morning,8.3,Pass
B01317,Azithromycin Susp,Suspension,2025-05-21,Plant_C,158.2,24.33,45.7,6.67,92.5,100.48,0.154,96.9,1,EQ-C12,Morning,9.1,pass
B01124,Metformin 850mg,Tablet,N/A,Plant_A,431.7,22.76,40.7,6.89,86.0,100.09,0.555,98.1,1,EQ-A10,Morning,10.0,Passed
B02109,Metformin 850mg,tablet,2025-04-25,Plant_A,2967.99,22.29,49.2,6.48,84.6,101.83,0.513,95.4,1,EQ-A07,Evening,10.7,Pass
B02666,Cetirizine 10mg,Tablet,2025-03-27,PLANT-D,4536.71,23.46,47.9,6.43,86.5,96.89,1.114,99.7,0,N/A,Morning,6.9,Review
B01188,Cetirizine 10mg,Tablet,2024-10-07,Plant_B,193.0,21.59,44.2,6.15,83.7,103.08,0.332,93.8,-1,EQ-B02,Morning,9.0,Pass
B01210,Ceftriaxone 1g,,2025-11-05,Plant B,97.4,24.49,-,5.94,,102.11,0.481,94.8,0,EQ-B06,N/A,9.2,Pass
B01304,Insulin Glargine,Injectable,2023/07/22,Plant_C,50.7,22.03,43.7,6.58,87.5,97.95,-0.5,97.1,3,EQ-C03,Evening,8.7,Under Review
B00591,Insulin Glargine,Injectable,2023-05-05,Plant_A,65.8,NA,37.0,6.1,96.7,NA,0.774,96.0,2,EQ-A09,Morning,9.6,Pass
B01303,Omeprazole 20mg,Capsule,2023-11-09,Plant_C,239.9,22.41,45.5,6.37,89.3,98.14,1.128,96.5,2,EQ-C04,Night,9.5,Under Review
B02563,Omeprazole 20mg,Capsule,2024-01-19,Plant_B,null,22.74,54.2,7.27,92.4,98.77,0.954,92.8,1,EQ-B05,Night,9.6,Pass
B01178,Amoxicillin 250mg,Capsule,2024-07-01,D,278.8,21.8,38.3,6.85,94.4,96.28,0.217,96.0,1,EQ-D03,Evening,8.8,Pass
B00971,METFORMIN 850MG,Tablet,2025-07-08,Plant_C,413.0,24.22,-10,5.98,-,96.57,0.811,94.2,1,EQ-C10,Evening,9.0,Pass
B01483,Metformin 850mg,Tablets,2024-07-15, Plant_A ,400.6,23.15,40.0,7.09,100.0,103.04,0.763,94.8,0,EQ-A11,Morning,10.4,PASS
B02256,Omeprazole 20mg,Capsule,10-06-2024,Plant_D,195.5,22.53,41.4,10.96,93.0,101.03,0.646,93.7,1,EQ-D03,Night,7.0,Pass
B00145,Ceftriaxone 1g,Injectable,"March 16, 2025",Plant_A,72.8,21.08,,6.95,89.7,102.38,0.474%,89.1,0,EQ-A07,Morning,10.4,Under Review
B02079,Metformin 850mg,Tablet,2025-12-18,Plant_A,445.8,N/A,45.9,5.99,88.4,101.11%,0.147,150,2,EQ-A02,Night,64.73,Pass
B00303,Paracetamol 500mg,Tablet,2025-01-27,Plant_D,383.7,22.38,47.4,6.61,100.7,100.39,0.229,96.0,1,,Morning,10.7,Pass
B01012,Azithromycin Susp,Suspension,2025-04-16,C,143.0,22.01,47.6,6.0,94.2,99.78,0.964,94.4,0,EQ-C04,Morning,5.8,Pass
B00987,Omeprazole 20mg,Capsule,2023/10/14,Plant_A,199.3,23.11,53.2,6.6,83.9,96.71,0.532,98.4,2,EQ-A03,Evening,9.0,Pass
B01888,Ibuprofen 400mg,Tablet,2024-03-30,Plant_A,481.9,23.35,46.3,6.2,91.5,100.68,0.258,98.8,1,EQ-A08,morning,9.7,Passed
B00437,Cetirizine 10mg,Tablet,2023-04-09,Plant_C,209.0,23.91,52.1,6.77,89.7,99.94,0.67,94.0,3,EQ-C06,Morning,6.6,Under Review
B00855,Metformin 850mg,Tablet,2025-12-22,Plant_D,561.9,22.38,53.9,6.71,93.0,96.25,0.187,96.5,3,EQ-D10,Morning ,11.5,Under Review
B01349,Azithromycin Susp,Suspension,2024-05-05,Plant_B,163.1kg,19.75,54.1,6.56,92.1,98.21,0.54,99.0,1,EQ-B10,Evening,9.1,Pass
B01167,Paracetamol 500mg,Tablet,2025-03-23,Plant_D,424.9,23.71,NA,6.22,88.8,97.55,0.29,94.6,1,EQ-D01,Night,10.7,Pass
B01343,amoxicillin 250mg,Capsule,2025-03-19,Plant_B,231.1,22.5,N/A,6.34,95.3,103.85,0.527,93.8,4,EQ-B01,Night,11.6,Fail
B02897,Omeprazole 20mg,capsule,2023-11-18,Plant_A,194.4,23.73,46.0,6.45,,100.71,0.925,92.6,0,EQ-A03,Night,10.0,Pass
B02396,Omeprazole 20mg,Capsule,2024-04-01,Plant_B,203.7,24.5,45.6,6.94,92.7,99.27,0.092,94.0,0,EQ-B12,Morning,,Pass
B01350,Cetirizine 10mg,tablet,2025-09-18,Plant_A,217.1,20.69,38.5,6.02,96.8,99.56,0.529,98.6,1,EQ-A09,Morning,7.9,Pass
B01324,Insulin Glargine,Injectable,2023-08-24,Plant_A,57.9,22.81,41.6,6.36,90.2,98.99,0.066,99.5,1,EQ-A08,Evening,9.1,Pass
B02522,paracetamol 500mg,Tablet,2023-09-10,Plant_A,444.9,21.4,52.4,6.41,39.7 %,102.71,0.231,98.6,1,EQ-A09,Morning,10.0,Pass
B02592,Atorvastatin 20mg,Tablet,2024-11-19,Plant_A,280.2,23.29,46.6,6.63,90.6,100.36,0.042,97.4,0,EQ-A10,Morning,9.1,Pass
B00761,Amoxicillin 250mg,CAPSULE,,Plant_A,239.7,22.83,36.3,7.1,null,98.76,0.556,98.7,0,EQ-A01,Morning,11.9,Pass
B02528,Ceftriaxone 1g,Injectables,2023-05-03,Plant_B,84.7,23.14,51.3,6.37,94.3,99.33,0.32,96.1,0,EQ-B02,Morning,8.3,Pass
B01414,Azithromycin Susp,Suspension,2025-09-09,Plant_D,128.3,20.44,41.9,6.55,90.6,100.93,0.179,95.7,2,EQ-D05,Evening,6.9,Pass
B00676,Azithromycin Susp,Suspension,2025-01-02,Plant_A,156.6,23.29,38.7,6.66,97.8,99.09,4.65,96.7,0,EQ-A07,Morning,9.7,Pass
B00134,cetirizine 10mg,Tablet,2023-11-09,Plant_A,207.7,22.74,52.4,6.68,93.3,98.81,0.229,94.3,0,EQ-A09,Night,9.0,Pass
B02462,Metformin 850mg,Tablet,2023-11-03,Plant_B,423.5,22.48,45.4,5.92,90.4,99.72,0.208,95.6%,1,EQ-B06,Morning,9.9,Pass
B01416,azithromycin susp,Suspension,2025-10-12,C,175.2,23.03,48.1,6.54,90.9,101.78,0.319,93.3,3,EQ-C07,Night,7.1,Under Review
B02404,Cetirizine 10mg,TABLET,2025-05-19,Plant_C,238.0,26.88,51.5,5.8,82.6,99.14,1.324,97.1,0,EQ-C09,Night,10.0,Fail
B00830,Paracetamol 500mg,Tablet,2024-02-09,Plant_A,427.9,22.87,53.1,6.61,88.7,99.22,0.617,99.1,1,EQ-A07,Night,10.8,pass
B02905,OMEPRAZOLE 20MG,Capsule,10/01/2025,Plant_C,218.9,23.07,43.3,6.74,90.2,97.68,0.426,97.2,0,EQ-C04,Morning,6.9,Pass
B00454,Paracetamol 500mg,Tablet,2025-03-13,Plant_C,477.4,21.01,42.4,6.15,94.1,97.95%,8.07,98.4,2,EQ-C01,EVENING,11.5,Pass
B01857,Atorvastatin 20mg,Tablet,2025-02-08,Plant_D,313.0,20.55,48.2,6.5,87.1,99.65,0.431,95.4,1,EQ-D04,Morning,10.2,Pass
B01363,Atorvastatin 20mg,Tablets,2024-02-17,Plant_B,258.0,24.38,45.1,6.25,,97.81,0.563,99.2,1,EQ-B08,Morning,9.5,Pass
B01593,Atorvastatin 20mg,Tablet,2023-08-06,Plant_C,266.9,,45.2,,93.0,99.56,6.19,94.0,2,EQ-C07,Morning,9.4,Pass
B00957,IBUPROFEN 400MG,Tablet,2024-10-07,PLANT-D,514.2,23.1,39.5,6.47,93.6,100.35,0.497,96.4,2,EQ-D02,Evening,11.2,Pass
B02014,Ceftriaxone 1g,Injectable,2024-10-12,Plant_A,,23.38,41.3,6.86,87.0,99.51,0.404,98.1,0,EQ-A08,Morning,9.1,Pass
B02644,ibuprofen 400mg,Tablet,2024/12/24,Plant_C,532.8,24.39,57.2,6.43,null,98.55,0.318,115,0,EQ-C05,N/A,9.8,Pass
B01431,Ibuprofen 400mg,Tablet,2023-07-23,Plant_A,386.4,21.52,55.5,6.98,86.4,97.73,0.516,95.8,0,EQ-A09,null,9.8,Pass
B00663,Paracetamol 500mg,Tablet,2025-01-25,Plant_A,408.5,19.17,39.1,NA,85.8,null,0.251,94.7,3,EQ-A09,Morning,10.4,Under Review
B02504,Amoxicillin 250mg,Capsule,2025-06-18,Plant_A,282.6,21.61,40.6,6.85,97.3,98.86,0.61,96.5,1,EQ-A10,Evening,10.2,PASS
B00208,Ceftriaxone 1g,injectable,2024-04-11,Plant_C,72.6,22.84,55.0,6.17,90.7,,0.601,95.2,1,EQ-C11,Morning,8.6,Pass
B02736,Amoxicillin 250mg,Capsule,2023-03-04,Plant_A,273.4,23.14,52.0,6.67,90.7,100.15,0.134,95.6,0,EQ-A04,Morning,11.2,pass
B00242,,Tablet,2025-09-11,Plant_A,191.2,21.23,46.7,7.07,91.4,99.49,0.674,96.7,1,EQ-A08,Night,8.5,Pass
B02613,Amoxicillin 250mg,Capsule,2023-04-30,Plant_C,232.6,26.55,50.2%,6.73,90.5,99.95,0.27,97.6,N/A,EQ-C01,Morning,6.1,Pass
B01534,Amoxicillin 250mg,Capsule,2024/03/26,PLANT-A,224.3,22.82,40.5,6.69,94.0,100.4,0.228,98.2,1,EQ-A02,Evening,10.2,Pass
B02796,Ceftriaxone 1g,Injectable,2025-12-16,Plant_A,100.5,22.06,51.5,6.68,92.3,100.22,null,97.4,0,EQ-A05,Evening,8.8,Under Review
B01736,Azithromycin Susp,Suspension,2023-11-07, Plant_A ,171.7,21.14,45.7,5.83,93.2,100.58,0.153,98.3,1,EQ-A10,Evening,8.2,Pass
B01791,Cetirizine 10mg,Tablet,2025-07-04,Plant_B,232.5,22.3,52.4,10.52,87.5,99.48,5.18,98.2,2,EQ-B10,Morning,9.7,Pass
B02113,Ceftriaxone 1g,Injectable,2023-04-08,Plant_B,80.8,24.72,39.9,6.27,94.9,98.16,0.301,98.4,1,EQ-B10,Morning,9.0,Pass
B01067,Ceftriaxone 1g,Injectable,2023-11-19,Plant_B,72.6,21.74,null,6.28,96.8,98.19,-,96.4,0,EQ-B10,Morning,7.7,Passed
B01037,Ceftriaxone 1g,INJECTABLE,2025-05-30,Plant_B,81.0,21.54C,38.0,6.56,98.4,100.7,0.213,97.5,0,EQ-B11,Morning ,8.8,Pass
B01277,Omeprazole 20mg,CAPSULE,2024-04-19,plant_a,210.8,,45.5,5.96,100.5,101.97,0.659,100.9,1,EQ-A04,Evening,8.6,Pass
B01961,INSULIN GLARGINE,Injectable,2025-04-04,Plant_A,69.0,23.99,51.1,5.94,53.01,99.25,0.455,99.1,,EQ-A11,Morning,7.8,Pass
B00823,Amoxicillin 250mg,Capsules,"March 26, 2025",Plant_A,262.9,26.19,40.9,6.41,96.3,97.99,1.228,91.4,1,EQ-A01,Evening,10.1,Under Review
B01038,Paracetamol 500mg,tablet,2024/03/28,Plant_A,0,22.21,33.2,6.61,84.9,100.57,0.276,97.0,0,EQ-A05,Morning,8.3,Pass
B01088,ceftriaxone 1g,Injectable,2025-12-02,Plant_A,72.2,21.17,44.1,6.93,89.4,97.61,0.319,95.5,0,EQ-A03,Evening,6.7,Pass
B02460,Paracetamol 500mg,Tablet,2025-01-16,Plant_B,376.6,22.41,53.6,-1,91.0,100.58,0.734,97.4,2,EQ-B02,Evening,10.7,Pass
B02428,Atorvastatin 20mg,Tablet,2025-05-25,Plant_C,345.2,20.14,50.8,6.71,91.3,100.44,null,99.6,2,EQ-C09,Evening,10.4,Passed
B01990,Ceftriaxone 1g,Injectable,2024-01-18,Plant_D,92.3,19.87,47.0,6.93,88.7,99.41,0.409,96.9,1,EQ-D09,Morning,8.4,Pass
B00165,Ibuprofen 400mg,Tablet,2023-10-20,Plant_A,430.8,22.76,40.8,6.46,94.7,99.81,0.187,93.0,3,EQ-A11,Evening,10.5,Under Review
B00777,Ibuprofen 400mg,Tablet,2025-02-01,Plant_C,462.7,23.24,41.1,6.45,99.1,100.42,0.139,100.7,1,EQ-C08,Evening,9.7,Pass
B00440,Atorvastatin 20mg,Tablet,2025-09-12,Plant_A,276.4,22.18,51.0,6.77,84.4,99.29,0.15,97.4,1,EQ-A09,Night,9.8,Pass
B00453,Ibuprofen 400mg,Tablet,2024-09-16,Plant_A,432.2,22.16,54.6,6.48,93.3,98.53,0.345,96.5,0,EQ-A03,Evening,9.2,Pass
B00050,AZITHROMYCIN SUSP,Suspension,2024-12-05,Plant_C,134.2,21.5,50.3,6.42,49.47,100.01,0.223,93.9,2,EQ-C07,Morning,8.4,Pass
B00332,Atorvastatin 20mg,Tablet,2025/08/22,Plant_A,350.0,23.6,39.8,6.65,85.9,98.9,0.305,96.3,N/A,EQ-A04,Morning,10.3,Pass
B00470,Ceftriaxone 1g,Injectable,2024-10-01,A,90.0,24.22,41.5,6.95,91.2,100.1,0.361,95.8,0,EQ-A09,Morning,7.5,Pass
B02538,Ibuprofen 400mg,Tablet,2025-12-03,Plant_A,483.1,22.77,null,6.45,88.4,100.5,0.263,99.9,2,EQ-A07,null,10.7,Pass
B01909,Paracetamol 500mg,Tablet,2024-04-22,,407.6,21.78,41.9,7.17,91.6,99.09,0.813,94.6,1,EQ-B09,Morning ,9.8,Pass
B02274,Ibuprofen 400mg,Tablet,2024-07-02,Plant_C,534.3,21.68,49.8,6.21,90.3,97.42,0.684,96.9,2,EQ-C01,Evening,9.6,Pass
B00490,Omeprazole 20mg,Capsule,2023-01-22,Plant_C,190.3,23.48,43.5%,-,90.5,97.31,0.433,96.3,0,EQ-C03,Morning,11.8,Pass
B01661,Omeprazole 20mg,Capsule,2024-07-01,Plant_C,236.1,24.2,54.2,6.29,92.2,99.26,0.188,95.9,1,EQ-C07,Night,10.2,Pass
B01896,Insulin Glargine,Injectable,2023-12-26,Plant_A,64.4,23.68,51.9,,91.9,101.11,0.82,96.8,0,EQ-A03,Night,8.6,Pass
B02650,Atorvastatin 20mg,Tablets,2024-03-25,Plant_D,274.5,23.37,46.2,6.05,89.2,97.86,0.095,100.8,1,EQ-D12,null,9.5,Pass
B01392,cetirizine 10mg,tablet,2024-11-29,Plant_A,178.0,22.49,52.0,6.24,88.8,98.63,,NA,0,NA,Morning,8.2,Pass
B02160,atorvastatin 20mg,Tablet,2024-07-29,C,247.2,24.4,47.4,6.18,89.5,99.3,0.097,97.2,5,EQ-C10,MORNING,6.4,Fail
B02144,Omeprazole 20mg,Capsule,2024-11-18,Plant_D,199.0,19.11,41.2,6.82,99.3,98.73,0.083,100.1,0,EQ-D09,Evening,NA,Pass
B02793,Azithromycin Susp,Suspension,2023-02-11,Plant_A,171.7,22.58,41.4,6.79,90.7,98.72,0.226,94.2,3,EQ-A04,Night,8.5,Under Review
B00946,Amoxicillin 250mg,Capsule,2024-12-07, Plant_B ,210.9,22.35,47.0,6.4,95.6,100.35,0.438,95.1,1,EQ-B10,Morning,7.2,Pass
B01137,Azithromycin Susp,SUSPENSION,2024-05-15,Plant_D,120.0,22.27,44.1,6.68,87.2,98.37,0.533,92.9,1,null,Evening,9.3,Pass
B01974,Atorvastatin 20mg,N/A,2023-04-02,Plant_D,320.4,999,57.6,6.57,85.4,99.2,0.168,96.6,2,EQ-D06,M,10.3,Pass
B02329,Paracetamol 500mg,Tablet,2023-07-24,Plant_A,469.7,20.52,44.8,-1,88.4,98.59,0.04,96.9,4,EQ-A04,Night,10.2,Fail
B02555,Ceftriaxone 1g,Injectable,2023-10-07,Plant_C,103.1,23.43,54.7,6.33,86.4,100.96,0.252,100.4,2,EQ-C04,Evening,8.3,Pass
B02895,metformin 850mg,Tablet,2025-07-08,Plant_C,564.5,20.83,47.0,6.74,89.4,97.79,NA,97.4,1,EQ-C02,Morning,10.5,Under Review
B00933,Metformin 850mg,Tablet,2025-05-08,Plant_A,452.8,22.71,41.8,6.71,88.1,,0.857,97.3,0,EQ-A01,MORNING,10.3,Pass
B02413,Ceftriaxone 1g,Injectable,2025-06-29,PLANT-A,97.8,,38.3,6.38,85.6,100.65,0.47,95.1,0,EQ-A05,Evening,7.7,Pass
B00985,Cetirizine 10mg,Tablet,2023-05-15,Plant_C,160.1,-,46.4,6.72,87.2,100.15,0.355,95.0,null,EQ-C08,Morning,10.1,Pass
B01492,Ibuprofen 400mg,Tablet,2023-08-03,Plant_A,489.2,20.12,41.2,6.51,90.9,99.07,0.334,99.1,1,EQ-A02,Evening ,9.9,Pass
B02454,Ibuprofen 400mg,Tablet,2025-05-02,Plant_B,515.6,24.37,49.0,6.9,83.2,99.07,0.311,93.3,0,EQ-B02,morning,11.7,Pass
B02401,Paracetamol 500mg,Tablet,2024-03-01,Plant_A,358.5,,50.2,5.85,90.8,103.74,0.448,99.7,0,EQ-A08,Evening,9.3,Pass
B02910,ATORVASTATIN 20MG,Tablet,2024-02-03,Plant_C,356.5kg,24.0,35.4,7.51,90.2,98.14,0.154,93.4%,24,EQ-C09,Evening,-5,Failed
B02626,CETIRIZINE 10MG,N/A,2024-04-24,,172.6,23.09,43.3,5.69,95.2,98.55,0.197,95.6,0,EQ-B09,Morning,8.0,Pass
B01039,ibuprofen 400mg,Tablet,2025-08-01,Plant_D,-,24.49,43.3,5.97,91.2,100.35,0.445,97.1,0,EQ-D08,Morning,9.3,Pass
B01679,Ceftriaxone 1g,Injectable,15 Oct 2025,Plant_A,95.3,20.14,45.9,6.53,93.7,98.63,,97.6,1,EQ-A09,Night,9.4,Pass
B00702,Omeprazole 20mg,Capsule,2023-03-02,Plant_A,194.1,23.33,51.6,6.15,,98.58,N/A,95.7,0,EQ-A09,Evening,7.5,Pass
B02785,Ceftriaxone 1g,Injectable,2024-06-25,Plant_C,81.6,22.6,48.1,6.84,97.2,99.42,0.187,96.1,0,EQ-C08,Evening,7.0,Pass
B01716,Insulin Glargine,Injectable,2025-05-27,Plant_D,48.9,23.9,49.3,6.47,88.0,99.99,0.194,95.9,2,EQ-D06,Morning,8.1,Pass
B00805,Azithromycin Susp,Suspension,2024-09-06,Plant_B,175.0,21.78,48.9,NA,94.0,100.63,-0.5,98.3,3,EQ-B12,Morning,8.8,Fail
B01887,Omeprazole 20mg,Capsule,2023-05-16,Plant_C,2761.98,24.94,44.1,6.5,91.8,99.45,0.143,99.9,1,EQ-C09,Morning,9.1,Pass
B00618,Metformin 850mg,tablet,2025-05-16,Plant_A,566.7,22.02,45.1,6.83,90.8,100.51,0.086,93.6,3,EQ-A12,Morning,78.51,Under Review
B02628,Paracetamol 500mg,Tablet,2024-06-16,Plant_C,467.6,23.31,51.4,6.01,93.9,101.38,1.031,96.9,6,,Night,10.0,Fail
B02156,Ibuprofen 400mg,Tablet,-,plant_c,401.4,25.88,45.4,N/A,84.3,99.05,0.199,96.6,0,EQ-C09,Night,8.0,Pass
B01083,Ceftriaxone 1g,Injectable,2023-01-12,Plant_B,94.7,21.16,41.3,6.32,-,99.52,0.132,94.7,1,EQ-B12,Morning,9.4,Pass
B02233,CEFTRIAXONE 1G,Injectable,2023-05-06,,106.7,22.62,45.5,6.86,87.0,100.61,0.434,98.2,1,EQ-D01,Morning,9.3,Pass
B01407,Atorvastatin 20mg,Tablet,2024-03-31,Plant_B,328.3,24.03,34.9,6.16,90.5,103.23,0.298,99.3,-3,EQ-B08,Night,8.9,Pass
B00637,Metformin 850mg,Tablet,2023-01-24,Plant_D,540.4,null,38.6,6.96,86.8 %,100.51,0.318,96.3,3,-,Evening,10.6,Under Review
B02662,Azithromycin Susp,Suspension,04 Apr 2024,Plant_B,4510.69,21.09,53.7,6.31,86.1,101.17,0.088,100.5,2,EQ-B01,Evening,8.6,Pass
B00073,Ibuprofen400mg,Tablet,2024-09-04,PLANT-B,383.0,20.64,39.7,6.44,46.4,101.04,null,89.6,-,EQ-B04,null,10.5,Under Review
B00247,Azithromycin Susp,Suspension,2024-10-23,Plant_D,121.9,21.91,50.1,7.17,89.6,100.15,0.741,96.9,1,EQ-D01,Morning,8.1,Pass
B00903,Metformin 850mg,Tablet,2025-09-15,Plant_B,446.3,21.54,34.4,6.75,93.6,100.33,,96.7,0,EQ-B08,Night,9.7,Under Review
B00760,Azithromycin Susp,,2023-08-23,Plant_D,174.3,22.0,38.3,6.44,-,100.55,,97.8,0,EQ-D04,Evening,8.3,Pass
B00362,Insulin Glargine,Injectable,2024-08-13,Plant_C,61.0,23.02,57.3,5.96,90.6,101.67,0.511,94.4,1,EQ-C01,Night,9.1,Pass
B02437,Omeprazole 20mg,Capsule,2023-01-05,Plant_C,176.8,22.63,54.8,6.43,93.7,100.94,0.129,97.3,1,EQ-C09,Evening,9.4,Pass
B02332,Insulin Glargine,Injectable,2025-04-17,D,61.8,21.03,32.9,6.57,93.5,99.86,0.594,97.2,0,EQ-D03,Morning,9.1,Pass
B01921,Atorvastatin 20mg,tablet,2023-01-09,Plant_B,327.0,22.17,40.6,6.36,92.4,100.36,0.104,97.1,2,EQ-B09,Evening,10.1,Pass
B01346,Ceftriaxone 1g,Injectable,2024-03-29,Plant_D,98.8,24.52,46.1,6.1,90.8,NA,0.22,95.0,0,EQ-D11,Evening,8.3,Pass
B01130,Omeprazole 20mg,Capsule,2023-12-25,Plant_A,220.0,53.77,50.6,6.43,92.3,99.32,0.275,95.3,2,EQ-A10,Night,,Pass
B00039,METFORMIN 850MG,Tablet,2024-08-11,Plant_C,513.0,20.16,44.3,6.58,94.2,100.6,0.311,98.8,0,EQ-C04,Morning,10.0,Pass
B01252,Ibuprofen 400mg,Tablet,2024-01-29,Plant_D,362.1,19.9,35.0,6.39,91.1,98.63,0.249,97.3,1,EQ-D03,morning,9.6,Pass
B00038,Insulin Glargine,Injectable,2023-06-08,Plant_C,71.6,22.98,61.2,6.84,92.6,NA,0.372,93.4,3,EQ-C04,Morning,8.2,Under Review
B01509,Insulin Glargine,Injectable,2025-08-06,Plant_B,56.6,22.17,37.5,null,92.4,100.13,0.141,98.2,3,EQ-B03,Morning,7.9,Under Review
B01003,Cetirizine10mg,N/A,2024-05-06, Plant_A ,239.5,21.11,42.7 %,6.39,,98.53,0.255,94.4,0,EQ-A03,Evening,9.7,pass
B02021,Atorvastatin 20mg,tablet,2024-11-26,Plant_B,277.5,22.37,38.5,6.29,88.3,98.11,0.951,93.2,2,EQ-B11,Night,8.4,Pass
B02631,Ceftriaxone 1g,Injectable,01-26-2023,Plant_D,101.7,26.47,91.29,6.88,95.3,98.33,,93.6,1,EQ-D10,Night,9.6,Pass
B01013,Metformin 850mg,TABLET,2023-08-09,Plant_B,515.2,22.06,43.1,6.39,95.6,97.84,0.317,95.1,1,EQ-B09,Evening,10.7,Passed
B00894,Ceftriaxone 1g,Injectable,2025-08-04,Plant_A,-100,23.04,44.4,5.99,93.0,100.01,0.247,94.9,0,EQ-A06,Morning,8.2,Pass
B00827,Omeprazole 20mg,Capsule,2024-12-28,Plant_A,208.0,22.74,49.3,6.55,84.8,96.72,0.398,96.4,0,EQ-A09,evening,9.6,Pass
B00371,Atorvastatin 20mg,Tablet,2024-08-18,Plant_A,277.7,22.83,44.4,6.64,87.3,99.93,-0.5,97.0,1,EQ-A11,Evening,,Pass
B01998,Ceftriaxone 1g,Injectables,2025-03-06,Plant_A,94.0,19.12,45.9,6.53,96.5,101.52,0.087,96.7,0,EQ-A01,Evening,7.8,Pass
B00167,Atorvastatin 20mg,Tablet,2023-01-19,Plant_B,268.7,21.32,53.4,6.41,90.4,103.14,0.081,94.1,2,EQ-B04,Morning,8.9,Pass
B00212,Azithromycin Susp,Suspension,2024-01-26,-,127.0,25.95,36.2,6.39,93.9,97.81,0.7,92.3,1,EQ-C02,Night,8.4,Pass
B02105,Insulin Glargine,Injectable,2023-01-14,Plant_B,55.9,22.41,48.9,15,96.7,98.6,0.404 %,94.8,30,EQ-B05,Night,7.2,Fail
B00514,Insulin Glargine,Injectable,2023-04-06,Plant_B,54.1,24.39,42.1,,88.3,98.71,0.695,90.5,2,EQ-B07,Morning,7.0,Pass
B02302,Amoxicillin 250mg,Capsule,2024-08-27,Plant_A,null,23.3,51.7,6.09,95.4,100.59,0.128,93.9,2,EQ-A09,,9.1,Pass
B02064,Azithromycin Susp,Suspension,2025-01-28,Plant_B,178.1,19.23,37.9,6.0,90.9,99.24,0.403,98.9,0.0,EQ-B04,Evening,8.3,Passed
B02547,Azithromycin Susp,suspension,2025-10-04,Plant_B,128.1,24.03,32.9,6.43,91.3,98.04,0.397,98.9,0,EQ-B11,Evening,8.1,Pass
B01136,Paracetamol 500mg,Tablet,2023-03-18,Plant_C,387.8,20.5,40.5%,6.15,,100.07,7.54,94.8,3,EQ-C05,Morning,10.4,Under Review
B00705,Amoxicillin 250mg,Capsule,2024-08-11,NA,277.2,24.85,52.9,6.56,83.0,101.45,0.386,98.4,2,EQ-A10,Evening,8.2,Pass
B01984,Azithromycin Susp,Suspension,2025-10-20,Plant_A,130.6,21.06,44.3,6.5,96.5,101.19,1.067,96.6,0,EQ-A01,Evening,8.4,Under Review
B01612,Amoxicillin 250mg,Capsule,2023-08-19, Plant_B ,297.6,22.45,56.8,6.37,null,96.22,0.664,98.5,0,EQ-B08,Evening,8.5,Pass
B01862,Metformin 850mg,TABLET,2024-02-11,Plant_C,561.6,23.88,44.4,15,90.2,98.95,0.309,100.4,N/A,EQ-C01,Evening,10.1,Pass
B02043,Azithromycin Susp,Suspension,2025-08-03,Plant_C,,22.69,49.1,6.04,86.5,101.13,0.028,95.8,0,EQ-C01,Morning,8.0,Pass
B00016,Azithromycin Susp,Suspension,2023-06-23,Plant_D,144.1,null,36.7,6.4,91.3,101.25,0.459,93.9,1,EQ-D04,Evening,8.4,Pass
B01229,Amoxicillin 250mg,Capsule,NA,Plant_B,244.6,25.4,43.8,6.14,91.5,96.75,0.073,93.1,0,EQ-B01,,8.2,pass
B01939,Ceftriaxone1g,Injectable,2023-01-31,Plant_A,78.5,null,88.3,5.49,38.18,99.69,0.704,95.8,0,EQ-A07,Morning,9.4,Under Review
B00143,Metformin 850mg,Tablet,2023-01-20,Plant_A,403.3,22.34,41.3,6.75,94.3,101.62,0.464,96.6,0,EQ-A07,MORNING,11.2 h,Pass
B02728,Paracetamol 500mg,Tablet,2024-08-11,Plant_C,328.5,20.77,49.6,7.02,88.9,97.17,0.539,97.9,1,EQ-C07,Night,8.6,Passed
B00077,Atorvastatin 20mg,Tablet,2025-03-02,Plant_A,242.8,19.31,49.2,6.19,99.0,99.63,0.243,95.9,1,EQ-A01,Morning,10.1,Pass
B02045,Metformin 850mg,Tablet,,Plant_D,429.9,20.91,40.8,5.82,86.7,101.81,0.48,96.0,0,EQ-D05,Morning,9.9,pass
B01073,Azithromycin Susp,Suspension,2025-08-01,Plant_D,161.3,20.47,41.2,6.67,95.4,98.14,0.929,100.1,null,EQ-D07,Morning,8.9,Pass
B01376,Ceftriaxone 1g,Injectable,2025-01-27,Plant_A,,22.77,39.0,6.07,87.6,99.7,0.182,96.5,1,EQ-A06,Evening,9.4,Pass
B02533,Ceftriaxone 1g,Injectable,,Plant_B,91.6,20.51,49.7,9.77,-,95.79,0.676,98.1,0,EQ-B11,Morning,9.2,Pass
B02524,Ibuprofen 400mg,Tablet,2023-05-03,Plant_B,396.0,20.72,52.4,6.33,99.2,98.15,0.541,94.9,0,EQ-B07,Evening,10.9,Pass
B01268,Atorvastatin 20mg,Tablet,2024-07-11,Plant_B,259.8,21.99,37.0,6.55,89.5,98.17,0.306,94.8,1,EQ-B05,Morning,9.5,Pass
B01630,Amoxicillin 250mg,Capsule,2023/04/22,Plant_C,270.9,,,6.31,90.1,101.26,0.194,97.7,4,EQ-C02,Evening,10.3,Fail
B00521,Atorvastatin 20mg,Tablet,2025-03-12,Plant_A,,24.57,50.6,6.76,92.0,98.8,0.589,94.2,1,EQ-A03,Night,10.9,Pass
B02062,Cetirizine 10mg,TABLET,2023-05-11,Plant_C,225.3 kg,24.29,52.3,6.79,91.3,99.75,0.714,96.2,1,EQ-C11,Morning,7.7,Pass
B01904,Metformin 850mg,Tablets,2025-02-04,Plant_C,526.9,22.39,49.7,6.47,95.4,99.29,0.26,96.3,0,EQ-C03,MORNING,9.8h,Passed
B01721,Paracetamol 500mg,Tablet,2023-03-14,Plant_A,396.1,24.47,44.3,6.59,89.1,100.17,0.354,100.8,1,EQ-A08,Night,9.4,Pass
B00095,Insulin Glargine,Injectable,2024-06-14,Plant_A,69.1,20.82,49.6,6.63,null,99.04,0.333,94.6,3,EQ-A12,Night,9.1,Review
B02354,Ibuprofen 400mg,Tablet,2023-04-10,Plant_D,487.6,21.06,43.1,6.82,93.1,99.63,0.108,95.0,,EQ-D09,Evening,10.4,Pass
B00440,Atorvastatin 20mg,Tablet,2025-09-12,Plant_A,276.4,22.18,51.0,6.77,84.4,99.29,0.15,97.4,1,EQ-A09,Night,9.8,Pass
B02835,Atorvastatin 20mg,Tablet,2023-07-30,Plant_C,258.4,23.5,,null,89.6,96.84,105.0,93.2,4,EQ-C12,Evening,9.3,Fail
B01386,Metformin 850mg,Tablets,07-18-2025,Plant_C,487.2,21.03,56.8,6.88,null,101.43,0.304,94.4,2,EQ-C03,morning,9.7,Pass
B02724,Atorvastatin 20mg,Tablet,2023-10-13,Plant_C,250.6,20.09,47.1,5.86,96.4,100.92,0.373,95.9,1,EQ-C11,Morning,9.1,Pass
B02177,Amoxicillin 250mg,Capsule,2024-04-14,Plant_D,267.8,21.65,39.2,6.11,94.9,98.65,0.732,93.4,1,EQ-D11,Morning,10.1,Pass
B02032,Amoxicillin 250mg,Capsule,,Plant_C,268.6,22.59,48.3,6.58,88.1,95.73,0.752,96.2,2,EQ-C05,EVENING,11.4,Pass
B01808,Ibuprofen 400mg,Tablet,2024-08-14,Plant_A,499.6,20.9,42.3,N/A,98.2,100.86,0.235,97.3,1,EQ-A06,Morning,9.0,Pass
B00992,Cetirizine 10mg,Tablet,2023-02-27,Plant_A,239.1,23.63,39.0,6.76,93.2,101.45,0.417,96.0,0,EQ-A03,EVENING,8.3,Passed
B01298,omeprazole 20mg,Capsule,2024-09-23,Plant_C,190.2,22.55,51.0,6.59,83.7,99.73,0.132,97.6,0,EQ-C07,NA,8.6,Pass
B00767,Omeprazole 20mg,Capsule,,Plant_B,182.8,22.31,46.5,6.57,92.7,101.41,0.295,96.6,0,EQ-B11,Morning,9.0,PASS
B00634,Atorvastatin 20mg,Tablet,2025-09-19,Plant_C,301.5kg,21.64,43.0,7.01,92.2,,0.498,93.1,1,EQ-C12,Morning,10.1,Pass
B00056,Paracetamol 500mg,tablet,2025-08-21,Plant_A,357.0,23.62,51.1,6.54,88.2,101.3,0.338,97.5,1,EQ-A08,Morning,8.1,Pass
B02668,Ceftriaxone 1g,Injectable,2023-10-13,Plant_D,97.8,,41.1,6.82,98.5,100.87,0.978%,71.45,0,EQ-D02,Morning,7.1,Pass
B00409,Ceftriaxone 1g,injectable,2024-02-06,Plant_B,83.4,24.78,38.9,6.79,88.4,98.56,0.127,94.5,1,EQ-B05,Morning,10.2,Pass
B01662,Omeprazole 20mg,Capsule,2023-01-29,Plant_A,258.2,24.0,52.2,6.98,90.7,101.23,0.289,94.8,N/A,EQ-A04,Morning,10.3,Pass
B01550,Paracetamol 500mg,tablet,2025-01-28,Plant_A,477.4,17.66,46.2,6.32,95.9,99.21,0.137,96.5,1,EQ-A01,Morning,9.2,Under Review
B00595,Atorvastatin 20mg,Tablet,27/10/2024,Plant_A,296.4,23.64,41.2,5.83,95.9,98.48,0.792,94.5,0,EQ-A09,Evening,8.3,Pass
B01802,Ibuprofen 400mg,TABLET,2025-09-06,Plant_A,371.8,21.28,41.6,6.91,85.3,100.64,0.073,96.3,0,EQ-A05,,9.6,Pass
B00649,Ceftriaxone 1g,-,2024-03-17,Plant_D,84.1,23.08,55.6,10.1,95.0,98.59,0.179,98.2,1,EQ-D02,Evening,10.1,Pass
B00948,Amoxicillin 250mg,Capsule,2023-11-12,Plant_C,270.1,24.77,47.3,,90.7,100.66,0.52,99.5,2,NA,Morning,7.5,Pass
B00028,Insulin Glargine,Injectable,2024-09-21,Plant_B,52.0,N/A,46.1,6.4,89.8,101.95,0.788,94.5,0.0,EQ-B08,Evening,8.4,Pass
B01154,Ceftriaxone 1g,Injectable,2025-07-09,Plant_C,84.5,22.66,50.3,6.61,86.0,98.89,0.396,95.6,0,EQ-C03,,8.5,Pass
B02181,Omeprazole 20mg,Capsule,,Plant_A,238.5,24.26 C,45.2,7.07,87.8,100.96,0.102,92.8,-1,EQ-A12,Night,8.9,Pass
B00044,Atorvastatin 20mg,Tablet,2025-01-23,Plant_A,330.3,24.4,51.0,6.23,87.6,99.4,0.402,90.9,1,EQ-A03,Night,9.7,Pass
B00792,Ibuprofen 400mg,Tablet,2025-12-23,PLANT-A,473.0,21.66,45.8,6.92,88.1,180,0.433,95.2,2,EQ-A02,Morning,9.8,Pass
B00570,Cetirizine 10mg,Tablet,2025-09-06,Plant_B,167.6,23.59,50.4,6.7,94.0,101.23,0.092,96.5,1,EQ-B11,evening,6.4,PASS
B01105,Atorvastatin 20mg,Tablet,2024/04/27,Plant_A,341.9,20.97,47.9,6.4,96.1,101.33,0.3,98.3,0,EQ-A11,Morning,10.0,Pass
B00700,paracetamol 500mg,Tablets,2024-04-02,Plant_C,453.4,63.14,49.6,7.0,94.9,100.45,0.556,92.6,1,-,Night,10.0,Pass
B00834,Amoxicillin 250mg,Capsule,2024-04-09,Plant_A,262.5,24.66,46.3,6.48,91.2,99.15,0.615,95.8,1,EQ-A05,Evening,8.7,Pass
B01450,Amoxicillin 250mg,Capsule,2025-11-09,Plant_B,266.1,22.57,47.0,6.33,93.7,100.97,0.778,99.1,0,EQ-B02,Evening,7.8,Pass
B02774,Azithromycin Susp,Suspension,2023-11-02,Plant_B,156.8,22.21,,6.62,90.6,99.58,0.267,94.6,1,EQ-B08,Evening,9.7,Pass
B01714,Azithromycin Susp,Suspension,2025-09-16, Plant_A ,157.1,19.88,43.7,5.92,97.4,98.33,0.431,96.1,0,EQ-A05,Morning,9.1,Pass
B00264,Ceftriaxone1g,Injectable,2025/11/17,Plant_C,85.2,24.2,38.6,6.8,98.9,97.75,0.307,94.3,1,EQ-C02,Morning,8.8,Pass
B00825,Omeprazole20mg,Capsule,2024-01-03,plant_c,188.9,23.83,46.7,6.55,90.2,-10,0.337,95.7,1,EQ-C03,Evening,7.8,Pass
B00535,Cetirizine 10mg,tablet,2023-08-20,Plant_A,172.1,22.06,47.7,6.64,102.5,100.92,0.519,98.0,1,EQ-A06,Evening,10.3,Pass
B00509,Metformin 850mg,Tablet,2025-09-13,Plant A,557.5,22.28,44.1,6.18,90.5,98.96,0.399,91.2%,1,EQ-A07,Evening,9.6,Pass
B01512,Metformin 850mg,Tablet,2024-10-09,Plant_A,400.7,22.68,47.9,6.26,89.6,132.61,0.377,93.9,0,EQ-A02,E,9.0,Pass
B00613,Azithromycin Susp,Suspension,2025-01-18,Plant_D,170.2,21.96,37.3,6.16,82.8,99.23,0.942,95.6,2,EQ-D04,Morning,58.69,Pass
B02722,Omeprazole 20mg,CAPSULE,2024/06/08,Plant_C,260.5,22.96,52.3,6.17,96.2,101.1,0.453,95.2,2,EQ-C05,Evening,8.3,Pass
B00940,Cetirizine 10mg,Tablet,2025-05-12,Plant_B,229.7,23.26,47.6,6.26,95.5,99.27%,0.166,94.9,1,EQ-B07,MORNING,9.4,Pass
B01412,Cetirizine 10mg,Tablet,2024-03-12,Plant_B,,22.17,57.0,6.74,86.3,98.49,0.242,96.0,1,EQ-B07,Evening,8.6,PASS
B02606,AZITHROMYCIN SUSP,Suspension,2023-10-12,Plant_D,122.1,24.74,46.3,6.18,92.1,101.68,0.35,101.1,2,EQ-D06,Evening,9.0,Pass
B00024,CEFTRIAXONE 1G,Injectable,2025-05-23,Plant_B,101.8,22.9,40.6,6.26,87.5,100.19,0.308,,1,EQ-B04,Evening,8.6,Pass
B02000,Metformin 850mg,Tablet,2023-10-20,Plant_D,579.3,25.26,46.5,6.63,,136.06,0.022,94.6,5,EQ-D04,Night,10.2,Fail
B02661,Ibuprofen 400mg,Tablet,2024-12-07,Plant_A,420.6,20.21,41.4,6.63,90.9,100.84,0.19,96.6,0,EQ-A06,Evening,9.6,Pass
B01243,Ceftriaxone 1g,Injectable,2024-05-24,Plant_A,107.4,24.02,45.4,5.7,91.9,96.12,0.526,93.4,1,EQ-A05,Evening,9.8,Pass
B01755,Omeprazole 20mg,Capsule,2025-01-21,Plant_A,199.0,22.73,40.0,6.53,90.2,97.3,0.259,96.0,1,EQ-A06,Morning,10.3,Pass
B01656,Metformin 850mg,Tablet,2025-03-31,Plant_A,461.6,24.62,45.8,6.31,91.3,99.26,0.338,98.6,0,EQ-A05,Night,12.2,Passed
B01128,Omeprazole 20mg,Capsule,03-23-2025,Plant_A,229.9,22.46,41.8,,93.1,99.92,0.356,97.5,-3,EQ-A06,Morning ,9.5,Pass
B01023,Insulin Glargine,Injectable,2024-05-13,,55.7,19.67,,15,140,NA,0.132,96.6,-3,EQ-A03,MORNING,7.8,Pass
B01102,Ibuprofen 400mg,Tablet,2023-08-15,PLANT-A,400.4,23.84,45.1,6.08,99.6,99.3,0.491,95.7,0,EQ-A01,Evening,10.9,Pass
B00468,Cetirizine 10mg,Tablet,2024-11-12,Plant_B,179.6,22.29,36.1,6.96,99.4,98.95,0.516,95.0,-,EQ-B07,Evening,8.4,Pass
B01975,Cetirizine10mg,Tablet,2025-04-02,Plant_C,174.5,24.87,55.2,6.67,90.8,100.03,0.362,98.8,4,EQ-C05,Evening,9.1,Fail
B00037,Insulin Glargine,Injectable,2025-05-23,Plant_C,67.2,24.64,38.1,7.07,86.3,100.54,0.382,97.7,zero,EQ-C11,Evening,9.9,Pass
B01058,Azithromycin Susp,Suspension,2024-06-13,Plant_A,142.5,22.24,39.4,6.89,91.6,100.78,0.566,98.2,2.0,EQ-A07,Evening,7.6,Pass
B01923,Insulin Glargine,INJECTABLE,2025-12-16,plant_d,67.6,25.91,46.4,6.38,89.6,100.21,0.569,93.6,1,-,Night,6.6,Pass
B01774,Atorvastatin20mg,tablet,2024-08-29,PLANT-C,314.0,24.57,47.9,6.78,96.1,99.82,0.627,93.9,0,EQ-C09,Morning,9.1,Pass
B02071,Amoxicillin 250mg,Capsule,2025-06-24,Plant_B,210.2,22.69,51.7,6.45,86.8,99.91,0.877,96.9,0,EQ-B10,Morning,10.1,Pass
B01740,Metformin 850mg,Tablet,2024-10-24,Plant_C,451.0,24.24,,6.59,93.1,99.93,0.594,94.5,0,EQ-C09,Morning,10.6,Pass
B02738,Amoxicillin 250mg,Capsule,2023-12-17,Plant_B,235.8,null,,6.75,87.7,97.37,0.137,94.4,2,EQ-B03,EVENING,8.4,Pass
B02443,Paracetamol 500mg,Tablet,2023-01-14,Plant_B,448.7,24.74,39.5,6.81,94.3,101.61,0.295,94.1,2,EQ-B10,NIGHT,10.1,Pass
B00848,Paracetamol 500mg,Tablet,2023-05-03,Plant_B,429.2,21.25,44.4,6.56,93.1,102.51,1.084,96.3,2,EQ-B09,Night,10.2,Under Review
B01581,,Tablet,2024-02-14,Plant_C,405.3,21.62,53.1,6.22,93.9,100.98,1.026,94.4,0,EQ-C09,Morning,10.0,Under Review
B00753,Paracetamol 500mg,Tablet,2025-07-12,Plant_B,479.8,22.31,52.6,7.04,100.3,99.64,0.388,88.6,-3,EQ-B11,Evening,11.3,Under Review
B02573,Azithromycin Susp,Suspension,2024-04-23,Plant_C,177.5kg,20.87,49.2,6.58,99.2%,98.75,0.692,96.1,4,EQ-C06,Evening,7.3,Fail
B01302,Ibuprofen 400mg,Tablet,,Plant_D,495.2,23.34,41.5,6.74,,99.6,0.166,94.2,0,EQ-D07,Morning,11.0,Pass
B02350,Cetirizine 10mg,Tablet,2025-05-18,Plant_A,220.2,22.94,34.5,6.87,93.6,99.83,0.208 %,95.7,26,EQ-A05,Evening,10.4,Pass
B01812,omeprazole 20mg,Capsule,2023-10-07,Plant_A,217.7,24.72,45.3,6.44,102.2,98.29,0.184,94.2,1,EQ-A11,Evening,9.3,Pass
B00661,Amoxicillin 250mg,Capsule,2023-01-19,Plant_D,262.9,23.48,42.2,6.49,86.5,100.29,0.277,99.5,0,EQ-D12,Evening,8.6,Pass
B02814,Ceftriaxone1g,Injectable,2024-10-28,Plant_C,102.5,25.7,47.8,6.88,92.7,99.22,0.248,96.9,0,EQ-C01,Night,10.2,PASS
B02672,Insulin Glargine,Injectable,2023-06-19,Plant_B,61.7,21.36,38.5,7.28,90.2,99.41,0.179,95.4,1,EQ-B09,Morning,8.3,Passed
B02308,Amoxicillin 250mg,Capsule,2025-11-22,Plant_A,245.6,22.34,45.8,6.75,85.7,98.5,0.364,95.5,0,EQ-A07,Evening,10.9,pass
B00949,Ceftriaxone 1g,Injectable,2024-09-16,Plant_D,86.5,22.12,37.8,6.75,100.0,102.15,0.41,96.7,3,EQ-D09,Evening,7.2,Under Review
B02376,ceftriaxone 1g,Injectable,,Plant_B,78.2,23.36,44.2,7.0,-5,97.78,0.114,95.4,0,EQ-B04,Evening,8.2,Pass
B01674,Azithromycin Susp,Suspension,2023-10-13,Plant_C,155.1,21.6,40.2,6.96,93.5,98.93,0.213,115,0,EQ-C02,Morning,8.2,Pass
B01569,-,Injectables,,Plant_B,93.0,22.74,N/A,6.79,94.2,98.57,-,95.6,1,EQ-B11,Morning,8.7,Pass
B00798,Ibuprofen 400mg,Tablet,2024-03-16,Plant_B,374.9,22.5,42.4,6.79,97.0,100.66,0.229,92.4,0,-,Morning,10.5,PASS
B01743,Ibuprofen 400mg,Tablet,2025-10-08, Plant_A ,498.1,23.39,40.9,6.65,91.5,98.81,0.384,97.5,0,EQ-A02,MORNING,11.8,Pass
B02509,Ibuprofen 400mg,Tablet,2025-03-10,Plant_A,493.2,24.74,36.8,6.44,86.9,100.19,0.12%,95.3,2,EQ-A04,Morning,9.6,Pass
B00880,Omeprazole 20mg,Capsule,2023-10-27,Plant_B,208.2,21.35,40.2,6.55,87.3,100.42,0.177,96.1,1,EQ-B02,Evening,8.0,Pass
B00688,Cetirizine 10mg,Tablet,2025-03-06,Plant_C,218.9,22.52,44.6,6.62,85.7,98.16,0.275,101.4,0,EQ-C09,Evening,9.1,Pass
B01398,Omeprazole 20mg,Capsule,2023-01-16,Plant_C,259.6,19.89,42.5,6.44,90.5,101.33,8.4,94.1,2,EQ-C01,Evening,7.8,Pass
B01754,Atorvastatin 20mg,Tablet,2024/07/24,Plant_A,317.5,23.04,46.3,6.24,99.1,97.7,0.738,94.5,1,EQ-A07,Night,10.3,Pass
B00396,Insulin Glargine,Injectables,2024-01-23,plant_a,71.0,23.61,46.2,7.27,87.2,99.94,0.255,95.3,3,EQ-A04,Evening,8.8,Under Review
B01902,CETIRIZINE 10MG,Tablet,2023-05-31,Plant_B,183.8,26.71,53.6,6.28,91.2,99.19,0.039,94.3,1,,Morning,9.3,Pass
B01946,Amoxicillin 250mg,Capsule,2023/03/22,Plant_A,257.4,22.35,53.1,6.95,87.6,99.74,0.19,95.2,1,EQ-A07,Morning,8.2h,Pass
B01526,Paracetamol 500mg,Tablet,23/06/2024,Plant_C,0,22.5,37.9,6.88,93.1,-,0.384,92.7,3,EQ-C10,Night,NA,Under Review
B02150,InsulinGlargine,Injectable,2023-02-25,Plant_D,66.7,24.68,57.4,5.98,-,98.05,0.871,96.2,1,EQ-D12,Morning,9.4,Pass
B01761,Atorvastatin 20mg,TABLET,2023-12-13,Plant_C,270.4,23.96,42.9,6.28,89.3,100.17,0.76,95.9,0,EQ-C04,Morning,8.5,Pass
B02135,Ibuprofen 400mg,Tablet,2024-01-02,Plant_A,458.2,21.46,42.6,6.4,,99.66,0.254,99.3,1,EQ-A03,E,9.6,Pass
B00148,Metformin 850mg,Tablet,2023-10-17,C,538.1,25.21,49.2,6.72,88.2,98.87,0.669,96.2,1.0,EQ-C04,NIGHT,10.6,Pass
B01981,Omeprazole 20mg,Capsule,2024-09-28, Plant_B ,249.1,20.91,41.6,6.17,91.7,99.77,0.115,96.0,0,EQ-B08,E,8.7,Pass
B02252,cetirizine 10mg,Tablet,2024-07-06,Plant_A,181.8,23.95C,,,95.4,100.25,0.073,92.7,0,EQ-A11,Morning,8.1,Pass
B02477,CETIRIZINE 10MG,Tablet,2023-11-20,Plant_B,200.7,22.07,59.7,6.87,94.1,96.65,0.522,92.7,2,EQ-B08,Night,8.7,Pass
B01985,Omeprazole 20mg,,08 Dec 2025,plant_b,230.1,22.37,47.4,6.33,89.7,99.1,0.633,94.6,1,EQ-B05,Evening,6.5,Pass
B01543,Paracetamol 500mg,Tablet,2025-01-16,Plant_A,416.6,23.57,47.9,5.96,96.3,100.95,0.483,96.6,3,EQ-A12,Evening,9.4,Under Review
B02232,Paracetamol 500mg,Tablet,2025-01-03,Plant_A,350.0,24.06,46.1,10.06,92.5,99.2,0.455,98.0,0,null,Morning,10.0,Pass
B02576,Atorvastatin 20mg,Tablet,2025-08-08,Plant_B,309.3,20.45,53.8,6.72,95.2,97.66,0.407,96.1,2,EQ-B09,Evening,8.7,Pass
B00564,Amoxicillin 250mg,Capsule,2023-11-24,C,208.2,20.15,47.2,6.37,88.7,99.26,0.315,97.6,1,EQ-C06,evening,8.0,Pass
B01852,Metformin 850mg,Tablet,2023-01-25,Plant_A,483.1,22.05,37.4,6.12,93.4,97.05,0.113,93.4,1,EQ-A09,E,9.7,Pass
B00198,Amoxicillin 250mg,,2025-06-20,Plant_A,296.3,23.71,51.3,6.5,90.8,102.29,0.694,94.4,0,EQ-A06,Morning,10.0,Pass
B02353,Azithromycin Susp,Suspension,2024-10-12,Plant_C,131.6,23.11,47.3,7.2,88.6,99.1,0.535,95.4,N/A,EQ-C05,Night,7.9,Under Review
B02001,Insulin Glargine,Injectable,2024-12-26,Plant_C,60.5,24.31,89.11,6.27,91.0,98.98,0.352,96.7,0,EQ-C05,Morning,8.3,Pass
B00261,Azithromycin Susp,,2025-06-05,Plant_C,172.9,20.64,49.6,6.18,92.5,101.1,0.219,94.5,2,EQ-C08,EVENING,8.4,Pass
B01409,Paracetamol 500mg,Tablet,2024-03-05,Plant_A,377.9,24.03,40.4,6.93,91.1,100.64,0.141,95.5,2,EQ-A06,Evening,9.1,Pass
B01022,Paracetamol 500mg,Tablet,2025-11-23,Plant_A,462.7,22.06,48.0,6.8,94.0,100.21,0.032,97.3,0,EQ-A07,-,12.4,Pass
B00698,Cetirizine 10mg,Tablet,2023-06-01,Plant_C,195.2,26.28,38.0,6.73,87.0,98.48,0.093,93.4%,2,EQ-C04,Morning,8.2,Pass
B02324,Omeprazole 20mg,Capsule,2024-04-05,Plant_C,212.9,20.21 C,45.4,6.74,89.4,,0.242,95.8,1,EQ-C05,Evening,8.6,Pass
B01514,Atorvastatin 20mg,Tablet,NA,Plant_B,280.5,21.37,51.7,6.56,91.1,101.82,-0.5,N/A,1,EQ-B08,Evening,9.0,Pass
B00051,Azithromycin Susp,Suspension,2023-08-19,Plant_B,155.8,25.2,45.6,7.36,84.7,96.96,0.774,95.3,1,EQ-B10,Evening,8.7,Pass
B00586,Ceftriaxone 1g,Injectable,2024-11-25, Plant_A ,105.9,21.76,54.8,6.57,84.5,-10,0.585,94.9,0,EQ-A12,Morning,5.4,Pass
B01836,Amoxicillin 250mg,CAPSULE,2023-05-05,Plant_B,243.1,25.96,,6.22,null,100.31,0.019,67.86,0,EQ-B04,E,9.8,Pass
B01367,Atorvastatin 20mg,Tablet,2024-04-04,Plant_C,244.3,25.93,46.3,6.25,86.4,98.92,N/A,99.1,0,EQ-C01,Night,10.8,Under Review
B02138,Paracetamol 500mg,Tablet,2024-01-24,Plant_C,328.3,24.11,44.3,6.17,90.6,102.86,0.313,96.1,0,EQ-C04,Evening,8.9,pass
B01922,Cetirizine 10mg,Tablet,2023-05-01,Plant_A,195.6,24.33,52.4,-,90.5,99.51,0.571,98.7,1,EQ-A12,Evening,9.4,Pass
B01748,null,Tablet,2025-06-24,Plant_D,292.1,20.55,42.4%,6.31,96.1,98.81,0.163,97.2,0,EQ-D10,Morning,10.3,Pass
B01993,Metformin 850mg,Tablet,2024-02-28,Plant_C,406.9,21.5,53.2,6.09,95.9,100.15,0.863,96.1,1,EQ-C07,Night,9.8,Pass
B02754,OMEPRAZOLE 20MG,Capsule,2025-11-05,Plant_B,237.5,22.07,40.2,6.49,96.1,100.18,0.345,98.2,-,EQ-B01,Morning,8.9,Passed
B02272,Atorvastatin 20mg,Tablet,2025-01-21,Plant_D,244.9,21.82,55.6,6.52,,100.31,0.146,93.0,0,EQ-D08,Morning,9.0,Pass
B01838,Atorvastatin 20mg,Tablet,2025-10-10,Plant_B,339.8,21.38,37.4,6.4,,99.68,0.265,98.8,3,EQ-B02,Evening,9.0,Under Review
B01378,Azithromycin Susp,Suspension,2025-02-17,Plant_B,176.8,19.84,94.97,6.88,93.0,103.98,0.286,95.0,1,EQ-B03,Evening,7.6,pass
B01554,Omeprazole 20mg,null,2025-04-03,Plant A,260.1,22.06,50.8,7.16,87.0,98.73,0.456,92.8,3,EQ-A09,Night,8.0,Under Review
B01263,Ibuprofen 400mg,Tablet,2024-02-20,Plant_D,426.5,23.32,45.2,6.23,92.9,102.79,0.765,95.6,1,EQ-D01,Evening,10.1,Pass
B00393,Atorvastatin 20mg,Tablet,2025-12-19,Plant_C,344.7,22.1,86.64,6.71,95.6,99.9,1.259,96.3,3,EQ-C04,N,10.8,Under Review
B02660,Amoxicillin 250mg,Capsule,2024-12-26,Plant_C,229.2,22.29,51.7,6.48,87.9,99.34,0.582,null,1,EQ-C12,Morning,9.1h,Pass
B01060,Atorvastatin 20mg,Tablet,2023-09-02,Plant_A,348.4,22.52,44.1,6.3,140,95.64,0.034,95.5,2,EQ-A05,night,8.3,Pass
B00941,Omeprazole 20mg,Capsule,2025-02-02,Plant_D,200.5,24.49,44.5,6.62,89.2,99.38,0.686,94.4,two,EQ-D09,Evening,9.0,Pass
B00822,Omeprazole 20mg,Capsule,2025-07-03,Plant_B,186.1,,,6.06,91.7,99.89,0.421,150,1,EQ-B06,Morning,8.0,Pass
B01231,Insulin Glargine,Injectable,2023-03-28,Plant_C,59.0,23.84,42.9,7.23,93.4,100.11,-2.0,97.3,1,EQ-C11,Evening,8.9,Pass
B02229,Metformin 850mg,Tablet,2024-10-03,Plant_B,498.4,21.73,46.5,6.7,86.6,99.87,-,98.1,2,EQ-B02,Night,10.0,Pass
B01752,insulin glargine,Injectable,2024-07-16,Plant_A,49.2,22.02,56.1,6.51,94.4,99.36,0.293,92.3,1,EQ-A05,Morning,8.7,Pass
B02662,Azithromycin Susp,Suspension,04 Apr 2024,Plant_B,4510.69,21.09,53.7,6.31,86.1,101.17,0.088,100.5,2,EQ-B01,Evening,8.6,Pass
B01809,Paracetamol 500mg,Tablet,2023-11-06,Plant_B,403.0,21.39,51.2,7.02,88.5,99.03,0.453,95.2,0,EQ-B11,Morning,10.3,Pass
B02339,paracetamol 500mg,Tablets,2025-10-07,Plant_A,386.9,20.37C,43.6,6.57,89.8,100.85,0.55,94.8,1,EQ-A06,Morning,10.9,Pass
B02691,Azithromycin Susp,Suspension,2023-04-05,Plant_A,163.3,24.57,55.5%,6.37,97.3,101.58,0.265,96.0,0,EQ-A06,Morning,10.3,Pass
B02230,Ceftriaxone 1g,Injectable,2024-09-12,Plant_A,107.6,24.56,41.8,6.62,91.4,100.77,0.729,94.9,0,EQ-A04,night,5.6,Pass
B00250,Paracetamol 500mg,Tablet,2025-04-23,Plant_B,420.0,22.5,,6.29,93.7,99.05,0.437,95.6,1,EQ-B02,Morning,10.3,Pass
B02027,Omeprazole 20mg,Capsule,2023-03-16,Plant_C,249.9,19.77,49.1,6.45,89.1,97.95,0.36,92.8,2,EQ-C07,Evening,10.6,Pass
B01817,Metformin 850mg,Tablet,2023-09-03,Plant_B,517.4,22.2,43.7,7.06,95.2,98.42,0.362,97.2,1,EQ-B03,Evening ,9.6,Pass
B02457,Insulin Glargine,Injectable,23 Aug 2025,Plant_B,70.6,21.41,56.4,5.97,87.7,98.96,1.316,92.8,0,EQ-B03,night,7.2,Fail
B01217,Cetirizine 10mg,Tablet,2025-03-18,Plant_B,225.5,23.88,43.8,6.49,97.7,101.42,0.483,96.4,0,EQ-B04,Morning,8.8,Pass
B01568,Omeprazole 20mg,Capsule,2025-02-16,Plant_B,213.3,20.16,49.2,6.81,,97.95,0.733,96.5,2,null,Morning,7.9,Pass
B01582,Metformin 850mg,Tablet,2023-06-21,plant_c,497.7,23.71,49.0,6.63,92.0,98.9,0.385,93.0,0,EQ-C11,Morning,11.4,Pass
B00157,Amoxicillin 250mg,Capsule,2025-02-03,Plant_C,204.8,22.07,47.1,6.98,-,100.91,0.207,95.2,1,EQ-C11,Morning,10.9,Pass
B01336,Ceftriaxone 1g,Injectable,2025-01-23,Plant_C,105.3,23.41,43.8,6.13,87.4,99.98,1.232,96.0,2,EQ-C11,Night,7.0,Review
B01445,Amoxicillin 250mg,Capsule,2024-06-25,Plant_B,222.0,23.16,36.9,6.68,103.0,102.36,0.559,99.0,1,EQ-B08,Evening,8.3,Pass
B01028,Metformin 850mg,Tablet,2024-08-15,Plant_A,504.9,22.94,42.5,6.98,93.5,102.01,0.156,100.2,0,EQ-A08,Night,10.2,Pass
B01293,Ibuprofen 400mg,Tablet,2025-01-09,Plant_A,416.1,22.14,43.2,6.31,88.3,102.05,0.288,92.2,2,EQ-A11,Evening,9.0,Pass
B01968,Ibuprofen 400mg,Tablet,2025-04-12,Plant_C,468.9,21.84,52.2,7.24,86.4,99.49,5.72,92.3,0,EQ-C05,Evening,10.6,pass
B00893,CETIRIZINE 10MG,Tablet,2024-09-13,Plant_C,236.0,21.48,51.0,7.0,95.0,100.01,0.578,94.7,0,EQ-C12,Morning,7.5,Pass
B00141,Ceftriaxone 1g,Injectable,2025-03-08,Plant_C,91.8,22.01,,6.73,87.9,101.2,0.395,96.4,1,EQ-C11,Morning,8.4,Pass
B02490,Atorvastatin 20mg,Tablet,2023-04-26,Plant_A,332.2,23.46,36.4,6.61,97.5,101.67,0.111,97.0,2,EQ-A08,Morning,9.7,Pass
B01524,Amoxicillin 250mg,Capsule,2024-04-15,Plant_C,231.6,22.99,53.2,9.92,93.7,98.1,0.531,98.5,0,EQ-C07,Night,8.6,pass
B02381,Amoxicillin 250mg,Capsule,2024-09-25,Plant_B,238.6,999,38.7,6.51,85.4,100.97,0.595,95.6,1,EQ-B01,Morning,7.8,Pass
B02902,Insulin Glargine,Injectable,"October 11, 2025",PLANT-D,60.3,18.84C,45.1,6.42,94.5,101.94,0.489,91.4,0,EQ-D09,Morning,8.3,Pass
B00861,Ceftriaxone 1g,Injectable,2025-04-23,Plant_A,98.1,24.25,49.7,,88.3,96.71,0.218,97.1,0,EQ-A06,Morning,7.5,Pass
B02039,Ceftriaxone 1g,Injectable,2024-05-10,Plant_C,100.8,24.49,53.6,6.52,,98.86,0.366,98.4,4,EQ-C04,Evening,7.5,FAIL
B00446,Omeprazole 20mg,Capsule,2024-07-04,Plant_B,263.8,25.2,53.7,6.67,91.5,101.3,0.74,95.8,1,EQ-B05,Evening,N/A,Pass
B00673,Omeprazole 20mg,Capsule,2023-03-07,Plant_A,222.2,20.81,49.4,6.1,90.1,101.2,0.375,95.6,0,EQ-A03,Morning,9.5,Pass
B01673,Metformin 850mg,Tablet,2024-12-14,A,501.2,21.17,42.4,7.17,89.4,100.11,0.228,94.8,1,EQ-A04,Morning,9.3,pass
B00559,Azithromycin Susp,Suspension,2024-11-27,Plant_B,144.3,,46.8,6.23,90.2,99.4,0.248,97.6,1,,Night,9.6,PASS
B01266,Paracetamol 500mg,Tablet,2025-06-27,Plant_B,391.5,22.29,52.3,6.01,98.4,97.52,0.433,98.9,1,EQ-B06,Morning,10.8,Pass
B02378,Amoxicillin 250mg,Capsule,2025-07-13,Plant_B,,24.85,54.5,6.01,87.7,100.17,0.197,95.8,0,EQ-B03,Morning,8.3,Pass
B02541,Metformin 850mg,Tablet,2024-07-31,Plant_A,463.8,22.89,52.2,6.74,95.0,99.43,0.158,99.2,0,EQ-A10,Night,7.7,Pass
B00199,Atorvastatin 20mg,Tablet,2023-11-23,Plant_A,285.6,22.73,53.6,6.38,90.7,97.83,0.213,95.4,0,EQ-A09,Night,8.8,Pass
B01104,Amoxicillin 250mg,Capsule,2025-05-16,Plant_B,271.1,22.47,52.9,N/A,96.0,100.4,0.623,98.2,1,EQ-B01,Evening,7.3,Pass
B02847,insulin glargine,Injectable,2024-08-08,Plant_C,56.0,23.35,,6.07,89.5,96.87,0.657,94.1,0,EQ-C06,Evening,9.4,Pass
B02846,Ibuprofen 400mg,Tablet,2024-01-28,Plant_B,372.2,22.55,49.3,6.87,98.7,100.29,0.577,98.9,1,EQ-B12,Evening,9.4,Pass
B01423,Cetirizine 10mg,Tablet,12/06/2025,Plant_B,163.5,23.65,43.1,6.76,93.0,99.12,,97.0,1,EQ-B10,,9.6,Pass
B01464,Paracetamol 500mg,TABLET,2024-08-20,Plant_A,395.4,22.52,52.1,6.39,96.5,100.71,0.645,94.8,1,EQ-A05,Evening,10.8,Pass
B02243,Ibuprofen 400mg,Tablet,2024-12-31,Plant_A,524.3,20.74 C,44.6,6.39,92.8,97.73,0.353,93.3,0,EQ-A04,Morning,10.4,Pass
B00419,Metformin 850mg,Tablet,2024-02-19,Plant_D,473.6,21.76,38.8,6.8,91.4,180,0.035,94.0,0,EQ-D03,Evening,10.5,PASS
B00685,Amoxicillin 250mg,Capsule,2024-07-11,Plant_C,286.0,24.64,39.6,6.42,83.1,100.61 %,0.409,94.5,2,EQ-C04,Night,9.9,Pass
B01207,Cetirizine 10mg,Tablet,2023-02-12,Plant_B,182.8,23.53,53.8,5.88,95.8,101.3,0.121,98.4,1,EQ-B04,Morning,10.4,Pass
B00646,atorvastatin 20mg,tablet,2025-02-10,Plant_C,266.1,19.99,44.7,5.97,91.6,101.65,0.551,97.6,0,EQ-C08,Morning,11.0,Pass
B00757,AZITHROMYCIN SUSP,SUSPENSION,2025-12-06,Plant_B,158.6,22.72,53.6,5.97,98.3,100.07,0.274,99.7,2,EQ-B12,null,8.7,Pass
B02382,Ibuprofen 400mg,Tablet,2024-07-06,Plant_C,453.6,24.95,55.9,6.3,86.2,99.82,0.118,93.6,1,EQ-C07,Evening,9.6,Pass
B02366,Paracetamol 500mg,Tablet,2025-09-05,Plant_C,450.6,21.71,54.6,5.66,93.7,97.4,0.589,94.5,0,EQ-C11,Night,11.7,Pass
B01449,Azithromycin Susp,Suspension,2024-12-29,Plant_D,136.1,20.2,48.9,5.84,94.0,99.0,0.517,97.2,1,EQ-D04,Evening,11.1,Pass
B00441,Ceftriaxone 1g,Injectable,2025-01-06,Plant_A,78.2,23.12,50.1,6.67,88.3,97.86,0.263,95.7,1,EQ-A07,Evening,8.3,Pass
B02370,Amoxicillin 250mg,Capsule,2024-08-27,N/A,243.3,23.92,52.3,6.42,86.4,100.08,0.945,95.6,1,EQ-C05,Morning,10.1,Pass
B01440,Ceftriaxone 1g,Injectable,2023-03-02,Plant_D,77.3,23.9,48.7,6.17,94.5,-,0.285,96.1,1,EQ-D08,evening,9.3,Pass
B01034,Atorvastatin 20mg,Tablet,2024-07-02,Plant_A,275.0,22.44,45.0,6.75,93.4,99.45,0.499,-,1,EQ-A01,Evening,8.6,Passed
B01633,Paracetamol 500mg,TABLET,2025-03-21,Plant_B,350.9,24.37,45.5,6.55,87.2,98.15,1.705,89.8,-3,EQ-B12,Night,9.6,Fail
B00763,Ceftriaxone 1g,Injectable,2023-08-10,Plant_D,103.9,22.37,47.6,7.43,93.7,100.18,5.11,99.8,1,EQ-D02,Morning,9.6,Pass
B02683,Atorvastatin 20mg,TABLET,,Plant_D,338.4,23.37,41.3,6.21,97.2,99.02,0.127,99.1,0,EQ-D11,Morning,10.7,Pass
B01418,Ibuprofen 400mg,Tablet,2025-12-02,Plant_A,370.1kg,21.73,47.8,6.29,88.9,100.04,0.324,96.1,1,EQ-A10,Evening,9.8,Pass
B02095,Amoxicillin 250mg,Capsule,2025-10-17,Plant_D,228.2,21.78,49.8,6.6,91.1,96.6,0.047,97.3,1,EQ-D04,Evening,10.3,Pass
B00945,Amoxicillin 250mg,Capsule,2025-07-29,Plant_B,240.2,22.59,40.8,6.22,94.5,100.06,0.834,97.4,0,EQ-B01,Morning ,8.1,Pass
B02092,Atorvastatin 20mg,Tablet,2023-02-10,Plant_B,252.5,23.13,51.4,6.49,96.2,,0.37,94.0,2,EQ-B02,Evening,9.2,Pass
B00527,N/A,Injectables,2023-04-28,Plant_B,91.4,NA,46.6,6.53,94.2,98.7,0.224,96.8,1,EQ-B06,Morning,7.6,Pass
B01313,Azithromycin Susp,Suspension,2023-03-22,Plant_C,157.4,25.02,46.2,6.23,88.5,99.9,0.655,96.5,2,EQ-C03,Evening,8.7,Pass
B00486,Metformin 850mg,Tablet,2025-01-06,Plant_A,5876.73,22.69,42.1,6.49,96.0,100.24,8.01,96.5,one,EQ-A06,Morning,10.1,Pass
B00562,Paracetamol 500mg,Tablet,2025-10-04,Plant_A,458.6,21.64,57.6,6.8,86.5,98.3,0.414,96.3,0,EQ-A06,Morning,9.4,Pass
B00444,Ibuprofen 400mg,Tablet,2023-12-31,Plant_A,388.8,22.39,42.7,6.69,,98.41%,0.353,95.5,0,EQ-A11,MORNING,8.8,Pass
B02148,CEFTRIAXONE 1G,Injectable,2023-01-26,B,89.9,25.14,51.6 %,6.68,89.2,99.66,1.509,96.8,1,EQ-B07,Morning,-5,Fail
B01255,Omeprazole 20mg,Capsule,2025-05-22,Plant_C,229.5,23.73,46.3,6.09,94.7,100.36,,99.5,3,EQ-C12,Morning,8.7,Under Review
B00728,Paracetamol 500mg,Tablet,2024-09-19,Plant_C,348.6,21.61,42.1,6.29,88.9,100.54,0.36,96.6,0,EQ-C02,Morning,9.8,Pass
B02087,Azithromycin Susp,Suspension,2025-03-26,Plant_B,164.7,22.8,47.5,7.16,94.8,100.5,0.776,97.2,0,EQ-B12,Morning,8.4,Pass
B00662,Azithromycin Susp,Suspension,null,Plant_A,170.7,23.58,46.0,6.25,89.1,98.25,105.0,95.6,1,EQ-A07,Morning,9.1,Pass
B01814,Ibuprofen 400mg,Tablet,2025-04-07,PLANT-D,499.1,21.76,34.2,6.28,93.2,100.53,0.292,94.0,4,EQ-D09,Morning,9.9,Fail
B02776,Atorvastatin 20mg,Tablet,2025-12-23,Plant_D,276.2,19.7,30.2,6.56,88.3,98.42,1.048,97.4,1,EQ-D02,Morning,11.0,Under Review
B00731,Azithromycin Susp,Suspension,2023-04-08, Plant_A ,172.6,20.5,54.5,6.78,88.9,99.64,0.093,97.7,1,EQ-A07,Evening,8.6,Passed
B00412,Metformin 850mg,Tablet,2024-07-05,Plant_D,588.8,22.96,55.8,6.81,97.1,100.17,0.86,94.0,0,EQ-D08,Morning,,PASS
B02885,null,Tablet,2024-10-02,Plant_C,342.9,25.13,53.2,6.57,90.3,99.54,0.633,96.3,0,EQ-C09,Evening,10.8,Pass
B00581,Paracetamol 500mg,Tablet,2025-12-11,Plant_C,356.3,23.81,47.8,6.26,86.6,98.62,0.905,93.7,4,EQ-C01,Night,9.2,Fail
B02693,Ceftriaxone 1g,Injectable,2023-07-17,Plant_C,95.4,22.89,44.7,6.64,,,1.37,99.5,0,EQ-C02,Morning,8.7,Fail
B01209,Metformin 850mg,Tablet,2024-08-06, Plant_A ,553.5,22.49,43.3,6.1,89.6,99.68,0.067,94.0,0,EQ-A09,Night,10.0,Pass
B01306,Omeprazole 20mg,Capsule,"April 27, 2024",Plant_C,258.9,20.27,52.9,6.18,89.8,98.9,0.476,95.2,1,EQ-C11,EVENING,9.8,Pass
B02862,Ceftriaxone 1g,Injectable,2024-04-05,plant_d,80.5,21.92,50.5,6.96,91.6,98.29,0.188,94.9,1,EQ-D04,Morning,7.8,Pass
B02686,Ibuprofen 400mg,Tablet,2025-01-21,Plant_B,494.9,,39.0,6.63,87.4,101.41,0.66,98.4,3,EQ-B01,Night,7.1,Under Review
B00448,Ceftriaxone 1g,Injectable,2024-12-26,Plant_C,89.8,23.63,54.9,6.94,87.5,98.25,0.221,,1,EQ-C05,Evening,6.7,Pass
B01196,omeprazole 20mg,Capsule,2023-10-14,Plant_D,261.5,23.02,47.0,6.3,92.0,99.42,0.438,93.2,1,EQ-D05,Night,11.2,Pass
B01584,Ibuprofen 400mg,Tablet,2023-05-20,Plant_A,539.8,21.23,54.1,7.16,89.3,98.7,0.388,95.4,0,EQ-A11,Morning,10.8,pass
B00665,Cetirizine 10mg,Tablet,,Plant_A,219.3,22.17,-10,,95.2,98.97,0.141,98.6,1,EQ-A05,Morning,9.2,Pass
B02829,Omeprazole 20mg,Capsule,"April 08, 2023",Plant_A,239.3,21.35,44.7,6.86,92.2,99.61,0.152,98.4,2,EQ-A06,Evening,9.3,Pass
B01499,Ibuprofen 400mg,Tablet,2024-04-26,Plant_D,371.4,22.71,53.5,9.96,95.4,100.87,N/A,96.4,4,EQ-D12,Evening,9.9,Fail
B00418,Amoxicillin 250mg,,2025-04-22, Plant_D ,245.2,21.52,50.9,6.8,102.9,98.47,0.986,98.7,2,EQ-D09,Night,10.6,Pass
B01224,Omeprazole 20mg,Capsule,2023-11-23,Plant_C,218.8,19.52,61.5,5.95,100.0,98.93,0.548,97.2,0,EQ-C09,Evening,8.1,Under Review
B00348,Ceftriaxone 1g,Injectable,2024-06-02,A,96.8,23.05,N/A,6.43,92.9,97.45,0.851,100.7,1,EQ-A08,Evening,10.4,Pass
B02218,CEFTRIAXONE 1G,Injectable,12-09-2023,Plant_A,101.5,21.29,37.5,6.12,89.4 %,99.71,0.162,98.3,1,EQ-A05,Evening,8.3,Pass
B01371,Insulin Glargine,Injectable,02-13-2025,Plant_C,71.4,25.39,52.6,6.22,92.0,101.09,,95.7,3,EQ-C04,Night,9.3,Under Review
B01807,paracetamol 500mg,Tablet,2025-03-30,Plant_C,430.4,22.35,53.2,5.79,91.5,98.2,0.583,96.0,1,EQ-C10,MORNING,11.3,pass
B00732,Ibuprofen 400mg,Tablet,2023-02-03,Plant_C,364.5,23.22,34.9,6.45,92.2,100.77,0.969,N/A,2,EQ-C12,Evening,9.1,Pass
B01608,Cetirizine 10mg,Tablet,08/12/2025,Plant_A,234.4,20.87,36.9,6.88,92.9,99.65,0.471,94.5,1,EQ-A11,Evening,8.1,Passed
B01405,Amoxicillin 250mg,Capsule,2024-07-13,Plant_B,255.7,21.8,44.7,6.87,98.0,,0.154,96.1,1,EQ-B07,Evening,8.6,Pass
B00489,Azithromycin Susp,Suspension,2024-11-12,Plant_A,167.1,19.79C,45.0,6.47,97.3,101.38,0.273,97.1,0,EQ-A02,Morning,-,Pass
B01432,Amoxicillin 250mg,Capsule,2024-09-07,Plant_A,256.1,22.65,58.0,6.65,94.6,98.71,0.271,98.4,-3,EQ-A08,Evening,9.8,Pass
B01749,Insulin Glargine,Injectable,2025-09-08,Plant_C,52.7,23.99,53.5,6.91,83.0,100.43,0.189,93.7,0,-,Night,8.3,Pass
B01300,Paracetamol 500mg,Tablet,2025-07-15,Plant_D,424.1,26.76,53.2,6.54,96.6,98.33,0.242,96.2,-1,EQ-D02,Morning,11.6h,Pass
B01182,Ceftriaxone 1g,Injectable,2024-05-23,Plant_B,4697.05,26.2,49.2,6.5,95.0,100.51,0.143,98.4,1,,Night,9.5,Pass
B00843,Ceftriaxone 1g,Injectable,2023-12-06,Plant_A,87.0,21.54,39.4,6.39,88.7,101.77,0.403,94.5,3,EQ-A01,Night,6.7,Under Review
B01549,Ibuprofen 400mg,TABLET,2024-06-25,Plant_C,368.3,21.8,45.9,6.43,,100.96,0.685,97.2,1,EQ-C09,Morning,9.1,Pass
B01069,Atorvastatin 20mg,Tablet,2025-12-01,Plant_C,247.0,20.6,49.2,6.57,84.1,100.51,0.359,93.8,1,EQ-C02,Morning,8.7,Pass
B01032,Amoxicillin 250mg,Capsule,2025-02-20,Plant_C,203.8,23.82,N/A,6.33,90.3,96.68,0.413,95.0,0,EQ-C10,Morning,8.1,Pass
B01588,Paracetamol 500mg,Tablet,18 May 2023,C,401.4,24.06,52.8,6.9,96.8,98.81%,0.393,95.7,0,EQ-C02,Evening,10.9,Passed
B01435,Atorvastatin 20mg,Tablet,2023-10-20,Plant_A,252.9,21.56,49.5,6.67,89.6,98.78,null,96.3,1,EQ-A02,Morning,9.8,Pass
B00082,Ibuprofen 400mg,Tablet,2023-07-09,Plant_C,538.6,21.25,130,6.24,97.4,99.86,0.375,95.9,0,EQ-C06,Morning,10.1,Pass
B00183,Ibuprofen 400mg,Tablet,2025-11-13,Plant_D,471.7,21.56,39.6,6.74,46.33,98.46,0.077%,95.9,1,,MORNING,11.1,Pass
B01790,Azithromycin Susp,Suspension,2024-03-06,Plant_A,177.1,23.42,51.3,6.78,-5,98.61,0.369,91.4,0,EQ-A08,Morning,9.5,Pass
B02468,Omeprazole 20mg,CAPSULE,2025-11-03,Plant_A,191.4,21.64,50.3,6.44,93.1,101.34,0.277,100.1,1,EQ-A06,Morning,10.0,Pass
B01741,Ibuprofen400mg,TABLET,,Plant_B,402.4,25.19,38.6,6.72,89.2,98.07,1.122,93.4,0,EQ-B03,Night,12.5,Under Review
B02318,Ibuprofen 400mg,Tablet,2024-12-08,Plant_C,440.8,21.75,41.6,6.69,91.7,97.55,0.075,95.7,2,EQ-C05,Evening,11.6,Pass
B02225,Ibuprofen 400mg,Tablet,2023-12-08,Plant_A,526.1,21.96,40.1,6.65,84.1,98.71,0.198,99.0,0,EQ-A05,Evening,10.1,Pass
B01108,Ceftriaxone1g,Injectable,2025-05-31,C,89.0,22.34,51.4,6.82,91.2,97.58,0.118,91.8,1,EQ-C05,Night,7.7,Pass
B00710,Ibuprofen 400mg,Tablet,2025-07-07,Plant_D,392.0,21.85,46.2,6.73,94.6,100.4,0.768,95.2,0,EQ-D03,Night,11.1,Pass
B01206,Ceftriaxone 1g,Injectable,2025-05-01,Plant_C,82.5,22.41,35.4,6.74,91.5,99.08,0.833,95.7,0,EQ-C12,Morning,8.8,Pass
B00724,Amoxicillin 250mg,Capsules,2024-06-28,Plant_A,0,25.02,47.7,7.04,93.9,99.39,0.548,97.9,1,EQ-A07,Night,9.8,PASS
B00929,Ibuprofen 400mg,Tablet,2023-02-09,Plant_A,527.6,22.81,45.8,6.45,91.4,97.09%,0.108,102.7,-1,EQ-A03,Evening,,Under Review
B02901,Cetirizine 10mg,Tablet,2024-04-28,Plant_C,N/A,20.56,41.9,6.88,94.1,N/A,0.114,94.4,1,EQ-C08,Morning,7.4,Passed
B01934,Ceftriaxone 1g,Injectable,2025-11-15,Plant_B,100.0,23.02,43.2,6.68,94.6,100.51,0.228,92.5,1,EQ-B07,Morning,8.6,Pass
B02891,Amoxicillin 250mg,Capsule,2024-05-19,Plant_D,278.7,22.08,35.5,6.69,84.7,98.11,0.189,94.6,2,EQ-D07,Morning ,9.8,N/A
B01473,Ibuprofen 400mg,Tablet,2024-09-02,Plant_B,435.8,24.34,39.1,6.52,91.7,100.45,0.853,NA,0,EQ-B11,E,10.0,Pass
B01401,Insulin Glargine,,2025-01-17,Plant_D,69.1,25.82,38.6,6.5,87.7,99.05,0.46,97.5,0,EQ-D05,Morning,N/A,Pass
B00072,Amoxicillin 250mg,Capsule,2024-02-28,Plant_B,228.0,25.16,90.3,6.36,92.3,103.23,0.374,93.3,4,EQ-B03,Night,9.2,Fail
B02112,Omeprazole 20mg,Capsule,2023-07-30,Plant_D,231.9,21.01,44.0,6.68,101.6,100.97,0.513,98.2,1,EQ-D06,Evening,7.8,Pass
B01121,Paracetamol 500mg,Tablet,2024-04-25, Plant_C ,360.7,23.94,48.5,7.24,101.4,98.76,1.009,94.0,-3,EQ-C03,Night,11.5,Under Review
B02361,Omeprazole 20mg,Capsule,2024-07-04,Plant_B,224.6,59.11,46.2,6.39,94.6,99.67,0.214,97.4,0,EQ-B01,Morning,8.8,Pass
B02247,CETIRIZINE 10MG,Tablet,2025-08-13,Plant_A,196.1,-40,33.8,7.03,92.3,99.0,0.056,101.2,1,EQ-A02,Morning,10.6,Pass
B00789,Cetirizine 10mg,Tablet,2024-11-29,Plant A,184.4,20.42,44.1,6.09,87.0,102.03,0.266,99.0,0,EQ-A09,Morning,9.2,Pass
B02534,Amoxicillin 250mg,Capsule,2023-01-09,Plant_D,228.7,22.97,N/A,7.07,88.7,100.78,0.996,96.0,2,EQ-D05,Evening,8.4,Passed
B02588,Atorvastatin 20mg,Tablet,2025-01-30,Plant_A,241.7,22.22,50.3,15,92.6,100.44,0.298,95.9,0,EQ-A10,Morning,10.4,Pass
B01641,Azithromycin Susp,Suspension,2023-01-14,Plant_A,134.1,20.47,39.0,6.42,98.0,97.68,0.454,95.7,1,EQ-A04,Evening,8.0,Pass
B00449,Cetirizine 10mg,Tablet,2024-05-30,Plant_A,221.9,22.04,48.3,6.59,99.1%,98.81,0.515,96.6,1,EQ-A07,Night,8.6,Pass
B01471,Insulin Glargine,Injectable,2023-12-06,Plant_B,63.6,22.93,37.5,6.49,91.6,98.19,0.038,97.2,0,EQ-B09,Morning,8.1,Pass
B00451,Ceftriaxone 1g,Injectable,2023-03-24,Plant_B,87.4 kg,20.37,58.8,6.05,86.3,102.59,0.07,66.15,4,EQ-B11,Morning,9.1,Fail
B00325,Ceftriaxone 1g,Injectable,2024-06-05,,102.1,23.82,47.4,6.52,91.0,98.12,0.78,98.7,1,EQ-B12,Evening,7.5,Pass
B01965,insulin glargine,Injectable,2024-10-23,,66.6,20.69,43.5,,91.3,98.36,NA,96.1,0,EQ-D05,Morning,7.6,Pass
B01110,Paracetamol 500mg,Tablet,2023-07-23,Plant_C,474.4,21.22,52.4,6.46,91.3,100.73,1.104,97.2,2,EQ-C07,EVENING,9.7,Under Review
B02556,Amoxicillin 250mg,Capsule,2025-05-25,Plant_A,228.5,21.6,45.9,7.02,90.0,98.29,0.152,94.0,1,EQ-A05,Evening,7.6,Pass
B01320,,Tablet,2024-11-13,Plant_C,,22.69,43.3,6.17,84.9,98.99,0.783,94.0,3,EQ-C11,Morning,5.8,Under Review
B01208,Azithromycin Susp,Suspension,2025-11-29,Plant_B,136.4,24.16,43.0,6.19,92.9,100.2,0.952,97.0,1,EQ-B02,Evening,9.3,Pass
B00265,Ceftriaxone 1g,Injectable,2025-03-31, Plant_C ,87.4,22.65,50.8,6.36,93.8,101.12,0.267,101.1,0,EQ-C05,Morning,9.5,Pass
B02337,Ibuprofen 400mg,Tablet,2024-05-26,,521.7,24.3,53.8,6.57,91.5,100.11,0.129,95.3,3,EQ-A10,Evening,10.3,Under Review
B02017,Ibuprofen 400mg,Tablet,2023-05-01,Plant_B,449.4,24.45,44.5,6.71,91.7,100.24,0.379,94.6,0,EQ-B10,Night,10.6,Pass
B00159,Cetirizine 10mg,Tablet,2023-05-09,Plant_B,222.2,23.56,41.9,6.35,89.5,100.43,1.048,95.5,1,EQ-B07,Night,9.7,Under Review
B02700,Amoxicillin 250mg,Capsule,NA,Plant_B,288.7,23.14,52.6,6.46,95.2,101.96,0.531,93.2,2,EQ-B09,Morning,9.1,Pass
B02178,Ibuprofen 400mg,Tablet,2024-02-13,Plant_B,364.3,22.56,42.9,7.19,84.2,97.73,1.128,96.7,2,EQ-B01,Night,10.4,Under Review
B02710,Insulin Glargine,Injectable,2025-08-05,Plant_C,68.4,21.37,54.1,6.8,,99.14,0.284,95.8,1,EQ-C06,Evening,6.9,Pass
B02027,Omeprazole 20mg,Capsule,2023-03-16,Plant_C,249.9,19.77,49.1,6.45,89.1,97.95,0.36,92.8,2,EQ-C07,Evening,10.6,Pass
B02830,Amoxicillin 250mg,Capsule,2025-06-23,Plant_D,259.3,21.62,54.3,,94.2,97.74,0.06,94.9,0,EQ-D05,evening,9.0,Pass
B02458,Ceftriaxone 1g,Injectable,2024-10-18,Plant_D,90.1,22.59,52.6,6.99,43.06,99.41,0.048,98.6,1,EQ-D12,Evening,9.1,Pass
B01515,Metformin 850mg,Tablet,2023-06-07,Plant_A,462.7,21.48,39.9,6.33,101.8,102.01,0.513,99.0,2,EQ-A08,M,9.5,Pass
B00116,Cetirizine 10mg,TABLET,2024-01-31,Plant_B,207.8,23.3,92.94,6.65,,98.39,0.202,94.2,1,EQ-B02,Evening,9.9,Pass
B01007,Insulin Glargine,Injectable,2024-12-28,Plant_C,48.6,24.51,38.0,,84.5,96.6,0.878,94.5,4,EQ-C12,Night,8.4,FAIL
B01769,Paracetamol 500mg,Tablets,2023-10-15,Plant_C,,20.83,44.9,6.52,87.8,101.32,0.295,91.9,1,EQ-C06,Morning,9.4,Pass
B02797,Insulin Glargine,Injectable,2024-05-13,Plant_A,49.8,24.47,50.6,6.74,81.2,100.36,0.31,98.3,0,EQ-A12,Morning,9.1,Pass
B00508,Metformin 850mg,null,2024-02-24,Plant_B,0,22.82,54.8,6.3,82.2,100.84,0.286,97.3,2,EQ-B07,Evening,9.9,Pass
B01565,Cetirizine10mg,Tablet,2024-03-08,Plant_A,164.9,23.42,250,6.69,92.6,102.2,0.078,95.8,0,EQ-A04,Morning,9.4,Pass
B02187,null,Tablet,2024-08-20,Plant_A,291.2,19.35,52.4,6.74,,99.46,0.454,94.9,4,EQ-A07,Morning,9.4,Fail
B00151,Insulin Glargine,Injectable,2023-03-31,Plant_A,65.3,23.76,52.7,6.32,94.9,99.67,0.106,96.9,1,EQ-A04,Morning,9.8,Pass
B02449,Azithromycin Susp,Suspension,2024-02-02,Plant_B,175.2,24.8,,6.84,93.5,98.97,0.587,93.7,1,EQ-B09,Morning ,7.3,Pass
B02618,Paracetamol 500mg,Tablet,2023-01-03,Plant_B,329.2,21.93,49.9,6.49,88.1,98.72,0.37,92.6,1,EQ-B05,Morning,8.9,Pass
B01786,Metformin 850mg,Tablet,2025-12-05,Plant_D,434.3,22.12,45.1,6.48,88.8,100.23,0.507,99.3,1,EQ-D10,Night,9.5,Pass
B01884,Insulin Glargine,Injectable,2025-07-22,Plant_A,51.4,20.92,44.4,6.87,90.3,99.34,0.435,95.5,1,EQ-A12,Evening,7.3,PASS
B00308,Cetirizine 10mg,Tablet,2024-10-18,plant_a,204.9,24.0,54.9,7.22,93.7,100.11,1.052,96.0,1,EQ-A12,,9.7,Under Review
B01757,Atorvastatin 20mg,Tablet,07-23-2024,Plant_C,255.4,21.16,43.3,6.65,140,99.13,0.522,97.2,,EQ-C04,Morning,10.5h,Pass
B01358,Amoxicillin 250mg,Capsules,2023-03-06,Plant_C,282.9,21.92,46.5,6.3,93.0,128.28,0.237,99.3,1,EQ-C02,Morning,8.7,Pass
B00717,Cetirizine 10mg,Tablet,2024-11-16,Plant_A,203.4,20.57,40.0,6.03,88.3,100.33,0.298,97.4,1,EQ-A07,Evening,8.0,Pass
B02824,Ceftriaxone 1g,injectable,2025-05-06,Plant_A,76.0,23.82,-10,6.72,84.7,101.13,0.396,95.0,0,EQ-A08,Morning,8.7,Pass
B02149,Insulin Glargine,Injectable,2023-01-14,Plant_A,56.0,22.34,38.5,6.21,84.4,126.49,0.23,95.7,0,EQ-A11,Evening,9.0,Pass
B01094,Atorvastatin 20mg,Tablet,2024-09-25,,293.8,22.35,48.2,6.81,97.7,101.31,0.209,98.6,0,EQ-A12,Morning,8.6,Pass
B02875,Atorvastatin 20mg,Tablet,2024-02-29,Plant_D,262.8,21.25C,32.4,6.65,91.1,103.57,,96.6,4,EQ-D09,,9.1,Fail
B01479,Metformin 850mg,Tablet,2023-09-01,Plant_D,451.6,22.23,52.7,6.88,102.3,96.26,0.481,97.8,0,EQ-D10,,11.7,Pass
B00896,Omeprazole 20mg,Capsule,2023-03-04,Plant_A,237.7,21.15,44.2,7.07,97.3,98.28,0.188,99.4,0,EQ-A09,Evening,8.6,pass
B00632,Atorvastatin 20mg,Tablet,2024-02-11,N/A,293.6,20.43,51.2,6.6,97.0,98.09,0.383,94.4,1,EQ-B11,Morning,9.2,Pass
B01829,Omeprazole 20mg,Capsule,2024-04-01,NA,246.8,20.12,49.9,6.31,86.2,99.04,0.582,97.4,0,EQ-A02,Evening,11.9,Pass
B01882,Metformin 850mg,Tablet,2023-03-10,Plant_B,438.9,-40,40.6,6.38,94.0,100.47,0.192,97.1,1,EQ-B05,Night,10.7,Pass
B02166,Ceftriaxone 1g,Injectable,2023-05-07,Plant_C,106.6,21.73,50.0,6.29,86.8,96.94,0.308,92.6,0,EQ-C11,Morning,7.3,pass
B00427,Insulin Glargine,null,2024-05-28,Plant_C,59.1,22.36,41.3,6.87,87.5,98.1,0.326 %,93.9,1,EQ-C05,Morning,7.8,Pass
B02545,InsulinGlargine,Injectable,2025-09-20,,49.5kg,20.99,44.5,6.28,88.8,101.36,0.407,99.7,1,EQ-A03,Morning,10.1,Pass
B01590,PARACETAMOL 500MG,Tablet,"December 10, 2025",Plant_C,386.8,22.1,39.6,6.53,94.5,98.48,0.283,92.7,2,,Morning,9.6,Pass
B00226,Atorvastatin20mg,Tablet,2023-05-21,Plant_C,284.7,20.81,44.3,5.86,89.0,99.95,0.849,95.8,1,EQ-C10,Morning,8.7,Pass
B02127,Atorvastatin 20mg,Tablet,2023-04-15,Plant_C,315.7,24.19,41.8,6.63,85.9,100.79,0.573,96.8,1,-,Evening,8.6,Pass
B00751,Ceftriaxone 1g,Injectable,2025-01-28,Plant_B,106.8,23.6,35.8,6.8,88.4,98.04,0.546,97.1 %,1,EQ-B11,Night,9.1 h,Pass
B02679,Cetirizine 10mg,Tablet,2024-11-10,Plant_B,201.0,22.78,,6.32,89.6,99.53,0.213,94.7,1,EQ-B12,Morning,9.5,Pass
B02622,Atorvastatin 20mg,Tablet,2024-02-01,Plant_C,290.2,21.33,45.7,7.0,null,101.11,0.443,94.5,1,EQ-C07,Evening,11.4,Pass
B01384,Insulin Glargine,Injectable,2024-07-13,Plant_B,68.7,21.97,51.1,6.58,90.2,98.61,0.844,96.2,2,EQ-B12,Night,7.2,Pass
B01654,Cetirizine 10mg,Tablet,2023-07-16,Plant_A,225.4,20.73,130,6.99,87.0,102.14,0.15,94.0,1,EQ-A10,Evening,8.1,Pass
B00828,,Injectable,2024-02-14,Plant_A,63.3,20.09,51.7,6.46,95.4,98.43,0.289,98.3,0,EQ-A09,Morning,7.5,Passed
B02158,Omeprazole 20mg,Capsule,"August 07, 2023",Plant_C,250.8,22.03,44.9,6.81,93.1,97.98,0.449,93.3,1,EQ-C09,morning,9.2,Pass
B00874,Amoxicillin 250mg,CAPSULE,2025-05-04,Plant_B,239.2,24.62,50.5,6.65,93.9,100.77,0.512,94.5,2,EQ-B08,Morning,8.1,Pass
B02358,Metformin 850mg,Tablet,2025-12-03,Plant_B,518.1,22.7,42.7,6.04,92.4,103.03,0.37,94.0,2,EQ-B09,Morning,12.0,null
B01855,Amoxicillin 250mg,Capsule,2025-07-18,Plant_A,243.1,19.56,46.6,6.09,91.1,100.42,0.272,93.8,1,EQ-A01,Morning,9.2,Pass
B02063,Amoxicillin 250mg,Capsule,2024-05-12,Plant_A,252.3,23.15,41.1,6.36,92.7,100.9,0.272,95.4,2,EQ-A06,morning,10.7,Passed
B01456,Paracetamol 500mg,Tablet,2023-11-01,Plant_C,334.2,22.52,45.8,6.67,98.8,98.43,0.274,96.6,2,EQ-C09,Evening ,10.6,Pass
B01127,Insulin Glargine,Injectable,2024-01-05,Plant_C,63.8,20.29,42.9,6.3,92.0,98.47,1.15,95.1,0,EQ-C08,Evening,6.6,Under Review
B01433,Amoxicillin 250mg,CAPSULE,2025-06-13,Plant_D,237.5,21.6,46.9,5.82,88.0,101.56,0.476,92.2,1,EQ-D03,NIGHT,8.5,Pass
B00979,Atorvastatin 20mg,Tablet,2024-06-07,Plant_A,334.8,20.7,-,6.96,84.0,101.25,0.771,97.1,-3,EQ-A05,Evening,8.6,Pass
B00607,Atorvastatin 20mg,Tablet,2025-02-22,Plant_A,290.5,19.64,39.8,6.3,91.5,97.0,0.032,100.1,1,EQ-A05,Morning,10.2,Pass
B02796,Ceftriaxone 1g,Injectable,2025-12-16,Plant_A,100.5,22.06,51.5,6.68,92.3,100.22,null,97.4,0,EQ-A05,Evening,8.8,Under Review
B02667,Metformin 850mg,Tablet,2024-12-17,Plant C,567.7,22.49,45.1,7.15,93.9,98.7,,NA,3,EQ-C01,Morning,9.0,Fail
B00654,Insulin Glargine,INJECTABLE,2025-12-15,Plant_A,70.3,23.98,44.3,7.09,89.1,102.78,0.638,94.2,1,EQ-A10,Evening,8.5,Passed
B00059,azithromycin susp,Suspension,2024-01-09,Plant_C,139.7,19.91,51.2,6.38,90.0,99.34,0.467,95.7,1,EQ-C11,Morning,10.7,Pass
B01685,Atorvastatin 20mg,TABLET,2025-05-24,Plant_B,277.2,23.11,44.6,6.65,99.8,100.72,0.092,96.9,0,-,Evening,10.7,Pass
B02348,Azithromycin Susp,SUSPENSION,2023-05-02,Plant_A,151.2,21.15,43.2,6.13,95.5,99.39,0.559,92.3,1,EQ-A06,Morning,9.7,Pass
B00161,Ceftriaxone 1g,N/A,2025-09-03,Plant_A,100.2,24.73,34.0,6.89,,96.99,0.229,96.6,0,EQ-A01,Evening,8.6,pass
B00202,Ceftriaxone 1g,Injectable,2023-06-09,Plant_A,82.1,26.69,40.4,6.6,87.9,99.24,0.415,95.6,0,EQ-A10,Evening,7.7,Pass
B02275,N/A,CAPSULE,2024-01-29,Plant_C,274.2,,44.1,6.76,88.5,100.85,0.238,96.6,3,EQ-C09,Morning,10.2,Review
B02481,Omeprazole 20mg,Capsule,2023-01-11,Plant_A,230.2,23.1,55.1,7.11,88.8,100.77,0.762,95.2,null,EQ-A10,Morning,10.9,Pass
B00630,Atorvastatin 20mg,Tablet,04-26-2024, Plant_C ,248.4,23.05,null,6.21,91.8,100.55,0.406,95.9,2,EQ-C08,Evening,11.5,Pass
B01558,Azithromycin Susp,Suspension,2025-02-09, Plant_C ,173.5,56.89,45.5,6.08,89.5,99.04,0.541,93.4,1,EQ-C08,Evening,10.4,Pass
B02810,Amoxicillin 250mg,Capsule,2025-01-30,Plant_C,280.7,,42.9,6.8,98.3,97.64,1.527,96.9,2,EQ-C04,Morning,11.1,Fail
B01735,Insulin Glargine,INJECTABLE,2024-01-12,Plant_A,54.0,22.8,43.9,6.53,90.1,98.3,0.501,97.6,1,EQ-A07,Morning,8.4,Pass
B00043,Azithromycin Susp,Suspension,2024-12-03,Plant_C,160.8,21.02,50.9,6.95,87.9,98.38,0.292,98.0,1,EQ-C11,Morning,-,PASS
B02222,Amoxicillin 250mg,Capsule,2024-02-27,Plant_A,293.8,25.68,44.3,6.55,90.0,97.58,0.759,93.0,0,EQ-A11,Morning,9.5,Pass
B02393,Omeprazole 20mg,Capsule,,C,235.5,24.4,45.7,6.8,87.9,100.2,0.172,98.0,2,EQ-C08,Night,9.9,Pass
B00178,Amoxicillin 250mg,Capsule,2025-06-21,Plant_C,3892.29,24.32,48.3,6.03,88.0,99.65,0.219,97.7,1,EQ-C03,Night,7.6,Pass
B01442,Cetirizine 10mg,Tablet,2024-01-07,Plant_D,185.4,22.83,44.0,6.25,NA,100.78,0.298,94.2,0,EQ-D07,Evening,8.9,Pass
B01820,Metformin 850mg,Tablet,2024-03-13,Plant_C,506.6,24.72,52.2,7.54,90.5,97.52,0.254,96.2,1,EQ-C10,Morning,8.8,Under Review
B00201,Atorvastatin 20mg,Tablet,2024-12-23,Plant_B,313.3,21.17C,41.9,6.34,92.8,99.96,0.991,95.5,2,EQ-B03,Evening,10.5,Pass
B02377,Insulin Glargine,INJECTABLE,2024-01-24,Plant_C,67.2,22.82,48.3,6.7,91.2,98.58,0.589,97.2,1,EQ-C10,Morning,7.2,Pass
B02760,IBUPROFEN 400MG,Tablet,2024-01-12,Plant_B,492.6,-40,45.6,6.39,92.1,100.32,0.656,97.4,0,EQ-B10,NA,11.0h,Pass
B02543,Ceftriaxone 1g,Injectables,2025-07-31,Plant_B,106.5,21.45,46.1,6.08,93.2,98.34,0.423,95.9,2,EQ-B09,Night,8.4,pass
B00779,Metformin 850mg,Tablet,2024-06-04,Plant_D,544.6,22.01,41.6,6.88,95.8,100.37,0.612,96.5,1,EQ-D04,-,9.6,Pass
B00502,Omeprazole 20mg,Capsule,2023-09-10,Plant_B,245.8,25.88,,6.46,88.3,99.09,0.135,100.9,1,EQ-B02,Morning ,8.8,Pass
B01333,Ibuprofen 400mg,Tablet,03-09-2025, Plant_B ,506.3,,91.3,6.76,89.0,100.99,0.074,97.1,1,EQ-B11,Night,9.5,pass
B02426,Cetirizine 10mg,Tablet,2023-03-11,Plant_C,162.8,27.14,49.1,6.39,94.6,128.22,0.357,93.1,3,EQ-C11,Morning,9.9,Under Review
B01011,Metformin 850mg,Tablet,null,Plant_C,502.1,23.22,46.2,6.97,87.1,98.65,0.269,94.6,2,EQ-C08,Evening,9.3,Pass
B01411,paracetamol 500mg,Tablet,2025-01-21,Plant_A,321.3,26.47,41.3,6.5,86.9,100.28,0.116,95.4,0,N/A,morning,7.3,Pass
B02311,METFORMIN 850MG,Tablet,2023-07-12,Plant_C,592.9,20.14,40.1,6.76,85.2,96.6,0.927,96.7,1,EQ-C01,Morning,0,Pass
B01288,Metformin 850mg,Tablet,2025-10-16,Plant_A,558.5,22.2,39.2,6.51,90.7,97.02%,0.067,94.4,2,EQ-A08,Evening,11.4,Pass
B02418,Metformin 850mg,Tablet,2024-08-26,Plant_A,409.7,21.01,45.2,,84.0,100.17,0.044,99.8,0,EQ-A05,Evening,11.6,Pass
B01973,Omeprazole 20mg,Capsule,2023-02-18,NA,188.5,999,50.9,6.3,92.8,101.18%,0.403,92.5,1,EQ-D07,Morning,9.2,Pass
B02231,Omeprazole 20mg,Capsule,2023-03-29,Plant_A,195.2,23.38,46.5,6.69,97.6,98.55,0.403,97.6,0,EQ-A06,MORNING,9.5,Pass
B01870,,Suspension,2025-11-19,Plant_C,173.9,20.74,41.3,5.82,93.8,100.86,0.591,95.4,1,EQ-C06,Morning,11.7,Pass
B02078,Ibuprofen 400mg,tablet,2023-12-04,Plant_B,412.8,22.98,48.0,6.05,93.0,99.72,0.496,92.2,2,EQ-B04,Night,9.5,Pass
B00295,Cetirizine 10mg,Tablet,2023-05-21,Plant_B,N/A,22.81,47.4,6.43,94.0,98.16,0.044,93.8,1,EQ-B06,Morning,6.8,PASS
B02470,Metformin 850mg,tablet,2025-07-31,Plant_A,419.6,22.8,42.7,6.57,97.9,100.15,0.09,97.1,1,EQ-A10,Morning,,Pass
B00047,Ibuprofen 400mg,Tablet,2024-11-09,Plant_D,440.7,60.22,45.6,6.32,98.2,97.87,0.541,96.5,0,EQ-D07,Morning,11.7,PASS
B01467,Omeprazole 20mg,CAPSULE,2024-03-19,Plant_A,184.7,21.59,48.0,6.15,92.0,96.94,0.117,95.1,1,EQ-A11,Morning,,Pass
B02717,Ibuprofen 400mg,Tablet,2025-10-10,Plant_C,,25.08,46.2,7.48,89.9,102.15%,0.446,94.4,0,EQ-C03,Night,11.0,Pass
B01362,Paracetamol 500mg,Tablet,2025-01-12,PLANT-A,336.5,19.84,,6.43,93.0,100.55,0.149,99.3,2,EQ-A06,evening,,Pass
B02446,Insulin Glargine,Injectables,2025-09-29, Plant_A ,60.2kg,22.99,40.0,6.22,90.4,98.83,0.349,94.3,0,EQ-A08,M,7.6,Pass
B01184,Ibuprofen 400mg,tablet,2023-01-19,Plant_C,405.5,24.75,40.2,6.15,81.9,99.3,0.29,98.1,1,EQ-C10,Evening,8.6,Pass
B01373,Ibuprofen 400mg,TABLET,2023-11-10,Plant_A,528.6,22.07,50.6,6.17,89.6,98.7,0.324,96.8,1,EQ-A06,evening,11.2,Pass
B00104,Paracetamol 500mg,Tablet,2025-11-26,plant_c,410.9,22.77,47.1,9.74,85.4,98.69,0.607,95.7,1,EQ-C02,Night,9.7,Pass
B00571,,INJECTABLE,2025-08-24,Plant_B,100.4,25.66,46.8,6.58,140,,0.432,93.1,1,EQ-B11,Morning,10.8,Pass
B00580,Amoxicillin 250mg,Capsule,2023-11-21,Plant_A,264.2,N/A,44.8,6.19,83.7,99.48,0.555,93.9,1,EQ-A09,null,9.2,Pass
B00223,Azithromycin Susp,Suspension,2024-04-03,Plant_B,139.8,24.54,41.4,6.58,90.5,100.86,0.153,97.3,0,EQ-B08,Night,8.4h,PASS
B02507,Ibuprofen 400mg,Tablet,2025/11/08,Plant_A,439.0,23.61,47.4,6.85,101.4,100.57,0.305,97.8,1,EQ-A05,Evening,10.3,Pass
B02761,Amoxicillin 250mg,Capsule,2023-11-26,Plant_A,210.4,21.92,,6.79,94.2,97.62,0.572,98.4,1,EQ-A08,Night,8.1,pass
B02436,Cetirizine 10mg,Tablet,2024-03-19,A,-100,21.63,48.7,6.3,97.1,101.7,NA,96.5,0,EQ-A09,Morning,8.8,Pass
B02779,Atorvastatin 20mg,Tablet,2025-07-24,Plant_C,343.2,23.3,49.7,6.59,94.9,96.61,0.269,95.6,1,EQ-C03,Morning,8.7,Pass
B02604,Cetirizine 10mg,Tablet,2023-01-25,Plant_B,193.2,19.62,45.0,6.26,88.5,98.42,0.711,96.0,0,EQ-B04,Evening,10.2,Pass
B02894,Ceftriaxone 1g,Injectable,2024-06-24,Plant_B,96.3,21.86,38.1,6.83,97.8,100.43,0.355,96.4,2,EQ-B01,Evening,6.5,Pass
B02157,Ibuprofen 400mg,NA,2025-03-21,Plant_A,453.8,23.36,41.8,6.68,94.0,101.55,0.473,95.8,0,EQ-A08,Morning ,12.4,pass
B02619,N/A,Capsule,2024-08-03,PLANT-A,213.4,23.62,51.6,6.18,87.3,101.38,0.29,96.9,0,EQ-A09,E,8.7,Pass
B02323,null,Tablet,2023-11-04,Plant_A,344.6,25.75,90.51,6.68,94.6,100.7,0.157,98.4,0,EQ-A02,Night,9.1,Pass
B00525,Atorvastatin 20mg,TABLET,2024-01-04,Plant_A,339.0,22.0,39.7,,90.2,99.85,0.566,115,2,EQ-A05,Night,8.4,pass
B00309,Atorvastatin 20mg,Tablet,2025-12-31,Plant_A,283.3,22.83,55.8,10.72,99.2,98.76,0.063,94.9,0,EQ-A11,Morning,8.9,Pass
B00737,Azithromycin Susp,Suspension,2024-10-28,Plant_B,132.1,24.86,53.5,6.62,88.3,N/A,0.085,101.2,2,EQ-B06,Morning,NA,Pass
B01410,Metformin 850mg,TABLET,2024-05-01,Plant_B,409.3,22.77,47.1,6.87,93.8,98.82,0.348,91.4,2,N/A,Morning,11.7,Pass
B02183,omeprazole 20mg,Capsule,2025-08-06,Plant_A,233.8,25.86,,6.46,85.9,98.56,0.479,98.8,0,EQ-A10,Evening,8.2,Pass
B01850,Amoxicillin 250mg,Capsule,2023-08-11,Plant_C,208.7,25.2,43.9,6.92,81.3,99.59,0.319,96.8,0,EQ-C09,Morning,7.6,Pass
B01992,Ibuprofen 400mg,Tablet,2024-06-18,Plant_C,410.3,23.13,47.0,6.21,90.2,127.31,0.57,94.8,2,EQ-C12,Morning,9.3,Pass
B01657,Insulin Glargine,Injectable,2023-02-09,Plant_A,63.2,22.15,56.4,6.49,93.6,100.95,0.14,95.8,3,EQ-A02,Night,8.5,Under Review
B02867,Atorvastatin 20mg,Tablet,2024-10-23,Plant_B,285.7,22.82,N/A,6.0,92.4,103.15,N/A,96.9,0,EQ-B09,Morning,,Pass
B00358,Insulin Glargine,Injectable,2024-10-23,Plant_C,67.7,25.27,54.3,6.53,83.8,99.6,0.481,98.1,0,EQ-C02,Morning,7.5,Pass
B02011,Ibuprofen 400mg,Tablet,2024-07-25,Plant_C,529.4,23.46,49.2,5.99,91.6,99.57,0.22,95.8,1,EQ-C10,Morning,11.6,Pass
B01261,Metformin 850mg,Tablet,2024-01-23,Plant_A,458.3,21.18,50.1,N/A,87.4,97.56,0.114,100.0,2,EQ-A08,Evening ,10.4,Pass
B01951,Ceftriaxone 1g,Injectable,2024-07-22,Plant_C,90.0,23.3,45.8,6.34,92.4,101.18,0.431,96.9,1,EQ-C05,Evening,10.4,Pass
B00501,Amoxicillin 250mg,Capsule,2023-05-17,Plant_D,206.6,25.24,41.7,6.3,91.3,101.04,0.238,93.5,0,EQ-D06,Morning,9.9,Pass
B00351,Cetirizine 10mg,Tablet,,Plant_C,197.3kg,21.83,,6.66,87.1,98.38,105.0,94.9,1,EQ-C09,Morning,9.8,Passed
B02648,Azithromycin Susp,Suspension,"April 12, 2024",Plant_B,138.0,22.65,48.7,6.69,84.2,99.71,0.573,96.1,0,EQ-B03,Morning,7.6,Pass
B00071,Azithromycin Susp,Suspension,"September 11, 2023",Plant_A,130.7,21.03,49.9,6.92,92.1,101.57,0.605,95.0,1,EQ-A09,Evening,9.7,Pass
B01528,Amoxicillin 250mg,Capsule,2023-04-02,Plant_A,241.1,22.3,40.1%,5.79,-,100.11,0.104,96.9,2,EQ-A03,Evening,8.1,Pass
B00546,Paracetamol500mg,tablet,2023-03-01,Plant_C,327.2,-,43.5,6.55,90.9,99.04,0.369,95.7,1,EQ-C09,Morning,9.5,Pass
B00904,Insulin Glargine,Injectable,05-10-2023,Plant_D,0,23.24,43.1,6.71,88.6,100.24,0.279,96.2,one,EQ-D12,Night,8.8,Pass
B00391,Azithromycin Susp,Suspension,2024-01-07,Plant_C,156.6kg,,41.8,6.72,83.5,99.65,0.193,94.9,1,EQ-C01,EVENING,8.8,Pass
B02291,Atorvastatin 20mg,tablet,2023-09-11,Plant_C,291.7,25.82,49.5,6.71,94.2,99.25,0.174,96.8,1,EQ-C07,Morning,6.9,Pass
B02047,Ibuprofen 400mg,Tablet,2025-10-24,Plant_B,519.4,26.64,46.1,5.8,88.2,101.28,0.778,97.2,0,EQ-B09,Evening,9.1,Pass
B00736,omeprazole 20mg,Capsules,2023-12-25,Plant_A,N/A,22.62,91.24,6.22,140,100.13,0.973,94.8,1,EQ-A10,Evening,9.7,Pass
B01697,Ibuprofen 400mg,Tablet,2025-08-28,Plant_B,380.1,20.82,43.9,15,95.9,99.15,0.053,95.1,0,EQ-B09,Morning,10.0,Pass
B01594,Paracetamol 500mg,Tablet,2024-08-07,Plant_D,412.9,21.49,42.4,6.32,97.8,99.65,0.616,95.6,2,EQ-D02,Evening,9.7,Pass
B02809,Azithromycin Susp,Suspension,2025-01-04,Plant_C,167.4,21.15,53.6,5.93,81.9,98.97,1.135,96.4,1,EQ-C02,Evening,7.0,Under Review
B00457,Amoxicillin 250mg,Capsule,2024-02-07,Plant_A,274.6,23.04,43.7,6.5,95.9,101.86,0.219,-20,one,EQ-A02,Morning,8.3,Pass
B02856,Paracetamol 500mg,Tablet,2023-08-19,Plant_B,475.6,24.71,53.8,6.71,96.3,,0.422,97.6,1,EQ-B10,Morning,10.9,Pass
B02892,Cetirizine 10mg,Tablet,2025-05-29,PLANT-C,187.6kg,23.29,43.2,6.7,87.7,N/A,0.338,94.5,1,EQ-C10,Morning,9.1,N/A
B02184,Omeprazole 20mg,capsule,2023-05-12,Plant_C,-100,22.26,45.7,7.19,87.6,98.81,0.232,94.5,0,EQ-C04,Evening,10.7,pass
B02104,Amoxicillin 250mg,Capsule,2025-02-05,Plant_C,268.4,21.79,38.8,6.56,85.8,98.61,0.391,93.1,-1,EQ-C06,Night,10.6,Pass
B01708,Ceftriaxone 1g,Injectable,2024-10-29,Plant_A,104.9,22.77,54.7,6.14,86.0,101.9,0.076,100.7,0,EQ-A12,Morning,8.6,Passed
B02278,Paracetamol 500mg,Tablets,2023-11-19,Plant_B,423.6,23.2,46.2,15,96.5,101.65,0.123,93.4,3,EQ-B06,Morning,9.5,Under Review
B00643,InsulinGlargine,Injectable,2024-12-29, Plant_B ,64.7,20.93,56.8,6.51,91.1,NA,0.396,93.0,1,EQ-B02,Evening,9.3,PASS
B02085,Amoxicillin250mg,Capsule,2023-04-13,Plant_A,210.1,21.73,46.7,6.66,97.4,99.48,0.184,97.6,1,EQ-A02,Evening,9.6,Pass
B01931,Paracetamol 500mg,Tablet,2025-09-02,Plant_C,341.1,26.32,55.7,7.25,90.9,99.71,0.611,95.5,3,EQ-C03,Evening,9.4,Under Review
B01591,Azithromycin Susp,Suspension,2023-02-01,Plant_D,168.4,23.19,,15,97.3,97.36,null,96.3,2,EQ-D09,Evening,9.8,Pass
B01897,Cetirizine 10mg,Tablet,2023-04-28,Plant_A,179.0,-,41.6,6.17,92.7,101.73,0.406,99.0,1,null,Morning,8.5,Pass
B02708,Atorvastatin 20mg,Tablet,2024-03-26,Plant_D,268.6,20.04,37.5,7.37,89.7,98.43,0.327,98.2,0,EQ-D01,Morning ,9.6,Pass
B00240,Omeprazole 20mg,Capsule,2025-07-26,Plant_C,223.0,22.48,41.1,6.73,94.4,97.34,0.212,95.7,2,EQ-C06,-,7.9,Pass
B01830,Ceftriaxone 1g,INJECTABLE,2025-05-28,Plant_A,102.3,21.05,,,86.6,100.05,0.02,98.2,1,EQ-A11,Morning,8.5,Pass
B02587,Atorvastatin 20mg,Tablet,2025-06-26,Plant_C,281.8,22.41,-,6.05,null,101.32,0.308,93.8,4,EQ-C04,Night,6.9,Fail
B02016,Atorvastatin20mg,Tablet,,Plant_B,302.0,25.15,41.0,6.59,90.6,99.02,0.943,98.1,2,EQ-B03,Evening,9.5,Pass
B01035,Paracetamol 500mg,Tablet,2025-07-25,Plant_C,392.4,22.81,47.9%,6.27,92.9,103.34,0.554,95.5,3,EQ-C01,Morning,10.1,Under Review
B02024,Cetirizine 10mg,tablet,"March 15, 2024",Plant_D,174.3,21.19,44.3,6.13,92.3,98.57,0.546,95.4,3,EQ-D03,Night,7.8,Under Review
B02438,Omeprazole 20mg,Capsule,2025-08-30,Plant_B,253.8,24.1,50.0,6.52,94.9,97.18,0.472,94.6,2,EQ-B08,Evening,8.5,Pass
B01192,,Tablet,2023/02/06,Plant_C,506.8,22.96,40.8,6.7,90.6,101.08,0.241,96.3,0,EQ-C09,Morning ,12.9,Pass
B01251,Metformin 850mg,Tablet,2024-01-28,Plant_B,456.2,50.62,52.9,6.49,88.6,100.54,0.903,97.2,0,EQ-B12,morning,9.9,Pass
B02843,Azithromycin Susp,Suspension,2023-08-28,Plant_B,139.4,20.2,45.9,7.11,94.9,100.11,0.594,96.9,1,EQ-B12,Morning,9.4,Pass
B01064,AzithromycinSusp,Suspension,2025-05-06,Plant B,122.7,21.87,51.6,7.14,90.8,97.68,0.327,98.0,0,EQ-B02,Night,8.1,PASS
B01719,Ibuprofen 400mg,Tablet,2025-06-04,Plant_D,368.5,23.44,38.1,7.29,92.4,101.13,0.026,94.8,-1,EQ-D03,Morning,8.8,Pass
B01878,Insulin Glargine,Injectable,2024-10-27,Plant_A,70.4,24.45,47.3,6.37,93.0,100.29,0.05,100.1,1,EQ-A04,Morning,N/A,Pass
B02860,Ibuprofen 400mg,Tablet,2024-06-07,Plant_A,397.7,21.26,51.3,6.42,90.8,98.9,0.092,96.8,0,EQ-A07,Evening,9.9,Pass
B00560,Insulin Glargine,Injectable,2025-01-18,Plant_B,49.9,21.65,46.1,6.89,91.3,98.7,1.118,96.0,0,EQ-B07,Evening,9.1,Under Review
B00555,Ceftriaxone 1g,Injectable,2025-01-02,Plant_C,89.6,22.62,-10,6.54,92.0,98.99,0.677,92.6,1,EQ-C06,NA,7.4,Pass
B00349,Amoxicillin 250mg,,2024-01-09,Plant_C,203.1,21.21,57.2,10.06,98.0,98.54,0.087,98.7,0,EQ-C07,Night,9.8,Pass
B00774,Azithromycin Susp,Suspension,2025-12-22,Plant_A,null,24.17,48.7,6.61,95.7,101.14,0.107,96.8,0,EQ-A09,Morning,9.0,Pass
B02077,Ibuprofen 400mg,Tablet,2023-07-05,Plant_A,412.4,23.21,57.8,7.2,94.3,101.95,0.287,97.8,0,EQ-A10,Night,9.0,pass
B01444,Ibuprofen 400mg,TABLET,2023-05-29,Plant_C,394.1,23.48,39.9,5.93,88.4,101.52,0.993,96.3,2,EQ-C06,Morning,10.7,Pass
B01881,Atorvastatin 20mg,Tablet,2023-03-28,plant_b,264.5,21.56,45.3,6.25,87.6,101.04,-,94.1,0,EQ-B05,Morning,8.7,Pass
B02381,Amoxicillin 250mg,Capsule,2024-09-25,Plant_B,238.6,999,38.7,6.51,85.4,100.97,0.595,95.6,1,EQ-B01,Morning,7.8,Pass
B02636,Paracetamol 500mg,Tablet,"August 13, 2025",Plant_A,467.7,23.82 C,47.1,5.86,90.3%,98.43,0.183,96.5,2,EQ-A02,Evening,9.6,Pass
B01599,Insulin Glargine,Injectable,2025-05-25,Plant_C,56.9kg,22.68,61.8,6.51,93.2,98.26,0.087,95.6,0,EQ-C08,Morning,8.5,Under Review
B00790,Paracetamol 500mg,Tablet,2024-07-14,Plant_B,342.0,22.86,38.1,6.02,97.2,99.49,0.292,93.9,0,EQ-B03,Morning,10.0,Pass
B01628,Cetirizine 10mg,Tablets,2024-05-22,Plant_C,212.7,24.02,NA,5.96,88.0,97.49,0.908,95.2,2,EQ-C09,Night,8.8,Pass
B02179,Omeprazole 20mg,Capsule,2024-02-21,Plant_B,247.2,22.01,54.5,6.64,90.1,100.55,0.096,93.1,0,EQ-B05,Evening,9.8,Pass
B01448,Ceftriaxone 1g,Injectable,09-12-2023,Plant_A,98.4,20.79,46.0,6.21,-,99.56,0.385,95.5,1,,Evening,9.1,Pass
B01606,Insulin Glargine,Injectable,2023-09-23,Plant B,70.4,22.08,41.2,6.61,91.9,100.51,0.449,95.6,0,EQ-B04,Morning,9.0,Pass
B00090,INSULIN GLARGINE,Injectable,"December 25, 2023",Plant_B,69.5,24.6,57.6,6.19,88.4,100.84,0.28,-,2,EQ-B08,evening,8.4,Pass
B02825,Omeprazole 20mg,Capsule,2025-04-25,C,237.9,23.04,46.3,6.13,91.8,100.7,0.437,97.7,1,EQ-C02,Evening,9.1,Pass
B02841,Ibuprofen 400mg,Tablet,2024-09-30,Plant_B,509.9,20.48,47.0,6.09,,97.86,0.263,95.1,2,EQ-B03,Morning,10.9,Pass
B02485,Atorvastatin 20mg,Tablet,2023-09-10,plant_a,258.7,23.6,41.1,6.46,88.4,101.76,0.632,97.0,2,EQ-A05,Night,8.6,Pass
B00742,Azithromycin Susp,Suspension,2023-10-06,Plant_A,125.8,21.73,43.8,6.17,93.9,101.01,0.196,95.5,0,EQ-A06,Morning ,8.1,Pass
B00902,Paracetamol 500mg,TABLET,2024-03-06,Plant_B,475.0,24.69,48.0,6.7,94.0,100.16,0.461,95.9,1,EQ-B05,Morning,10.3,Pass
B02614,Cetirizine 10mg,Tablet,01 Feb 2024,Plant_D,175.7,20.69,51.2,6.64,88.1,101.4,0.172,96.2,0,EQ-D04,Evening,9.9,Pass
B00998,Atorvastatin 20mg,Tablet,2025/11/10,Plant_C,270.1,24.04,44.9,5.62,94.2,97.33,0.134,null,0,EQ-C03,Morning,9.8,Pass
B02416,Ibuprofen 400mg,Tablet,2025-06-25,plant_b,482.9,,46.0,6.58,92.5,99.75,0.317,95.4,1,EQ-B12,Morning,-,Pass
B00932,Omeprazole 20mg,Capsule,2024-07-10,Plant_D,242.8,25.47,46.4,6.69,88.0,101.61,0.787,94.1,1,EQ-D09,Night,8.4,pass
B00831,Metformin 850mg,Tablet,2023-02-19,Plant A,535.0,25.68,48.0,6.77,95.4,99.37,-,96.5,3,EQ-A04,Night,12.6,Under Review
B01168,Atorvastatin 20mg,Tablet,2025-07-11,Plant_A,335.6,22.55,38.3,5.82,90.2 %,99.41,-,98.7,2,EQ-A04,Evening,8.2,Pass
B00312,Omeprazole 20mg,capsule,2025-07-01,Plant_D,188.3,22.7,37.9,6.66,92.1,99.26,1.184,96.7,2,EQ-D11,Morning,8.4,Under Review
B02680,Atorvastatin 20mg,Tablets,2023-05-07,Plant_B,262.6,,50.2,10.9,90.0,99.65,0.313%,93.6,-3,EQ-B05,Night,9.7,Pass
B01799,Ibuprofen 400mg,Tablet,2023-08-01,Plant_B,379.7,24.37,45.4,6.43,88.8,98.74,0.694,94.7,1,EQ-B09,Evening,10.2,Pass
B00372,Omeprazole 20mg,Capsule,2024/06/12,Plant_B,221.8,23.31,41.8,6.99,90.5,103.03,0.194,95.1,1,EQ-B08,evening,9.0,Pass
B00200,Ceftriaxone 1g,Injectable,2024-08-24,Plant_D,84.6,23.32,42.1,6.1,90.4,99.02,,93.4,2,EQ-D03,morning,8.3,Pass
B00917,Cetirizine 10mg,Tablet,2024-11-10,Plant_A,194.3,21.92,48.4,6.47,92.4,97.78,0.369,,1,EQ-A09,morning,9.4,Pass
B00146,Insulin Glargine,Injectable,2024-06-06,Plant_D,55.3,,41.7,6.72,92.9,100.09,0.394,97.3,,EQ-D11,Evening,8.5,Pass
B02513,Ceftriaxone 1g,Injectable,2024-04-11,Plant_A,90.0,22.83,37.6,6.92,97.1,99.49,0.204,101.8,0,,Morning,6.0,Pass
B01987,Insulin Glargine,Injectables,2024-12-25,Plant_A,60.2,23.1,36.8,6.51,89.0,100.53,0.91,99.6,1,EQ-A06,Night,8.9,Pass
B00612,Ibuprofen 400mg,Tablet,2023-10-11,Plant_B,360.8,22.91,44.7,6.29,92.7,99.34,0.623,96.0,3,EQ-B01,Evening,9.0,Under Review
B00631,Azithromycin Susp,Suspension,2023-02-12,Plant_A,136.8,20.51,50.3,9.55,93.3,100.62,0.29,98.0,2,EQ-A04,Morning,-5,Pass
B02026,Ibuprofen400mg,Tablet,2025-09-29,Plant_B,443.9,23.03,52.6,6.37,88.3,101.51,0.104,95.4,0,EQ-B12,Morning,10.4,Pass
B01138,Atorvastatin 20mg,TABLET,2024-10-19,Plant_C,334.3,23.08,52.9,6.94,,99.37,0.839,96.2,1,EQ-C07,Morning,9.4,Pass
B01851,Paracetamol 500mg,TABLET,2023-12-24,Plant_A,444.3,23.69,37.4,N/A,101.8,99.53,0.124,98.4,0,EQ-A05,Morning ,8.9,Pass
B01952,Omeprazole 20mg,Capsule,2024-03-08,Plant_B,249.1,24.41,44.0,6.96,30.55,99.64,8.75,93.5,1,EQ-B01,Evening,8.8,Pass
B00228,Cetirizine 10mg,Tablet,2023-02-07,Plant_C,212.0,22.86,44.4,6.53,95.6,97.32,0.604,93.2,3,,Evening,10.1,Under Review
B02554,Amoxicillin 250mg,CAPSULE,2024-12-13,Plant_A,207.7,23.32,47.7,6.3,97.9,98.93,0.502,97.9,0,EQ-A10,Morning,10.7,Pass
B01983,Paracetamol 500mg,Tablet,2024-10-30,Plant_A,399.6,20.3,52.3,6.28,90.9,101.2,0.087,92.1,0,EQ-A04,Evening,9.3,Pass
B02355,ATORVASTATIN 20MG,Tablet,2025-11-26,Plant_C,277.4,25.83,44.9,6.37,96.4,99.64,0.146,98.8,0,EQ-C03,Morning,9.3,Pass
B02099,Azithromycin Susp,Suspension,2024-06-17,Plant_B,156.7,22.85,49.6,6.64,90.9,101.9,0.08,99.3,1,EQ-B09,Morning,9.0,Pass
B02568,Omeprazole 20mg,Capsule,2023-11-25,PLANT-A,253.1,22.4,53.6,6.38,88.9,99.24,0.085,95.7,0,EQ-A03,Evening,8.7,Pass
B02124,Omeprazole 20mg,Capsule,2025-06-26,Plant C,239.8,19.61,55.6,7.0,89.5,98.56,0.711,99.1,-1,EQ-C08,Morning,9.4,Pass
B01316,Metformin 850mg,Tablet,18 Mar 2023,Plant_A,494.3,22.48,49.0,6.48,85.3,100.25,0.233,99.3,3,EQ-A04,Night,11.1,Under Review
B01342,Amoxicillin 250mg,Capsule,2023-10-02,Plant_C,290.7,26.85,42.3,6.7,88.6,100.82,0.7,99.3,4,EQ-C08,Night,9.8,Fail
B00997,Cetirizine 10mg,Tablet,2025-01-12,Plant_C,179.2,21.1,,6.68,86.2,180,0.272,,1,EQ-C03,Morning,8.7,Pass
B00524,INSULIN GLARGINE,Injectable,2024-07-10,Plant_C,66.7,,46.1,6.77,92.0,95.85,0.214,96.8,1,EQ-C09,Morning,7.4,Pass
B02137,Cetirizine 10mg,Tablet,08 Oct 2025,Plant_A,162.7,20.52,41.3,6.81,96.3,100.8,0.375,96.7,0,EQ-A05,Morning,8.6,PASS
B00603,Azithromycin Susp,Suspension,2024-08-10,Plant_B,4970.94,22.74,35.5,5.87,90.2,99.59,0.738,61.26,2,,Morning,10.1,Pass
B02735,Ibuprofen 400mg,Tablet,2023-08-28,PLANT-B,517.3,24.93,31.9,6.74,96.8,98.18,0.084,93.6,0,EQ-B12,Morning ,10.2,Pass
B00463,Azithromycin Susp,Suspension,2024-02-02,Plant_C,151.2,22.32,56.3,6.36,89.5,100.36,0.745,100.0,0,EQ-C07,Morning,-5,Pass
B00816,Insulin Glargine,Injectable,2024-05-10,Plant_C,54.6,21.32,45.5,6.71,140,96.9,0.421,94.2,0,EQ-C02,Evening,7.9,Pass
B01700,Ceftriaxone 1g,Injectable,2025-10-31,Plant_A,94.0,22.95,46.2,6.24,97.7,98.08%,0.128,95.2,2,,Morning,9.6,pass
B01666,Atorvastatin 20mg,Tablet,2025-07-09,Plant_A,292.9,21.19,43.9,6.22,93.5,100.51,0.115,96.5,0,,Morning,9.5 h,Pass
B01394,Azithromycin Susp,Suspension,2023-06-14,Plant_C,127.6,23.38,50.5,6.68,90.8,101.78,0.194,95.6,0,EQ-C06,Morning,7.9,pass
B00681,Azithromycin Susp,Suspension,2025-08-16,Plant_B,140.5,27.13,56.3,6.31,93.5,97.07,0.21,97.8,2,EQ-B10,Night,9.6h,Under Review
B01960,Amoxicillin 250mg,Capsule,2025-01-23,Plant_A,298.6,24.3,47.5,6.54,89.8,,0.455,96.3,1,EQ-A07,Evening,10.5,Pass
B02190,Cetirizine 10mg,Tablet,2023-05-09,Plant_A,160.1,22.83,37.4,6.5,90.1,N/A,0.261,93.4,0,EQ-A08,Morning,8.9,Pass
B02002,Paracetamol 500mg,Tablet,2024-02-12,plant_d,325.6,23.46,39.8,6.73,91.7,97.32,0.443,98.4,-1,EQ-D07,Morning,11.6,Pass
B00974,Ibuprofen 400mg,Tablet,2025-10-29,Plant_C,410.4,24.6,48.8,6.79,91.6,98.37,0.166,96.7,2,EQ-C12,Night,10.2,Passed
B01202,Ibuprofen 400mg,Tablet,2023-05-16,Plant B,482.5,20.83,50.2,6.34,87.2,99.18,0.177,93.6,0,EQ-B03,Evening,10.9,Pass
B00600,Omeprazole 20mg,Capsule,2023-01-10,Plant_A,228.9,23.04,42.9,6.76,93.6,98.99,0.352,96.3,0,EQ-A12,Morning,7.4,Pass
B00892,Azithromycin Susp,Suspension,2023-08-03,Plant_D,164.0,22.44,45.5,6.7,93.7,103.14,0.113,94.7,0,EQ-D08,Evening,8.3,pass
B02389,Ceftriaxone1g,Injectable,2025-04-09,,87.9,23.57,41.1%,9.75,93.8,96.67,0.481,95.8,0,EQ-C02,Night,9.9,Pass
B01839,Metformin 850mg,Tablet,2025-07-14,Plant_B,464.9,23.77,35.7,6.19,90.8,99.45,0.593,94.1,2,EQ-B03,Morning,10.9,Pass
B02167,Atorvastatin 20mg,Tablet,2024-03-30,Plant_A,275.9,22.12,,6.17,95.8,97.96,0.364,93.7,0,EQ-A01,Night,9.9,Pass
B00503,NA,Injectable,2024-09-18,Plant_A,93.5,23.9,50.4,6.12,36.12,98.78%,0.144,91.1,0,EQ-A09,Morning,7.8,Passed
B01424,omeprazole 20mg,Capsule,2025-11-01,Plant_B,205.9,23.49,null,6.93,90.8,99.08,0.55,92.8,2,EQ-B08,Night,9.5,Pass
B00209,Metformin 850mg,N/A,2024-03-21,,487.5,21.04,37.0,7.08,93.1,131.21,0.062,96.4,1,EQ-A07,,11.3,Pass
B02373,Paracetamol 500mg,Tablet,2024-06-04,Plant_A,426.7,25.56,-,6.09,97.2,132.3,0.279,91.8,3,EQ-A10,Evening,-,Under Review
B02447,Azithromycin Susp,Suspension,2023-02-24,Plant_C,145.5,23.5,47.9,6.65,,99.01,0.154,95.7,0,EQ-C03,Morning,10.0,Pass
B02364,Amoxicillin 250mg,Capsule,2025-11-09,Plant_C,237.5,23.28,43.3,6.5,88.2,98.55,0.519,94.0,4,EQ-C01,EVENING,8.5,Failed
B01054,Ceftriaxone 1g,Injectable,31 May 2025,Plant_B,80.1,22.92,41.2,6.26,90.0,N/A,0.169,96.4,0,EQ-B03,Morning,8.9,Pass
B01770,Amoxicillin250mg,Capsule,,Plant_A,277.1,25.37,46.9,6.47,99.7,100.04,0.561,96.4,0,EQ-A08,Morning,9.7,Pass
B00376,Paracetamol 500mg,Tablet,2023-02-12,Plant_B,436.7,20.05 C,44.2,6.8,97.2,101.53,0.16,96.9,1,EQ-B07,Morning,10.3,Pass
B00239,Atorvastatin 20mg,Tablet,2025-08-30,Plant_C,349.6,20.88,,6.4,91.1,99.79,0.512,100.8,3,EQ-C08,Evening,67.49,under review
B01387,Cetirizine 10mg,Tablet,2025-06-10,plant_b,235.4,23.8,47.6,6.32,95.3,98.46,0.345,99.3,0,EQ-B05,M,11.4,Pass
B02398,Metformin 850mg,Tablet,01-29-2023,Plant_B,444.6,64.42,48.5,6.21,93.1,98.4 %,0.177,100.2,1,EQ-B07,Night,11.1h,Pass
B01330,Atorvastatin 20mg,Tablet,2024-11-13,Plant_A,356.6,23.73,52.7,6.1,93.8,100.43,0.327,98.6,0,EQ-A02,Evening,10.4,Pass
B02312,Paracetamol 500mg,Tablet,2023-01-09,Plant_B,372.5,23.38,49.1,6.79,92.8,102.12,0.143,99.1,0,EQ-B04,Morning,9.3,Pass
B02146,Ibuprofen 400mg,Tablet,2023-06-04,Plant_A,461.4,19.22,42.6,7.4,96.5,100.18,0.595,94.9,1,EQ-A10,Evening,85.92,Pass
B01511,Atorvastatin 20mg,,2023-01-19,PLANT-B,5738.55,21.18,42.3,6.63,89.8,99.06,0.201,96.3,3,EQ-B08,Evening,8.7,Under Review
B00889,Paracetamol 500mg,Tablet,2024-05-15,Plant_A,415.3,23.65,37.3,6.35,93.2,99.49,0.103,95.7,0,EQ-A06,Night,10.2,Pass
B01783,Paracetamol500mg,null,2025-05-13,PLANT-A,346.0,23.79,41.2,15,91.8,102.51,0.318,94.0,0,EQ-A09,Morning,10.3,Pass
B01233,Ceftriaxone 1g,Injectable,2024-05-17,Plant_C,77.2kg,22.31,38.8,6.09,88.2,99.67,0.038,99.5,4,EQ-C06,Morning,7.7,Fail
B01389,Insulin Glargine,Injectable,2024-03-09,Plant_A,58.8,22.99,,6.12,96.2,102.04,0.329,94.9,3,EQ-A02,,77.09,Under Review
B02034,Omeprazole20mg,Capsule,11-06-2025,Plant_A,248.5,20.49,47.7,6.53,NA,100.16,0.11,96.9,1,EQ-A01,Evening,9.1,Pass
B00313,Amoxicillin 250mg,Capsule,2024-09-22,Plant_A,236.5,19.47,46.2,5.92,89.7,-10,0.392,93.2,0,EQ-A09,Morning,10.0,PASS
B01782,Atorvastatin 20mg,Tablet,2025-01-06,Plant_D,333.9,22.73,46.6,6.42,92.2,96.17,0.698,96.5,0,EQ-D12,Evening,7.7,pass
B00217,Paracetamol 500mg,Tablet,2023-08-14,Plant_C,328.5,25.17,38.2%,10.99,88.0,97.67,0.087,94.6,0,EQ-C05,Evening,8.9,Pass
B01886,Amoxicillin 250mg,Capsule,2024-09-21,Plant_A,237.8kg,21.37,49.4,6.65,84.4,99.36,0.443,70.19,1,EQ-A07,Night,NA,Pass
B01301,AzithromycinSusp,Suspension,2023-03-29,Plant_C,154.6,23.46,45.0,6.45,90.8,99.37,0.588,95.0,1,EQ-C03,E,10.7,Pass
B00795,Ibuprofen 400mg,Tablet,25/05/2025,Plant_A,375.4,22.51,44.9,6.06,90.6,98.72,0.137,,0,EQ-A02,Morning,9.3,Pass
B00177,Azithromycin Susp,Suspension,2024-01-30,Plant_D,144.4,21.41,37.9,6.68,92.6,99.93,0.355,97.0,0,EQ-D02,Morning,10.0h,Pass
B00678,PARACETAMOL 500MG,Tablet,2024/03/31,Plant_D,340.3,22.84,42.2,6.17,98.8,99.63,0.215,96.2,1,EQ-D03,morning,10.6,Pass
B01667,Azithromycin Susp,Suspension,2023-07-31, Plant_A ,123.3,22.19,51.4,6.89,92.1,101.01,0.875,94.4,two,EQ-A08,Evening,8.5,Pass
B02259,,Tablet,2025-01-23,Plant_C,361.6,21.67,41.1,6.04,90.6,97.15,0.177,95.8,1,EQ-C06,Morning,9.4,Pass
B01017,,Tablet,2025-09-30,Plant_D,319.8kg,25.57,33.6,6.35,88.2,null,0.061,99.6,0,EQ-D04,Evening,,Pass
B01553,Cetirizine 10mg,Tablet,2024-02-26,Plant_A,195.1,21.67,49.3,6.63,92.1,99.38,0.426,96.6,1,EQ-A03,Evening,7.4,Pass
B02479,Paracetamol 500mg,Tablet,2024-09-19,Plant_A,449.9,20.69,42.5,6.58,90.4%,98.01,0.574,94.5,1,EQ-A05,Morning,null,Pass
B02732,Cetirizine 10mg,Tablet,2023-11-08,A,193.9,22.99,49.7,6.99,87.6,-10,0.184,92.9,0,EQ-A08,Evening,8.1,Pass
B01262,Ceftriaxone 1g,Injectable,2023-07-25,Plant_B,null,26.14,48.5,5.77,90.5,97.41,7.85,100.8,2,EQ-B08,Evening,9.5,Pass
B02837,,Injectable,2025-01-06,Plant_A,88.4,22.11,41.9,6.24,,-,1.103,97.8,1,EQ-A07,Morning,9.2,Under Review
B00906,Azithromycin Susp,Suspension,2023-10-19,PLANT-C,121.5,21.67,,6.79,89.5,99.03,,96.5,2,EQ-C12,night,8.3 h,Pass
B00865,Insulin Glargine,Injectable,-,Plant_D,59.8,23.9,44.8,6.52,97.2,99.47,0.245,97.8,2,EQ-D04,MORNING,8.9,Pass
B02238,Metformin 850mg,Tablet,2025-02-07,Plant_A,588.8,51.9,52.0,6.02,97.4,97.7,0.182,95.7,1,EQ-A01,Morning,,Pass
B00507,Cetirizine 10mg,Tablet,2025-02-23,Plant_B,188.9,22.14,54.4,6.64,92.3,97.82,,100.8,0,EQ-B05,Morning,9.4,Pass
B01785,Azithromycin Susp,Suspension,2024-08-27,Plant_A,175.2,24.36,48.2,6.57,89.7,97.92,0.882,97.7,3,EQ-A11,Evening,72.39,Under Review
B00304,Insulin Glargine,Injectable,2025-12-23,Plant_D,69.3,22.82,41.8,6.44,87.2,97.89,0.31,95.9,3,EQ-D09,Night,8.4,Under Review
B02419,Metformin 850mg,Tablet,2024-02-17,Plant_A,421.8,19.85,42.7,6.52,88.0,102.29,0.495,98.3,1,EQ-A05,Morning ,9.8,Pass
B01198,Ceftriaxone 1g,Injectable,2023-04-02,Plant_C,73.2,22.42,41.1,6.8,88.6,101.02,0.728,91.8,1,EQ-C11,Morning ,10.2,Pass
B01959,Omeprazole 20mg,Capsule,2023-03-17,Plant_A,218.3,22.62,46.1,6.81,85.8,-,0.237,95.5,2,null,Morning,8.7,Pass
B02012,Atorvastatin 20mg,Tablet,2024-06-01,Plant_C,334.8,21.7,43.8,6.38,94.7,97.5,0.185,95.6,0,EQ-C01,Morning,10.2,Pass
B02815,Amoxicillin250mg,Capsule,2024-11-08,Plant_C,236.3,24.15,44.3,6.74,90.9,97.07,0.216,95.6,2,EQ-C11,Morning,,Passed
B00937,Amoxicillin 250mg,Capsule,2024-12-21,Plant_C,296.6,22.32,43.8,7.11,90.7,98.49,0.297,92.7,1,EQ-C12,Evening,48.85,PASS
B00357,amoxicillin 250mg,Capsule,2023-04-24,Plant_B,226.6,20.58,49.6,6.69,92.0,99.4,0.493,93.7,0,EQ-B01,Evening,8.4,Pass
B01341,Cetirizine 10mg,Tablet,2023-05-28,Plant_B,202.0,22.3,49.2,5.78,91.4,99.26,0.768,98.4,0,EQ-B03,Morning,7.3,Pass
B00163,Ibuprofen 400mg,TABLET,2025-06-24,Plant_B,495.4,21.32,48.7,6.19,89.5,96.03,0.167,98.3,2,EQ-B08,Evening,10.1,Pass
B01332,Azithromycin Susp,SUSPENSION,2023-07-03,Plant C,149.0,23.24,58.0,6.5,94.5,101.0,0.464,96.3,3,EQ-C12,Morning,8.0,Under Review
B00854,Metformin 850mg,Tablet,2024-08-01,Plant_B,564.9,19.37,53.7,6.96,94.8,100.73,0.301,100.3,1,EQ-B12,Morning,9.4,Pass
B02177,Amoxicillin 250mg,Capsule,2024-04-14,Plant_D,267.8,21.65,39.2,6.11,94.9,98.65,0.732,93.4,1,EQ-D11,Morning,10.1,Pass
B00741,Insulin Glargine,Injectable,,Plant_C,64.1,23.67,49.6,6.13,88.5,100.56,0.411,98.3,0,EQ-C02,Evening,10.4,Pass
B00711,Omeprazole 20mg,Capsule,2024-06-27,Plant A,225.6,21.83,48.3,6.25,95.5,101.19,0.228,100.7,0,EQ-A07,MORNING,10.1,Pass
B00271,Metformin850mg,Tablet,2025-06-07,Plant_A,574.7,21.18,45.6,6.48,91.9,98.97,0.529,96.4,0,EQ-A01,Morning,10.1,Pass
B01173,Atorvastatin 20mg,tablet,2025-08-12,Plant_A,325.5kg,25.29,52.5,6.53,87.5,96.91,0.682,93.9,0,EQ-A02,Evening,9.0,Pass
B02068,,Injectable,2024-02-11,Plant_A,83.0,23.42,41.2,6.63,88.0,99.62,0.203,97.3,0,EQ-A08,Morning,8.7,Pass
B00691,Ceftriaxone1g,Injectable,2024-08-23, Plant_D ,74.0,24.5,42.0,6.37,99.4,100.03,0.42,-,0,EQ-D02,Morning,7.7,Pass
B00898,PARACETAMOL 500MG,Tablet,2024-03-13,Plant_A,377.7,22.66,38.7,6.68,93.3,100.14,0.334,99.0,2,EQ-A02,Morning,10.2,Pass
B00638,Metformin 850mg,Tablet,2025-06-08,Plant_B,563.3,24.59,53.3,6.82,91.3,101.56,0.62,98.3,2,EQ-B12,Evening,9.9,Pass
B00267,Ibuprofen 400mg,Tablet,2025-09-19,Plant_A,510.5,23.65,45.8,6.39,85.6,99.63,0.336,97.8,0,EQ-A10,Morning ,10.7,Pass
B02371,Paracetamol 500mg,tablet,2023-02-07,Plant_B,457.5,23.25,56.3,6.98,85.3,98.16,1.612,96.1,one,EQ-B02,Night,9.7,Fail
B02757,Insulin Glargine,Injectable,2024-03-29,Plant_B,70.9,23.59 C,44.5,6.49,86.0,101.39,0.601,95.2,1,EQ-B07,Morning,7.0,Pass
B00542,Paracetamol 500mg,Tablet,2023-12-01,Plant_A,441.1,22.24,54.2,6.35,94.0,100.69,0.136,94.2,0,EQ-A04,Night ,8.6,Pass
B02642,Ibuprofen 400mg,Tablet,2025-04-27,Plant_B,438.1,23.51,54.5,6.41,88.6,98.75,0.726,96.9,,EQ-B03,Night,12.4,Fail
B01187,Amoxicillin 250mg,Capsule,2025-07-12,Plant_C,256.4,23.53,39.5,,91.0,100.64,0.046,94.2,2,EQ-C03,Morning,7.9,Pass
B02786,Amoxicillin 250mg,CAPSULE,2025-01-24,Plant_C,235.3,22.78,-,6.99,94.4,97.63,-,,0,EQ-C07,Evening,8.5,pass
B01248,Ibuprofen400mg,Tablet,2025-11-16,Plant_B,511.3,22.08,44.6,6.74,93.4,99.69,0.346,93.9,0.0,EQ-B01,Morning,9.5,Pass
B00194,Atorvastatin 20mg,Tablet,2025-07-10,Plant_D,281.3,23.51,50.4,6.24,-,100.72,0.296,96.6,0,EQ-D01,Morning,10.7,Pass
B01111,Omeprazole 20mg,Capsule,2023-06-23,Plant_B,228.3,23.9,50.6,6.01,85.4,99.07,NA,98.0,2,EQ-B04,Morning,10.2,Pass
B00353,Metformin 850mg,Tablet,,Plant_B,423.5,22.81,49.1,7.26,93.3%,100.4%,0.082,94.2,2,EQ-B09,Evening,12.3,Pass
B00268,Atorvastatin 20mg,Tablet,2024/10/07,Plant_C,295.7,23.08,57.1,6.92,92.7,99.16,0.396,94.2,0,EQ-C10,Morning,8.8,PASS
B02010,Omeprazole 20mg,Capsule,2023-12-19,Plant_C,,19.34,50.5,6.29,93.6,97.57,0.915,94.0,1,EQ-C05,Morning,8.4,Pass
B01796,Metformin 850mg,Tablet,2024-10-11,Plant_D,486.7,22.93,35.9,6.31,91.8,99.77,1.416,99.2,1,EQ-D11,Evening,11.4,Fail
B00414,Amoxicillin 250mg,Capsule,,Plant_B,267.6,23.17,41.2,5.98,93.4,97.51,0.189,101.9,0,EQ-B06,Morning,8.1,Pass
B00794,Insulin Glargine,Injectable,2023-07-10,null,60.3,21.76,47.3,6.25,,99.65,0.126,97.1,1,EQ-B11,Evening,7.1,Pass
B02727,Amoxicillin 250mg,Capsule,2023-01-13,Plant_A,222.3,21.71,54.3,6.19,89.2,96.96,0.461,96.5,1,EQ-A09,Evening,9.6,Pass
B00500,Ibuprofen 400mg,Tablet,2023-07-27,Plant_D,430.3,22.1,40.7,6.31,30.59,98.96,0.513,96.4,2,EQ-D12,Evening,9.7,Pass
B00438,Ceftriaxone 1g,Injectable,29/04/2023,Plant_B,76.5,22.66,48.7,6.28,97.4,100.59,0.619,115,1,EQ-B08,Morning,7.2,Pass
B01573,Azithromycin Susp,Suspension,2023-06-21,Plant_D,156.7,21.54,-,6.32,86.8,97.72,0.795,99.8,zero,EQ-D08,Morning,7.6,Pass
B01703,Omeprazole 20mg,Capsule,2024-03-28,Plant_A,200.9,21.55,47.6,6.68,92.6,98.06,0.641,94.2,0,EQ-A12,Morning,10.0,Pass
B01611,Azithromycin Susp,Suspension,2024-10-23,Plant_B,166.3,25.12,40.3,6.74,89.9,100.08,0.381,96.2,2,EQ-B05,Morning,10.3,Pass
B00708,Cetirizine 10mg,Tablets,2023-02-23,Plant_B,220.4,25.35,45.4,6.64,92.4,99.77,0.611,96.1,0,EQ-B07,Evening,9.5,Pass
B01312,Atorvastatin 20mg,Tablet,2023-11-21,Plant_B,299.9,22.69,39.1,6.57,97.9,99.52,0.555,95.9,N/A,EQ-B01,Morning,8.9,Under Review
B02698,Ibuprofen 400mg,Tablet,2025-01-14,Plant_B,388.6,19.02,40.5,6.28,96.8,98.3,0.196,96.0,1,EQ-B05,Morning,9.0,Pass
B01989,Metformin 850mg,Tablet,2025-06-17,Plant_B,403.5,26.21,56.7,6.35,,100.37,0.691,92.6,1,EQ-B03,N/A,10.6,Pass
B00203,IBUPROFEN 400MG,Tablet,2023-03-10,Plant_C,385.4,22.4,51.0,6.47,88.0,98.47,0.83,96.2,2,EQ-C07,Morning,8.6,Pass
B01149,Omeprazole 20mg,Capsule,2023-02-18,Plant_C,191.4,20.29,43.2,6.17,96.1,98.55,0.075,,0,EQ-C03,Morning,8.9,Pass
B00069,Paracetamol 500mg,Tablet,"July 07, 2023",Plant_C,341.7,23.61,43.4,6.97,null,102.19,0.307,93.1,3,EQ-C10,Morning,10.1,Under Review
B00219,Ibuprofen 400mg,Tablet,2024-07-31,Plant A,440.8,24.71,41.1,6.44,99.0,101.19,1.261,96.9,1,EQ-A11,Night,10.0,Under Review
B01097,Insulin Glargine,Injectable,2024-04-18,Plant_B,69.8,23.82,51.2,6.3,92.3,100.34,0.458,97.2,1,EQ-B07,Morning,9.2,Pass
B02333,Metformin 850mg,Tablet,2025-01-14,Plant_A,446.1,21.7,34.4,5.95,92.3,100.1,0.346,98.0,2,EQ-A11,Morning ,9.2,Pass
B02746,Ibuprofen 400mg,Tablet,2023-09-29, Plant_A ,364.4,N/A,49.7,6.26,88.3,100.17,0.446,93.6,2,EQ-A03,Night,10.7,Pass
B00287,Amoxicillin 250mg,Capsule,2025-02-14,Plant_A,265.1,23.09,41.3,6.31,NA,100.31,0.172,96.0,1,EQ-A04,N,9.2,Pass
B00123,OMEPRAZOLE 20MG,,2023-08-06,Plant_C,187.9,24.15,45.4,5.96,98.2,98.96,0.639,98.3,2,EQ-C06,Morning,11.2,Pass
B02219,METFORMIN 850MG,Tablet,2024-10-14,Plant_A,492.5,22.56,44.5,6.8,-,98.9,0.228,96.0,0,EQ-A08,Morning,11.7,Pass
B00102,amoxicillin 250mg,Capsule,2024-01-18,Plant_D,255.6,22.33,47.0,7.08,90.4,100.93,0.244,96.6,1,EQ-D06,Morning,10.4,Pass
B01223,Ceftriaxone1g,injectable,2025-05-18,Plant_C,101.3,22.59,51.2,6.48,-,99.93,1.907,100.0,3,EQ-C08,Morning,9.7,Fail
B01487,,Capsule,2023-11-22,Plant_A,269.4,21.77,37.1,6.27,140,100.03,0.15,95.2,3,EQ-A04,Night,11.5,Under Review
B02324,Omeprazole 20mg,Capsule,2024-04-05,Plant_C,212.9,20.21 C,45.4,6.74,89.4,,0.242,95.8,1,EQ-C05,Evening,8.6,Pass
B00462,Amoxicillin 250mg,Capsule,2025-03-17,Plant_C,229.3,22.69,40.0,6.53,91.6,99.09,0.389,90.6,2,EQ-C04,Morning,8.2,Pass
B00633,Ibuprofen 400mg,Tablet,2024-11-14,Plant_A,473.5,22.89,47.2,-1,96.4,100.98,0.594,99.4,1,EQ-A11,Evening,10.0,Pass
B02651,Insulin Glargine,Injectable,2025-08-05,Plant_A,63.6,23.28,46.2,6.71,91.2,101.74,0.155,97.6,3,EQ-A11,Night,6.5,Under Review
B01919,Ibuprofen 400mg,Tablet,2025-09-30,Plant_A,407.8,19.16,N/A,6.43,89.9,102.49,0.268,96.8,0,EQ-A08,Morning,12.2,Passed
B01172,Omeprazole 20mg,Capsule,2024/11/02,B,193.8,-40,,6.58,83.7,98.72,1.177,95.8,2,EQ-B03,morning,9.3,Fail
B00895,Azithromycin Susp,Suspensions,2023-10-09,N/A,167.1,22.04,41.8,6.95,96.5,99.75,0.299%,98.0,0,EQ-A07,Morning,8.0,Pass
B02512,Insulin Glargine,Injectable,2024-12-04,Plant_B,0,20.36,-,6.1,-,98.62,0.131,98.5,1,EQ-B04,Morning,8.5,Pass
B02405,Atorvastatin 20mg,Tablet,2024-05-15,Plant_A,4074.99,19.14,31.7,5.97,93.9,101.07,0.479,,0,EQ-A09,MORNING,,Pass
B00851,Ceftriaxone 1g,Injectable,2025-11-17,Plant_A,97.7,22.71,51.1,6.44,87.9,98.65,0.586,94.4,1,EQ-A09,Morning,11.1,Pass
B00881,Paracetamol 500mg,Tablet,2025-04-13,,470.9,24.27,54.1,6.77,91.7,101.71,0.341,97.9,3,EQ-C05,Evening,12.1,Under Review
B02720,Amoxicillin 250mg,Capsule,2023-04-29,Plant_C,254.3,19.51,50.9,6.7,94.6,100.36,NA,93.6,0,EQ-C03,Evening,8.2,Pass
B00048,Insulin Glargine,Injectable,2025-09-22,Plant_B,67.2,25.28,45.4,6.85,91.0,102.24,0.451,98.9,1,EQ-B05,Evening,7.6,Pass
B01861,Azithromycin Susp,Suspension,2025-12-25,Plant_A,123.8,23.86,44.2,6.78,97.8,97.45,0.465,96.9,2,EQ-A10,Morning,9.5,Pass
B02305,Ceftriaxone 1g,Injectable,2024-09-06,,103.1,21.98,42.3,6.58,85.6,100.35,0.498,96.0,2,EQ-A06,Night,7.2,
B01706,Insulin Glargine,Injectable,04/02/2025,Plant D,71.9,22.43,38.7,7.05,88.9,100.49,0.451,96.4,1,EQ-D12,Night,6.9,Pass
B01589,Insulin Glargine,Injectable,2023-10-15,PLANT-B,71.4,21.58,,5.82,87.5,99.92,0.162,92.9,0,EQ-B10,Morning,6.5,pass
B02475,Amoxicillin 250mg,Capsule,2025-05-03,Plant_D,211.8,24.19,50.2,6.22,96.5,101.37,0.748,96.3,3,EQ-D09,Night,9.2,Under Review
B01601,Atorvastatin 20mg,Tablet,2023-04-16,Plant_B,286.5,22.59,48.8,6.44,87.8,100.08,0.418,92.8,0,EQ-B03,Morning,9.3,Pass
B00162,Omeprazole 20mg,,2024-02-26,Plant_A,4072.37,23.53,52.8,6.77,87.6,100.21,0.26,95.8,0,EQ-A07,Evening,8.3,Pass
B01021,Paracetamol 500mg,Tablet,2025-07-28,Plant_A,473.1,21.37,48.0,6.23,90.4,98.7,0.212%,93.7,1,EQ-A05,Evening,9.5,Pass
B02840,Ceftriaxone 1g,injectable,2025-05-18,Plant_C,93.4,21.22,42.2,6.97,,99.88,0.451,96.5,2,EQ-C04,,7.9,Pass
B00243,Paracetamol 500mg,Tablet,2024-05-14,C,452.4,23.53,45.8,6.25,NA,96.74,1.017,93.3,4,EQ-C03,Morning,10.0,Fail
B02532,Insulin Glargine,Injectable,2023-07-20,Plant_A,69.1,20.09,48.8,6.79,93.9,99.77,1.024,94.3,0,EQ-A08,Night,7.8,Under Review
B00670,AMOXICILLIN 250MG,Capsule,2025-09-09,Plant_B,266.8,23.67,40.6,6.58,96.9,101.06,,,1,EQ-B02,EVENING,10.6,Pass
B02120,Azithromycin Susp,Suspension,2023-08-22,Plant_A,150.4,22.76,37.9,6.95,32.03,99.55,0.125,99.5,0,EQ-A11,Night,10.1h,Pass
B01311,Cetirizine 10mg,Tablet,2025-05-20,Plant_D,161.2,23.57,40.2%,6.24,96.4,100.19,0.665,93.5,2,EQ-D04,Night,8.1,Pass
B00581,Paracetamol 500mg,Tablet,2025-12-11,Plant_C,356.3,23.81,47.8,6.26,86.6,98.62,0.905,93.7,4,EQ-C01,Night,9.2,Fail
B02656,Cetirizine 10mg,Tablet,2023-11-24,Plant_A,180.1,24.02,54.8,6.68,95.3,100.39,1.114,94.7,0,EQ-A09,Night,9.8,Under Review
B01540,Omeprazole 20mg,Capsule,2025-10-17,Plant_B,195.6,22.35,39.4,6.85,93.7,180,,95.1,1,EQ-B06,Evening,7.9,Pass
B01347,InsulinGlargine,Injectables,2025/08/24,Plant_B,61.4,24.35,-,6.59,92.0,99.4,0.09,95.3,0,EQ-B02,Evening,7.8,Pass
B02453,Paracetamol 500mg,Tablet,2025-07-26,Plant_D,419.1,18.79,40.5,7.02,88.7,100.28,0.383,93.1,0,EQ-D12,Morning,9.7,Pass
B02639,Amoxicillin 250mg,Capsule,2023-08-31,Plant_A,263.2,,N/A,6.7,89.6,97.66,,92.4,1,EQ-A03,Evening,10.2,Passed
B01731,Azithromycin Susp,Suspension,2023-06-29,Plant_A,178.4,22.15,48.5,6.65,90.7,99.92,-2.0,100.8,0,EQ-A06,Morning,9.6,Pass
B01503,Metformin 850mg,Tablet,2025-02-27,null,466.9,20.76,39.8,6.73,93.4,98.04,0.277,98.7,0,N/A,Evening,11.5,Pass
B01365,Cetirizine10mg,Tablet,2024-04-11,Plant_D,229.5,25.72,48.9%,7.18,40.01,98.93,0.543,95.2,0,EQ-D03,Morning ,8.5,Pass
B02560,Cetirizine 10mg,Tablet,2025-05-17,Plant_B,,23.87,51.0%,6.0,92.1,97.5,0.751,96.0,1,EQ-B05,Morning,9.0,Pass
B01109,,Injectable,2024-09-24,Plant_B,102.6,N/A,51.1,6.58,93.9,100.42,0.411,95.7,1,EQ-B02,Morning,7.9,Pass
B00365,Amoxicillin 250mg,Capsule,2024-11-15,NA,,24.04,88.76,,84.5,98.24,0.123,98.7,3,EQ-C10,Morning,9.6,Under Review
B00175,,Capsule,2025-02-20,plant_b,259.4,23.51,45.1,5.86,92.8,100.92%,0.284,101.4,1,EQ-B12,Morning,9.8,Pass
B01280,Insulin Glargine,null,"September 13, 2025",Plant_A,55.7,20.78,38.0,6.9,101.4,98.16,0.453,95.0,1,,Evening,8.4,Pass
B01732,Ceftriaxone 1g,Injectable,2023-11-06,Plant_C,95.8,22.9,48.6,6.71,92.7,99.31,0.474,96.2,0,EQ-C12,Morning,9.1 h,PASS
B01323,Cetirizine 10mg,Tablet,2023-06-02,Plant_B,N/A,21.72,41.0,5.89,94.3,100.6,0.404,94.3,2,EQ-B03,Morning,8.2,Pass
B01395,Metformin 850mg,Tablet,2024-06-22,Plant_B,432.7,23.38,47.9,6.15,93.1,101.01,0.118,95.8,2,EQ-B06,Morning,8.6,Pass
B01948,Ceftriaxone 1g,Injectable,2024-03-04,Plant_B,99.0,22.42,43.0,7.12,89.0,98.32,0.475,95.9,1,EQ-B06,Night,8.9,Pass
B02562,Atorvastatin 20mg,Tablet,2023-06-09,Plant_A,283.4,23.57,56.2,6.89,90.4,97.42,0.751,98.2,0,EQ-A02,Morning,9.8,Pass
B00140,Ibuprofen 400mg,Tablet,2023-12-11,Plant_C,476.7,24.95,50.2,6.4,93.7,100.61,0.275,91.4,1,EQ-C05,Morning,10.2,Pass
B01119,Azithromycin Susp,Suspension,2024-01-01,Plant_C,142.7,26.26,54.0%,6.46,92.5,102.26,0.308,95.8,-,EQ-C06,Morning,8.3,Pass
B02126,Metformin 850mg,Tablet,2023-05-01,Plant_C,454.6,22.25,41.6,6.71,91.7,100.29,0.667,94.5,1,EQ-C07,Morning,10.4,pass
B01029,Cetirizine 10mg,Tablets,2025-12-14,Plant_A,166.1,24.58,53.2,6.54,92.0,102.38,0.292,99.8,0,EQ-A03,E,9.1,Passed
B02283,Atorvastatin20mg,Tablet,2024-12-19,Plant_C,320.4,999,45.1,6.01,87.9,100.16,0.435,96.5,1,EQ-C01,Morning,9.9,PASS
B01958,Cetirizine 10mg,Tablet,2025-07-02,B,229.9,21.27,52.5,7.0,94.8,101.19,0.446,92.1,4,EQ-B03,N,8.9,Fail
B01653,Paracetamol 500mg,Tablet,16 Mar 2025,Plant_C,323.5,22.97,46.6,6.92,87.9,99.02,0.332,95.5,5,EQ-C01,,8.5,Fail
B02605,Azithromycin Susp,Suspension,2024-11-26,Plant_C,-100,23.4,52.9,6.25,,98.26,0.089,67.95,1,,Evening,9.7,PASS
B01675,Azithromycin Susp,Suspension,2025-09-21,PLANT-D,132.6,24.99,48.8,6.61,89.0%,98.81,0.397,93.7,0,EQ-D08,Morning,7.1,Pass
B01477,Ibuprofen 400mg,,2023-04-21,A,452.1,23.03,51.9,,93.6,99.01,1.025,96.8,0,EQ-A05,Morning,10.1,Under Review
B02208,Insulin Glargine,Injectable,2024-03-24,Plant_D,62.8,21.24,40.5,7.14,92.7,98.52 %,0.122,94.3,3,EQ-D02,Evening,9.0,Under Review
B02425,Atorvastatin 20mg,Tablet,2025-04-23,plant_b,264.0,24.55,45.4,6.15,88.4,99.73,0.748,94.1,1,EQ-B03,NA,8.9,Pass
B02007,Ibuprofen400mg,Tablet,2025-04-26,Plant_C,425.0,null,46.0,6.52,86.6,97.61,0.598,73.11,3,EQ-C07,Morning,10.7,UNDER REVIEW
B02883,Cetirizine 10mg,Tablet,2024-02-10,Plant_A,178.5,22.86C,48.4,6.13,89.9,100.92,NA,99.2,0,EQ-A06,Morning ,8.7,Pass
B01779,Atorvastatin 20mg,Tablet,,Plant_A,242.1,22.3,36.6,5.39,94.8,100.78,0.088,94.6,1,EQ-A07,Evening,9.0,Under Review
B00001,Paracetamol 500mg,Tablet,2023-09-12,Plant_A,355.7,20.4,40.8,6.35,94.0,100.74,0.028,92.7,23,EQ-A11,Morning,10.4,Pass
B00450,Metformin 850mg,Tablet,2023-01-27,Plant_C,407.2,22.55,48.5,6.63,90.5,97.3,1.58,103.6,1,EQ-C06,Morning,12.1,Fail
B00120,Amoxicillin 250mg,Capsule,2024-03-02,Plant_A,297.7,23.4,94.42,6.61,94.0,97.94,0.331,97.5,1,EQ-A08,Night,11.6,Pass
B02334,InsulinGlargine,Injectable,2023-12-04,Plant_A,54.7,25.97,44.5,6.38,95.0%,100.18,0.363,97.0%,0,EQ-A08,Evening,8.3,Pass
B00733,Ceftriaxone1g,Injectable,2025-03-03,Plant_B,81.9,22.8,54.6,6.36,87.7,100.46,0.38,62.92,1,EQ-B09,Evening,9.1,Pass
B02184,Omeprazole 20mg,capsule,2023-05-12,Plant_C,-100,22.26,45.7,7.19,87.6,98.81,0.232,94.5,0,EQ-C04,Evening,10.7,pass
B01691,Azithromycin Susp,Suspension,2024-02-11,Plant_C,130.3,22.52,47.9,6.8,87.8,101.07,0.79,99.0,0,EQ-C05,Morning,8.3,Pass
B01617,Azithromycin Susp,Suspension,,NA,,52.72,45.8,6.3,84.2,99.87,0.459,98.5,0,EQ-D01,Evening,8.8,Pass
B02629,Omeprazole 20mg,Capsule,2025-11-21,Plant_A,193.6,22.31C,45.2,6.65,94.3,96.71,0.124,92.0,0,EQ-A01,Evening,8.9,Pass
B00070,Ibuprofen 400mg,Tablet,2024-03-08,Plant_C,433.6,19.28,46.4,6.63,91.4,100.36,1.119,90.6 %,1,EQ-C10,Evening,10.3,Under Review
B01051,Cetirizine 10mg,Tablets,2025-11-26,Plant_A,174.5,22.75,48.4,6.41,90.6,98.81,0.709,94.7,0,EQ-A05,Evening,9.4,Pass
B02164,Ceftriaxone 1g,Injectable,2025-01-09,Plant_A,88.7,24.17,42.9,6.96,94.6,99.01,0.297,95.8,1,EQ-A07,Evening,8.1,Pass
B01991,Cetirizine 10mg,Tablet,2025-08-02,Plant_A,173.9,22.86,39.2,6.52,91.8,100.2,0.179,95.5 %,1,EQ-A11,Evening,10.0,Pass
B00382,Ceftriaxone 1g,Injectable,2023-01-04,Plant_A,85.1,21.05,39.8,6.43,93.0,101.77,0.088,97.7,0,EQ-A06,Morning,7.8,Pass
B02722,Omeprazole 20mg,CAPSULE,2024/06/08,Plant_C,260.5,23.12,52.3,6.17,96.2,101.1,0.453,95.2,2,EQ-C05,Evening,8.3,Pass
B00153,Ceftriaxone 1g,Injectable,2024-11-15,Plant_A,94.8,24.24,44.3,6.52,90.5,100.6,6.31,97.5,4,EQ-A09,Morning,8.0,Fail
B01640,Metformin 850mg,Tablet,2023-02-18,Plant_B,597.5,23.13,38.0,6.55,96.2%,99.86,0.393,,1,EQ-B05,Morning ,11.3,Pass
B02744,,Injectable,2025-01-20,Plant_A,74.9,-,40.8,6.31,95.3,99.51,0.663,93.4,0,EQ-A07,Morning ,9.1,Pass
B02309,Atorvastatin 20mg,Tablet,2024-09-26,Plant A,2969.37,24.42,39.0,6.19,,97.89,0.123%,103.0,1,N/A,Morning,9.6,Under Review
B02609,Cetirizine 10mg,TABLET,2023-01-10,Plant_B,200.6,22.29,52.0,6.7,82.2,126.9,0.18,93.1,1,EQ-B08,Night,9.5,Pass
B02876,Cetirizine 10mg,,05-12-2025,Plant_A,168.1,23.28,51.3,6.85,89.5,98.01,0.773,96.1,2,EQ-A08,Evening ,10.1,Pass
B00246,Paracetamol 500mg,Tablet,2023-12-17,Plant_D,332.5,59.16,49.1,6.35,,100.96,0.087,101.0,1,EQ-D10,Night,,Pass
B01091,Cetirizine 10mg,Tablet,2025-02-15,Plant_B,225.6,23.22,45.1,6.78,90.3,99.27 %,0.132,97.1,2,EQ-B07,Evening,7.8,Passed
B00180,Cetirizine 10mg,Tablet,2023-07-21,Plant_D,178.8,22.27,46.8,6.07,93.4,99.71,0.284,93.9,0,EQ-D10,Morning,8.5,pass
B02295,Azithromycin Susp,suspension,2024-07-31,plant_a,N/A,21.89,47.3,7.12,87.4,101.69,0.08,96.2,0,EQ-A12,Morning,10.1,Pass
B00863,Amoxicillin 250mg,Capsule,2023-08-02,Plant_C,291.3,22.02,43.7,6.97,,99.0,0.511,95.2,1,EQ-C09,Morning,6.8,Pass
B00058,Amoxicillin 250mg,Capsule,2024-06-06,Plant_C,265.9,24.06,NA,6.41,88.6,98.1,0.151,93.7,2,EQ-C01,Evening,85.85,Pass
B00459,Insulin Glargine,Injectable,2025-12-14,Plant_B,66.1,23.51,47.8,6.41,94.3,96.99,1.061,98.1 %,1,EQ-B06,EVENING,8.7,Under Review
B01954,Ibuprofen 400mg,Tablet,2023-06-01,Plant_B,512.7,19.75,46.4,6.97,83.7,98.52,0.016,93.7,-,N/A,evening,11.3,Pass
B01495,Ibuprofen 400mg,Tablet,2023-10-31,Plant_D,493.1,25.65,40.7 %,6.81,86.6,101.29,0.697,96.1,3,EQ-D11,N/A,10.8,Under Review
B00635,Amoxicillin 250mg,Capsule,2025-10-07,Plant_B,276.3,20.43,43.5,6.41,100.0,100.39,0.605,96.6,1,EQ-B09,Evening,9.2,Pass
B00011,Cetirizine 10mg,Tablet,25 Jun 2023,Plant_C,160.7 kg,24.51,48.6,6.3,89.3,102.58,0.335,98.6,0,EQ-C03,Morning,9.8,Pass
B00135,Azithromycin Susp,suspension,2024-11-23,Plant_A,124.1,25.55,46.2,6.65,NA,100.06%,0.155,92.3,0,EQ-A01,Evening,9.2,Pass
B00771,Omeprazole 20mg,Capsule,2025-05-03,Plant_A,236.8,21.01,46.9,6.73,91.4,99.6,0.284,null,0,EQ-A03,Evening,6.9,Pass
B00325,Ceftriaxone 1g,Injectable,2024-06-05,,102.1,23.82,47.4,6.52,91.0,98.12,0.78,98.7,1,EQ-B12,Evening,7.5,Pass
B02192,Ibuprofen400mg,Tablet,2024-04-07,Plant_B,477.5,22.83,49.4,N/A,93.0,null,0.609,96.7,1,EQ-B09,Night,9.4,Pass
B02383,Ceftriaxone 1g,Injectable,2023-01-25,Plant_A,75.8,24.52,48.2,6.39,92.1,96.69,0.633,92.1,0,EQ-A10,Evening,6.5,Pass
B01112,Metformin850mg,Tablet,2025-11-26,Plant_A,442.4,23.0,48.5%,6.4,84.7,99.01,0.266,95.3,0,EQ-A06,Morning,8.4,Pass
B01197,Azithromycin Susp,Suspension,2025-07-16,Plant B,159.9,23.06,47.7,6.71,89.6,101.22,0.036,95.0%,1,EQ-B08,Morning,7.9,Pass
B00326,Metformin 850mg,Tablet,2024-01-28,Plant_A,585.6,22.59,50.9,6.64,94.3,97.53,0.364,99.2,2,EQ-A08,Evening,12.2,Pass
B01339,AZITHROMYCIN SUSP,Suspension,2024-07-09,,133.2,20.7,51.5,6.33,86.8,100.06,0.146,91.4,0,EQ-D02,Evening,9.1,Pass
B00144,Ibuprofen 400mg,Tablet,2024-01-08,plant_c,499.3,23.04,35.1,6.37,86.0,101.54,0.15,95.9,2,EQ-C07,Evening ,10.6,Pass
B00859,Omeprazole 20mg,null,2023-02-04,Plant_A,244.1,21.84,38.9,6.57,93.0,99.04,0.468,97.2,0,EQ-A03,Morning,9.7,Pass
B01834,Paracetamol 500mg,Tablet,2025-07-20,Plant_A,350.7,,47.6,6.61,90.3,100.87,0.342,93.5,0,EQ-A01,Evening,9.2,Pass
B00169,Atorvastatin 20mg,Tablet,2023-12-31,Plant_A,278.3,25.52,46.1,6.09,88.1,101.47,0.177,100.2,0,EQ-A03,Evening,10.3,Pass
B02866,Paracetamol 500mg,Tablet,2023-02-12,Plant_C,363.8,NA,51.4,NA,101.1,98.1,0.215,97.9,1,EQ-C04,Morning,10.3,Pass
B01765,Cetirizine 10mg,Tablet,2024-11-23,Plant_A,232.0,NA,42.9,6.64,85.2,98.71,0.509,94.3,1,EQ-A03,Morning,11.3 h,Pass
B01043,Ibuprofen 400mg,Tablet,2023-03-03,Plant_A,489.9,20.69,44.7,6.23,93.9,101.82,0.389,97.9,0,EQ-A07,Morning,9.6,pass
B01160,Atorvastatin 20mg,Tablet,2023-10-14,Plant_A,349.8,23.03,39.4,6.27,91.5,98.86,0.184%,98.4,0,EQ-A01,Morning,9.3,Pass
B02832,Azithromycin Susp,suspension,2024-07-08,Plant_D,152.6,,43.6,6.35,88.7,100.93,0.24,96.7,1,EQ-D05,MORNING,10.0,Pass
B00092,Insulin Glargine,Injectable,2023-02-22,Plant_A,57.6,20.02,40.5,7.01,,97.6,0.192,96.7,3,EQ-A10,Morning,9.3,Under Review
B01892,Metformin 850mg,Tablet,2023-12-07,Plant_C,488.1,23.21,41.9,7.04,89.3,99.58,0.13,99.5,2,EQ-C12,Evening,10.1,Pass
B00327,Metformin 850mg,TABLET,2023-04-18,Plant_C,-,23.36,48.2,6.42,91.5,101.59,0.224,101.6,,EQ-C10,Morning,10.2,Pass
B01179,Metformin 850mg,Tablet,2023-04-10,Plant_C,463.8,21.77,43.4,NA,91.6,98.58,0.584,94.8,1,EQ-C01,Evening,9.6,Pass
B00235,Ibuprofen 400mg,Tablet,2023-05-27,Plant_B,426.4,21.84,49.8,6.88,90.6,99.06,,115,0,EQ-B11,Morning,10.0,Pass
B00610,Insulin Glargine,Injectable,07/02/2024,Plant_B,55.5,25.18,46.7,6.56,44.66,98.95,0.308,97.2,0,EQ-B04,Evening,9.0,Pass
B02592,Atorvastatin 20mg,Tablet,2024-11-19,Plant_A,280.2,23.58,46.6,6.63,90.6,100.36,0.042,97.4,0,EQ-A10,Morning,9.1,Pass
B01824,Insulin Glargine,Injectable,2024-02-14,Plant_A,48.8,20.64,54.2,6.03,NA,101.44,0.136,99.7,1,EQ-A04,Evening,7.2,Pass
B00901,Paracetamol 500mg,Tablet,2025-11-07,Plant_C,-,19.91,54.1,6.73,96.3,100.44,0.24,,zero,EQ-C05,Morning,10.9,Pass
B01272,Amoxicillin 250mg,Capsule,2025-12-15,Plant_C,271.1,22.5,49.9,,80.0,101.11,0.729,96.0,2,EQ-C10,Morning,8.2,Pass
B00845,Paracetamol 500mg,Tablet,2025-01-05,Plant_C,328.4,22.13,41.5,6.46,93.4,100.9,0.078,95.2,2,EQ-C10,Morning,9.5,Pass
B02133,Cetirizine 10mg,Tablet,2023-08-22,Plant B,184.0,22.53,46.0,6.15,NA,100.06,0.885,96.0,2,EQ-B03,Evening,9.8,Pass
B01226,Ceftriaxone 1g,Injectables,2023-08-29,Plant_C,89.2,21.54,45.9,6.07,52.47,99.44,5.41,96.1,1,EQ-C06,Morning,8.3,Fail
B00605,INSULIN GLARGINE,Injectable,2024-12-19,Plant_A,63.8,22.37,42.0,6.45,93.3,99.39,,99.0,0,EQ-A06,E,6.7,Pass
B01868,Azithromycin Susp,Suspension,2024-11-29,Plant_C,148.4,20.91,39.7,6.26,88.3,100.16,0.135,94.9,0,EQ-C02,Night,8.1,Pass
B00002,AZITHROMYCIN SUSP,Suspension,2025-04-09,Plant_A,151.9,24.33,38.7,6.84,91.0,98.6,0.255,98.1,2,EQ-A02,Evening ,8.6,Pass
B02327,Atorvastatin 20mg,Tablet,2024-03-24,Plant_C,265.9kg,23.31,51.5,6.06,88.4,,0.368,98.5,3,EQ-C04,Morning,9.4,Under Review
B01979,Paracetamol 500mg,Tablet,2025-10-13,Plant_A,423.3,24.12,45.3,6.23,92.4,98.45,0.062,97.2,1,EQ-A04,Evening,11.3,Pass
B00112,Azithromycin Susp,Suspension,2023-08-20,Plant_A,128.2,21.33,48.3,6.28,96.9,98.64,0.328,99.4,0,EQ-A02,Evening,9.9,Pass
B01873,OMEPRAZOLE 20MG,Capsule,2023-05-29,Plant_C,253.0,22.1,55.8,6.13,86.6,99.19,0.362,98.4,0,EQ-C11,Evening,9.9,Pass
B00098,Omeprazole 20mg,Capsule,2025-10-16,Plant_A,260.2,21.03,N/A,6.11,91.3,100.31,,94.0,3,EQ-A09,MORNING,8.8,Under Review
B00652,Omeprazole 20mg,Capsule,2025-12-29,PLANT-C,212.9,24.66,45.9,6.41,97.7,,1.081,99.0,2,EQ-C09,Evening,10.2,Under Review
B01308,Metformin 850mg,Tablet,2023-01-06,Plant_A,524.5,22.1,44.8,6.23,32.06,98.81,0.461,98.2,0,EQ-A04,Morning,10.3,Pass
B00087,Paracetamol 500mg,tablet,26/01/2023,Plant_A,458.1,23.73,45.8,6.87,89.7,99.15,0.399,96.8,0,EQ-A12,Night,10.0,Pass
B02501,Omeprazole 20mg,Capsule,2023-02-27,Plant_B,181.4,21.52,54.9,6.28,96.2,99.27,0.118,101.0,3,EQ-B09,Morning,10.1,Under Review
B01123,Metformin 850mg,Tablet,2023-10-07,Plant_D,472.1,21.66,48.8,6.74,97.1,98.96,0.161,95.1,1,EQ-D05,Morning,10.9,pass
B02114,Ceftriaxone 1g,Injectable,2024-12-02,Plant_C,101.0,24.36,36.5,,89.2,98.85,0.459,96.6,0,EQ-C07,Morning,6.4,Pass
B00529,Ceftriaxone 1g,Injectable,2023-08-09,Plant_A,86.1,24.24,47.8,6.17,90.4,95.6,0.608,96.9,0,EQ-A10,Morning,7.2,Pass
B01285,Atorvastatin 20mg,Tablet,"August 15, 2024",Plant_B,352.2,23.73,40.8%,6.78,91.5,100.79,0.385,97.6,0,EQ-B12,Morning,10.4,Pass
B01080,Insulin Glargine,Injectable,2024-08-30,Plant_D,66.4,21.6,45.2,6.61,93.0,98.23,0.642,96.6,1,EQ-D04,Night,7.7,Passed
B02633,Ceftriaxone 1g,injectable,2024-09-30,Plant_C,,22.84,43.2,5.78,85.3,99.54,0.282,98.8,1,N/A,Morning,9.3,Pass
B02345,Cetirizine 10mg,Tablet,2024-11-12,Plant_A,236.5,23.17,37.0,6.48,99.7,100.31,0.054,95.7,1,EQ-A12,Morning,8.8,Pass
B00841,Metformin 850mg,Tablet,25/11/2023,Plant_A,424.1,20.92,48.6,6.17,89.7,97.53,0.207,96.3,0,EQ-A10,Morning,8.3,Pass
B01686,cetirizine 10mg,Tablet,2024-01-01,Plant_A,237.3,22.85,54.7,6.37,92.6,100.06,0.217,96.8,2,EQ-A08,Morning,10.8,Pass
B02162,Metformin 850mg,Tablet,2025-05-22,Plant_B,448.4,26.85,41.7,6.77,86.8%,100.87,0.267,93.4,1,EQ-B04,Morning,11.4,Pass
B00472,Insulin Glargine,Injectable,2024-10-23,Plant_B,N/A,24.97,42.8,6.99,97.3,98.71,0.408,98.3,1,EQ-B03,Morning,9.1,Pass
B02368,Amoxicillin 250mg,Capsule,12-19-2024,Plant_B,267.2,52.27,41.5,6.37,88.2,99.59,0.292,97.1,-3,EQ-B02,Night,10.5,Pass
B02610,null,Injectable,2023-06-21,Plant_A,53.2,24.65,42.2,6.56,94.3,102.62,0.27,97.1,0,EQ-A03,Evening,8.4,Pass
B01420,Ibuprofen 400mg,Tablet,2025-04-22,Plant_A,481.7,21.24,37.4,6.02,92.9,99.02,0.059,100.2,1,EQ-A05,M,8.7,Pass
B01326,Amoxicillin 250mg,Capsule,2023-09-08,-,217.3,22.07,37.3,6.44,96.3,98.54,0.189,97.9,2,EQ-A09,Evening,8.8,Pass
B02008,Amoxicillin 250mg,Capsule,2025/10/11, Plant_A ,239.0,27.01,40.5,6.0,88.0,,0.926,95.4,3,EQ-A12,Night,10.4,Under Review
B01199,Insulin Glargine,NA,2024-05-20,null,67.1,23.24,47.2,6.62,89.3%,98.44,0.174,97.4,2,EQ-C10,Morning,10.0,Pass
B01702,Amoxicillin 250mg,Capsule,2024-01-26,,262.6,24.65,47.1,15,89.9,100.9,0.733,95.1,0,EQ-A09,Evening,10.6,Pass
B00116,Cetirizine 10mg,TABLET,2024-01-31,Plant_B,207.8,23.3,92.94,6.65,,98.39,0.202,94.2,1,EQ-B02,Evening,9.9,Pass
B00981,Cetirizine 10mg,Tablet,2023-11-18,Plant_D,225.1,20.56,36.5,6.08,90.1,99.75,0.172,93.7,0,EQ-D04,Morning,10.9,PASS
B02721,,Capsule,2023-03-20,Plant_B,249.7,22.05 C,46.6,7.1,84.0,101.63,1.52,92.5,0,EQ-B12,evening,9.6,Fail
B02145,Atorvastatin 20mg,Tablet,2025-03-25,Plant_B,359.5,23.48,46.6,6.58,96.7,99.12,0.628,93.7,3,EQ-B12,Evening,12.3,Under Review
B00138,Paracetamol 500mg,Tablet,2023-03-01,Plant_D,385.0,23.87,40.5,6.36,85.9,100.06,0.711,96.0,1,EQ-D01,Evening,9.6,PASS
B01147,-,Tablet,,Plant_C,226.3,22.66,39.6,5.9,96.9,100.42,0.753,94.2,,EQ-C03,Evening,7.9,Pass
B02245,Azithromycin Susp,Suspension,2025-02-28,Plant_B,156.5,20.55,43.3,5.66,88.4,100.19,0.777,94.9,0,EQ-B02,Morning,7.1,pass
B01711,ATORVASTATIN 20MG,Tablet,2025-10-14,Plant_C,276.5,23.36,42.3,6.58,93.6,97.33,0.827,95.6,,EQ-C03,Evening,11.0,Pass
B00819,Omeprazole20mg,Capsule,2025-05-18,Plant_C,222.2,25.04,49.8,6.24,93.0,96.57,0.992,96.1,0,EQ-C02,Evening,9.2,Pass
B00270,Cetirizine 10mg,Tablet,2023/08/20,Plant_B,211.4,25.85C,47.9,6.59,31.85,97.98,0.296,95.5,18,,Evening,7.4,Pass
B00342,,Tablet,2024-12-17,Plant_B,464.3,22.76,49.5,6.87,100.5,-10,0.306 %,94.1,0,EQ-B05,Morning,10.0,Pass
B01331,Ibuprofen 400mg,Tablet,2025-12-02,Plant_C,519.1,22.71,44.0,9.94,95.3,98.49,1.507,94.7,1,EQ-C09,Morning,8.3,Fail
B01096,Paracetamol 500mg,Tablet,2023-12-15,Plant_B,327.4,20.6,42.4,6.33,92.0,100.48,0.461,94.9,1,,Evening,9.1,Pass
B01698,Amoxicillin 250mg,Capsule,2023-08-03,Plant_B,278.5,24.12,45.1,5.9,94.7,95.84,0.149,95.0,-1,EQ-B03,Morning,11.3,Pass
B02689,Omeprazole 20mg,Capsule,2025-08-13,Plant_B,247.8,22.73,52.7,6.06,,99.31,,N/A,0,EQ-B11,Morning,null,pass
B00964,Metformin 850mg,Tablets,05-13-2023,PLANT-A,411.6,20.34,33.7,6.32,90.6,98.88,0.098,94.9,1,EQ-A05,Morning,8.4,Pass
B02638,Azithromycin Susp,Suspension,2024-05-15,Plant_C,168.0,22.28,51.1,6.13,90.3,99.01,0.448,98.8,1,EQ-C03,Evening,8.8,Passed
B02029,Cetirizine 10mg,tablet,2025-03-16,Plant_B,234.4,19.82,43.2,6.94,99.5,98.46,0.022,97.6,0,EQ-B06,-,9.0,Pass
B00588,Paracetamol 500mg,Tablet,2025-09-20,Plant_C,373.9,23.1,50.1,6.46,89.8,97.21,0.179,95.8,0,EQ-C07,Morning,9.9,Pass
B02821,Cetirizine 10mg,Tablet,2025-03-17,Plant_A,170.7,24.08,45.0,6.46,84.3,99.52,0.138,95.8,2,EQ-A09,Morning,9.1,Pass
B02906,Insulin Glargine,Injectable,2024-01-29,Plant_A,60.3,23.25,48.3,6.23,89.4,100.74,1.086,93.8,4,EQ-A06,Night,8.6,Fail
B00126,Cetirizine 10mg,Tablet,06-19-2024,PLANT-D,174.7,22.51,49.6,6.27,90.8,98.76,0.367,99.2,0,null,Evening,,pass
B00801,Paracetamol 500mg,Tablet,2023-02-27,Plant_B,406.6,22.74,50.8,6.74,94.8,99.86,0.156,98.1,0,EQ-B10,Evening,9.2,Pass
B02589,Ceftriaxone1g,Injectable,2023-08-04,PLANT-D,96.9,23.99,39.8,6.73,91.6,99.65,0.236,100.6,0,EQ-D11,Evening,8.0,Pass
B00991,Atorvastatin 20mg,Tablet,2024-04-28,Plant_B,327.6kg,19.06,57.2,6.18,89.1,101.38,0.255,96.6,3,EQ-B05,Night,11.2,Under Review
B02714,Cetirizine 10mg,Tablet,2024-07-20,Plant_B,164.0,22.17,45.0,6.34,100.2,100.77,0.095,92.0,0,EQ-B10,Morning,-,Pass
B02716,Ibuprofen 400mg,Tablet,2023-01-06,Plant_D,364.6,22.23,55.7,6.61,86.8,100.52,0.466,97.4,0,EQ-D01,Night,10.1,Pass
B00120,Amoxicillin 250mg,Capsule,2024-03-02,Plant_A,297.7,23.29,94.42,6.61,94.0,97.94,0.331,97.5,1,EQ-A08,Night,11.6,Pass
B01898,insulin glargine,Injectable,2025-10-06,plant_a,49.5,22.67,48.7,6.46,90.0,99.16,0.436,97.0,0,EQ-A08,Morning,9.1,Pass
B02201,Atorvastatin 20mg,Tablet,2024-08-17,Plant_A,270.9,19.55,40.4,6.39,83.4,,5.1,97.1,0,EQ-A06,Evening,8.9,Pass
B02106,Metformin 850mg,Tablets,2024-09-14,Plant_C,415.7,21.63,50.0,6.82,91.7,100.08,0.217,99.1,2,EQ-C03,Morning,9.1,Pass
B00499,Ceftriaxone 1g,Injectable,17/11/2023,Plant_D,100.1,23.44,36.7,6.74,93.3,98.88,null,95.5,0,EQ-D10,Evening,8.5,Pass
B01605,Amoxicillin 250mg,Capsule,2025-06-02,Plant_A,218.9,23.19,39.6,6.21,93.0,132.36 %,0.393,97.4,1,EQ-A06,Evening,9.2,Pass
B01561,,TABLET,2023-01-12,Plant_C,461.0,22.8,50.6,6.64,90.5,98.09,0.508,93.2,1,EQ-C02,Morning,9.9,Pass
B02861,Amoxicillin 250mg,Capsules,2023-06-02,Plant_C,242.3,24.11,39.1,6.97,89.8,100.44,0.789,93.8,0,EQ-C04,Morning,9.7,Pass
B01542,Metformin 850mg,Tablet,2023-08-18,Plant_C,570.4,22.02,53.8,7.02,93.4,99.76,0.626,96.8,null,EQ-C03,Evening,11.8,Under Review
B01193,Amoxicillin 250mg,Capsule,2025-12-22, Plant_C ,259.5,20.94,37.4,6.69,89.0,99.23,0.436,97.1,1,EQ-C07,Morning,9.3,Pass
B01044,atorvastatin 20mg,Tablet,"September 24, 2023",Plant_C,305.4,20.09,53.9,6.33,81.8,98.8,0.652,93.9,0,EQ-C10,Morning,10.3,Pass
B01622,Paracetamol 500mg,Tablet,2025-06-16,Plant_A,398.8,24.33,48.5,6.76,89.6,99.47,0.582,98.7,1,EQ-A03,Morning,null,pass
B01227,Amoxicillin 250mg,Capsule,2023-10-20,Plant_D,274.5,22.35,40.8,6.7,88.7,100.32,0.131,93.2,2,EQ-D07,E,8.2,Pass
B00740,Insulin Glargine,Injectable,2025-01-30,Plant_B,53.4,21.07,46.2,6.67,89.1,102.54,0.377,93.1,3,EQ-B08,Night,-5,Under Review
B02033,Paracetamol 500mg,Tablet,2025-11-02,Plant_C,354.3,22.44,56.4,6.16,84.8,98.92,0.476,98.2,1,EQ-C06,Morning,9.9,Pass
B00556,Cetirizine 10mg,Tablet,2023-11-23,Plant_A,168.2,22.05,42.8,6.41,99.7,101.45,0.836,96.2,30,EQ-A12,Morning,7.7,Pass
B00036,Paracetamol 500mg,Tablet,2025-06-27,Plant_A,387.4,20.9,52.7,6.85,95.5,101.4,0.611,97.7,1,EQ-A03,Evening,9.5,Pass
B00487,Atorvastatin 20mg,Tablet,2025-09-25,Plant_B,357.8,22.94,41.7,6.53,94.6,102.1,0.437,96.0,0,EQ-B10,Evening,10.0,PASS
B00184,Omeprazole 20mg,N/A,2023-07-05,Plant_A,211.7,20.49,45.7,5.93,93.5,99.96,0.337,97.5,0,EQ-A04,Evening,10.5,Pass
B00411,Amoxicillin 250mg,Capsule,2024-08-02,Plant_D,243.5,999,50.0,6.63,87.0,99.74,0.086,97.1,1,EQ-D09,Morning,9.9,Pass
B01315,,Injectable,2025-05-08,Plant_D,84.0,23.78,47.8,6.31,43.45,100.36,0.337,98.3,0,EQ-D02,Morning,9.0,Pass
B01005,Amoxicillin 250mg,Capsule,2024-04-13,Plant_B,207.7,24.17,52.1,6.73,-5,99.2,0.466,93.4,1,EQ-B04,Morning,7.8,Pass
B00436,Amoxicillin 250mg,Capsule,2025-04-15,Plant_A,239.7,20.06,31.5,5.93,91.0,100.4,0.117,96.8,1,EQ-A04,Morning,8.6,Pass
B02845,Ibuprofen 400mg,Tablet,,Plant_C,505.1,22.43,,6.6,81.9,97.88,0.221,97.8,2,EQ-C01,Evening,10.4,Pass
B02748,Insulin Glargine,Injectable,2024-05-19,Plant_A,68.6,23.24,51.9,7.22,91.5,98.47,0.959,93.6,1,EQ-A11,evening,9.0,pass
B01729,Ibuprofen 400mg,Tablet,2023-12-12,Plant_A,431.3,22.88,36.7,6.45,92.2,101.55,0.585,93.9,1,EQ-A03,Evening,9.8,Pass
B00754,Ceftriaxone 1g,Injectable,2023-09-01,Plant_A,N/A,999,38.5,6.18,97.3,98.18,0.129,99.3,1,EQ-A02,Morning,7.1,Pass
B02004,Ibuprofen400mg,Tablet,2024-04-08,PLANT-A,537.2,19.53,41.6,10.83,,98.41,0.54,96.1,0,EQ-A11,Evening,10.6,Pass
B02763,Atorvastatin 20mg,Tablets,2023-06-15,Plant_A,243.4,23.11,,6.93,96.6,NA,0.457,93.2,0,EQ-A12,Evening,9.0,Pass
B01150,Insulin Glargine,Injectable,2025-02-09,,56.5,25.07,46.9,6.12,N/A,102.57,0.153,100.0,1,EQ-A08,Morning,7.4,pass
B01441,Azithromycin Susp,null,2023-05-11,Plant_A,150.2,21.69,40.3,,92.9,101.12,0.741%,95.3,0,EQ-A06,evening,7.7,Pass
B02241,Metformin 850mg,Tablet,2023-01-04,Plant_B,510.2,20.07,49.2,7.08,89.9,101.55,0.987,96.7,2,EQ-B12,Morning,11.0,Pass
B01046,Amoxicillin 250mg,Capsule,2025-08-18,Plant_A,210.8,24.82,50.8,6.38,100.4,100.36,0.104,93.8,2,EQ-A04,Morning ,6.5,Pass
B00877,Cetirizine 10mg,Tablet,2023-10-15,B,200.5,21.65,46.9,6.48,94.3,100.78,N/A,90.5%,0,EQ-B08,Morning,7.7h,Pass
B00796,Metformin 850mg,Tablet,2025-10-22,Plant_B,N/A,23.33,55.2%,6.26,89.0,99.39,0.627,93.9,1,EQ-B09,Night,9.6,Pass
B01602,Azithromycin Susp,Suspension,2024-06-19,Plant_C,170.7,19.25,44.4,6.74,93.3,98.62,0.935,97.8,1,EQ-C01,Evening,9.8,Pass
B02688,Cetirizine 10mg,NA,2023-07-15,Plant_A,200.7,23.68,37.3,6.66,89.8,122.64,0.136,99.3,1,EQ-A05,Morning,7.6,Pass
B00300,Paracetamol 500mg,Tablet,2025-03-31,Plant_A,332.7,23.9,49.0,15,94.5,102.27,0.316,97.1,1,EQ-A09,Evening,9.5,Pass
B00399,Metformin 850mg,Tablet,2024-02-18,Plant_C,456.4,22.6,40.9,6.5,98.4,102.23,0.145,94.4,1,EQ-C08,Evening,11.0,pass
B02612,Ceftriaxone 1g,Injectable,2024-10-02,Plant_A,78.5,20.53,250,7.12,93.3,98.95,0.426,93.5,1,EQ-A03,Night,8.7,Pass
B02108,Amoxicillin 250mg,Capsule,2025-05-28,Plant_D,271.1,21.95,47.7,6.49,94.3,99.76,0.407,92.1,1,EQ-D11,Night,8.9,Pass
B01679,Ceftriaxone 1g,Injectable,15 Oct 2025,Plant_A,95.3,20.14,45.9,6.53,93.7,98.63,,97.6,1,EQ-A09,Night,9.4,Pass
B01139,Azithromycin Susp,Suspension,2025-01-10,Plant_A,130.0,25.34,56.3,6.48,88.5,101.99,-,92.2,1,EQ-A11,EVENING,9.2,Pass
B00909,Atorvastatin 20mg,Tablet,02-05-2024,Plant_D,313.3,22.55,39.4,7.13,97.3,96.87,1.193,94.4,1,EQ-D11,Night,9.3,Under Review
B00982,Azithromycin Susp,Suspension,2023-01-05,PLANT-B,144.3,23.24,46.1,6.28,88.0,138.41,-0.5,99.5,0,EQ-B11,Evening,8.6,Pass
B02191,Atorvastatin 20mg,Tablet,2023-12-31,Plant_C,3666.15,23.44,45.1,6.34,90.6,100.29,1.664,95.2,null,EQ-C12,Morning,9.0,Fail
B01348,,Suspension,-,Plant_A,130.5,22.02,51.0,6.76,97.4,98.55,6.18,99.3,0,EQ-A10,Night,8.1,Pass
B02009,Azithromycin Susp,suspension,2025-05-16,Plant_A,163.3,22.91,43.3,6.58,87.2,98.83,0.336,97.3,0,EQ-A05,Evening,8.5,Passed
B00221,Amoxicillin 250mg,Capsule,2023-09-11,Plant_D,229.5,23.54,47.3,6.05,92.2,99.73,0.475,98.8,2,EQ-D09,Evening,9.5,Pass
B02051,Amoxicillin 250mg,Capsule,2025-12-25,Plant_B,246.5,24.64C,47.6,6.02,98.7,99.94,0.83,98.4,null,EQ-B03,Morning,8.5,Pass
B02254,Cetirizine 10mg,Tablet,2023-07-05,null,171.2,-40,38.5,6.08,94.5,101.74,0.472,-20,1,EQ-B11,Morning,8.6,Pass
B00131,Cetirizine 10mg,Tablet,2023-05-21,Plant_D,177.1,22.44,50.0,6.37,,98.14,0.157,-20,0,EQ-D12,,9.8,Pass
B02257,Azithromycin Susp,Suspension,2024-07-24,Plant_C,127.1,22.82,37.9,6.41,97.8,97.6,,96.9,0,EQ-C10,Morning,8.5,Pass
B00772,Ceftriaxone 1g,Injectable,2024-04-08,Plant_C,94.9,24.09,47.5,6.34,90.3,100.17,0.141,96.2,3,EQ-C12,Morning,7.6,Under Review
B01644,Cetirizine10mg,Tablet,2023-03-26,Plant_A,179.6,21.92,41.2,6.09,90.5,99.38,0.681,99.5,1,EQ-A08,Evening,8.8,Pass
B02028,Ceftriaxone1g,Injectable,2024-01-18,Plant_C,89.5,21.26,52.0,6.32,96.0,100.11,0.658,97.5,3,EQ-C11,Morning,9.1,Under Review
B02392,Amoxicillin 250mg,Capsules,2024-05-06,Plant_C,255.0,25.35,28.9,10.52,90.7,99.88,0.645,97.7,3,EQ-C08,Evening,9.8,under review
B00087,Paracetamol 500mg,tablet,26/01/2023,Plant_A,458.1,23.73,45.8,6.87,89.7,99.15,0.399,96.8,0,EQ-A12,Night,10.0,Pass
B01690,Paracetamol 500mg,Tablet,2025-03-06,Plant_C,4166.68,23.94,43.3,6.74,100.5,102.14,0.152,96.7,0,EQ-C02,Morning,9.1,Passed
B02602,Metformin 850mg,tablet,2024-07-28,Plant_A,591.3,61.45,43.7,6.22,96.1,101.97,0.171,93.4,1,EQ-A02,Evening,10.4,Pass
B02074,Atorvastatin 20mg,Tablet,2023-12-13,Plant_C,247.4,24.61,41.1,6.71,91.5,99.75,0.337,95.3,2,EQ-C01,Night,8.6,Passed
B02461,Atorvastatin 20mg,Tablet,2024-01-10,Plant_A,289.0,25.53,53.5,6.47,90.3,100.32,0.398,91.4,0,EQ-A11,Evening,9.1,Pass
B02808,Atorvastatin 20mg,Tablet,N/A,Plant_A,259.7,,41.2,6.86,89.8,99.07,0.12,95.4,2,EQ-A07,Evening,9.2,Pass
B00532,Amoxicillin 250mg,Capsule,2025-11-03,N/A,211.3,23.01,50.3,6.38,92.7,98.76,0.465,99.5,1,EQ-A04,morning,8.5,Pass
B00100,Amoxicillin 250mg,Capsule,2025-03-11,Plant_A,295.0,25.21,38.8,6.25,89.8%,100.09,0.292,95.8,1,EQ-A05,Morning ,10.4,Pass
B02359,Omeprazole 20mg,CAPSULE,2024-07-06,Plant_A,252.3,22.64,43.8,6.37,N/A,99.55,0.345%,97.1,1,EQ-A12,Morning,9.4,Pass
B01676,Ceftriaxone 1g,Injectable,2025-11-03,plant_b,79.2,22.36,47.6,6.22,87.1,100.16,0.881,93.3,2,EQ-B02,Evening ,8.8,Pass
B02397,Ceftriaxone 1g,Injectable,2025-05-18,Plant_A,-,24.23,55.1,6.7,91.3,101.89,0.477%,95.2,-3,EQ-A02,Evening,7.7,Pass
B02801,Azithromycin Susp,SUSPENSION,2024-06-01,Plant_A,154.7,20.95,50.0,6.66,92.1,99.26,0.641,95.9,0,EQ-A10,Morning,6.7,Pass
B00114,Ibuprofen 400mg,TABLET,2025-08-28,Plant_B,467.8,20.75,40.9,6.67,91.0,101.34,0.542,93.4,0,EQ-B11,Night,10.3,Pass
B01806,Paracetamol 500mg,Tablets,2024-09-18,Plant_A,375.7,23.38,50.6,7.02,null,99.9,0.243,91.3,two,EQ-A04,Night,9.0,Pass
B00074,Amoxicillin 250mg,capsule,2023-11-03,Plant_A,221.2,23.91,51.3,6.86,95.6,98.05,0.185,100.3,0,EQ-A04,Morning,7.9,Pass
B02326,Insulin Glargine,Injectable,2025-05-25,Plant_A,65.7,22.51,51.5,6.78,97.3,99.38,0.34,96.4%,2,EQ-A05,Evening,9.4,Pass
B01443,Ceftriaxone 1g,Injectable,2024-01-11, Plant_A ,103.9,23.44,43.3,6.99,94.1,99.7,0.535,93.7,2,EQ-A05,Night,5.6,Pass
B02582,Ibuprofen 400mg,Tablet,2024-02-08,Plant_A,465.5,21.49,,6.5,99.6,98.32,0.183,99.6,0,EQ-A11,Evening,11.5,Pass
B00601,Omeprazole20mg,Capsule,2025-10-11,N/A,230.9,23.33,50.1,6.29,99.8,98.62,0.453,-20,0,EQ-B03,Morning,6.5,pass
B02702,AzithromycinSusp,Suspension,-,Plant_D,122.1,23.26,55.7,6.31,100.6,NA,0.209,97.6,1.0,EQ-D08,Evening,10.5,Pass
B02385,Amoxicillin 250mg,Capsules,2023-02-22,Plant_A,265.2,23.3,43.5,6.15,89.8,98.8,0.624,94.3,1,EQ-A03,Evening,9.4,Pass
B00256,Amoxicillin 250mg,Capsule,2023-12-19,Plant_C,274.9,,50.3,6.84,88.8,99.43,0.12,96.9,2,EQ-C08,Morning,9.9,Pass
B02445,Cetirizine 10mg,Tablet,07 Jun 2023,Plant_A,206.4,20.78,47.9,7.36,94.3,99.43,0.438,98.0,0,-,Evening,9.0,Pass
B00866,Omeprazole 20mg,Capsule,2024-05-22,plant_a,218.7,23.03,42.7,6.88,93.4,100.23,0.444,96.4,1,EQ-A12,Night,8.8,Pass
B02659,Omeprazole20mg,Capsule,2024-05-21,,190.8,23.99,46.3,6.51,87.6 %,98.34,,96.5,2,EQ-B10,evening,9.2,Pass
B01368,Ibuprofen 400mg,Tablet,2023-04-25,Plant_A,534.7,22.02,39.4,7.02,95.1,99.71,0.093,93.2,0,EQ-A05,EVENING,11.1,Pass
B01215,Paracetamol500mg,Tablet,2023-04-23,Plant_B,369.4,21.77,47.2,6.98,N/A,100.1,0.196,97.1,1,EQ-B04,Evening,11.6,Pass
B02548,Cetirizine 10mg,Tablet,2025-03-25,Plant_D,170.1,21.83,54.2,6.45,95.9,101.4 %,0.692,95.9,0,EQ-D11,Evening,7.9,Passed
B02833,Atorvastatin 20mg,Tablet,2024-09-16,Plant_A,293.0,20.44,44.9,6.63,91.2,100.58,0.187,91.8,1,EQ-A11,Night,10.1,Pass
B02770,ceftriaxone 1g,Injectable,2024-04-11,Plant_A,86.2,23.12,40.7,7.16,97.2,102.29,1.119,98.8,1,N/A,Morning,9.8,under review
B01777,Atorvastatin 20mg,Tablet,2023-12-03,Plant_A,310.0,21.52,42.9,6.57,95.2,100.16,0.32,95.2,0,EQ-A12,Morning,11.5,Pass
B01843,Insulin Glargine,Injectable,2025-03-06,Plant_B,58.2,25.18,-,6.13,95.3,97.87,0.177,98.9,0,EQ-B08,Morning,7.3,Pass
B00289,Cetirizine 10mg,Tablet,2023-08-18,Plant D,216.9,20.95,53.1,6.0,88.1,103.06,0.305,96.2,0,EQ-D01,Morning,7.8,Pass
B02320,Azithromycin Susp,Suspension,2025-04-16,Plant_C,135.2,22.13,40.2,6.59,92.2,99.06,0.364,97.6,1,EQ-C05,Morning,8.1,Pass
B00385,Paracetamol 500mg,Tablet,2023-01-11,Plant_C,389.4,23.56,36.8,6.06,-,101.7,0.495,95.9,0,EQ-C06,Morning,9.7,Pass
B01161,Cetirizine 10mg,tablet,, Plant_B ,206.0,,,6.21,91.6,98.73,0.551,99.0,0,EQ-B09,Night,8.1,Pass
B00461,Azithromycin Susp,Suspension,2024-11-26,Plant_A,147.8,23.61,47.2,6.56,91.9,99.64,1.043,94.0,0,EQ-A08,Morning,10.6,Under Review
B01955,Ceftriaxone 1g,Injectable,2025-06-01,Plant_A,97.1,57.43,50.5,6.56,87.2,100.15,0.105,94.0,1,EQ-A08,Evening,8.3,Pass
B00029,Cetirizine 10mg,Tablet,2025-08-06,Plant_A,191.4,20.95,44.2,6.15,93.4,98.35,0.439,93.7,0,EQ-A11,Evening,9.0,Pass
B00386,Amoxicillin 250mg,Capsule,2023-07-17,Plant_A,284.6,20.59,,6.85,94.2,99.73,0.529,97.4,1,EQ-A12,Morning,8.4,Pass
B00108,Omeprazole 20mg,Capsule,2023-10-31,Plant_D,240.3,27.13,45.0,5.69,93.4,100.1%,0.757,96.8,1,EQ-D08,Evening ,57.99,under review
B01295,Ceftriaxone 1g,injectable,2025-07-25,Plant_A,79.7,21.78 C,36.5,6.7,87.2,99.46,0.567,98.4,0,EQ-A04,Evening,8.7,Pass
B01810,Ceftriaxone 1g,Injectable,2024-03-05,Plant_A,106.4,21.63,34.7,6.24,94.4,99.54,,94.1,1,EQ-A02,Morning,9.3,Pass
B00231,Ibuprofen 400mg,Tablet,-,Plant_A,403.9,21.0,43.0,6.56,93.0,100.95,0.593,97.7,0,EQ-A07,N,10.4,Pass
B00063,ATORVASTATIN 20MG,Tablet,03 Feb 2023,plant_d,279.7,22.53,42.9,6.59,95.6,101.41,0.862,97.1,3,EQ-D11,Morning,9.7,Under Review
B01624,Paracetamol 500mg,Tablet,2025-10-26,Plant_C,438.8,48.47,44.9,6.29,89.6,98.45,0.432,100.6,6,EQ-C06,Night,9.9,FAIL
B02838,Insulin Glargine,Injectable,2023-02-08,Plant_A,65.6,22.21,41.1,6.43,94.2,99.27,0.101,97.7,1,EQ-A01,Morning,,Pass
B00192,N/A,Capsule,2023-11-23,Plant_A,241.8,20.71,47.3,6.44,,99.27,0.471,98.6,3,EQ-A12,Evening,6.9,Under Review
B02896,CETIRIZINE 10MG,Tablet,2025-03-08,Plant_A,184.1,20.47,49.1%,6.5,97.5,102.28,0.361,98.7,1,EQ-A03,Night,8.6,Pass
B00455,Cetirizine 10mg,Tablet,2024-09-19,Plant_D,220.3,24.7,57.9,6.43,N/A,99.46,0.589,91.9,1,EQ-D12,Evening,10.6,Pass
B01468,Atorvastatin 20mg,Tablet,2025-07-09,Plant_A,321.9,22.14,42.3,,91.2,98.53,NA,98.9,0,EQ-A02,Morning,8.9,Pass
B00619,Paracetamol 500mg,Tablet,2024-03-25,Plant_D,431.7,22.37,50.5,6.75,96.4,100.56,0.394,95.3,2,EQ-D01,Morning,9.1,Pass
B01169,Ceftriaxone 1g,INJECTABLE,2023-02-21,Plant_D,96.9,23.26,46.8,6.26,85.7,98.84,0.164,95.0,3,EQ-D04,Morning,8.7,Under Review
B01650,Insulin Glargine,Injectable,2025-10-17,Plant_C,48.4,23.76,46.2,6.78,90.6,99.69,0.07,N/A,1,EQ-C07,Morning,8.4,Pass
B00279,Paracetamol 500mg,Tablet,2024-11-14,Plant_A,431.4,20.51,40.9,5.99,95.9,101.42,0.32,98.1,1,EQ-A09,Morning,9.2,Pass
B01114,Metformin 850mg,Tablet,2025-01-21,Plant_C,527.9,22.21,43.8,6.16,80.3,99.54,0.263,93.9,1,EQ-C08,Evening,11.0,Pass
B01177,Atorvastatin 20mg,Tablet,2025-09-10,plant_b,305.7,22.21,48.5,6.73,91.1,101.01,0.536,92.5,1,EQ-B02,Evening,9.3,Pass
B02421,Metformin 850mg,Tablet,2025-01-31,Plant_B,427.9,23.6,250,6.26,90.3,99.56,0.234,96.3,1,EQ-B09,Evening,8.8,Pass
B00367,Ibuprofen 400mg,Tablets,2025-07-21,Plant_B,443.1,25.7,51.0,7.14,89.3,99.03,0.798,94.8,1,EQ-B02,Night,null,Pass
B01036,azithromycin susp,Suspension,2023-07-13,Plant_D,151.9,23.03,46.2,6.54,102.7,99.17,0.261,100.1,,EQ-D07,Evening,,Pass
B00730,omeprazole 20mg,Capsule,2024-02-13,NA,261.7,22.89,52.9,6.81,92.6,100.46,0.377,100.0,1,EQ-B04,Night,41.24,Pass
B02214,AMOXICILLIN 250MG,Capsule,12 Sep 2024,Plant_B,245.5,20.59,52.6,6.39,91.0,97.73,0.072%,95.6,2,EQ-B01,Night,8.7,Pass
B02152,Atorvastatin 20mg,Tablet,2025-09-17,Plant_A,342.8,25.16,47.7,6.51,84.5,100.06,0.386,97.4%,2,EQ-A10,Evening,10.3,Pass
B01203,ceftriaxone 1g,Injectable,2023-02-09,Plant_B,90.0,22.24,44.6,6.97,-,97.94,,96.0,1,EQ-B05,Morning,8.0,Pass
B00978,Cetirizine 10mg,Tablet,2023-11-05,Plant_B,,20.73,45.9,6.42,80.4,98.01,0.436,93.8,0,EQ-B01,Night,8.8,Pass
B00749,Atorvastatin 20mg,Tablet,2025-11-30,Plant_A,,23.44,35.4,6.6,,99.16,,99.2,2,EQ-A01,Night,9.4,Pass
B02062,Cetirizine 10mg,TABLET,2023-05-11,Plant_C,225.3 kg,24.29,52.3,6.79,91.3,99.75,0.714,96.2,1,EQ-C11,Morning,7.7,Pass
B00181,Ceftriaxone 1g,Injectable,2023-06-09,Plant_B,85.3,22.15,36.7,6.51,95.8,121.77,0.342,91.4,0,EQ-B06,Morning,7.2,Pass
B00283,Omeprazole 20mg,Capsule,2024-05-03,PLANT-A,254.3,21.29,44.6,6.42,94.1,101.55,0.071,98.5,0,,MORNING,9.1,Pass
B00533,Amoxicillin 250mg,Capsule,2024-12-13,Plant_C,270.6,22.79,50.6,6.49,null,,0.404%,95.0,0,EQ-C06,Evening,10.2,Pass
B02584,Omeprazole 20mg,Capsule,2025-09-11,Plant_B,191.5,22.76,41.4,7.14,NA,99.2,0.198,95.3,-,EQ-B12,EVENING,9.3,Pass
B02084,Omeprazole 20mg,Capsule,2025-10-03,Plant_A,null,22.3 C,45.3,6.51,96.5,97.24,0.325,95.3,1,EQ-A10,Evening,9.8,pass
B00227,Insulin Glargine,Injectable,2024-06-08,Plant_C,64.2,24.51,46.9,5.92,89.7,98.3,1.312,95.8,3,EQ-C04,Evening,6.3,Fail
B00586,Ceftriaxone 1g,Injectable,2024-11-25, Plant_A ,105.9,21.76,54.8,6.57,84.5,-10,0.585,94.9,0,EQ-A12,Morning,5.4,Pass
B00429,Paracetamol 500mg,Tablet,2023-05-20,Plant_C,356.8,23.12,48.4,6.43,91.2,99.85,0.272,93.1,3,EQ-C04,Night,9.3,Under Review
B02586,Cetirizine 10mg,Tablet,2024-05-13,Plant_B,177.8,21.37,45.9,6.18,95.6,99.51,0.516,94.5,1,EQ-B11,Evening,9.3,Pass
B02319,Insulin Glargine,Injectable,2025-07-26,Plant_C,56.9,23.06,50.8,6.62,91.3,99.73,0.395%,95.6,1,EQ-C12,NIGHT,9.1 h,Pass
B00378,Azithromycin Susp,Suspension,2025-09-20,Plant_B,146.9,20.97,53.7,6.32,92.1,100.57,0.369,97.7,0,EQ-B11,Evening,9.2,Pass
B01393,Ceftriaxone 1g,Injectable,2023-08-17,Plant_A,75.3,21.77,39.9,6.26,90.9,99.41,0.081,99.1,0,EQ-A06,Evening,7.7,Pass
B01166,Amoxicillin 250mg,Capsule,2023-09-23,Plant_D,282.5,22.89,53.5,6.61,95.5,100.5,0.172,99.4,0,EQ-D10,Morning,10.1,Passed
B01734,Insulin Glargine,Injectable,2023-10-12,Plant_A,64.9,25.2,50.3,6.61,87.2,98.17,0.605,115,0,EQ-A02,Evening,6.8,Pass
B00584,Paracetamol 500mg,Tablet,2023-02-10,Plant_C,411.4,20.57,51.0,5.84,82.7,98.52,0.029,91.2,null,EQ-C12,Evening,11.8,Pass
B02567,NA,Injectable,2024-05-31,Plant_A,65.5,24.92C,36.3,6.31,92.1,100.22,0.654,92.3,1,EQ-A04,Evening,8.2,Pass
B00288,Cetirizine 10mg,TABLET,2024-05-20,Plant_A,191.4,22.38,49.9,6.79,99.4,101.81,0.314,95.2,0,EQ-A06,Morning,8.6,Pass
B01269,Ceftriaxone 1g,Injectable,2023-06-24,Plant_B,85.4,22.23,42.1,N/A,90.4,99.1,0.307,94.0,1,EQ-B11,Morning ,7.6,Pass
B00363,Metformin 850mg,Tablet,2024-07-05,Plant_B,426.3,24.74,40.0,6.8,93.9,101.69,0.399,96.8,1,EQ-B11,Morning,10.6,Pass
B00281,,,2024-02-14,Plant_C,489.7kg,22.49,37.7,6.64,90.4,99.71,0.154,92.6,2,EQ-C02,Night ,12.4,Pass
B01883,Amoxicillin 250mg,Capsule,2025-03-09,Plant_D,288.0,N/A,49.4,6.87,NA,101.36,1.071,95.0,1,EQ-D12,Night,11.4,Under Review
B01340,Ibuprofen 400mg,Tablet,2024-10-16,Plant_C,379.0,21.81,39.6,6.66,94.4,127.62,0.826,93.6,2,EQ-C10,Evening,9.6,Pass
B01530,Ceftriaxone 1g,Injectable,2025-07-06,Plant_A,104.9,21.79,47.3,6.46,97.3,101.67,0.169,95.8,1,EQ-A02,Morning,9.5,Pass
B02665,Metformin 850mg,Tablet,2023-02-07,Plant_B,574.2,20.63,45.3,6.18,91.8,98.27,0.204,98.0,1,EQ-B08,Night,8.9,Pass
B00354,Ibuprofen 400mg,Tablet,2023-12-11,Plant_B,397.3,18.64,47.6,6.51,84.5,99.23,0.495,93.9,5,EQ-B06,Evening,9.7,Fail
B02193,Metformin 850mg,Tablet,2024-03-31,Plant_B,543.4,22.45,,6.19,94.2,100.11,0.265,98.3,0,EQ-B02,Morning,11.3,Pass
B00384,Metformin 850mg,Tablet,2023-08-22,Plant_C,,23.01,47.9,6.43,88.9,102.14,0.828,95.1,2,EQ-C05,NIGHT,10.2,Pass
B02288,Insulin Glargine,Injectable,2024-01-01,Plant_D,57.7,20.68,43.1,6.79,97.1,99.21,0.187,94.2,0,EQ-D04,Evening,8.4,Pass
B01093,Insulin Glargine,Injectable,2024-11-11,Plant_A,60.8,23.48,54.2,6.55,86.5,98.03,0.041,96.0,1,EQ-A03,Evening,8.9,Pass
B00307,Atorvastatin 20mg,Tablet,2023-12-06,Plant_A,348.1,21.14,44.0,6.47,96.0,100.73,1.093,94.3,0,EQ-A11,Morning,11.6,Under Review
B02098,Insulin Glargine,Injectable,2025-10-25,Plant_A,60.6,20.26,52.8,,97.9,99.61,6.58,97.3,0,N/A,Evening ,7.1,Pass
B01681,,Injectable,2025-03-21,Plant_C,90.2,21.1,48.5,6.39,83.4,-10,null,95.2,1,EQ-C08,Morning,7.7,Fail
B02128,Omeprazole 20mg,Capsule,2024-03-14,Plant_B,236.4,23.72,43.0,6.38,85.6,98.4,0.456,98.3,35,EQ-B04,Night,14.2,Pass
B01564,Ceftriaxone 1g,Injectable,2024-09-24,plant_a,84.5,22.55,39.1 %,6.01,84.7,98.86,0.51,96.3,2,EQ-A08,Night ,8.2,Pass
B01840,Cetirizine 10mg,Tablet,2025-09-17,PLANT-B,234.8,21.92,52.5,,91.1,100.75,0.608,96.3,0,EQ-B05,Morning,9.5,Pass
B01521,Insulin Glargine,Injectable,2025-02-10,Plant_C,67.0,21.89,48.0,6.96,86.5,101.41,0.387,98.5,1,EQ-C04,Morning,8.9,Pass
B00672,Omeprazole 20mg,Capsule,2025-04-22,Plant_A,234.3,23.39,43.2,7.11,89.9,101.07,0.19,94.7,2,EQ-A01,Night,8.8,Pass
B02788,Paracetamol 500mg,Tablet,2024-10-16,Plant_B,388.9,22.98,52.0,6.63,94.1,99.25,0.36,97.4,0,EQ-B02,Night,10.5,Pass
B02505,Paracetamol 500mg,Tablet,2023-09-28,plant_b,438.4,24.89,34.6,6.29,87.7,100.1,0.26,95.8,2,EQ-B07,Evening,10.3,Pass
B01462,atorvastatin 20mg,Tablet,2025-02-08,Plant_A,254.3,23.71,47.6,6.23,83.0,104.05,0.069,96.6,1,EQ-A02,Evening,8.6,Pass
B02306,Paracetamol 500mg,tablet,2023-09-14,D,465.8,21.46,42.4,6.53,94.0,99.36,0.307,95.2,0,EQ-D02,Morning,10.2,Pass
B01610,Amoxicillin 250mg,Capsule,2025-12-20,Plant_B,271.7,22.4,44.8,6.27,93.0,99.55,0.81,95.9,2,EQ-B09,Night,9.9,Pass
B00538,Amoxicillin 250mg,Capsule,2025-12-05,Plant_A,285.3,22.09,41.9,6.69,96.2,102.87,0.339,94.2,1,EQ-A02,Morning,10.6,Pass
B01544,Cetirizine 10mg,Tablet,2025-02-22,Plant_D,188.3,18.81,46.4,7.13,91.1,100.87,0.355,98.6,0,EQ-D11,Morning,6.3h,Pass
B01758,Omeprazole 20mg,capsule,2025-08-28,Plant_C,182.1,22.92,N/A,6.14,49.12,99.1,N/A,96.6,2,EQ-C01,E,9.2,Pass
B01966,Azithromycin Susp,Suspension,2023-10-01,Plant_D,126.7,50.28,92.88,6.06,97.2,99.43,0.025,96.1,1,EQ-D07,Morning,10.4h,Pass
B01082,Ceftriaxone 1g,Injectable,2023-12-15,Plant_C,85.7,26.33,54.0,6.46,84.2,99.95,5.33,92.6,3,EQ-C10,Night,,Under Review
B00840,Ceftriaxone 1g,Injectable,"September 29, 2023",A,94.8,21.49,36.1,6.08,97.5,103.02,0.286,93.6,0,EQ-A12,Morning,8.2,Pass
B02448,Omeprazole 20mg,Capsule,2024-09-02,Plant_C,237.7,21.47,52.8,6.93,NA,97.7,0.503,93.7,2,EQ-C07,Morning,9.4,Pass
B01520,IBUPROFEN 400MG,Tablet,2023-01-02,Plant_B,527.5,22.32,35.8,6.96,96.7,100.36,0.387,93.6,1,EQ-B03,Evening,11.0,Pass
B02417,Omeprazole 20mg,Capsule,2025-05-12,,186.9,23.13,33.3,6.66,-5,101.4,0.766,99.8,0,EQ-A09,Morning,8.7,Pass
B02402,NA,Tablet,2023-09-11,Plant_C,182.6,24.91,50.1,6.16,88.7,98.25,0.544,96.1,0,EQ-C07,Night,8.4,Pass
B01895,Amoxicillin 250mg,Capsule,2024-01-07,Plant_B,249.7,20.42,48.4,6.83,140,97.97,0.31,95.2,2,EQ-B05,Morning,9.8,Pass
B02521,Ibuprofen 400mg,Tablet,2024-11-25,Plant_A,443.3,23.8,46.5,5.87,35.27,99.66,0.544,90.4,1,EQ-A04,Night,8.0,Pass
B00066,Atorvastatin 20mg,Tablet,2025-05-12,NA,311.1,22.3,46.7,,92.5,98.99,0.354,95.8,0,EQ-A02,Morning,9.9,Passed
B01205,Omeprazole 20mg,Capsule,2023-02-23,Plant_A,253.2,25.33,53.6,6.84,80.3%,98.86,,97.8,0,EQ-A03,Night,9.5,PASS
B00683,Ceftriaxone 1g,Injectable,2024-01-08,Plant_C,80.9,18.39,46.9,6.35,87.5,100.15,0.482,95.4,1,EQ-C12,Night,4.9,Pass
B01847,Ibuprofen 400mg,Tablet,2024-05-15,Plant_A,499.3,22.44,51.2,6.61,93.3,102.58,0.347,98.8,2,EQ-A12,Evening,11.1,Pass
B02386,Insulin Glargine,Injectable,2024-07-05,Plant_C,,23.19,47.9,6.96,92.8,98.1,0.391,-,1,EQ-C07,Morning,8.6,Pass
B01722,Azithromycin Susp,Suspension,2024-04-04,Plant_D,173.7,23.28,45.4,6.58,97.2,-10,0.442,96.9,0,EQ-D06,evening,8.0,Pass
B00664,Metformin 850mg,Tablet,2025-05-03,Plant_A,442.2,25.14,38.7,6.93,94.7,99.88,0.273,92.6,0,EQ-A08,Evening,10.4,Pass
B02593,Cetirizine 10mg,Tablet,2025-02-28,Plant_A,200.9,23.28,45.6,15,91.2,97.41,0.443,92.1,0,EQ-A10,Evening,8.9,pass
B01253,Paracetamol 500mg,Tablets,2025-02-09,Plant_A,477.8,25.54,44.9,6.94,94.9,96.68,0.463,90.9,3,EQ-A07,Night,9.9,Under Review
B01652,Paracetamol 500mg,Tablet,"August 07, 2023",Plant_A,418.3,26.16,41.3,6.51,86.3,99.33,0.014,97.9,0,EQ-A08,Morning,-5,Pass
B00067,Ceftriaxone 1g,Injectable,2025-04-26,Plant_B,89.2,24.21,50.8,6.91,86.4,97.41,0.863,95.8,0,EQ-B02,Night,77.18,Pass
B00739,AZITHROMYCIN SUSP,Suspension,2025-03-16,Plant_A,153.4,24.65,37.9,6.63,32.57,102.27,0.262,97.3,0,EQ-A03,Evening,8.5,Pass
B02482,Insulin Glargine,Injectable,2024-09-08,Plant_A,4693.26,22.06,49.1,6.67,94.5,100.18,0.627,94.5,1,EQ-A03,Morning,9.1,Pass
B02279,Atorvastatin 20mg,Tablet,2023-11-25,Plant_B,280.7,24.86,61.5,6.24,91.0,100.25,0.46,96.4,0,EQ-B06,Morning,10.8,Under Review
B01950,Atorvastatin 20mg,tablet,2023-02-27,Plant_D,291.4,25.79,43.4,6.66,90.9,,0.587,96.0,1,EQ-D08,Evening,7.5,Pass
B00176,Ibuprofen 400mg,Tablet,09-10-2025,Plant_B,403.0,-40,39.8,6.23,92.7,98.88,0.375,98.9,2,EQ-B02,Morning,11.1,Pass
B02703,NA,TABLET,2025-07-25,Plant_A,544.2,21.28,41.9,6.85,89.6,101.14,0.098,97.8,0,EQ-A09,Night,11.5,Pass
B00311,Omeprazole 20mg,Capsule,2025-10-19,Plant_A,185.8,20.47,45.7,6.93,84.1,100.25,0.049,N/A,1,EQ-A03,Morning,9.5,Pass
B00030,Ibuprofen 400mg,Tablet,2023-07-25,Plant_C,394.7,24.58,N/A,6.92,89.5,97.79,0.72,100.5,2,EQ-C02,Morning,10.5,Passed
B01932,Ibuprofen 400mg,Tablet,2023/03/06,Plant_B,486.3,24.15,43.9,6.39,95.0,97.67,0.39,99.3,1,EQ-B03,Night,11.5,Pass
B02213,Omeprazole 20mg,Capsule,19 May 2023,Plant_A,217.7,,42.0,6.24,90.3,97.43,0.059,95.8,2,EQ-A05,Evening ,10.0,PASS
B00182,Amoxicillin 250mg,Capsule,2023-04-11, Plant_B ,250.1,23.71,50.6,,87.9,100.64,0.359,96.0,2,EQ-B05,Night,59.04,Passed
B02300,Insulin Glargine,Injectable,2024-01-11,Plant_B,70.5kg,NA,49.1,6.48,95.0,99.34,0.441,98.0,0,EQ-B02,Morning,NA,Pass
B00171,Amoxicillin 250mg,-,2024-09-19,Plant_C,218.9,,47.1,6.43,85.9,102.3%,0.383,96.8,2,EQ-C09,,8.6,Pass
B01555,Ibuprofen 400mg,tablet,2025-11-09,Plant_C,395.9,19.12,46.9,6.53,88.2,97.92,0.195,95.3,1,EQ-C05,Morning,9.9,pass
B01911,Paracetamol 500mg,Tablet,2023-06-14,Plant A,431.7,20.75,46.1,6.34,93.8,99.39,0.396%,98.1,1,NA,Evening,9.0,Pass
B01099,Paracetamol 500mg,Tablet,2024-09-16,Plant_D,392.8,21.95,92.86,6.93,88.5,100.57,0.242,96.0,1,EQ-D06,Evening,9.5,Pass
B02199,Cetirizine 10mg,tablet,2023-10-07,Plant_A,231.7,23.08,44.6,5.79,,100.39,0.088,94.2 %,1,EQ-A06,Night,10.5,Pass
B00897,Cetirizine 10mg,Tablet,2024-09-10,Plant_D,178.0,24.32,32.7,6.68,92.5,99.58,0.588,93.6,0,EQ-D02,Evening,9.5,Pass
B02799,Azithromycin Susp,Suspension,2024-02-08,Plant_B,166.3kg,25.04,38.1,7.0,91.8,101.33,6.96,98.3,0,EQ-B11,Evening,7.9,Pass
B01004,Insulin Glargine,Injectable,2023-08-08,Plant_A,52.2,24.25,44.3,6.67,90.5,99.62,1.065,93.2,0,EQ-A10,Night,7.8,Under Review
B02086,Omeprazole 20mg,Capsule,2025-08-11,Plant_D,182.3,23.52,48.4,6.65,87.4,101.16,0.626,95.7,0,EQ-D10,morning,8.5,N/A
B00574,Paracetamol 500mg,Tablet,2023-11-18,Plant_B,411.2,22.73,47.3,6.39,89.8,98.66%,0.45%,95.6,1,N/A,Evening,10.5,Pass
B01771,Atorvastatin 20mg,TABLET,2025-01-17,plant_c,283.9,23.99,55.3,6.94,87.3,99.06,1.886,96.0,1,EQ-C12,Morning,8.8,Fail
B02787,Metformin 850mg,TABLET,2023-11-18,Plant_C,597.2,24.29,43.9,6.73,91.1,98.5,0.18,95.6,1,EQ-C06,Evening ,11.4,Pass
B02697,Amoxicillin 250mg,Capsule,2024-12-05,Plant_B,283.5,19.92,52.1,6.97,91.9,99.65,-,94.5,0,EQ-B05,Morning,0,pass
B00487,Atorvastatin 20mg,Tablet,2025-09-25,Plant_B,357.8,22.94,41.7,6.53,94.6,102.1,0.437,96.0,0,EQ-B10,Evening,10.0,PASS
B01842,Paracetamol 500mg,Tablet,07-22-2024,Plant_C,402.3,23.18,33.1,6.64,97.9,100.66,0.777,96.1,3,EQ-C01,MORNING,9.1,Under Review
B01211,Omeprazole 20mg,capsule,2023-05-19,NA,-100,24.77,48.2,6.79,91.8,100.43,0.386,99.3,1,EQ-C09,Morning,7.5,Pass
B02048,Cetirizine 10mg,Tablet,2023-01-03,Plant_A,198.1,21.72,50.2,6.9,94.8,99.93,0.38,97.9,1,EQ-A07,Morning,7.9,Pass
B00495,Metformin 850mg,Tablet,2023-02-09,plant_d,409.8,24.25,46.7,6.79,94.0,98.97,8.54,97.6,1,EQ-D06,Morning,10.2,-
B01537,Amoxicillin250mg,Capsule,2025-08-26,Plant_C,247.3,21.72C,46.4,,92.6,97.13,0.481,97.4,0,EQ-C06,Morning,11.2,Pass
B00480,Amoxicillin 250mg,Capsule,2025-02-24,Plant_C,274.5,21.76,38.3,7.12,94.8,101.55,1.047,95.2,1,EQ-C03,Morning,9.6,Review
B01957,Cetirizine 10mg,Tablet,2024-10-28,,226.2,21.96,50.9,6.68,92.8,98.5,0.288,99.5,0,EQ-A11,Morning,9.7,Pass
B01837,Ceftriaxone 1g,Injectable,2024-11-20,Plant_C,78.3,20.35,45.7,7.05,90.5,99.21,0.641,93.4,3,EQ-C09,Evening,9.7,Under Review
B02506,Amoxicillin 250mg,Capsule,2025-01-31,Plant_A,259.2,22.93,46.5,6.24,91.1,99.56,0.276,97.1,1,EQ-A06,Evening,9.3,Pass
B02706,Metformin 850mg,Tablet,2025-09-19,PLANT-B,508.0,20.49,56.2,6.55,91.6,99.26,0.114,94.8,1,EQ-B01,Evening,10.9,Pass
B01689,Ceftriaxone 1g,Injectable,2024-01-03,-,72.6,21.11,39.0,6.4,92.8,101.09,0.35,96.7,0,EQ-A07,Morning,6.6,Pass
B00860,Insulin Glargine,Injectable,2024-04-13,Plant_B,51.3,52.57,46.1,6.49,87.9,98.08,0.517,95.2,1,EQ-B10,Evening,9.6,Pass
B02557,Azithromycin Susp,Suspension,2024-09-18,Plant_A,177.7,22.37,55.9,6.72,90.5,99.04,0.11,95.5,35,EQ-A06,Evening,8.5,Pass
B01822,,Suspension,2025-10-14,Plant_B,132.9,22.67,40.9,6.68,89.1,102.38,0.28,92.8,,EQ-B11,Evening,7.4,Pass
B00576,Atorvastatin 20mg,tablet,2023-05-12,Plant_A,295.8,22.8,51.7,6.52,99.8,97.4,0.522,94.5,0,EQ-A05,Night ,10.3,Pass
B02755,Ceftriaxone 1g,Injectable,,Plant_A,82.1,21.53,55.1,6.03,87.2%,101.72,0.701,97.9,1,EQ-A07,Evening,8.9,Pass
B00666,OMEPRAZOLE 20MG,Capsule,2023-03-13,Plant_A,234.9,24.49,,5.96,91.8,101.18,0.309,97.4,3,EQ-A11,Morning,-,Under Review
B01768,Ibuprofen 400mg,Tablet,2023-09-22,Plant_C,485.3,23.75,41.0,,97.0,99.31,0.828,91.4,0,EQ-C04,E,9.6,Pass
B00639,Azithromycin Susp,SUSPENSION,2023-08-28,A,165.9,22.55,54.4,6.54,90.5,99.49,0.19 %,92.7,-3,EQ-A02,Morning,6.5,Pass
B00166,insulin glargine,injectable,2023-06-04,Plant_A,50.9,20.85,55.8,6.31,92.9,98.75,0.763,96.7,0,EQ-A01,Evening,6.5,Pass
B01670,Azithromycin Susp,Suspension,2024-10-22,Plant_A,168.3,24.86,55.5%,6.66,92.0,99.89,0.243,95.2,one,EQ-A05,Night,8.7,Pass
B02877,Omeprazole20mg,Capsule,2023-04-09,Plant_D,232.2,23.01,42.7,6.05,92.9,99.97,0.462,96.4,1,EQ-D12,Morning,-,PASS
B01045,Azithromycin Susp,Suspension,2025-08-31,Plant_B,166.7,22.4,53.1,6.09,84.8,96.64,0.203,95.6,3,EQ-B08,Night ,9.7,Under Review
B02726,Omeprazole20mg,Capsule,2024-03-06,Plant_C,177.9,25.04,48.4,6.79,92.8,98.95,0.741,96.5,1,EQ-C11,Evening,7.7,Pass
B00423,Azithromycin Susp,Suspension,2024-03-10,Plant_A,151.3,20.48,44.0,6.47,91.1,100.18,0.113,99.0,2,EQ-A11,Evening,80.95,Pass
B00580,Amoxicillin 250mg,Capsule,2023-11-21,Plant_A,264.2,N/A,44.8,6.19,83.7,99.48,0.555,93.9,1,EQ-A09,null,9.2,Pass
B00718,Ibuprofen 400mg,Tablet,2024-09-24, Plant_B ,454.8,20.08,42.0,7.05,88.7,99.97,0.221,97.2,1,EQ-B11,Morning,11.3,Pass
B02125,Azithromycin Susp,Suspension,2024-02-10,Plant_A,173.8,23.64,44.9,6.57,86.4,96.4,0.12,96.8,2,EQ-A06,Night,7.6,Pass
B01639,Amoxicillin 250mg,Capsule,2024-04-27,Plant_D,249.8,22.92,49.1,6.43,102.5,102.56,0.31,94.1,1,EQ-D11,Morning,9.0,Pass
B01498,Azithromycin Susp,Suspension,2024-03-28,N/A,124.4,20.2,47.5,6.8,91.4,97.29,0.288,NA,0,EQ-A01,Evening,9.1,Pass
B02487,Metformin 850mg,tablet,2025-12-31,Plant_A,577.4,23.48,46.9,7.04,93.0,,0.387,96.7,0,EQ-A07,Morning,10.5,PASS
B00346,Metformin 850mg,Tablet,2024-02-09,PLANT-C,425.3,26.01,58.5,6.4,37.85,99.05,0.196,91.6,1,EQ-C10,Evening,9.7,PASS
B00746,NA,Tablet,2024-02-26,A,357.0,21.95,39.0,7.01,-,101.45,0.422,97.5,0,EQ-A01,Morning,11.0,Pass
B01183,Omeprazole 20mg,Capsules,2023-12-07,Plant_A,254.3,23.91,34.8,6.31,91.3,101.09,0.666,95.5,2,EQ-A07,EVENING,9.5,Pass
B00118,Amoxicillin 250mg,Capsule,2024-12-22,Plant_B,259.1,23.55,47.0,6.63,84.9,99.17,0.61,95.1,0,EQ-B09,Evening,9.0,Pass
B01086,Insulin Glargine,Injectable,2024-12-23,Plant_B,52.2,23.67,48.8,6.2,85.1,100.45,0.271,96.1,1,EQ-B10,Morning,7.8,Pass
B00791,Paracetamol 500mg,Tablet,2024-08-05,Plant_A,466.6,21.57,50.5,6.34,90.7,100.2,0.174,98.4,,EQ-A02,Morning,9.9,Pass
B01701,Metformin 850mg,Tablet,2023-02-14,Plant_A,400.8,21.83,49.7,6.58,92.5,,0.785,97.0,1,EQ-A08,Night,10.4,Pass
B01101,Ibuprofen 400mg,Tablet,2024-10-28,Plant_C,502.9,23.18,49.5,6.06,86.3,99.46,0.182,92.7,37,EQ-C09,Night,12.0,Pass
B01828,Ceftriaxone 1g,Injectable,2024-11-14,PLANT-A,74.6,20.96,51.4,6.65,92.7,96.52,0.055,98.4,0,EQ-A04,Morning,8.1,Pass
B01164,Cetirizine10mg,Tablet,2023-08-04,Plant_C,231.8,23.84,43.8,,87.3,99.41,0.676,93.2,4,EQ-C09,NIGHT,9.3,Fail
B00925,Metformin 850mg,Tablet,2023-01-02,Plant_C,0,21.8,52.1,7.24,92.4,N/A,0.904,96.8%,2,EQ-C12,Evening,10.5,Pass
B00014,Azithromycin Susp,Suspension,2023-04-05,Plant_C,163.5,21.64,43.2,7.12,85.3,99.17,1.057,68.86,2,EQ-C09,Night,8.5,Review
B01835,Ibuprofen 400mg,Tablet,"February 20, 2023",Plant_B,473.2,24.95,45.9,6.6,93.9,101.29,null,96.2,0,EQ-B12,night,11.2,Pass
B02054,Ceftriaxone 1g,Injectable,2024-03-06,Plant_C,81.0,25.33,41.6,6.67,88.0,101.12,0.806,70.14,1,EQ-C03,Night,10.2,Pass
B02367,Atorvastatin20mg,Tablet,2024-08-18,Plant_C,246.2,24.65,48.9,-1,93.7,98.36,0.292,92.7,2,EQ-C08,Evening,8.6,Passed
B00401,ceftriaxone 1g,Injectable,2024-05-04,Plant_D,75.4,21.62,46.8,6.51,84.8,98.69,0.291,94.6,0,EQ-D04,Morning,8.0,Pass
B00927,Cetirizine 10mg,Tablet,2023-10-06,Plant_A,194.1,22.6,37.8,6.76,83.5,100.56,0.142,94.9,0,EQ-A02,Morning,7.7,Pass
B02142,Insulin Glargine,Injectable,2024-07-13,Plant_D,51.5,23.0,48.2,6.66,91.3,99.27,0.533,96.2,2,EQ-D11,Night,6.6,Passed
B00620,Amoxicillin 250mg,Capsule,NA,Plant_B,202.3,20.85,39.3,6.67,87.3,102.06,0.193,98.5,0,,Morning,8.1,Pass
B00424,Cetirizine 10mg,Tablet,2023-10-17,Plant_B,-100,23.89,37.0,6.05,99.0,96.99,N/A,98.6,0,,Morning,10.3,pass
B01290,Omeprazole 20mg,Capsule,2024/04/14,B,5490.46,22.91,44.7,6.55,92.7,99.93,0.1,97.9,0,EQ-B03,MORNING,10.2,Pass
B01725,Cetirizine 10mg,Tablet,2023-03-31,Plant_B,189.8,,48.2,6.91,87.1,98.12,0.361,94.2,2,EQ-B10,Evening,9.1,Pass
B00272,Paracetamol 500mg,Tablet,2025-04-18,Plant_A,359.4,17.9,46.1,6.52,92.4,98.12,0.367,NA,1,EQ-A03,N/A,10.4,Under Review
B02802,Ibuprofen 400mg,Tablet,2025-03-09,Plant_A,368.9,23.41,46.2,6.27,92.7,99.42,0.555,93.9,2,EQ-A12,Evening,10.7,Passed
B01399,Paracetamol 500mg,NA,2023-09-29,Plant_A,339.8,24.66,48.3,6.82,91.2%,100.26,0.23,99.3,,EQ-A03,Night,9.8,Pass
B00918,Azithromycin Susp,Suspension,2023-09-22,Plant_A,150.0,25.76,42.2,6.89,94.2,99.43,0.33,98.9,one,EQ-A01,Night,8.9,Pass
B01427,Omeprazole 20mg,Capsule,2025-07-16,Plant_A,218.9,20.13,52.0,6.27,87.7,101.05,4.74,97.1,0,EQ-A04,Evening,9.7,Pass
B02700,Amoxicillin 250mg,Capsule,NA,Plant_B,288.7,23.14,52.6,6.46,95.2,101.96,0.531,93.2,2,EQ-B09,Morning,9.1,Pass
B02807,Metformin 850mg,Tablet,N/A,N/A,499.8,24.21,42.1,6.67,98.9,,0.211,92.6,0,EQ-D12,Evening,10.8,Pass
B01191,Ibuprofen 400mg,N/A,-,Plant_D,396.8,24.64,47.8,6.42,86.1,97.94,0.163,95.3,2,EQ-D03,Night,11.1,Pass
B02646,Paracetamol 500mg,Tablet,2024-12-12,Plant_A,330.5,22.33,45.1,6.44,94.5,99.82,0.742,93.5,1,EQ-A11,Morning,9.7,Pass
B00139,Atorvastatin 20mg,Tablet,,Plant_B,288.4,23.24,51.8,6.3,89.3,100.03,0.37,95.8,1,EQ-B01,Evening ,8.0,Pass
B00404,Ceftriaxone 1g,INJECTABLE,2024-06-10,Plant_A,93.1,20.68,46.8,6.8,86.6,100.11,0.675,101.0,0,EQ-A06,Morning,8.4,PASS
B00064,Ceftriaxone 1g,null,2023-03-21,Plant_A,98.8kg,24.5,53.4,6.63,98.1,102.42,0.677,94.4,1,EQ-A11,Morning,9.3,Pass
B01723,Omeprazole 20mg,Capsule,2023-11-29,Plant_B,245.5,24.82,47.2,6.69,85.7,98.77,0.382,95.9,2,EQ-B08,Morning,10.5,Pass
B00614,Atorvastatin 20mg,Tablets,2025-07-17,Plant_A,264.0,22.38,54.2,6.33,85.6,100.93,0.112,98.6,2,EQ-A11,Night,11.3,Pass
B00943,Ceftriaxone 1g,Injectable,2023-01-05,Plant_A,105.4,21.18,40.5,6.52,98.6,99.69,0.07,95.7,1,EQ-A02,MORNING,9.4,Pass
B00188,Atorvastatin 20mg,TABLET,2025-09-28,Plant_B,266.3,21.67,56.3,6.65,89.8,99.45,0.39,93.1,0,EQ-B07,Morning,11.2,Pass
B02107,Azithromycin Susp,Suspension,2024-12-18,Plant_B,140.7,21.42,33.1,6.42,84.4,100.05,0.092,98.2,1,EQ-B11,Evening,9.4,Pass
B00942,Ibuprofen 400mg,Tablet,2024/09/30,Plant_A,534.0,21.73,38.4,6.14,90.6,100.17,0.369,94.5,2,EQ-A02,Night,11.1,Pass
B00466,Ceftriaxone 1g,Injectable,2025/07/18,Plant_B,77.3,23.06,40.4,6.81,94.7,97.39,0.31,94.9,-1,EQ-B11,Evening,7.7,Pass
B01465,INSULIN GLARGINE,Injectable,2023-08-28,Plant_C,48.0,22.09,57.6,6.27,84.2,97.43,0.754,92.4,2,EQ-C03,Evening,8.8,Pass
B01144,Insulin Glargine,Injectable,09/07/2024,Plant_D,54.0,24.0,41.6,6.51,96.5,99.35,0.2,99.5,2,N/A,Evening,5.7,Pass
B01846,Omeprazole 20mg,Capsules,2023-08-22,Plant_D,235.6,21.94,52.2,6.11,88.2,99.18,0.498,150,0,EQ-D06,Morning,8.6,pass
B02669,Paracetamol 500mg,Tablet,2025-08-09,Plant_B,343.8,21.86,92.93,6.6,97.6,99.86,0.268,96.9,1,EQ-B09,Morning,9.0,Pass
B01189,,Tablet,2025-01-20,Plant_D,168.6,21.92,55.1,6.43,90.6,137.52,0.362,93.6,0,EQ-D10,Morning,9.4,Pass
B00254,Atorvastatin 20mg,Tablet,2023-10-07,Plant_D,339.2,20.93,41.7,6.37,87.9,100.01,0.31,94.4,0,EQ-D09,Morning,0,Pass
B01566,Ibuprofen 400mg,Tablet,2023-11-30,Plant_B,479.8,23.9,-10,6.91,89.8,99.96,0.508,96.8,0,EQ-B03,Night,42.43,Pass
B02420,IBUPROFEN 400MG,Tablet,2025-04-27,Plant_D,484.3,23.2,52.1,6.94,97.0,101.44,0.885,93.8,0,EQ-D04,Evening,9.2,Pass
B02359,Omeprazole 20mg,CAPSULE,2024-07-06,Plant_A,252.3,22.64,43.8,6.37,N/A,99.55,0.345%,97.1,1,EQ-A12,Morning,9.4,Pass
B02360,Metformin 850mg,Tablet,2023-08-05,Plant_B,517.9,20.25,88.52,6.26,94.5,100.85,0.728,98.9,-3,EQ-B11,Morning,10.6,Pass
B02819,Amoxicillin 250mg,Capsule,2024-05-07,Plant_D,227.6,22.07,46.4,6.73,92.8,98.34,0.19,95.9,2,EQ-D12,Morning,8.1,Pass
B02022,Omeprazole 20mg,Capsule,2023-07-03,PLANT-C,199.3,22.31,44.7,6.97,95.8,99.3,0.221,95.1,1,EQ-C07,Morning,8.9,Pass
B02647,Cetirizine 10mg,Tablet,2024-12-22,Plant_C,231.9,22.39,46.8,6.77,86.3,99.25,4.67,97.7,0,EQ-C04,Night,9.9,Pass
B00653,Metformin 850mg,Tablet,2023-04-22,Plant_D,498.2,23.43,41.7,6.93,87.4,98.32,0.327,96.1,0,EQ-D03,Evening,10.6,Pass
B02598,Azithromycin Susp,Suspension,2024-03-14,Plant_B,122.7,18.65,49.1,6.51,92.2,96.86,0.618,95.4,0,EQ-B09,Evening,8.0,Pass
B00379,Atorvastatin 20mg,Tablet,2024-09-20,Plant_A,337.3,22.49,47.5,6.87,97.0,98.22,null,93.8,1,EQ-A03,Morning,8.1,Pass
B00626,Metformin 850mg,Tablet,2025-12-29,Plant_B,462.1,23.99,38.0,6.51,92.0,100.21,0.615,101.3,2,EQ-B04,Morning,10.0,Pass
B01234,Azithromycin Susp,Suspension,2025-09-25, Plant_A ,178.6,22.89,36.4,6.75,92.8,100.37,0.431,,0,EQ-A01,,10.2,Pass
B01587,INSULIN GLARGINE,Injectable,2025-07-25,Plant_D,56.3,22.46,43.2,6.66,92.3,98.6,0.46,94.2,0,EQ-D02,Evening,8.5,Pass
B01516,Ceftriaxone 1g,Injectable,2024-09-10,Plant_B,100.3,21.51,40.2,6.65,93.7,97.34,0.673,93.1,2,EQ-B10,Morning,9.3,Pass
B01186,Atorvastatin 20mg,Tablet,2023-07-21,Plant_C,276.7,23.02,45.5,6.16,92.7,96.25,0.424,92.7,0,EQ-C12,Morning,9.4,Pass
B02268,Azithromycin Susp,Suspension,2025-08-22,NA,165.8,48.58,48.6,6.92,86.4,133.96,0.43,98.4,3,EQ-D05,Night,8.9,Under Review
B01759,Cetirizine 10mg,Tablet,05/09/2023,Plant_B,239.5,22.73,36.5,6.7,88.3,99.09,0.558,97.5,,EQ-B02,Morning,9.2,Pass
B02297,Amoxicillin 250mg,Capsule,2024/12/17,B,202.0 kg,25.55,42.7,6.91,89.1,98.69,0.915,98.9,2,EQ-B02,Night,6.4,Pass
B00456,Cetirizine 10mg,Tablet,2023-07-26,Plant_A,238.8,21.79,44.9%,6.64,94.2,,0.172,100.6,2,EQ-A05,Evening,8.0,Pass
B01986,azithromycin susp,Suspension,2023-08-02,plant_a,137.7,20.67,52.0,6.19,91.8,180,0.259,95.0,0,NA,Evening,8.4,Pass
B02121,Azithromycin Susp,Suspension,2023-11-08,Plant_B,147.2,,42.0,6.61,93.5,100.2,1.284,96.4,0,EQ-B06,Night,9.1,Review
B01274,Omeprazole 20mg,Capsule,2023-06-04,Plant_B,179.2,22.13,47.1,6.86,NA,98.76,0.276,,-1,EQ-B05,Morning,10.5,Pass
B00121,Ibuprofen 400mg,Tablet,2025-10-17,Plant_A,430.4,22.78,38.3,6.59,82.8,100.22,5.68,98.5,0,EQ-A10,Morning,10.6,Pass
B00518,paracetamol 500mg,Tablet,2023-02-19,Plant_C,378.3,26.32,,6.3,89.5,99.45,1.031,96.6,2,EQ-C04,Evening,8.6,Under Review
B00701,Cetirizine 10mg,Tablet,"January 10, 2024",Plant_D,199.7,21.77,46.1,6.12,91.8,99.92,0.2,97.6,1,EQ-D10,Evening,9.2,Pass
B00298,Ibuprofen 400mg,Tablet,2024-06-28,Plant_D,508.9,22.21,43.5,6.95,88.9,99.59,1.08,96.2,0,EQ-D12,Evening,10.5,UNDER REVIEW
B00873,Amoxicillin 250mg,Capsule,2024-02-11,Plant_A,269.0,22.13,40.4,6.62,91.1,101.25,0.254,97.2,0,EQ-A11,Morning,9.6,Pass
B01114,Metformin 850mg,Tablet,2025-01-21,Plant_C,527.9,22.59,43.8,6.16,80.3,99.54,0.263,93.9,1,EQ-C08,Evening,11.0,Pass
B00187,Amoxicillin 250mg,Capsule,2024-04-26,A,253.5,22.63,46.3,7.37,83.2,97.85,0.304,98.1,0,,Evening,11.2,Pass
B00025,Azithromycin Susp,suspension,26 Oct 2025,Plant_B,128.2,23.49,54.7,6.25,85.2,99.63,0.517,96.6,1,EQ-B09,Evening,9.1,Pass
B02038,Paracetamol 500mg,Tablet,2023-01-10,Plant_D,388.7,23.92,56.5,null,88.5,100.86,1.076,105.3,2,EQ-D01,morning,9.6,Fail
B01780,Omeprazole20mg,Capsule,2024-02-23,Plant_A,244.8,25.13,50.1,6.98,92.1,97.87,0.167,91.6,1,EQ-A05,EVENING,6.7,Passed
B02134,Atorvastatin 20mg,Tablet,2024-09-12,Plant_C,265.0,25.54,50.2,6.87,89.5,99.38,0.693,94.9,0,EQ-C04,Morning,8.3,Pass
B00837,Insulin Glargine,,2025-11-12,Plant_C,53.9,21.52,48.8,6.99,90.8,99.51,1.273,95.1,0,EQ-C06,Morning,9.3,Under Review
B02005,Azithromycin Susp,Suspension,2025-07-25,Plant_C,135.5,24.22,51.5,6.1,87.2,99.57,0.265,95.3,1,EQ-C03,Evening,9.9,Pass
B02514,Azithromycin Susp,Suspension,2023-02-11,Plant_B,158.7,24.5,44.6,6.37,98.7,99.17,0.761,98.5,1,EQ-B06,Evening,9.5,Pass
B01496,Ibuprofen 400mg,Tablet,2025-11-04,Plant_A,490.4,23.25,44.4,6.66,81.8,101.59,0.382,97.7,0,EQ-A04,Evening,10.0,Pass
B01607,,Capsule,2024-07-22,Plant_B,260.4,999,52.1,6.65,90.9,100.9,0.344,98.2,1,EQ-B06,Morning,9.8,Pass
B00931,Cetirizine10mg,Tablet,2024-08-19,Plant_C,188.9,22.26,43.4,7.1,,98.73,0.2,98.2,1,EQ-C11,Evening,8.7,Pass
B02540,Ibuprofen 400mg,Tablet,2024-01-10,Plant_A,393.4,24.18,44.2,6.49,92.1,100.52,0.339 %,94.4,2,EQ-A05,Evening,9.5,pass
B01360,Atorvastatin 20mg,Tablets,"July 07, 2025",Plant_A,299.6,20.42,42.4,6.67,47.93,97.13,0.728,94.5,0,EQ-A08,Night,9.2,Pass
B02526,ATORVASTATIN 20MG,tablet,2025-11-06,Plant_A,246.1,22.35,44.2,6.75,87.2,100.25,0.283,96.3,1,EQ-A09,Evening,9.5,Pass
B01294,paracetamol 500mg,Tablet,2024-03-08,Plant_B,479.4,26.23,55.9,6.55,95.0,100.08,0.127,98.8,1,EQ-B12,Morning,10.8,Pass
B00938,Amoxicillin 250mg,Capsule,2025-09-25,Plant_B,299.6,22.97,55.8,6.54,94.2,100.1,0.513,97.0,3,EQ-B03,evening,9.8,Under Review
B01419,Insulin Glargine,Injectable,2024-10-22,A,58.0,22.08,46.2,6.27,89.2,100.11,0.115,94.1,0,EQ-A09,Night,7.5,Pass
B01778,Amoxicillin 250mg,Capsule,2023-09-01,Plant_B,208.5,25.4,41.7,6.4,88.3,96.95,0.722,96.1,3,EQ-B08,Morning ,9.0,Under Review
B01388,Atorvastatin 20mg,Tablets,2023-04-06,Plant_B,305.1,22.83,,6.34,93.0,98.4,0.177,95.8,1,EQ-B04,Evening,9.3,Passed
B00829,Insulin Glargine,Injectable,2024-03-21,Plant_C,60.5,22.95,null,6.96,95.1,-10,0.163,97.8,2,EQ-C01,Evening,,Pass
B01170,Ceftriaxone 1g,null,2025-03-23,Plant_B,105.2,24.33,56.1,6.04,90.8,98.63,N/A,97.0,0,EQ-B02,Night,9.1,Pass
B02768,Ceftriaxone 1g,N/A,2024-09-09,Plant_A,107.6,21.46,47.9,7.13,97.7,99.38,0.246,93.6%,2,EQ-A05,Morning,10.0,Pass
B02030,Atorvastatin 20mg,Tablet,2023-10-01,Plant_C,348.1,20.31,41.2,6.49,-5,99.4,0.427,99.5,2,EQ-C09,Evening,10.0,Pass
B02018,Azithromycin Susp,Suspension,2024-07-06,Plant_B,170.1,21.43,50.5,6.53,84.6,98.0,0.348,99.2,1,EQ-B03,Evening,9.4,Pass
B02827,Atorvastatin 20mg,Tablet,2023-07-02,Plant_B,264.5,23.6,54.1,6.75,99.0,98.15,0.943,99.3,1,EQ-B02,Morning,9.9,Pass
B02059,Atorvastatin 20mg,Tablet,2025-04-13,Plant_D,243.6,19.15,51.9,5.88,86.0,98.8,0.514,95.5,2,EQ-D06,Evening,8.6,pass
B01482,Paracetamol 500mg,Tablet,2023-09-22,Plant_A,386.8,23.61,50.3,6.64,92.2,98.69%,0.146,92.5,0,N/A,Night,9.8,Pass
B00793,Azithromycin Susp,Suspension,2023-10-06,Plant_C,121.9,21.18,55.1,6.58,,98.86,1.898,94.8,1,,Evening,8.9,Fail
B02705,Paracetamol 500mg,Tablet,2024-11-11,Plant_A,402.3,21.09C,38.4,6.81,90.7,101.96,0.346,98.4,0,EQ-A01,Evening,9.0,Pass
B01396,Cetirizine 10mg,Tablet,2024-07-29,Plant_B,184.2,999,50.6,6.18,88.4,100.35,0.306,96.6,1,EQ-B10,Morning,9.1,Pass
B01915,Atorvastatin 20mg,Tablet,2024-11-02,Plant B,316.4,22.79,46.1,5.69,84.0,100.88,1.036,93.8,1,EQ-B09,Morning,9.5,Under Review
B02694,Ibuprofen 400mg,Tablet,2024-10-20,Plant_B,381.7,24.65,41.6,0,93.3,97.82,0.175,95.9,3,EQ-B07,Evening,11.0,Under Review
B00246,Paracetamol 500mg,Tablet,2023-12-17,Plant_D,332.5,58.4,49.1,6.35,,100.96,0.087,101.0,1,EQ-D10,Night,,Pass
B02709,Azithromycin Susp,Suspension,2025-06-26,Plant_B,165.3,24.38,42.5,6.18,93.3,99.79,0.144,97.0,1,EQ-B02,Evening,7.9,Pass
B00078,Metformin 850mg,Tablet,2024-11-08,Plant_B,557.7,22.04,58.8,6.43,95.1,102.0,0.714,96.8,0,EQ-B09,Night,11.1,Pass
B02342,Atorvastatin 20mg,Tablet,2023-01-25,Plant_C,254.1,25.94,49.2,5.98,92.0,100.05,0.087,65.19,2,EQ-C08,Morning,10.5,Passed
B02864,Omeprazole 20mg,Capsule,21 May 2023,Plant_D,235.0,23.46,58.0,6.19,88.2,101.68,0.153,96.7,0,EQ-D06,Morning,8.3,Pass
B01753,Omeprazole 20mg,Capsule,2023-08-30,Plant A,246.0,23.78,43.5,6.79,90.6,100.84,0.539,98.6,0,EQ-A02,Morning,8.1,PASS
B00260,Cetirizine 10mg,Tablet,2024-08-17,Plant_A,190.9,21.93,41.3,6.35,,97.83,0.606,98.7,0,EQ-A06,Morning,9.1,Pass
B00506,Ibuprofen 400mg,Tablet,2025-04-25,Plant_C,414.9,20.58,42.2,6.26,82.1,100.93,0.773,91.8,0,EQ-C03,Morning,11.4,Pass
B00368,atorvastatin 20mg,Tablet,2023-05-05,Plant_B,286.5,23.05,46.9,5.85,88.2,100.7,0.067,,1,EQ-B09,Morning,9.0,Pass
B02868,Amoxicillin 250mg,Capsule,2023-02-08,Plant_C,247.6,21.82,58.5,6.44,91.3,102.06,0.826,98.3%,2,EQ-C05,Morning,9.9,Pass
B01042,Insulin Glargine,Injectables,16 Mar 2025,Plant_B,65.9,22.55,52.4,6.51,,95.33,0.579,93.5,1,EQ-B11,Morning,6.8,Pass
B00206,Metformin 850mg,Tablet,2025-11-15,A,591.7,21.84,48.0,6.4,96.3,98.66,0.178,97.8,0,EQ-A08,Morning,10.4,Pass
B00856,Insulin Glargine,Injectable,2024-08-28,Plant_D,68.5,21.96,44.5,-,91.2,97.39,0.513,95.0,0.0,EQ-D03,Morning,6.8,Pass
B01250,Ceftriaxone 1g,Injectable,2023-12-01,C,76.5,21.7,48.9,6.23,87.2,101.86,0.562,94.6,1,EQ-C10,Evening,8.4,Pass
B00522,Amoxicillin 250mg,Capsule,2025-11-19,Plant_B,234.3,24.53,48.3,0,93.6,100.73,0.547,94.9,1,EQ-B02,Morning,9.6,Pass
B01478,Atorvastatin 20mg,Tablet,2024-02-01,Plant_B,264.7,24.51,48.5,6.17,90.7,124.72,0.253,94.6,1,EQ-B09,Morning,8.4,Pass
B01472,Omeprazole 20mg,,2025-11-24,Plant_C,243.7,20.56,56.0,6.09,90.7,101.37,0.568,97.4,4,EQ-C09,Night,10.1,fail
B01805,Amoxicillin 250mg,Capsule,2023-09-21,Plant_A,215.7,22.78,49.2,6.81,83.6,102.35,0.514,97.6,3,EQ-A02,Evening,,Under Review
B02415,Atorvastatin 20mg,Tablet,,Plant_B,257.0,21.55,38.1,6.74,94.3%,98.74,0.683,94.2,1,EQ-B01,E,10.8,Pass
B00411,Amoxicillin 250mg,Capsule,2024-08-02,Plant_D,243.5,999,50.0,6.63,87.0,99.74,0.086,97.1,1,EQ-D09,Morning,9.9,Pass
B01430,Azithromycin Susp,Suspension,2025-07-28,Plant_B,164.7,24.89,52.8,6.95,93.6,99.22,0.831,97.5,0,EQ-B02,Evening,8.8,Pass
B00528,Amoxicillin 250mg,Capsule,2023-05-22,Plant_D,290.0,62.56,46.8,7.01,89.7,100.99,0.926,97.4,1,EQ-D02,Morning,9.7,Pass
B01024,Insulin Glargine,Injectable,2025-01-29,Plant_B,48.5,21.31 C,,6.78,87.7,98.93,0.239,98.1,1,null,Evening,9.0,Pass
B01369,Ceftriaxone 1g,Injectable,2023-12-17,Plant_D,77.0,20.39,41.8,6.96,85.2,99.1,0.668,95.4,1,EQ-D01,N,8.5,Pass
B02750,Ceftriaxone 1g,Injectable,2024-12-07,Plant_C,102.4,24.07,46.8,6.69,N/A,98.9,0.203,98.0,1,EQ-C11,Night,7.1,Pass
B01220,Ibuprofen 400mg,Tablet,2023-03-07,Plant_B,458.8,24.1,51.5,6.78,86.6,102.01,0.977,96.7,0,EQ-B06,Evening,10.1,PASS
B01451,Metformin 850mg,Tablet,2025-12-28,Plant_C,574.6,24.26,45.4,6.32,92.9,100.13,0.628,95.5,37,EQ-C02,Evening ,10.0,Pass
B02423,Amoxicillin250mg,Capsule,2024-07-17,Plant_D,223.0,23.58,40.2,6.35,86.4,99.2,0.931,94.3,1,EQ-D02,Evening,7.5,pass
B01784,Ceftriaxone 1g,Injectable,2025/01/24,Plant_B,86.7,24.01,47.2,6.23,96.5,96.88,0.275,91.4,2,EQ-B01,Night,8.6,Pass
B02096,Azithromycin Susp,Suspension,,Plant_D,158.9,22.81,47.4,6.7,86.0,97.38,0.95,96.4,0,EQ-D12,Morning,9.4,Pass
B02322,Paracetamol 500mg,Tablet,,C,378.4,22.98,44.3,6.64,88.7,100.24,0.367,97.1,2,EQ-C01,night,10.6,Pass
B01126,Insulin Glargine,Injectable,,Plant_A,50.3,21.93C,46.1,6.33,92.9,97.38,0.322,N/A,1,EQ-A04,Morning,6.7,Under Review
B00370,Azithromycin Susp,Suspension,2024-12-16,Plant_C,,24.42,43.1,NA,92.9,101.57,0.273,95.1,5,EQ-C12,NIGHT,8.8,Fail
B00551,Insulin Glargine,Injectable,,Plant_D,70.8,23.33,60.2,6.74,90.3,98.16,0.792,93.3,1,EQ-D01,Night,9.7,Under Review
B00285,Ibuprofen 400mg,Tablet,2023-05-07,Plant_C,535.4,23.02,50.3,5.83,90.5,97.75,0.456,96.7,NA,EQ-C05,Evening,13.1,Pass
B00152,Metformin 850mg,Tablet,2023-02-10,Plant_D,587.5,21.33,41.1,6.73,93.8,99.86,0.626,97.0,0.0,EQ-D12,Morning,10.7,pass
B00844,Paracetamol 500mg,Tablet,2023-12-15,Plant_A,434.9kg,21.73,41.3,6.59,-,99.22,0.2,98.8,1,EQ-A04,Morning,10.0,Pass
B01488,Paracetamol 500mg,tablet,2023-12-29,C,320.0,22.77,48.5,6.68,87.6,99.34,0.454,96.2,1,EQ-C06,Morning,8.9,Pass
B02823,Amoxicillin250mg,Capsule,2024-03-20,Plant_D,257.6,23.68,53.5,6.64,103.2,101.68,0.107,98.8,0,EQ-D12,Morning,9.8,Pass
B01271,Atorvastatin 20mg,Tablet,2025-10-31,Plant_C,326.5,24.15,44.1,6.05,95.5,99.5,0.053,100.0,4,EQ-C08,Evening,-,Fail
B02739,Ibuprofen 400mg,Tablet,2023-08-13,Plant_C,506.9,25.19,50.2,6.31,87.0,98.49,0.85,96.9,0,-,Morning,10.4,Pass
B02424,Insulin Glargine,INJECTABLE,2025-10-29,Plant_A,66.0,25.12,43.8,6.75,98.0,100.21,0.541,97.9,0,EQ-A06,Evening,7.2,Pass
B00496,Ibuprofen 400mg,Tablet,2024-05-21,Plant_D,508.6,22.23,51.1,6.92,90.9,101.83,0.297,97.3,1,EQ-D09,Evening,11.7,Pass
B00431,Paracetamol 500mg,Tablet,25/07/2023,Plant_A,372.1,21.46,45.0,6.56,93.6,97.78,0.621,99.0,0,EQ-A04,Morning,,Pass
B00712,Cetirizine 10mg,Tablet,2024-07-11,Plant_D,235.9,20.7,50.1,6.79,90.3,100.53,0.063,97.9,0,EQ-D10,Evening,9.1,Pass
B02281,Azithromycin Susp,Suspension,2023-11-18,Plant_D,153.9,50.99,46.7,9.73,94.1,101.05,0.527,98.7,1,EQ-D10,Morning,9.4,Pass
B01014,Atorvastatin 20mg,Tablet,"November 19, 2023",Plant_B,317.2,23.61,48.4,6.31,95.9,124.95,0.746,98.3,1,EQ-B12,Morning,10.2,Pass
B00130,Omeprazole 20mg,Capsule,"September 15, 2025",Plant_C,194.2,23.62,53.0,5.89,92.5,-10,0.533,98.0,0,EQ-C07,Morning,64.11,Pass
B01976,Paracetamol 500mg,Tablet,2025-06-25,Plant_B,409.8,22.91,N/A,6.99,85.0,96.55 %,0.16,95.3,1,EQ-B06,Night,9.2,Pass
B01849,Cetirizine 10mg,Tablet,2025-10-27,Plant_D,,20.29,45.0,7.36,98.4,99.96,0.317,95.2,0,EQ-D10,Evening,8.5,Pass
B01901,Cetirizine 10mg,Tablet,2024-03-28,Plant_B,173.2,23.09,45.3,6.63,,100.11,0.393,101.5,1,-,Night ,8.5,Pass
B02553,Metformin 850mg,Tablet,2024-01-26,,500.3,22.5,43.6,6.34,88.2,99.82,0.096,100.3,1,EQ-A06,Evening,9.9,Pass
B00234,Azithromycin Susp,Suspension,2023-01-16,Plant_B,153.4,20.4,51.3,6.69,41.56,101.71,0.28,100.2%,1,EQ-B02,Morning,9.2,Pass
B02566,Ibuprofen 400mg,Tablet,2025-03-18,PLANT-A,513.0,24.72,39.9,6.89,93.9,98.81,0.069,97.2,1,EQ-A09,Morning,9.1,Pass
B01875,Ibuprofen 400mg,Tablet,2025-04-07,Plant_A,437.7,22.96,37.9,6.97,91.0,98.27,0.24,92.4,4,EQ-A06,evening,9.8,Fail
B01556,Amoxicillin 250mg,Capsule,2025-09-23,Plant_A,218.5,19.99,85.46,6.04,87.5,98.1,5.43,97.2,0,EQ-A03,Evening,11.1,Pass
B00846,Paracetamol500mg,,2025-06-28,Plant_D,408.8,22.62,43.3,6.45,90.3,100.79,0.102,92.8,1,EQ-D11,Evening,10.0,Pass
B01860,Azithromycin Susp,Suspension,2023-11-26,Plant_A,154.4,23.22,48.7,6.36,91.6,100.12,1.224 %,97.1,0,EQ-A03,Evening,9.7,under review
B01292,insulin glargine,Injectable,2024-12-15,Plant_A,,25.27,,6.91,87.9,99.02,0.781,93.1,3,,Night,9.2,Under Review
B00773,Paracetamol 500mg,Tablet,07-03-2023,Plant_A,null,20.26,42.6,6.09,89.3,98.6,0.586,96.8,0,EQ-A10,Morning,68.81,Pass
B02384,Atorvastatin 20mg,tablet,2024-03-03,Plant_C,291.0,16.73,49.3,6.28,87.9,98.6,0.245,99.0,0,EQ-C08,Evening,10.9,Under Review
B01018,Ibuprofen 400mg,Tablet,2023-09-02,Plant C,521.0,21.82,53.2,6.14,92.0,97.95,0.285,102.1,2,NA,Evening,10.3,Review
B01355,Metformin 850mg,Tablet,2023-11-07,Plant_A,531.2,25.63,37.4,6.39,95.1,99.48,0.269,94.8,2,EQ-A11,MORNING,null,pass
B02737,Cetirizine10mg,Tablet,2023-07-29,Plant_C,194.6,22.32,48.8,6.7,86.8,100.68,NA,98.3,1,EQ-C04,Morning,9.4,pass
B02625,ceftriaxone 1g,Injectable,2023-09-17,Plant_B,88.7,23.03,36.3,10.28,88.9,100.16,0.284,96.6,0,EQ-B12,Morning,9.2,Passed
B00317,Azithromycin Susp,Suspension,2024-12-01,Plant_C,135.9,25.86,48.5,6.14,96.5,99.03,0.892,98.0,0,EQ-C11,Morning,6.9,Pass
B01228,Ceftriaxone 1g,Injectable,2025-02-12,Plant_A,76.8,27.28,44.0,6.73,81.7,99.69,0.17,95.4,1,EQ-A08,Evening,7.1,Under Review
B02675,Ceftriaxone 1g,INJECTABLE,2025-02-10,Plant_D,94.1,22.49,50.7,7.18,84.0,99.23,0.785,96.1,1,EQ-D02,Night,6.8,Pass
B01776,Amoxicillin 250mg,Capsule,2023-09-12,PLANT-B,275.6,26.27,39.0,6.6,96.3,98.02,0.266,,0,EQ-B10,Morning ,9.2,PASS
B02608,,Tablet,11-12-2024,Plant_A,495.6,19.66,37.3,6.23,94.2,103.25,0.38,96.1,0,EQ-A08,Morning,12.8,Pass
B01551,Metformin 850mg,Tablet,2025-09-15,Plant_C,534.3,21.33,39.6,6.48,99.0,97.99,0.249,92.9,0,EQ-C10,Evening,10.0,Pass
B00142,Metformin 850mg,Tablet,2024-08-11,Plant_A,575.0,22.8,44.8,6.62,93.2,99.49,0.475,95.3,1,EQ-A08,Morning,12.0,Pass
B00986,Omeprazole 20mg,Capsule,2024-02-18,plant_d,218.9,23.52,48.9,6.01,,101.27,7.22,,0,EQ-D01,Night,10.5h,Pass
B01422,CEFTRIAXONE 1G,,2023-08-10,Plant_A,104.3,22.64,49.5,6.49,88.8,,0.09,94.3,3,EQ-A06,Night,7.8,Under Review
B02719,Cetirizine10mg,Tablet,2024-05-20,Plant_A,215.2,,47.6,6.65,99.9,100.98,4.77,100.0,2,EQ-A01,Morning,8.6,Passed
B01614,OMEPRAZOLE 20MG,,2024-11-05, Plant_C ,259.8,20.63,40.2,6.92,-5,97.94,0.313,95.7,4,EQ-C12,Morning,9.0,Fail
B01015,Cetirizine 10mg,Tablet,2024-04-01,Plant_A,224.3,24.7,40.9,7.16,89.9,100.01,0.338,95.9,3,EQ-A02,Night,8.9,Under Review
B00520,Cetirizine 10mg,-,2024-01-01,Plant_A,226.3,22.07,38.2,6.81,97.8,99.35,0.112%,95.3,1,EQ-A06,Night,10.0,Pass
B01760,CETIRIZINE 10MG,Tablet,2024-11-14,Plant_A,210.9,23.48,48.0,5.95,94.5,101.57,0.752,95.3,0,EQ-A02,Morning,9.1,Pass
B01655,Amoxicillin 250mg,Capsule,2024-05-11,Plant_D,276.3,21.33,53.8,6.77,95.2,97.32,0.343,97.6,0,EQ-D05,Night,9.5,Pass
B02430,Metformin 850mg,Tablet,2025-02-15,Plant_D,453.1,22.69,49.4,6.79,89.0,100.72,0.322,95.1,1,EQ-D03,Evening,9.7,Pass
B01085,Metformin 850mg,Tablet,2024-01-14,PLANT-B,593.4,20.84,N/A,6.61,140,99.85,0.468,95.1,2,EQ-B08,MORNING,11.4,Pass
B01098,AZITHROMYCIN SUSP,Suspension,2023-10-05,Plant_C,149.8,23.94,47.0%,6.38,89.4,99.99,0.247,96.9,1,EQ-C09,Morning,8.8,Pass
B01627,Cetirizine 10mg,Tablet,2024-09-23,Plant_A,198.8,22.28C,51.4,6.29,89.9,97.52,0.175 %,93.5,,EQ-A05,Evening,68.53,Pass
B02139,Cetirizine 10mg,Tablet,2024-08-27,Plant_A,215.6,21.87,46.5,7.09,90.1,100.38,0.334,100.7,1,,Night,8.4,Pass
B00328,Paracetamol 500mg,Tablets,2023-09-03,Plant_A,479.2,22.2,42.5,6.34,88.6,100.61,0.613,95.2,0,EQ-A12,Evening,10.5,Pass
B01696,Omeprazole 20mg,Capsule,2025-02-17,Plant_A,218.7,22.5,50.3,6.84,93.5,99.37,0.13,92.9,1,EQ-A09,Evening,8.4,Pass
B02886,Amoxicillin 250mg,Capsule,2023-03-03,Plant_A,214.5,21.85,48.7,6.35,101.4,NA,0.232,95.6,0,-,Evening,9.8,Pass
B00719,Metformin 850mg,Tablet,2024-01-31,Plant_A,449.5,22.84,50.1,6.16,100.9,100.18,0.275,92.1,0,EQ-A04,M,10.4,Pass
B01390,Ceftriaxone1g,Injectable,2023-02-16,Plant_A,83.2,21.33,40.7,6.63,93.5,99.59,1.003,,0,EQ-A10,Morning,7.6,Under Review
B02263,Paracetamol 500mg,TABLET,2023-11-23,Plant_C,409.7,22.22,,5.68,N/A,100.27,0.218,94.4,3,null,Evening,9.8,Under Review
B01739,Paracetamol 500mg,Tablet,2025-04-07,PLANT-C,394.9,21.76,N/A,6.14,98.8,101.25,0.269,NA,0,EQ-C03,Night,9.5,Pass
B02025,Paracetamol 500mg,Tablet,2024-03-02,Plant_B,423.2,19.08,39.8,6.52,92.9,99.57,0.147,95.0,2,EQ-B04,Morning,11.0,pass
B02071,Amoxicillin 250mg,Capsule,2025-06-24,Plant_B,210.2,22.69,51.7,6.45,86.8,99.91,0.877,96.9,0,EQ-B10,Morning,10.1,Pass
B02315,Metformin 850mg,Tablets,2024-05-10,Plant_C,522.2,23.35,48.3,6.23,89.4,98.32,0.904,94.9,1,EQ-C09,Evening,11.6,Pass
B01620,Ceftriaxone 1g,Injectable,NA,Plant_D,101.8,25.12,45.1,6.59,92.4,100.58,,92.5,2,EQ-D02,Evening,10.0,Pass
B02057,Azithromycin Susp,Suspension,2024-09-22,Plant_C,164.3,25.69,39.7,6.2,92.1,101.18,0.587,95.4,3,EQ-C01,Evening,9.0,Under Review
B01204,Azithromycin Susp,suspension,11/12/2024,Plant_A,132.3,23.16,49.1,N/A,94.3,100.43,1.06,96.1,0,EQ-A12,Morning,8.5,Under Review
B00276,Ibuprofen 400mg,Tablet,2023-04-15,Plant_D,487.0,20.65,55.7,6.49,94.6,100.47,0.594,98.0,-3,EQ-D03,Morning,10.8,Pass
B01730,Amoxicillin 250mg,Capsule,2023-12-21,Plant_A,262.6,19.38,43.8,6.43,93.9,100.45,0.495,97.1,3,EQ-A07,Night,9.2,Under Review
B02111,Metformin 850mg,Tablet,2023-11-24,Plant_C,555.1,23.36,50.8%,6.12,91.5,97.1,0.362,95.9,2,EQ-C09,Morning,11.4,
B00836,Azithromycin Susp,Suspension,2024-03-23,plant_d,153.4,22.33,50.9,6.24,92.1,99.37,0.295,98.9,1,EQ-D01,M,8.8,Pass
B02826,InsulinGlargine,Injectable,2023-10-09,Plant_A,58.3,54.89,null,6.12,90.8,99.68,0.7,96.4,1,EQ-A10,Evening,8.7,Pass
B00483,Metformin 850mg,tablet,2023-02-22,C,427.0,21.85,48.7,5.88,95.5,99.53,0.338,92.0,1,EQ-C01,Evening ,10.8,Pass
B00127,Paracetamol 500mg,Tablet,2023-02-03,Plant_A,461.1,25.35,46.4,6.37,97.9,100.45,0.418,98.2,1,EQ-A03,N/A,10.8,Pass
B00713,Azithromycin Susp,NA,2024-09-16,B,-,21.91,130,6.52,95.4,98.37,0.584,94.0,-3,EQ-B02,M,7.2,Pass
B02463,Ibuprofen 400mg,Tablet,2023-11-12,Plant_B,478.9kg,26.33,39.7,7.41,93.2,98.34,0.304,97.9,0,EQ-B11,Night,-5,Pass
B02850,Atorvastatin 20mg,Tablet,2023-05-04,Plant_A,306.6,24.2,46.3,6.93,N/A,99.88,1.282,94.6,1,EQ-A09,Night,10.6,Under Review
B00820,Ceftriaxone 1g,Injectable,2023-01-27,Plant_D,77.3,23.28,56.2,6.46,91.9,97.97,0.252,96.0,1,EQ-D05,Morning,8.1,Pass
B00593,Metformin 850mg,Tablet,"May 24, 2023",Plant_B,427.1,21.38,47.4,7.05,N/A,99.8,0.453,91.4,0,EQ-B12,Morning,10.3,Pass
B02486,Atorvastatin 20mg,Tablet,2023-06-28,Plant_A,251.0,20.67,49.7,6.81,85.3,99.7,0.631,99.1,two,EQ-A06,Night,8.7,Pass
B01497,Cetirizine 10mg,Tablet,NA,Plant_C,219.0,22.77,42.9,6.9,96.0,100.75,0.756,98.3,2,EQ-C09,Morning,8.2,Pass
B01585,Omeprazole 20mg,Capsule,2024-05-02,Plant_C,238.7,24.76,37.8,6.14,91.6,99.72,0.658,95.8,1,EQ-C05,Evening,6.9,Pass
B02542,Ceftriaxone 1g,Injectable,2024-07-06,Plant_A,83.5,26.75 C,37.7,6.19,95.9,102.41,NA,93.3,1,EQ-A05,Evening,9.3,Pass
B00912,AMOXICILLIN 250MG,Capsule,2024-12-18,,214.6,25.37,54.0,6.22,103.3,98.0,0.45,95.5,2,EQ-A08,EVENING,8.8,Pass
B01305,Omeprazole 20mg,Capsule,2025-03-04,Plant_B,264.0,null,41.6,6.29,91.2,99.85,0.887,94.9,2,EQ-B05,N,11.2,Pass
B02730,Ibuprofen 400mg,Tablet,2023-01-16,PLANT-D,361.0,23.32,48.7,6.39,86.2,97.54,0.449,95.8,0,EQ-D01,Evening,9.7,Pass
B02451,Insulin Glargine,Injectable,2025-10-04,Plant_C,53.5,21.85,29.2,6.86,88.6,99.83,0.062,99.5,2,EQ-C10,Morning,9.5,Under Review
B02607,Cetirizine 10mg,Tablet,2023-11-04,Plant_C,179.6,22.66,48.5,6.34,96.7,97.95,0.304,-,1,EQ-C11,Morning,0,Pass
B00999,CEFTRIAXONE 1G,INJECTABLE,2023-12-04,Plant_C,93.9,20.9,44.0,6.59,96.7,98.67,0.526,99.2,34,EQ-C04,Night,7.7,Pass
B00993,Amoxicillin 250mg,capsule,2023-09-28,Plant_B,248.2,22.89,49.2,6.28,91.1,96.57,7.36,96.5,0,EQ-B04,Morning,6.7,Pass
B01718,Atorvastatin 20mg,Tablet,2025-06-22,Plant_C,N/A,62.58,36.1,6.3,92.1,101.22,0.112,95.3,-,EQ-C06,Evening,8.4,Pass
B02712,Paracetamol 500mg,Tablet,2024-07-11,Plant_A,363.8,24.03,45.7,6.48,92.3,99.05,0.019,95.3,2,EQ-A06,Morning,10.1,Pass
B02474,Metformin 850mg,null,2024-08-02,Plant_A,435.7,24.29,40.2,6.46,102.9,100.45,0.46,94.1,1,EQ-A08,Night,8.5,PASS
B00682,amoxicillin 250mg,Capsule,2025-06-05,Plant_A,235.6,25.13,40.3,6.89,96.1,99.59,0.698,95.3,1,EQ-A02,Morning,7.3,Pass
B01924,Ibuprofen 400mg,Tablet,2025-10-11,Plant_B,385.9,22.39,54.4,6.39,91.0,99.72,0.042,95.6,0,EQ-B07,Morning,8.8,Pass
B02223,Paracetamol 500mg,Tablet,2023-05-27,Plant_B,378.2,22.53,55.4,6.7,91.6,100.02,0.536,97.7,1,EQ-B01,night,0,Pass
B00280,Paracetamol500mg,Tablet,2024-12-22,Plant_D,325.2,23.43C,38.5,6.7,,99.25,0.072,96.5,,EQ-D12,Morning,10.0,Pass
B02176,Azithromycin Susp,Suspension,2024-06-15,Plant_A,124.0,22.15,46.9,6.33,N/A,99.4,0.729,91.5,0,EQ-A09,Night,6.8h,Pass
B02015,Omeprazole 20mg,Capsule,N/A,Plant_D,244.0,21.74C,43.1,6.8,89.7,95.72,0.105,97.8,3,EQ-D04,Evening,10.2,Under Review
B01793,ATORVASTATIN 20MG,TABLET,2025-02-09, Plant_C ,242.3,22.99,48.0,6.74,92.2,98.91,1.204,100.0,1,EQ-C05,Morning,10.8,Under Review
B01890,Ibuprofen 400mg,Tablet,2025-06-08,Plant_B,500.0,22.1,51.7,6.06,90.1,99.07,0.581 %,93.8,1,EQ-B11,Night,10.0,Pass
B02798,Cetirizine 10mg,Tablet,2023-07-19,Plant_A,217.9,20.92,41.1,6.75,89.1,N/A,0.829,,0,EQ-A08,Evening,9.2,PASS
B02444,Metformin 850mg,Tablet,2023-06-24,Plant_A,591.3,21.03,53.2,6.5,95.7,99.93,0.496,93.9,0,EQ-A11,Morning,10.4,Pass
B00919,Metformin 850mg,Tablet,2023-03-19,Plant_A,440.0,21.45,-,7.0,98.1,97.27,0.248,98.1,0,EQ-A09,Morning ,10.0,Pass
B00648,Cetirizine 10mg,Tablet,2024-03-19,Plant_C,174.0,21.05,43.7,6.58,88.6,96.4,0.714,96.0,1,EQ-C05,Morning,8.9,Pass
B00583,Amoxicillin 250mg,Capsule,2025-10-24,Plant_A,225.4,23.51,42.3,6.58,91.9,,0.194,94.8,2,EQ-A04,Evening,10.4,Pass
B01695,Amoxicillin 250mg,NA,2025-10-15,Plant_A,261.7,25.79,43.5,6.63,88.9,131.68,0.19,104.2,2,EQ-A04,Night,10.2,Under Review
B01159,Atorvastatin 20mg,Tablet,2023-02-14,Plant_C,244.7,25.2,39.1,6.55,90.6,101.3,0.4,95.6,1,EQ-C04,Evening,8.4,pass
B02484,Atorvastatin 20mg,Tablet,2025-10-14,Plant_B,249.6,22.81,36.7,6.91,90.2,99.03,0.479,93.5,0,EQ-B01,Morning,47.11,Pass
B00870,Paracetamol 500mg,Tablets,31/12/2024,Plant_A,406.6,24.78,47.4,6.69,87.6,98.86,0.397,97.7,0,EQ-A07,Evening,10.5,Pass
B00458,Omeprazole 20mg,capsule,2024-05-01,Plant_D,229.5,24.05,33.9,6.05,91.7,97.57,0.905,95.6,0,EQ-D09,Evening,9.4,Pass
B02406,Insulin Glargine,Injectables,2024-05-07,Plant_B,70.3,23.67,57.1,6.41,41.15,99.32,0.758,96.9,2,EQ-B08,Morning,10.4,Pass
B00005,Ibuprofen 400mg,Tablet,2024-01-26,Plant_B,497.4,21.65,56.9,7.04,95.1,100.52,-,95.2,1,EQ-B01,Morning,12.6,Pass
B00602,Azithromycin Susp,Suspension,"December 11, 2025",Plant_D,122.8,24.35,88.92,5.99,90.8,101.14,0.112,95.5,1,EQ-D01,NA,7.7,Pass
B00770,Atorvastatin 20mg,Tablet,2024-08-26,Plant_D,265.5,23.09,41.9,6.55,NA,102.73,0.613,,2,EQ-D06,Night,10.4,pass
B00225,AZITHROMYCIN SUSP,Suspensions,2025-04-30,Plant_B,148.5,21.01,49.4,6.61,90.9,101.13,0.029,96.4,0,EQ-B12,night,8.7,Pass
B01116,Ibuprofen 400mg,Tablet,2023-04-09,Plant_A,459.6,20.49,43.8,6.77,91.1,102.56,0.097,92.3,,EQ-A02,Morning,9.8,Passed
B00027,Ibuprofen 400mg,Tablet,2023-12-29,Plant_A,408.6,21.11,54.3,6.63,96.6,101.35,0.936,95.4,2,EQ-A01,Evening,10.0,Pass
B01664,Cetirizine 10mg,Tablet,2023-10-12,,205.4,26.63,46.2,6.19,93.3,99.98,0.382,96.6,2,EQ-A01,N,11.1,Pass
B00990,Azithromycin Susp,Suspension,2025-01-27,Plant_B,120.5,N/A,46.3,6.58,94.8,98.15,0.555,97.0,2,EQ-B10,Night,9.7,Pass
B02677,Ceftriaxone 1g,Injectable,2025-08-01,Plant_C,96.3,19.67,49.8,6.99,90.2,97.37,0.464,94.9,0,EQ-C08,Morning,8.8,Pass
B00314,Metformin 850mg,Tablet,2024-12-11,Plant_A,521.5,21.57,40.7,6.51,97.5,98.65,0.518%,97.5,0,EQ-A04,Morning,10.9,Pass
B01238,Amoxicillin 250mg,Capsule,,Plant_D,262.0,23.18,43.1,6.19,97.3,99.66,0.449,96.3,1,EQ-D10,Night,8.7,Pass
B00847,Amoxicillin 250mg,Capsule,2023-08-21,Plant_C,214.5,22.0,48.7,6.4,,101.28,0.375,99.0,1,EQ-C09,Morning,9.1,PASS
B00788,Omeprazole 20mg,Capsule,2024-11-24,Plant_B,0,-,55.6,6.82,91.0,100.28,0.339,95.5,1,EQ-B09,Evening,9.7,Pass
B01071,Omeprazole 20mg,Capsule,2025-05-16, Plant_A ,180.3,25.27,43.4,6.7,88.4,101.22,0.029,95.4,0,EQ-A03,morning,7.5,Pass
B01604,Atorvastatin 20mg,Tablet,2023-01-10,plant_a,240.9,24.5,46.5,6.45,96.2,100.85,0.465,96.7,0,EQ-A01,Evening,9.3,Pass
B02395,Ibuprofen 400mg,Tablet,2025-06-06,Plant_A,531.8,23.29,43.8,6.37,98.6,101.79,0.825,94.6,1,EQ-A09,NA,11.3,Pass
B02441,Atorvastatin 20mg,Tablet,2024/11/19,Plant_C,248.6,23.86,42.8,6.07,92.0,99.55,0.841,93.6,0,EQ-C01,Evening,9.6,PASS
B02189,Ibuprofen 400mg,Tablets,"December 08, 2023",Plant_A,504.5,21.58,50.6,6.9,94.6,98.19,0.412,98.2,1,EQ-A03,Morning,10.8,Pass
B01967,,Tablet,2024-12-29,Plant_A,296.4,23.81,39.7,,98.0,null,0.337,96.7,2,EQ-A12,Night,10.5,Pass
B02064,Azithromycin Susp,Suspension,2025-01-28,Plant_B,178.1,19.97,37.9,6.0,90.9,99.24,0.403,98.9,0.0,EQ-B04,Evening,8.3,Passed
B00596,Insulin Glargine,Injectable,2023-03-24,Plant_D,60.7,23.61,42.7,6.59,95.1,99.71,0.064,92.6,1,EQ-D06,Morning,8.4,Pass
B02250,Ibuprofen 400mg,Tablet,2025-05-22,Plant_A,464.1,23.52,41.6,,97.2,102.15,0.535,96.6,1,EQ-A11,Night,11.7,Pass
B00491,Ceftriaxone 1g,Injectable,2025-08-28,plant_d,107.2,23.16,43.5,6.63,93.1,97.61,0.052,96.9,1,EQ-D09,Night,8.0,Pass
B00585,Ibuprofen 400mg,Tablet,2024-12-25,Plant_C,390.9,23.21,51.4,6.71,95.7,96.8,0.321,96.6,5,EQ-C08,Evening,11.0,Fail
B00220,Ceftriaxone 1g,injectable,2023-05-11,Plant_C,77.7,24.61,null,7.0,92.1,99.29,0.567,97.9,1,EQ-C10,Evening,10.4 h,Pass
B01133,Azithromycin Susp,Suspension,2024-03-15,Plant_A,123.6,22.4,45.1,6.21,95.3,98.43,0.785,92.6,0,EQ-A01,Morning,8.0,Pass
B02789,Paracetamol 500mg,Tablets,2023-09-24,Plant_B,356.8,22.41,43.2,7.31,96.6,98.08,0.158,98.6,0,EQ-B02,Evening,9.2,Pass
B01659,Insulin Glargine,Injectable,2023-09-05,Plant_C,51.4,24.52,49.9,,89.5,98.55,1.112,93.3,3,EQ-C05,Night,9.2,Under Review
B01049,Omeprazole 20mg,Capsule,2023-04-14,Plant_C,237.0,19.44,53.1,6.66,92.1,100.99,0.156,98.0,0,EQ-C11,Morning,9.6,Pass
B02676,CETIRIZINE 10MG,Tablet,2024-12-05,Plant_C,193.3,21.82,49.8,5.9,94.2,100.03,0.291,97.9,1,EQ-C11,Evening,9.3,Pass
B02076,Ibuprofen 400mg,Tablet,2023-02-04,Plant_A,465.2,23.29,47.3,6.32,88.9%,99.19,0.06,93.5,1,EQ-A06,Evening,12.2,Pass
B01668,Omeprazole 20mg,Capsule,2024-10-20,Plant_A,210.9,26.12,93.11,6.88,86.6,98.06,0.218,94.0,0,EQ-A06,Morning,8.6,Pass
B02806,Ceftriaxone 1g,Injectable,2025-01-06,Plant_D,80.7,62.84,52.3,6.71,88.7,97.67,0.564,94.2,0,EQ-D12,Evening,8.3,Pass
B02534,Amoxicillin 250mg,Capsule,2023-01-09,Plant_D,228.7,22.97,N/A,7.07,88.7,100.78,0.996,96.0,2,EQ-D05,Evening,8.4,Passed
B01052,Atorvastatin 20mg,Tablet,02/08/2023,Plant_D,302.0,21.54,37.8,5.87,85.9,99.44,0.111,97.0,1,NA,NA,8.6,Pass
B02766,Cetirizine 10mg,Tablet,2024-06-22,Plant_A,189.1,23.78,56.2,6.69,N/A,101.2,0.608,97.9,2,EQ-A11,Evening,9.5,Pass
B02209,,Tablet,2024-03-01,Plant_C,475.4,23.93,86.7,6.38,91.2,99.21,0.273,93.4,1,EQ-C04,Evening,10.2,Pass
B02459,Ibuprofen400mg,Tablet,2024-03-16,Plant_B,399.7kg,21.35,55.2,6.57,95.1,100.17,0.277,96.4,2,EQ-B12,Morning,12.0,Pass
B00786,Cetirizine 10mg,Tablet,2024-02-08,Plant_A,234.6,21.43,43.9,6.6,93.0,100.12,0.298,95.6,3,EQ-A10,Evening,null,Under Review
B01353,Ibuprofen 400mg,Tablet,2025-01-30,Plant_C,383.8,23.25,45.6,6.31,92.0,98.06%,0.321,98.0,1,EQ-C08,Night,8.2,PASS
B00484,Azithromycin Susp,SUSPENSION,2025-08-11,Plant_A,126.6,22.51,,6.54,99.2,100.15,0.221,96.8,0,EQ-A05,Morning,7.2,Pass
B02510,Amoxicillin 250mg,Capsule,2023-10-18,Plant A,213.7,23.43,46.7,6.71,91.9,100.96,0.198,96.8,0,EQ-A09,Morning,7.6,Pass
B02629,Omeprazole 20mg,Capsule,2025-11-21,Plant_A,193.6,22.31C,45.2,6.65,94.3,96.71,0.124,92.0,0,EQ-A01,Evening,8.9,Pass
B00263,Metformin 850mg,Tablet,2023-01-23,Plant_C,428.3,24.71,49.0,6.26,50.96,102.26,1.128,91.6,1,EQ-C06,Morning,10.0,Under Review
B01646,METFORMIN 850MG,Tablet,2024-08-02,Plant_D,555.2,21.53,47.6,6.73,98.8,98.12,0.53,92.4,1,EQ-D02,Evening,10.6,pass
B02277,Metformin 850mg,Tablet,2024-11-27,Plant_D,561.5,20.48,41.3,6.3,86.0,98.87,0.555,96.4,0,EQ-D06,Night,10.3,Pass
B01030,Atorvastatin 20mg,Tablet,2023-09-19,Plant_C,269.4,23.93,48.5,6.5,93.0,100.98,0.479,98.8,3,EQ-C10,Morning,10.6,Under Review
B00383,Ceftriaxone 1g,Injectable,2025-01-17,Plant_B,89.9,24.19,56.7,6.62,96.0,100.09,0.161,96.4,0,EQ-B03,Evening,8.5,Pass
B00765,Atorvastatin 20mg,Tablet,2025-12-25,Plant_A,249.9,22.97,43.1,7.28,90.8,101.12,0.082,94.4,2,EQ-A06,Night,8.3,Passed
B02753,Cetirizine 10mg,Tablet,2024-10-22,Plant_A,169.9 kg,55.29,44.5,6.54,90.0,100.55,0.263,94.9,1,EQ-A07,Evening,8.1,Pass
B01402,Metformin 850mg,Tablet,2025-09-12,Plant_C,421.3,25.2,57.1,6.55,90.6,101.47,0.449,96.9,3,EQ-C06,Morning,7.7,Under Review
B00568,-,Tablet,2025-07-25,Plant_A,586.8,25.1,45.4,6.16,91.8,98.65,0.415,95.2,0,EQ-A01,Evening,10.5,Pass
B00345,Ceftriaxone 1g,Injectable,2024-02-09,Plant_C,98.7,21.81,94.12,6.11,94.6,99.27,0.292,94.6,2,EQ-C12,Morning,8.4,pass
B01546,CETIRIZINE 10MG,Tablet,2025-12-07,Plant_C,170.7,25.02,48.0,6.67,96.1,99.59,0.332,94.2,1,EQ-C03,Night,8.6,Pass
B01937,Atorvastatin 20mg,Tablet,2023-11-10,Plant_C,275.4,24.29,46.4,6.84,89.2,97.99,1.174,95.5,0,EQ-C06,Evening,9.2,Under Review
B01276,Azithromycin Susp,Suspension,2024-03-26,Plant_A,129.4,22.62,46.5,6.65,96.3,100.38,0.092,95.1,1,EQ-A09,Morning,9.1,Pass
B00671,Ceftriaxone 1g,Injectable,2024-04-13,Plant_B,95.9,23.16,43.6,6.66,87.5,98.58,0.621,95.9,1,EQ-B10,Morning,8.4,pass
B01429,,Tablet,2024-06-07,Plant_A,463.6,24.87,41.3,6.78,100.1,96.05,0.342,98.7,1,EQ-A10,Morning,12.0,Pass
B01801,Paracetamol 500mg,Tablet,2025-11-26,Plant_C,5864.84,21.73,-,6.77,83.4,100.08,0.475,93.5,1,EQ-C12,Evening,10.8,Pass
B00913,Atorvastatin 20mg,Tablet,2025-07-23,Plant_B,347.4,19.37,47.3,15,95.1,101.13,0.106,98.4,3,EQ-B05,Evening ,9.0,Under Review
B02909,Amoxicillin 250mg,Capsule,2025-11-08,Plant_D,291.2,25.39,49.8,6.32,86.9,99.66%,0.663,71.51,1,EQ-D06,MORNING,11.5h,Pass
B01375,Insulin Glargine,Injectable,2023-11-05,Plant_C,63.6,22.66,44.8,6.74,92.3,100.68,0.254,93.5,2,EQ-C10,MORNING,9.3,Pass
B01694,,Tablet,2024-09-26,Plant_D,271.7,22.51,48.4,7.11,,97.84,0.782,92.8,0,EQ-D11,Night,9.3,PASS
B01031,Ibuprofen 400mg,Tablet,2024-02-02,Plant_B,518.9,20.05,41.7,6.36,90.3,101.43,0.234,97.9,0,EQ-B05,MORNING,10.9,Passed
B02239,Ibuprofen 400mg,Tablet,04-03-2024,Plant_B,468.5,22.48,57.5,7.07,89.3,98.2,0.412,95.7,1,EQ-B08,Morning,,Pass
B00882,insulin glargine,Injectable,2023-02-19,Plant_D,64.7,23.26,45.9,6.49,86.3,96.62,0.756,96.4,1,EQ-D05,,NA,Pass
B00474,Ibuprofen 400mg,Tablet,2024-08-20,Plant_A,423.4,21.81,38.1,6.69,100.1,,0.211,95.0%,1,EQ-A06,Morning,10.4,Pass
B02649,Ceftriaxone 1g,Injectable,2023-03-09,Plant_A,93.5,23.18,42.2,6.41,93.0,101.71,0.079,95.3,1,EQ-A03,Evening,9.1,Pass
B00976,Metformin 850mg,Tablet,2023-10-07,plant_c,425.4,60.58,53.1,6.44,87.3,100.74,0.729,96.6,3,EQ-C11,Morning,9.3,Under Review
B02800,Atorvastatin 20mg,Tablet,2023-05-20,Plant_C,312.3,23.91,53.6,6.48,89.5,97.03,0.531,95.6,1,EQ-C05,Night,11.3,Pass
B00526,Atorvastatin 20mg,Tablet,20/06/2025,Plant_D,265.1,22.71,49.5,6.32,91.9,99.5,0.223,91.6,1,EQ-D07,Morning,null,Pass
B01908,Amoxicillin 250mg,Capsule,2025-11-06,Plant_B,289.3,24.01,59.6,6.26,90.6,99.65,0.638,93.5,1,EQ-B08,Evening,10.5,Pass
B02740,Atorvastatin 20mg,Tablet,2023-12-19,Plant_A,330.8,null,55.6,7.01,93.2,98.1,0.245,98.4,1,EQ-A06,Morning,11.2,Pass
B01176,Atorvastatin 20mg,TABLET,2023-05-20,Plant_A,325.0,21.0,43.0,7.13,83.6,100.5,0.596,92.6,2,EQ-A08,Night,10.7,Pass
B02530,Cetirizine 10mg,Tablet,2023-10-09,Plant_B,181.6,-,32.7,6.13,53.31,102.89,0.146,94.3,1,EQ-B06,Morning,7.8,Pass
B02131,AzithromycinSusp,Suspensions,2024-06-08,Plant_C,143.5,23.18,52.5,6.96,90.9,100.53,0.344,95.7,1,EQ-C09,Morning,8.5,Pass
B00096,Metformin 850mg,Tablet,2024-03-06,Plant_A,575.2,19.23,29.7,6.62,94.7,101.07,0.088,98.7,1,EQ-A06,Morning,10.3,Under Review
B00417,Ceftriaxone 1g,Injectable,2023-07-05,,80.6,23.77,,6.73,89.4,97.72,0.531,93.6,3,EQ-B06,Night,6.2,Under Review
B01103,Ceftriaxone 1g,Injectables,2025-10-06,Plant_A,97.6,22.97,51.6,6.92,90.1,100.43,0.216,98.6,1,EQ-A03,Morning,8.4,Pass
B02388,Ceftriaxone 1g,Injectable,2024-07-26,Plant_C,85.1,23.93,130,6.4,91.2,99.66,0.468,92.6,0,EQ-C03,Evening,9.6,Pass
B01364,Metformin 850mg,TABLET,2024-01-30,Plant_B,526.8,20.45,N/A,5.99,91.1,99.19,0.23,96.3,2,EQ-B02,Night,10.7,Pass
B02537,Atorvastatin20mg,tablet,,Plant_B,N/A,25.8,45.7,6.78,93.6,99.03,0.066,97.0,1,EQ-B02,Evening,9.0,Pass
B01453,Paracetamol 500mg,Tablet,2023-02-12,Plant_A,354.0,22.94,49.8,6.27,95.5,101.65,0.23,95.7,0,EQ-A06,Morning,9.0,Pass
B00695,Paracetamol 500mg,Tablet,2024-05-13,Plant_A,416.7,20.03,46.6,6.87,95.5,98.75,0.31,92.5,1,,Morning,9.8,Pass
B02266,paracetamol 500mg,Tablet,2025-02-19,Plant_C,452.5,24.63,41.9,6.48,92.3,101.66,0.28,94.5,0,EQ-C10,Evening,10.6,Pass
B02701,Insulin Glargine,Injectable,2025-06-17,Plant_A,51.2,21.87,45.1,6.69,92.1,97.8,,97.1,2,EQ-A04,Night,7.4,Pass
B00207,Azithromycin Susp,suspension,2024-04-12,Plant_C,133.1,23.16,44.6,7.0,89.8,101.8,0.679,95.4,1,EQ-C10,Night,6.9,Pass
B00275,Ibuprofen 400mg,Tablet,2025-03-07,Plant_B,361.6,22.69,42.5,6.75,90.9,100.0,0.607,96.4,0,EQ-B04,MORNING,10.0,Pass
B02410,Paracetamol 500mg,TABLET,2025-06-07,Plant_D,347.3,21.43,52.5,6.53,91.9,99.95,0.459,99.7,2,EQ-D02,Evening,9.2,N/A
B00721,Amoxicillin 250mg,Capsule,2025-02-16,Plant_B,294.2,21.76,49.7,NA,,100.65,0.389,91.3,0,EQ-B06,Morning,,Pass
B02026,Ibuprofen400mg,Tablet,2025-09-29,Plant_B,443.9,23.03,52.6,6.37,88.3,101.51,0.104,95.4,0,EQ-B12,Morning,10.4,Pass
B01151,Atorvastatin 20mg,Tablets,2023-10-09,Plant_A,268.5,21.02,54.9,5.93,91.2,98.93,0.299,99.0,2,EQ-A08,Night,9.9,Pass
B01775,Azithromycin Susp,Suspension,2023-08-04,Plant_B,166.5,20.89,34.2,6.6,94.8%,99.95,0.324,93.2,0,EQ-B02,M,8.8,Pass
B02455,Insulin Glargine,Injectable,2025-05-19,Plant_C,49.6,21.78,52.8,6.19,97.9,97.46,1.183,99.9,2,EQ-C03,Night,8.1,Under Review
B01864,Atorvastatin 20mg,TABLET,2024-03-11,A,291.4,21.33,32.6,6.57,94.5,101.28,null,96.9,1,EQ-A10,NA,10.2,Pass
B00494,Omeprazole 20mg,Capsule,2024-01-21,Plant_A,236.5,22.18,51.1,6.72,96.7,98.82,0.111,99.4,1,EQ-A05,M,N/A,Pass
B00743,Omeprazole 20mg,Capsule,2024-05-29,Plant_B,177.7,23.1,49.2,6.43,89.1,100.36,0.343,94.6,0,EQ-B06,Morning,7.5,Pass
B02412,Paracetamol 500mg,Tablet,2023/01/22,Plant_B,366.8,21.51,N/A,6.09,94.9,100.33,0.493,99.2,0,EQ-B02,,9.5,Pass
B00799,Atorvastatin 20mg,TABLET,2024-01-17,Plant_B,337.9,24.07,,6.82,93.5,100.24,0.07,97.1,1,EQ-B08,N/A,11.0,Pass
B01766,Ceftriaxone 1g,Injectable,2023-08-24,Plant A,103.3,23.26,40.3,6.94,,98.71,105.0,97.1,0,EQ-A02,Morning,7.0,Pass
B02080,Amoxicillin 250mg,Capsule,2023-08-13,Plant_C,293.6,21.65,51.1,6.47,86.6,97.59,0.222,95.0,4,EQ-C03,Morning,9.0,Fail
B02346,Metformin 850mg,Tablet,15/01/2025,Plant_A,463.0,23.49,44.8,6.46,92.1,99.06,0.133,97.3,1,EQ-A05,Morning,10.4,Pass
B00526,Atorvastatin 20mg,Tablet,20/06/2025,Plant_D,265.1,22.71,49.5,6.32,91.9,99.5,0.223,91.6,1,EQ-D07,Morning,null,Pass
B02871,Metformin 850mg,Tablet,2024-11-04,Plant_B,569.8,22.42,85.04,6.57,84.9,99.5,0.246,95.0,0,EQ-B10,Evening,11.8,Passed
B00642,ceftriaxone 1g,Injectable,2025-08-31,Plant_A,75.0,18.35,51.9,6.17,93.1,180,0.281,95.7,1,EQ-A06,Evening,-5,Pass
B01715,Omeprazole 20mg,Capsule,2023-01-19,Plant_C,223.9,999,55.6,6.22,90.1,96.96,0.475,90.0,3,EQ-C06,Night,7.8,Under Review
B00150,Paracetamol 500mg,Tablet,2023-05-23,Plant_A,398.5,21.84,44.3,5.87,90.9,99.58,0.1,96.6,1,EQ-A07,Morning,9.6,Pass
B01831,Atorvastatin 20mg,Tablet,2023-07-27,Plant_C,280.4,22.23,50.4,,90.6,100.07,0.255,98.2,2,EQ-C03,Morning,9.5,Pass
B00173,Azithromycin Susp,Suspension,2025-03-03,Plant A,167.0,23.69C,45.8,6.59,98.6,98.15,0.144,96.8,1,EQ-A03,Night,9.6,Pass
B01328,Paracetamol 500mg,Tablet,,Plant_C,382.1,22.36,54.0,6.71,91.3,98.59,0.464,99.5,1,EQ-C06,Evening,9.9,Pass
B02467,Atorvastatin 20mg,Tablet,2023-09-27,-,242.0,22.24,42.8,7.15,86.1,97.82,0.357,96.0,0,EQ-D04,Evening,11.0,Pass
B02207,Amoxicillin 250mg,Capsule,04-09-2024,Plant_D,278.5kg,21.79,51.9,-1,-5,99.05,0.26,96.2,2,EQ-D01,Evening,,Pass
B02773,Metformin 850mg,Tablet,2024-02-20,Plant_A,494.0,null,43.4,6.61,91.6,100.82,0.289,93.0,2,EQ-A10,Morning,10.5,Pass
B00008,omeprazole 20mg,Capsule,2024-11-01,Plant_A,205.5,,45.1,6.2,93.3,100.17,0.429,93.2,2,EQ-A05,Evening,7.3,Pass
B00922,Cetirizine 10mg,,2024-03-10,Plant_D,224.1,22.68,54.8,6.73,91.0,101.27,0.085,150,1,EQ-D12,Evening,8.5,Pass
B01218,Azithromycin Susp,Suspension,2025-02-15,Plant_B,134.5,24.79,49.4,6.42,103.6,101.57,0.691,100.0,2,EQ-B03,Morning,8.0,Pass
B00609,Ceftriaxone 1g,Injectables,2025-06-13,Plant_A,92.8,24.27,60.2,6.65,89.1,99.88,0.39,94.4,1,EQ-A01,Night,9.8,Under Review
B00224,Metformin 850mg,Tablet,2024-08-25,Plant_D,593.9,20.94,51.3,6.94,94.4,98.91,0.093,93.4,2,EQ-D02,Evening,10.0,Passed
B00939,Ibuprofen 400mg,Tablet,2023-08-31,Plant_A,526.3,-,36.0,6.77,88.6,100.15,0.57,97.5,0,EQ-A01,Morning,49.28,Pass
B01815,Insulin Glargine,Injectable,2025-09-02,Plant_A,53.8,22.67,42.9,6.8,92.3,98.68,0.377,95.3,1,EQ-A06,,7.0,Pass
B00400,Atorvastatin 20mg,Tablet,2024-02-29,Plant_C,317.9,24.54,52.4,6.67,88.6,99.17,0.551,96.6,-,EQ-C08,Morning,10.6,Pass
B02101,Ceftriaxone 1g,Injectable,2025-04-09,Plant_C,99.4,22.76,45.0,5.66,93.8,99.36,0.358,95.8,1,EQ-C12,Night,7.6,Pass
B00951,Paracetamol 500mg,N/A,2024-05-02,,411.7,22.52,43.4,6.18,92.8,97.61,0.065,95.3,1,EQ-A10,Morning,9.6,Pass
B01874,Ceftriaxone 1g,Injectable,12-02-2025,Plant_B,100.5,24.78,38.1,6.2,83.4,100.06,0.899,97.8,3,EQ-B09,Night,7.8,Under Review
B01597,OMEPRAZOLE 20MG,Capsule,NA,Plant_A,196.8,23.16,54.6,6.61,84.9,99.36,0.091 %,99.1,0,EQ-A04,Morning,7.6,Pass
B00373,Ibuprofen 400mg,Tablet,2023-07-09,Plant_B,446.5,19.74,44.5,6.91,,100.68,0.21,93.7,1,EQ-B09,Morning,8.7,Pass
B02880,Ceftriaxone 1g,Injectable,2023-01-05,Plant_C,72.1,25.29,53.4,N/A,86.8,99.21,0.887,96.8,1,EQ-C05,Evening,8.5,Pass
B02600,Atorvastatin 20mg,Tablet,2025-11-08,Plant_C,355.4,25.41,48.0,6.36,86.6,98.3,0.256,101.5,3,EQ-C04,Morning,10.4,Under Review
B02673,Insulin Glargine,Injectable,2023-07-24,plant_b,52.0,21.89,52.0,6.35,93.3,100.23,0.715,94.9,N/A,EQ-B07,Evening,8.2,Pass
B02574,Atorvastatin 20mg,Tablet,2023-09-25,Plant_B,341.9,22.48,48.2,6.73,80.7,99.47,N/A,96.3,1.0,EQ-B10,Morning,NA,Pass
B02535,Insulin Glargine,Injectable,2023-11-12,Plant_D,49.5,53.88,45.1,6.43,94.8,100.96,0.275,92.1,1,EQ-D10,Night,8.9,Pass
B01237,Paracetamol 500mg,Tablet,2025-02-03,Plant_B,379.8,21.0,38.7,6.66,99.1,99.31,0.56,94.4,0,EQ-B09,Morning,9.8,pass
B01963,Amoxicillin 250mg,Capsule,10 Aug 2024,Plant_C,206.9,25.71,60.5,6.0,91.0,99.59,,94.9,1,EQ-C06,Evening,8.4,Under Review
B00046,Ceftriaxone1g,INJECTABLE,,Plant_C,78.5,21.51,42.5,6.31,96.2,98.28,4.79,94.1,1,EQ-C08,Morning,7.6,Pass
B00810,Ceftriaxone 1g,Injectable,2025-12-02,Plant_B,75.2,20.29,45.3,7.0,87.3,101.79,0.213,100.4,3,EQ-B02,Morning,10.3,Under Review
B00768,ibuprofen 400mg,Tablet,2023-06-06,Plant_B,379.4,19.44,44.9,6.59,93.5,99.08,0.745,96.2,1,EQ-B03,Morning,8.4,Pass
B01710,metformin 850mg,Tablet,27 Apr 2024,Plant_C,484.2,22.72,54.2,-1,89.2,97.4,0.122,95.2,3,EQ-C02,Night,11.2,Under Review
B01669,Cetirizine 10mg,Tablet,2024/02/01,Plant_B,232.0,25.53,45.1,6.48,92.7,102.69,0.279,95.3,0,EQ-B09,Morning,9.0,pass
B01359,Amoxicillin 250mg,Capsule,2024-10-21,Plant A,-,22.34,94.19,6.72,82.7,99.11,1.058,96.0,1,EQ-A05,NIGHT,10.0,Under Review
B02200,Amoxicillin 250mg,Capsule,2024-11-27,Plant_A,236.0,21.68,46.0,6.13,93.2,97.94,0.168,,2,EQ-A03,morning,10.2,Pass
B02070,Ibuprofen 400mg,TABLET,2025-11-29,Plant_B,516.3,23.41,44.5,N/A,91.7,98.84,0.125,93.8,1,EQ-B04,E,11.4,Pass
B02772,Paracetamol500mg,tablet,2023-10-26,Plant_C,403.2,22.6,60.2,9.51,92.7,99.97,0.736,-20,2,EQ-C07,Morning,9.7,Under Review
B02653,Ceftriaxone 1g,Injectable,2025-04-15,Plant_C,88.5,N/A,48.3,6.78,91.4,99.39,0.774,98.1,0,EQ-C07,Morning,8.2,PASS
B00872,Metformin 850mg,Tablet,2024-04-21,NA,439.0,21.13,48.3,6.42,-5,101.2,0.429,93.3,0,EQ-A08,Morning,10.7,Pass
B00804,Ceftriaxone 1g,Injectable,2023-10-18,Plant_A,89.8,22.92C,47.1,6.47,92.6,99.04,0.311,101.3,1,EQ-A05,Morning,9.8,Pass
B00340,Ceftriaxone 1g,Injectable,2023-02-23,Plant_D,84.5,20.27,43.8,6.57,93.7,97.55,0.066,95.0,1,EQ-D12,Morning,7.5,Pass
B01506,Metformin 850mg,Tablet,2025-03-10,Plant_C,449.9,25.0 C,44.4,6.08,97.6,-10,1.026,94.6,1,EQ-C06,Evening,10.1,Under Review
B01089,Omeprazole 20mg,Capsule,2025-01-16,Plant_A,211.2,21.92,49.5,6.11,96.3,94.82,0.154,95.4,0,EQ-A04,Morning,9.0,Under Review
B02400,Azithromycin Susp,Suspension,2023-11-07,Plant_C,167.4 kg,23.13,49.1,6.78,92.0,98.16,0.392,96.3,1,EQ-C08,Morning,6.3,Pass
B02260,Ceftriaxone 1g,Injectable,2025-10-18,Plant_D,104.3,24.43,52.2,6.79,88.1,99.46,,97.1,0,EQ-D08,Morning,7.2,PASS
B01476,ATORVASTATIN 20MG,Tablet,2025-01-11,Plant_B,308.2,23.87,51.8,6.62,95.9,99.29,0.634,97.7,1,EQ-B02,Morning,7.7,Pass
B02633,Ceftriaxone 1g,injectable,2024-09-30,Plant_C,,22.84,43.2,5.78,85.3,99.54,0.282,98.8,1,N/A,Morning,9.3,Pass
B01273,Ceftriaxone 1g,Injectable,2023-06-18,Plant_A,79.3,21.58,51.4,6.78,,102.37,0.154,93.8,1,EQ-A01,Evening,8.8,Pass
B00117,Paracetamol 500mg,Tablet,2023-11-10,Plant_B,449.5,24.35,40.7,6.46,90.1,100.35,0.488,94.1,2,EQ-B03,E,10.0,Pass
B01374,Ibuprofen 400mg,Tablets,2023-10-12,Plant_C,505.2,21.7,48.3,6.46,90.7,NA,0.702,96.3,1,EQ-C02,Night,11.3,Pass
B02549,Ibuprofen 400mg,Tablet,2025-03-20,Plant_A,433.3,21.22,46.8,6.94,89.8,100.73,0.426,97.6,1,EQ-A12,Evening,11.3,Pass
B02352,-,Suspension,2025-10-29,Plant_C,161.2,22.57,44.0,6.47,94.2,98.21,0.336,93.3,0,EQ-C09,Evening,-,Pass
B01286,Paracetamol 500mg,Tablet,2023-02-25,Plant_A,336.5,21.23,40.3,5.95,89.3,102.43,0.292,95.9,,EQ-A05,Night,10.9,Pass
B02780,Paracetamol 500mg,Tablet,2023-03-25,Plant_A,368.9,17.64,55.2,6.08,97.6,100.34,0.218,98.9,1,EQ-A12,Night,10.8,Under Review
B01134,Azithromycin Susp,Suspension,2023-10-22,Plant_B,175.6,21.9,48.6,6.71,93.4,99.59,0.412,94.0,1,EQ-B07,Morning,8.3h,PASS
B01936,Amoxicillin 250mg,Capsule,2025-12-26,Plant_A,262.3,22.14,52.3,6.88,92.4,98.35,0.303,100.3,0,EQ-A12,Morning ,9.9,Pass
B01119,Azithromycin Susp,Suspension,2024-01-01,Plant_C,142.7,26.26,54.0%,6.46,92.5,102.26,0.308,95.8,-,EQ-C06,Morning,8.3,Pass
B01491,Metformin 850mg,Tablet,19/12/2024,Plant_B,560.6,19.55,44.9,6.79,-,101.14,0.168,94.3,1,EQ-B11,Night,11.9,Pass
B02261,PARACETAMOL 500MG,Tablet,2025-12-06,Plant_C,417.5,23.17,45.9,6.48,90.5,101.92,0.657,96.2,1,EQ-C05,Night,9.6,Pass
